Unit_Nm,EsmtHldr,d_Own_Name,d_Mang_Name,GAP_Sts,d_GAP_Sts,GIS_Acres,Pub_Access,d_Pub_Access,Des_Tp,d_Des_Tp,NCED_UID,Duration
Farm Service Agency Interest Of Oh,FWS,Private,U.S. Fish and Wildlife Service,"2",2 - managed for biodiversity - disturbance events suppressed,5,XA,Closed,CONE,Conservation Easement,,
Farm Service Agency Interest Of Oh,FWS,Private,U.S. Fish and Wildlife Service,"2",2 - managed for biodiversity - disturbance events suppressed,0,XA,Closed,CONE,Conservation Easement,,
Farm Service Agency Interest Of Oh,FWS,Private,U.S. Fish and Wildlife Service,"2",2 - managed for biodiversity - disturbance events suppressed,1,XA,Closed,CONE,Conservation Easement,,
Farm Service Agency Interest Of Oh,FWS,Private,U.S. Fish and Wildlife Service,"2",2 - managed for biodiversity - disturbance events suppressed,14,XA,Closed,CONE,Conservation Easement,,
Farm Service Agency Interest Of Oh,FWS,Private,U.S. Fish and Wildlife Service,"2",2 - managed for biodiversity - disturbance events suppressed,20,XA,Closed,CONE,Conservation Easement,,
"Agricultural Conservation Easement Program - Agricultural Land Easements (ACEP-ALE), Allen, OH",NRCS - Admin State OH,Private,Natural Resources Conservation Service,"4",4 - no known mandate for biodiversity protection,117,XA,Closed,AGRE,Agricultural Easement,,UNK
"Agricultural Conservation Easement Program - Agricultural Land Easements (ACEP-ALE), Allen, OH",NRCS - Admin State OH,Private,Natural Resources Conservation Service,"4",4 - no known mandate for biodiversity protection,71,XA,Closed,AGRE,Agricultural Easement,,UNK
"Agricultural Conservation Easement Program - Agricultural Land Easements (ACEP-ALE), Ashtabula, OH",NRCS - Admin State OH,Private,Natural Resources Conservation Service,"4",4 - no known mandate for biodiversity protection,224,XA,Closed,AGRE,Agricultural Easement,,UNK
"Agricultural Conservation Easement Program - Agricultural Land Easements (ACEP-ALE), Auglaize, OH",NRCS - Admin State OH,Private,Natural Resources Conservation Service,"4",4 - no known mandate for biodiversity protection,236,XA,Closed,AGRE,Agricultural Easement,,UNK
"Agricultural Conservation Easement Program - Agricultural Land Easements (ACEP-ALE), Brown, OH",NRCS - Admin State OH,Private,Natural Resources Conservation Service,"4",4 - no known mandate for biodiversity protection,143,XA,Closed,AGRE,Agricultural Easement,,UNK
"Agricultural Conservation Easement Program - Agricultural Land Easements (ACEP-ALE), Butler, OH",NRCS - Admin State OH,Private,Natural Resources Conservation Service,"4",4 - no known mandate for biodiversity protection,202,XA,Closed,AGRE,Agricultural Easement,,UNK
"Agricultural Conservation Easement Program - Agricultural Land Easements (ACEP-ALE), Champaign, OH",NRCS - Admin State OH,Private,Natural Resources Conservation Service,"4",4 - no known mandate for biodiversity protection,219,XA,Closed,AGRE,Agricultural Easement,,UNK
"Agricultural Conservation Easement Program - Agricultural Land Easements (ACEP-ALE), Champaign, OH",NRCS - Admin State OH,Private,Natural Resources Conservation Service,"4",4 - no known mandate for biodiversity protection,304,XA,Closed,AGRE,Agricultural Easement,,UNK
"Agricultural Conservation Easement Program - Agricultural Land Easements (ACEP-ALE), Champaign, OH",NRCS - Admin State OH,Private,Natural Resources Conservation Service,"4",4 - no known mandate for biodiversity protection,153,XA,Closed,AGRE,Agricultural Easement,,UNK
"Agricultural Conservation Easement Program - Agricultural Land Easements (ACEP-ALE), Clark, OH",NRCS - Admin State OH,Private,Natural Resources Conservation Service,"4",4 - no known mandate for biodiversity protection,175,XA,Closed,AGRE,Agricultural Easement,,UNK
"Agricultural Conservation Easement Program - Agricultural Land Easements (ACEP-ALE), Clark, OH",NRCS - Admin State OH,Private,Natural Resources Conservation Service,"4",4 - no known mandate for biodiversity protection,240,XA,Closed,AGRE,Agricultural Easement,,UNK
"Agricultural Conservation Easement Program - Agricultural Land Easements (ACEP-ALE), Clark, OH",NRCS - Admin State OH,Private,Natural Resources Conservation Service,"4",4 - no known mandate for biodiversity protection,289,XA,Closed,AGRE,Agricultural Easement,,UNK
"Agricultural Conservation Easement Program - Agricultural Land Easements (ACEP-ALE), Clark, OH",NRCS - Admin State OH,Private,Natural Resources Conservation Service,"4",4 - no known mandate for biodiversity protection,551,XA,Closed,AGRE,Agricultural Easement,,UNK
"Agricultural Conservation Easement Program - Agricultural Land Easements (ACEP-ALE), Clark, OH",NRCS - Admin State OH,Private,Natural Resources Conservation Service,"4",4 - no known mandate for biodiversity protection,153,XA,Closed,AGRE,Agricultural Easement,,UNK
"Agricultural Conservation Easement Program - Agricultural Land Easements (ACEP-ALE), Clark, OH",NRCS - Admin State OH,Private,Natural Resources Conservation Service,"4",4 - no known mandate for biodiversity protection,91,XA,Closed,AGRE,Agricultural Easement,,UNK
"Agricultural Conservation Easement Program - Agricultural Land Easements (ACEP-ALE), Clark, OH",NRCS - Admin State OH,Private,Natural Resources Conservation Service,"4",4 - no known mandate for biodiversity protection,99,XA,Closed,AGRE,Agricultural Easement,,UNK
"Agricultural Conservation Easement Program - Agricultural Land Easements (ACEP-ALE), Clark, OH",NRCS - Admin State OH,Private,Natural Resources Conservation Service,"4",4 - no known mandate for biodiversity protection,116,XA,Closed,AGRE,Agricultural Easement,,UNK
"Agricultural Conservation Easement Program - Agricultural Land Easements (ACEP-ALE), Clark, OH",NRCS - Admin State OH,Private,Natural Resources Conservation Service,"4",4 - no known mandate for biodiversity protection,123,XA,Closed,AGRE,Agricultural Easement,,UNK
"Agricultural Conservation Easement Program - Agricultural Land Easements (ACEP-ALE), Clark, OH",NRCS - Admin State OH,Private,Natural Resources Conservation Service,"4",4 - no known mandate for biodiversity protection,163,XA,Closed,AGRE,Agricultural Easement,,UNK
"Agricultural Conservation Easement Program - Agricultural Land Easements (ACEP-ALE), Clark, OH",NRCS - Admin State OH,Private,Natural Resources Conservation Service,"4",4 - no known mandate for biodiversity protection,291,XA,Closed,AGRE,Agricultural Easement,,UNK
"Agricultural Conservation Easement Program - Agricultural Land Easements (ACEP-ALE), Clark, OH",NRCS - Admin State OH,Private,Natural Resources Conservation Service,"4",4 - no known mandate for biodiversity protection,113,XA,Closed,AGRE,Agricultural Easement,,UNK
"Agricultural Conservation Easement Program - Agricultural Land Easements (ACEP-ALE), Clark, OH",NRCS - Admin State OH,Private,Natural Resources Conservation Service,"4",4 - no known mandate for biodiversity protection,214,XA,Closed,AGRE,Agricultural Easement,,UNK
"Agricultural Conservation Easement Program - Agricultural Land Easements (ACEP-ALE), Clark, OH",NRCS - Admin State OH,Private,Natural Resources Conservation Service,"4",4 - no known mandate for biodiversity protection,46,XA,Closed,AGRE,Agricultural Easement,,UNK
"Agricultural Conservation Easement Program - Agricultural Land Easements (ACEP-ALE), Clark, OH",NRCS - Admin State OH,Private,Natural Resources Conservation Service,"4",4 - no known mandate for biodiversity protection,87,XA,Closed,AGRE,Agricultural Easement,,UNK
"Agricultural Conservation Easement Program - Agricultural Land Easements (ACEP-ALE), Clark, OH",NRCS - Admin State OH,Private,Natural Resources Conservation Service,"4",4 - no known mandate for biodiversity protection,104,XA,Closed,AGRE,Agricultural Easement,,UNK
"Agricultural Conservation Easement Program - Agricultural Land Easements (ACEP-ALE), Clark, OH",NRCS - Admin State OH,Private,Natural Resources Conservation Service,"4",4 - no known mandate for biodiversity protection,158,XA,Closed,AGRE,Agricultural Easement,,UNK
"Agricultural Conservation Easement Program - Agricultural Land Easements (ACEP-ALE), Clark, OH",NRCS - Admin State OH,Private,Natural Resources Conservation Service,"4",4 - no known mandate for biodiversity protection,159,XA,Closed,AGRE,Agricultural Easement,,UNK
"Agricultural Conservation Easement Program - Agricultural Land Easements (ACEP-ALE), Clark, OH",NRCS - Admin State OH,Private,Natural Resources Conservation Service,"4",4 - no known mandate for biodiversity protection,160,XA,Closed,AGRE,Agricultural Easement,,UNK
"Agricultural Conservation Easement Program - Agricultural Land Easements (ACEP-ALE), Clark, OH",NRCS - Admin State OH,Private,Natural Resources Conservation Service,"4",4 - no known mandate for biodiversity protection,173,XA,Closed,AGRE,Agricultural Easement,,UNK
"Agricultural Conservation Easement Program - Agricultural Land Easements (ACEP-ALE), Clark, OH",NRCS - Admin State OH,Private,Natural Resources Conservation Service,"4",4 - no known mandate for biodiversity protection,212,XA,Closed,AGRE,Agricultural Easement,,UNK
"Agricultural Conservation Easement Program - Agricultural Land Easements (ACEP-ALE), Clark, OH",NRCS - Admin State OH,Private,Natural Resources Conservation Service,"4",4 - no known mandate for biodiversity protection,230,XA,Closed,AGRE,Agricultural Easement,,UNK
"Agricultural Conservation Easement Program - Agricultural Land Easements (ACEP-ALE), Clark, OH",NRCS - Admin State OH,Private,Natural Resources Conservation Service,"4",4 - no known mandate for biodiversity protection,277,XA,Closed,AGRE,Agricultural Easement,,UNK
"Agricultural Conservation Easement Program - Agricultural Land Easements (ACEP-ALE), Clark, OH",NRCS - Admin State OH,Private,Natural Resources Conservation Service,"4",4 - no known mandate for biodiversity protection,391,XA,Closed,AGRE,Agricultural Easement,,UNK
"Agricultural Conservation Easement Program - Agricultural Land Easements (ACEP-ALE), Clark, OH",NRCS - Admin State OH,Private,Natural Resources Conservation Service,"4",4 - no known mandate for biodiversity protection,392,XA,Closed,AGRE,Agricultural Easement,,UNK
"Agricultural Conservation Easement Program - Agricultural Land Easements (ACEP-ALE), Clark, OH",NRCS - Admin State OH,Private,Natural Resources Conservation Service,"4",4 - no known mandate for biodiversity protection,60,XA,Closed,AGRE,Agricultural Easement,,UNK
"Agricultural Conservation Easement Program - Agricultural Land Easements (ACEP-ALE), Clark, OH",NRCS - Admin State OH,Private,Natural Resources Conservation Service,"4",4 - no known mandate for biodiversity protection,112,XA,Closed,AGRE,Agricultural Easement,,UNK
"Agricultural Conservation Easement Program - Agricultural Land Easements (ACEP-ALE), Clark, OH",NRCS - Admin State OH,Private,Natural Resources Conservation Service,"4",4 - no known mandate for biodiversity protection,153,XA,Closed,AGRE,Agricultural Easement,,UNK
"Agricultural Conservation Easement Program - Agricultural Land Easements (ACEP-ALE), Clark, OH",NRCS - Admin State OH,Private,Natural Resources Conservation Service,"4",4 - no known mandate for biodiversity protection,196,XA,Closed,AGRE,Agricultural Easement,,UNK
"Agricultural Conservation Easement Program - Agricultural Land Easements (ACEP-ALE), Clark, OH",NRCS - Admin State OH,Private,Natural Resources Conservation Service,"4",4 - no known mandate for biodiversity protection,231,XA,Closed,AGRE,Agricultural Easement,,UNK
"Agricultural Conservation Easement Program - Agricultural Land Easements (ACEP-ALE), Clark, OH",NRCS - Admin State OH,Private,Natural Resources Conservation Service,"4",4 - no known mandate for biodiversity protection,290,XA,Closed,AGRE,Agricultural Easement,,UNK
"Agricultural Conservation Easement Program - Agricultural Land Easements (ACEP-ALE), Clark, OH",NRCS - Admin State OH,Private,Natural Resources Conservation Service,"4",4 - no known mandate for biodiversity protection,301,XA,Closed,AGRE,Agricultural Easement,,UNK
"Agricultural Conservation Easement Program - Agricultural Land Easements (ACEP-ALE), Clark, OH",NRCS - Admin State OH,Private,Natural Resources Conservation Service,"4",4 - no known mandate for biodiversity protection,337,XA,Closed,AGRE,Agricultural Easement,,UNK
"Agricultural Conservation Easement Program - Agricultural Land Easements (ACEP-ALE), Clinton, OH",NRCS - Admin State OH,Private,Natural Resources Conservation Service,"4",4 - no known mandate for biodiversity protection,310,XA,Closed,AGRE,Agricultural Easement,,UNK
"Agricultural Conservation Easement Program - Agricultural Land Easements (ACEP-ALE), Clinton, OH",NRCS - Admin State OH,Private,Natural Resources Conservation Service,"4",4 - no known mandate for biodiversity protection,362,XA,Closed,AGRE,Agricultural Easement,,UNK
"Agricultural Conservation Easement Program - Agricultural Land Easements (ACEP-ALE), Clinton, OH",NRCS - Admin State OH,Private,Natural Resources Conservation Service,"4",4 - no known mandate for biodiversity protection,373,XA,Closed,AGRE,Agricultural Easement,,UNK
"Agricultural Conservation Easement Program - Agricultural Land Easements (ACEP-ALE), Greene, OH",NRCS - Admin State OH,Private,Natural Resources Conservation Service,"4",4 - no known mandate for biodiversity protection,585,XA,Closed,AGRE,Agricultural Easement,,UNK
"Agricultural Conservation Easement Program - Agricultural Land Easements (ACEP-ALE), Greene, OH",NRCS - Admin State OH,Private,Natural Resources Conservation Service,"4",4 - no known mandate for biodiversity protection,89,XA,Closed,AGRE,Agricultural Easement,,UNK
"Agricultural Conservation Easement Program - Agricultural Land Easements (ACEP-ALE), Greene, OH",NRCS - Admin State OH,Private,Natural Resources Conservation Service,"4",4 - no known mandate for biodiversity protection,142,XA,Closed,AGRE,Agricultural Easement,,UNK
"Agricultural Conservation Easement Program - Agricultural Land Easements (ACEP-ALE), Greene, OH",NRCS - Admin State OH,Private,Natural Resources Conservation Service,"4",4 - no known mandate for biodiversity protection,79,XA,Closed,AGRE,Agricultural Easement,,UNK
"Agricultural Conservation Easement Program - Agricultural Land Easements (ACEP-ALE), Greene, OH",NRCS - Admin State OH,Private,Natural Resources Conservation Service,"4",4 - no known mandate for biodiversity protection,165,XA,Closed,AGRE,Agricultural Easement,,UNK
"Agricultural Conservation Easement Program - Agricultural Land Easements (ACEP-ALE), Greene, OH",NRCS - Admin State OH,Private,Natural Resources Conservation Service,"4",4 - no known mandate for biodiversity protection,357,XA,Closed,AGRE,Agricultural Easement,,UNK
"Agricultural Conservation Easement Program - Agricultural Land Easements (ACEP-ALE), Greene, OH",NRCS - Admin State OH,Private,Natural Resources Conservation Service,"4",4 - no known mandate for biodiversity protection,109,XA,Closed,AGRE,Agricultural Easement,,UNK
"Agricultural Conservation Easement Program - Agricultural Land Easements (ACEP-ALE), Hamilton, OH",NRCS - Admin State OH,Private,Natural Resources Conservation Service,"4",4 - no known mandate for biodiversity protection,174,XA,Closed,AGRE,Agricultural Easement,,UNK
"Agricultural Conservation Easement Program - Agricultural Land Easements (ACEP-ALE), Highland, OH",NRCS - Admin State OH,Private,Natural Resources Conservation Service,"4",4 - no known mandate for biodiversity protection,76,XA,Closed,AGRE,Agricultural Easement,,UNK
"Agricultural Conservation Easement Program - Agricultural Land Easements (ACEP-ALE), Licking, OH",NRCS - Admin State OH,Private,Natural Resources Conservation Service,"4",4 - no known mandate for biodiversity protection,136,XA,Closed,AGRE,Agricultural Easement,,UNK
"Agricultural Conservation Easement Program - Agricultural Land Easements (ACEP-ALE), Logan, OH",NRCS - Admin State OH,Private,Natural Resources Conservation Service,"4",4 - no known mandate for biodiversity protection,373,XA,Closed,AGRE,Agricultural Easement,,UNK
"Agricultural Conservation Easement Program - Agricultural Land Easements (ACEP-ALE), Logan, OH",NRCS - Admin State OH,Private,Natural Resources Conservation Service,"4",4 - no known mandate for biodiversity protection,136,XA,Closed,AGRE,Agricultural Easement,,UNK
"Agricultural Conservation Easement Program - Agricultural Land Easements (ACEP-ALE), Logan, OH",NRCS - Admin State OH,Private,Natural Resources Conservation Service,"4",4 - no known mandate for biodiversity protection,238,XA,Closed,AGRE,Agricultural Easement,,UNK
"Agricultural Conservation Easement Program - Agricultural Land Easements (ACEP-ALE), Logan, OH",NRCS - Admin State OH,Private,Natural Resources Conservation Service,"4",4 - no known mandate for biodiversity protection,214,XA,Closed,AGRE,Agricultural Easement,,UNK
"Agricultural Conservation Easement Program - Agricultural Land Easements (ACEP-ALE), Logan, OH",NRCS - Admin State OH,Private,Natural Resources Conservation Service,"4",4 - no known mandate for biodiversity protection,41,XA,Closed,AGRE,Agricultural Easement,,UNK
"Agricultural Conservation Easement Program - Agricultural Land Easements (ACEP-ALE), Logan, OH",NRCS - Admin State OH,Private,Natural Resources Conservation Service,"4",4 - no known mandate for biodiversity protection,131,XA,Closed,AGRE,Agricultural Easement,,UNK
"Agricultural Conservation Easement Program - Agricultural Land Easements (ACEP-ALE), Madison, OH",NRCS - Admin State OH,Private,Natural Resources Conservation Service,"4",4 - no known mandate for biodiversity protection,310,XA,Closed,AGRE,Agricultural Easement,,UNK
"Agricultural Conservation Easement Program - Agricultural Land Easements (ACEP-ALE), Madison, OH",NRCS - Admin State OH,Private,Natural Resources Conservation Service,"4",4 - no known mandate for biodiversity protection,325,XA,Closed,AGRE,Agricultural Easement,,UNK
"Agricultural Conservation Easement Program - Agricultural Land Easements (ACEP-ALE), Madison, OH",NRCS - Admin State OH,Private,Natural Resources Conservation Service,"4",4 - no known mandate for biodiversity protection,373,XA,Closed,AGRE,Agricultural Easement,,UNK
"Agricultural Conservation Easement Program - Agricultural Land Easements (ACEP-ALE), Madison, OH",NRCS - Admin State OH,Private,Natural Resources Conservation Service,"4",4 - no known mandate for biodiversity protection,184,XA,Closed,AGRE,Agricultural Easement,,UNK
"Agricultural Conservation Easement Program - Agricultural Land Easements (ACEP-ALE), Madison, OH",NRCS - Admin State OH,Private,Natural Resources Conservation Service,"4",4 - no known mandate for biodiversity protection,311,XA,Closed,AGRE,Agricultural Easement,,UNK
"Agricultural Conservation Easement Program - Agricultural Land Easements (ACEP-ALE), Miami, OH",NRCS - Admin State OH,Private,Natural Resources Conservation Service,"4",4 - no known mandate for biodiversity protection,189,XA,Closed,AGRE,Agricultural Easement,,UNK
"Agricultural Conservation Easement Program - Agricultural Land Easements (ACEP-ALE), Miami, OH",NRCS - Admin State OH,Private,Natural Resources Conservation Service,"4",4 - no known mandate for biodiversity protection,223,XA,Closed,AGRE,Agricultural Easement,,UNK
"Agricultural Conservation Easement Program - Agricultural Land Easements (ACEP-ALE), Preble, OH",NRCS - Admin State OH,Private,Natural Resources Conservation Service,"4",4 - no known mandate for biodiversity protection,448,XA,Closed,AGRE,Agricultural Easement,,UNK
"Agricultural Conservation Easement Program - Agricultural Land Easements (ACEP-ALE), Seneca, OH",NRCS - Admin State OH,Private,Natural Resources Conservation Service,"4",4 - no known mandate for biodiversity protection,71,XA,Closed,AGRE,Agricultural Easement,,UNK
"Agricultural Conservation Easement Program - Agricultural Land Easements (ACEP-ALE), Warren, OH",NRCS - Admin State OH,Private,Natural Resources Conservation Service,"4",4 - no known mandate for biodiversity protection,106,XA,Closed,AGRE,Agricultural Easement,,UNK
"Agricultural Conservation Easement Program - Agricultural Land Easements (ACEP-ALE), Warren, OH",NRCS - Admin State OH,Private,Natural Resources Conservation Service,"4",4 - no known mandate for biodiversity protection,250,XA,Closed,AGRE,Agricultural Easement,,UNK
"Farm and Ranch Lands Protection Program (FRPP), Ashland, OH",NRCS - Admin State OH,Private,Natural Resources Conservation Service,"4",4 - no known mandate for biodiversity protection,199,XA,Closed,AGRE,Agricultural Easement,,PERM
"Farm and Ranch Lands Protection Program (FRPP), Ashland, OH",NRCS - Admin State OH,Private,Natural Resources Conservation Service,"4",4 - no known mandate for biodiversity protection,114,XA,Closed,AGRE,Agricultural Easement,,PERM
"Farm and Ranch Lands Protection Program (FRPP), Ashland, OH",NRCS - Admin State OH,Private,Natural Resources Conservation Service,"4",4 - no known mandate for biodiversity protection,127,XA,Closed,AGRE,Agricultural Easement,,PERM
"Farm and Ranch Lands Protection Program (FRPP), Ashtabula, OH",NRCS - Admin State OH,Private,Natural Resources Conservation Service,"4",4 - no known mandate for biodiversity protection,162,XA,Closed,AGRE,Agricultural Easement,,PERM
"Farm and Ranch Lands Protection Program (FRPP), Butler, OH",NRCS - Admin State OH,Private,Natural Resources Conservation Service,"4",4 - no known mandate for biodiversity protection,87,XA,Closed,AGRE,Agricultural Easement,,PERM
"Farm and Ranch Lands Protection Program (FRPP), Butler, OH",NRCS - Admin State OH,Private,Natural Resources Conservation Service,"4",4 - no known mandate for biodiversity protection,761,XA,Closed,AGRE,Agricultural Easement,,PERM
"Farm and Ranch Lands Protection Program (FRPP), Butler, OH",NRCS - Admin State OH,Private,Natural Resources Conservation Service,"4",4 - no known mandate for biodiversity protection,101,XA,Closed,AGRE,Agricultural Easement,,PERM
"Farm and Ranch Lands Protection Program (FRPP), Butler, OH",NRCS - Admin State OH,Private,Natural Resources Conservation Service,"4",4 - no known mandate for biodiversity protection,47,XA,Closed,AGRE,Agricultural Easement,,PERM
"Farm and Ranch Lands Protection Program (FRPP), Butler, OH",NRCS - Admin State OH,Private,Natural Resources Conservation Service,"4",4 - no known mandate for biodiversity protection,54,XA,Closed,AGRE,Agricultural Easement,,PERM
"Farm and Ranch Lands Protection Program (FRPP), Butler, OH",NRCS - Admin State OH,Private,Natural Resources Conservation Service,"4",4 - no known mandate for biodiversity protection,263,XA,Closed,AGRE,Agricultural Easement,,PERM
"Farm and Ranch Lands Protection Program (FRPP), Butler, OH",NRCS - Admin State OH,Private,Natural Resources Conservation Service,"4",4 - no known mandate for biodiversity protection,159,XA,Closed,AGRE,Agricultural Easement,,PERM
"Farm and Ranch Lands Protection Program (FRPP), Butler, OH",NRCS - Admin State OH,Private,Natural Resources Conservation Service,"4",4 - no known mandate for biodiversity protection,160,XA,Closed,AGRE,Agricultural Easement,,PERM
"Farm and Ranch Lands Protection Program (FRPP), Butler, OH",NRCS - Admin State OH,Private,Natural Resources Conservation Service,"4",4 - no known mandate for biodiversity protection,89,XA,Closed,AGRE,Agricultural Easement,,PERM
"Farm and Ranch Lands Protection Program (FRPP), Butler, OH",NRCS - Admin State OH,Private,Natural Resources Conservation Service,"4",4 - no known mandate for biodiversity protection,266,XA,Closed,AGRE,Agricultural Easement,,PERM
"Farm and Ranch Lands Protection Program (FRPP), Butler, OH",NRCS - Admin State OH,Private,Natural Resources Conservation Service,"4",4 - no known mandate for biodiversity protection,61,XA,Closed,AGRE,Agricultural Easement,,UNK
"Farm and Ranch Lands Protection Program (FRPP), Butler, OH",NRCS - Admin State OH,Private,Natural Resources Conservation Service,"4",4 - no known mandate for biodiversity protection,115,XA,Closed,AGRE,Agricultural Easement,,UNK
"Farm and Ranch Lands Protection Program (FRPP), Butler, OH",NRCS - Admin State OH,Private,Natural Resources Conservation Service,"4",4 - no known mandate for biodiversity protection,173,XA,Closed,AGRE,Agricultural Easement,,UNK
"Farm and Ranch Lands Protection Program (FRPP), Butler, OH",NRCS - Admin State OH,Private,Natural Resources Conservation Service,"4",4 - no known mandate for biodiversity protection,98,XA,Closed,AGRE,Agricultural Easement,,UNK
"Farm and Ranch Lands Protection Program (FRPP), Butler, OH",NRCS - Admin State OH,Private,Natural Resources Conservation Service,"4",4 - no known mandate for biodiversity protection,100,XA,Closed,AGRE,Agricultural Easement,,UNK
"Farm and Ranch Lands Protection Program (FRPP), Butler, OH",NRCS - Admin State OH,Private,Natural Resources Conservation Service,"4",4 - no known mandate for biodiversity protection,139,XA,Closed,AGRE,Agricultural Easement,,UNK
"Farm and Ranch Lands Protection Program (FRPP), Butler, OH",NRCS - Admin State OH,Private,Natural Resources Conservation Service,"4",4 - no known mandate for biodiversity protection,233,XA,Closed,AGRE,Agricultural Easement,,UNK
"Farm and Ranch Lands Protection Program (FRPP), Butler, OH",NRCS - Admin State OH,Private,Natural Resources Conservation Service,"4",4 - no known mandate for biodiversity protection,425,XA,Closed,AGRE,Agricultural Easement,,UNK
"Farm and Ranch Lands Protection Program (FRPP), Butler, OH",NRCS - Admin State OH,Private,Natural Resources Conservation Service,"4",4 - no known mandate for biodiversity protection,47,XA,Closed,AGRE,Agricultural Easement,,UNK
"Farm and Ranch Lands Protection Program (FRPP), Butler, OH",NRCS - Admin State OH,Private,Natural Resources Conservation Service,"4",4 - no known mandate for biodiversity protection,70,XA,Closed,AGRE,Agricultural Easement,,UNK
"Farm and Ranch Lands Protection Program (FRPP), Butler, OH",NRCS - Admin State OH,Private,Natural Resources Conservation Service,"4",4 - no known mandate for biodiversity protection,100,XA,Closed,AGRE,Agricultural Easement,,UNK
"Farm and Ranch Lands Protection Program (FRPP), Butler, OH",NRCS - Admin State OH,Private,Natural Resources Conservation Service,"4",4 - no known mandate for biodiversity protection,107,XA,Closed,AGRE,Agricultural Easement,,UNK
"Farm and Ranch Lands Protection Program (FRPP), Butler, OH",NRCS - Admin State OH,Private,Natural Resources Conservation Service,"4",4 - no known mandate for biodiversity protection,121,XA,Closed,AGRE,Agricultural Easement,,UNK
"Farm and Ranch Lands Protection Program (FRPP), Butler, OH",NRCS - Admin State OH,Private,Natural Resources Conservation Service,"4",4 - no known mandate for biodiversity protection,127,XA,Closed,AGRE,Agricultural Easement,,UNK
"Farm and Ranch Lands Protection Program (FRPP), Butler, OH",NRCS - Admin State OH,Private,Natural Resources Conservation Service,"4",4 - no known mandate for biodiversity protection,131,XA,Closed,AGRE,Agricultural Easement,,UNK
"Farm and Ranch Lands Protection Program (FRPP), Butler, OH",NRCS - Admin State OH,Private,Natural Resources Conservation Service,"4",4 - no known mandate for biodiversity protection,145,XA,Closed,AGRE,Agricultural Easement,,UNK
"Farm and Ranch Lands Protection Program (FRPP), Butler, OH",NRCS - Admin State OH,Private,Natural Resources Conservation Service,"4",4 - no known mandate for biodiversity protection,148,XA,Closed,AGRE,Agricultural Easement,,UNK
"Farm and Ranch Lands Protection Program (FRPP), Butler, OH",NRCS - Admin State OH,Private,Natural Resources Conservation Service,"4",4 - no known mandate for biodiversity protection,153,XA,Closed,AGRE,Agricultural Easement,,UNK
"Farm and Ranch Lands Protection Program (FRPP), Butler, OH",NRCS - Admin State OH,Private,Natural Resources Conservation Service,"4",4 - no known mandate for biodiversity protection,173,XA,Closed,AGRE,Agricultural Easement,,UNK
"Farm and Ranch Lands Protection Program (FRPP), Butler, OH",NRCS - Admin State OH,Private,Natural Resources Conservation Service,"4",4 - no known mandate for biodiversity protection,321,XA,Closed,AGRE,Agricultural Easement,,UNK
"Farm and Ranch Lands Protection Program (FRPP), Butler, OH",NRCS - Admin State OH,Private,Natural Resources Conservation Service,"4",4 - no known mandate for biodiversity protection,73,XA,Closed,AGRE,Agricultural Easement,,UNK
"Farm and Ranch Lands Protection Program (FRPP), Butler, OH",NRCS - Admin State OH,Private,Natural Resources Conservation Service,"4",4 - no known mandate for biodiversity protection,75,XA,Closed,AGRE,Agricultural Easement,,UNK
"Farm and Ranch Lands Protection Program (FRPP), Butler, OH",NRCS - Admin State OH,Private,Natural Resources Conservation Service,"4",4 - no known mandate for biodiversity protection,86,XA,Closed,AGRE,Agricultural Easement,,UNK
"Farm and Ranch Lands Protection Program (FRPP), Butler, OH",NRCS - Admin State OH,Private,Natural Resources Conservation Service,"4",4 - no known mandate for biodiversity protection,90,XA,Closed,AGRE,Agricultural Easement,,UNK
"Farm and Ranch Lands Protection Program (FRPP), Butler, OH",NRCS - Admin State OH,Private,Natural Resources Conservation Service,"4",4 - no known mandate for biodiversity protection,143,XA,Closed,AGRE,Agricultural Easement,,UNK
"Farm and Ranch Lands Protection Program (FRPP), Butler, OH",NRCS - Admin State OH,Private,Natural Resources Conservation Service,"4",4 - no known mandate for biodiversity protection,180,XA,Closed,AGRE,Agricultural Easement,,UNK
"Farm and Ranch Lands Protection Program (FRPP), Butler, OH",NRCS - Admin State OH,Private,Natural Resources Conservation Service,"4",4 - no known mandate for biodiversity protection,268,XA,Closed,AGRE,Agricultural Easement,,UNK
"Farm and Ranch Lands Protection Program (FRPP), Champaign, OH",NRCS - Admin State OH,Private,Natural Resources Conservation Service,"4",4 - no known mandate for biodiversity protection,321,XA,Closed,AGRE,Agricultural Easement,,PERM
"Farm and Ranch Lands Protection Program (FRPP), Clark, OH",NRCS - Admin State OH,Private,Natural Resources Conservation Service,"4",4 - no known mandate for biodiversity protection,170,XA,Closed,AGRE,Agricultural Easement,,PERM
"Farm and Ranch Lands Protection Program (FRPP), Clark, OH",NRCS - Admin State OH,Private,Natural Resources Conservation Service,"4",4 - no known mandate for biodiversity protection,236,XA,Closed,AGRE,Agricultural Easement,,PERM
"Farm and Ranch Lands Protection Program (FRPP), Clark, OH",NRCS - Admin State OH,Private,Natural Resources Conservation Service,"4",4 - no known mandate for biodiversity protection,299,XA,Closed,AGRE,Agricultural Easement,,PERM
"Farm and Ranch Lands Protection Program (FRPP), Clark, OH",NRCS - Admin State OH,Private,Natural Resources Conservation Service,"4",4 - no known mandate for biodiversity protection,96,XA,Closed,AGRE,Agricultural Easement,,PERM
"Farm and Ranch Lands Protection Program (FRPP), Clark, OH",NRCS - Admin State OH,Private,Natural Resources Conservation Service,"4",4 - no known mandate for biodiversity protection,135,XA,Closed,AGRE,Agricultural Easement,,PERM
"Farm and Ranch Lands Protection Program (FRPP), Clark, OH",NRCS - Admin State OH,Private,Natural Resources Conservation Service,"4",4 - no known mandate for biodiversity protection,445,XA,Closed,AGRE,Agricultural Easement,,PERM
"Farm and Ranch Lands Protection Program (FRPP), Clark, OH",NRCS - Admin State OH,Private,Natural Resources Conservation Service,"4",4 - no known mandate for biodiversity protection,462,XA,Closed,AGRE,Agricultural Easement,,PERM
"Farm and Ranch Lands Protection Program (FRPP), Clark, OH",NRCS - Admin State OH,Private,Natural Resources Conservation Service,"4",4 - no known mandate for biodiversity protection,62,XA,Closed,AGRE,Agricultural Easement,,PERM
"Farm and Ranch Lands Protection Program (FRPP), Clark, OH",NRCS - Admin State OH,Private,Natural Resources Conservation Service,"4",4 - no known mandate for biodiversity protection,91,XA,Closed,AGRE,Agricultural Easement,,PERM
"Farm and Ranch Lands Protection Program (FRPP), Clark, OH",NRCS - Admin State OH,Private,Natural Resources Conservation Service,"4",4 - no known mandate for biodiversity protection,442,XA,Closed,AGRE,Agricultural Easement,,PERM
"Farm and Ranch Lands Protection Program (FRPP), Clark, OH",NRCS - Admin State OH,Private,Natural Resources Conservation Service,"4",4 - no known mandate for biodiversity protection,59,XA,Closed,AGRE,Agricultural Easement,,PERM
"Farm and Ranch Lands Protection Program (FRPP), Clark, OH",NRCS - Admin State OH,Private,Natural Resources Conservation Service,"4",4 - no known mandate for biodiversity protection,360,XA,Closed,AGRE,Agricultural Easement,,PERM
"Farm and Ranch Lands Protection Program (FRPP), Clark, OH",NRCS - Admin State OH,Private,Natural Resources Conservation Service,"4",4 - no known mandate for biodiversity protection,37,XA,Closed,AGRE,Agricultural Easement,,PERM
"Farm and Ranch Lands Protection Program (FRPP), Clark, OH",NRCS - Admin State OH,Private,Natural Resources Conservation Service,"4",4 - no known mandate for biodiversity protection,81,XA,Closed,AGRE,Agricultural Easement,,PERM
"Farm and Ranch Lands Protection Program (FRPP), Clark, OH",NRCS - Admin State OH,Private,Natural Resources Conservation Service,"4",4 - no known mandate for biodiversity protection,90,XA,Closed,AGRE,Agricultural Easement,,PERM
"Farm and Ranch Lands Protection Program (FRPP), Clark, OH",NRCS - Admin State OH,Private,Natural Resources Conservation Service,"4",4 - no known mandate for biodiversity protection,216,XA,Closed,AGRE,Agricultural Easement,,PERM
"Farm and Ranch Lands Protection Program (FRPP), Clark, OH",NRCS - Admin State OH,Private,Natural Resources Conservation Service,"4",4 - no known mandate for biodiversity protection,322,XA,Closed,AGRE,Agricultural Easement,,PERM
"Farm and Ranch Lands Protection Program (FRPP), Clark, OH",NRCS - Admin State OH,Private,Natural Resources Conservation Service,"4",4 - no known mandate for biodiversity protection,770,XA,Closed,AGRE,Agricultural Easement,,PERM
"Farm and Ranch Lands Protection Program (FRPP), Clark, OH",NRCS - Admin State OH,Private,Natural Resources Conservation Service,"4",4 - no known mandate for biodiversity protection,149,XA,Closed,AGRE,Agricultural Easement,,PERM
"Farm and Ranch Lands Protection Program (FRPP), Clark, OH",NRCS - Admin State OH,Private,Natural Resources Conservation Service,"4",4 - no known mandate for biodiversity protection,198,XA,Closed,AGRE,Agricultural Easement,,PERM
"Farm and Ranch Lands Protection Program (FRPP), Clark, OH",NRCS - Admin State OH,Private,Natural Resources Conservation Service,"4",4 - no known mandate for biodiversity protection,289,XA,Closed,AGRE,Agricultural Easement,,PERM
"Farm and Ranch Lands Protection Program (FRPP), Clark, OH",NRCS - Admin State OH,Private,Natural Resources Conservation Service,"4",4 - no known mandate for biodiversity protection,107,XA,Closed,AGRE,Agricultural Easement,,PERM
"Farm and Ranch Lands Protection Program (FRPP), Clark, OH",NRCS - Admin State OH,Private,Natural Resources Conservation Service,"4",4 - no known mandate for biodiversity protection,128,XA,Closed,AGRE,Agricultural Easement,,PERM
"Farm and Ranch Lands Protection Program (FRPP), Clark, OH",NRCS - Admin State OH,Private,Natural Resources Conservation Service,"4",4 - no known mandate for biodiversity protection,547,XA,Closed,AGRE,Agricultural Easement,,PERM
"Farm and Ranch Lands Protection Program (FRPP), Clark, OH",NRCS - Admin State OH,Private,Natural Resources Conservation Service,"4",4 - no known mandate for biodiversity protection,607,XA,Closed,AGRE,Agricultural Easement,,PERM
"Farm and Ranch Lands Protection Program (FRPP), Clark, OH",NRCS - Admin State OH,Private,Natural Resources Conservation Service,"4",4 - no known mandate for biodiversity protection,24,XA,Closed,AGRE,Agricultural Easement,,UNK
"Farm and Ranch Lands Protection Program (FRPP), Clark, OH",NRCS - Admin State OH,Private,Natural Resources Conservation Service,"4",4 - no known mandate for biodiversity protection,70,XA,Closed,AGRE,Agricultural Easement,,UNK
"Farm and Ranch Lands Protection Program (FRPP), Clark, OH",NRCS - Admin State OH,Private,Natural Resources Conservation Service,"4",4 - no known mandate for biodiversity protection,86,XA,Closed,AGRE,Agricultural Easement,,UNK
"Farm and Ranch Lands Protection Program (FRPP), Clark, OH",NRCS - Admin State OH,Private,Natural Resources Conservation Service,"4",4 - no known mandate for biodiversity protection,148,XA,Closed,AGRE,Agricultural Easement,,UNK
"Farm and Ranch Lands Protection Program (FRPP), Clark, OH",NRCS - Admin State OH,Private,Natural Resources Conservation Service,"4",4 - no known mandate for biodiversity protection,273,XA,Closed,AGRE,Agricultural Easement,,UNK
"Farm and Ranch Lands Protection Program (FRPP), Clark, OH",NRCS - Admin State OH,Private,Natural Resources Conservation Service,"4",4 - no known mandate for biodiversity protection,400,XA,Closed,AGRE,Agricultural Easement,,UNK
"Farm and Ranch Lands Protection Program (FRPP), Clark, OH",NRCS - Admin State OH,Private,Natural Resources Conservation Service,"4",4 - no known mandate for biodiversity protection,573,XA,Closed,AGRE,Agricultural Easement,,UNK
"Farm and Ranch Lands Protection Program (FRPP), Clark, OH",NRCS - Admin State OH,Private,Natural Resources Conservation Service,"4",4 - no known mandate for biodiversity protection,282,XA,Closed,AGRE,Agricultural Easement,,UNK
"Farm and Ranch Lands Protection Program (FRPP), Clinton, OH",NRCS - Admin State OH,Private,Natural Resources Conservation Service,"4",4 - no known mandate for biodiversity protection,56,XA,Closed,AGRE,Agricultural Easement,,UNK
"Farm and Ranch Lands Protection Program (FRPP), Clinton, OH",NRCS - Admin State OH,Private,Natural Resources Conservation Service,"4",4 - no known mandate for biodiversity protection,174,XA,Closed,AGRE,Agricultural Easement,,UNK
"Farm and Ranch Lands Protection Program (FRPP), Defiance, OH",NRCS - Admin State OH,Private,Natural Resources Conservation Service,"4",4 - no known mandate for biodiversity protection,278,XA,Closed,AGRE,Agricultural Easement,,PERM
"Farm and Ranch Lands Protection Program (FRPP), Fairfield, OH",NRCS - Admin State OH,Private,Natural Resources Conservation Service,"4",4 - no known mandate for biodiversity protection,448,XA,Closed,AGRE,Agricultural Easement,,PERM
"Farm and Ranch Lands Protection Program (FRPP), Fairfield, OH",NRCS - Admin State OH,Private,Natural Resources Conservation Service,"4",4 - no known mandate for biodiversity protection,406,XA,Closed,AGRE,Agricultural Easement,,PERM
"Farm and Ranch Lands Protection Program (FRPP), Fairfield, OH",NRCS - Admin State OH,Private,Natural Resources Conservation Service,"4",4 - no known mandate for biodiversity protection,372,XA,Closed,AGRE,Agricultural Easement,,PERM
"Farm and Ranch Lands Protection Program (FRPP), Fairfield, OH",NRCS - Admin State OH,Private,Natural Resources Conservation Service,"4",4 - no known mandate for biodiversity protection,208,XA,Closed,AGRE,Agricultural Easement,,PERM
"Farm and Ranch Lands Protection Program (FRPP), Fairfield, OH",NRCS - Admin State OH,Private,Natural Resources Conservation Service,"4",4 - no known mandate for biodiversity protection,133,XA,Closed,AGRE,Agricultural Easement,,UNK
"Farm and Ranch Lands Protection Program (FRPP), Fulton, OH",NRCS - Admin State OH,Private,Natural Resources Conservation Service,"4",4 - no known mandate for biodiversity protection,189,XA,Closed,AGRE,Agricultural Easement,,PERM
"Farm and Ranch Lands Protection Program (FRPP), Fulton, OH",NRCS - Admin State OH,Private,Natural Resources Conservation Service,"4",4 - no known mandate for biodiversity protection,79,XA,Closed,AGRE,Agricultural Easement,,PERM
"Farm and Ranch Lands Protection Program (FRPP), Fulton, OH",NRCS - Admin State OH,Private,Natural Resources Conservation Service,"4",4 - no known mandate for biodiversity protection,98,XA,Closed,AGRE,Agricultural Easement,,PERM
"Farm and Ranch Lands Protection Program (FRPP), Fulton, OH",NRCS - Admin State OH,Private,Natural Resources Conservation Service,"4",4 - no known mandate for biodiversity protection,124,XA,Closed,AGRE,Agricultural Easement,,PERM
"Farm and Ranch Lands Protection Program (FRPP), Fulton, OH",NRCS - Admin State OH,Private,Natural Resources Conservation Service,"4",4 - no known mandate for biodiversity protection,155,XA,Closed,AGRE,Agricultural Easement,,PERM
"Farm and Ranch Lands Protection Program (FRPP), Fulton, OH",NRCS - Admin State OH,Private,Natural Resources Conservation Service,"4",4 - no known mandate for biodiversity protection,73,XA,Closed,AGRE,Agricultural Easement,,PERM
"Farm and Ranch Lands Protection Program (FRPP), Fulton, OH",NRCS - Admin State OH,Private,Natural Resources Conservation Service,"4",4 - no known mandate for biodiversity protection,100,XA,Closed,AGRE,Agricultural Easement,,PERM
"Farm and Ranch Lands Protection Program (FRPP), Fulton, OH",NRCS - Admin State OH,Private,Natural Resources Conservation Service,"4",4 - no known mandate for biodiversity protection,115,XA,Closed,AGRE,Agricultural Easement,,PERM
"Farm and Ranch Lands Protection Program (FRPP), Fulton, OH",NRCS - Admin State OH,Private,Natural Resources Conservation Service,"4",4 - no known mandate for biodiversity protection,155,XA,Closed,AGRE,Agricultural Easement,,PERM
"Farm and Ranch Lands Protection Program (FRPP), Fulton, OH",NRCS - Admin State OH,Private,Natural Resources Conservation Service,"4",4 - no known mandate for biodiversity protection,75,XA,Closed,AGRE,Agricultural Easement,,PERM
"Farm and Ranch Lands Protection Program (FRPP), Fulton, OH",NRCS - Admin State OH,Private,Natural Resources Conservation Service,"4",4 - no known mandate for biodiversity protection,52,XA,Closed,AGRE,Agricultural Easement,,PERM
"Farm and Ranch Lands Protection Program (FRPP), Fulton, OH",NRCS - Admin State OH,Private,Natural Resources Conservation Service,"4",4 - no known mandate for biodiversity protection,74,XA,Closed,AGRE,Agricultural Easement,,PERM
"Farm and Ranch Lands Protection Program (FRPP), Fulton, OH",NRCS - Admin State OH,Private,Natural Resources Conservation Service,"4",4 - no known mandate for biodiversity protection,79,XA,Closed,AGRE,Agricultural Easement,,PERM
"Farm and Ranch Lands Protection Program (FRPP), Fulton, OH",NRCS - Admin State OH,Private,Natural Resources Conservation Service,"4",4 - no known mandate for biodiversity protection,117,XA,Closed,AGRE,Agricultural Easement,,PERM
"Farm and Ranch Lands Protection Program (FRPP), Fulton, OH",NRCS - Admin State OH,Private,Natural Resources Conservation Service,"4",4 - no known mandate for biodiversity protection,263,XA,Closed,AGRE,Agricultural Easement,,PERM
"Farm and Ranch Lands Protection Program (FRPP), Fulton, OH",NRCS - Admin State OH,Private,Natural Resources Conservation Service,"4",4 - no known mandate for biodiversity protection,106,XA,Closed,AGRE,Agricultural Easement,,PERM
"Farm and Ranch Lands Protection Program (FRPP), Fulton, OH",NRCS - Admin State OH,Private,Natural Resources Conservation Service,"4",4 - no known mandate for biodiversity protection,73,XA,Closed,AGRE,Agricultural Easement,,PERM
"Farm and Ranch Lands Protection Program (FRPP), Fulton, OH",NRCS - Admin State OH,Private,Natural Resources Conservation Service,"4",4 - no known mandate for biodiversity protection,98,XA,Closed,AGRE,Agricultural Easement,,UNK
"Farm and Ranch Lands Protection Program (FRPP), Geauga, OH",NRCS - Admin State OH,Private,Natural Resources Conservation Service,"4",4 - no known mandate for biodiversity protection,127,XA,Closed,AGRE,Agricultural Easement,,PERM
"Farm and Ranch Lands Protection Program (FRPP), Geauga, OH",NRCS - Admin State OH,Private,Natural Resources Conservation Service,"4",4 - no known mandate for biodiversity protection,75,XA,Closed,AGRE,Agricultural Easement,,PERM
"Farm and Ranch Lands Protection Program (FRPP), Geauga, OH",NRCS - Admin State OH,Private,Natural Resources Conservation Service,"4",4 - no known mandate for biodiversity protection,110,XA,Closed,AGRE,Agricultural Easement,,PERM
"Farm and Ranch Lands Protection Program (FRPP), Geauga, OH",NRCS - Admin State OH,Private,Natural Resources Conservation Service,"4",4 - no known mandate for biodiversity protection,65,XA,Closed,AGRE,Agricultural Easement,,UNK
"Farm and Ranch Lands Protection Program (FRPP), Geauga, OH",NRCS - Admin State OH,Private,Natural Resources Conservation Service,"4",4 - no known mandate for biodiversity protection,81,XA,Closed,AGRE,Agricultural Easement,,UNK
"Farm and Ranch Lands Protection Program (FRPP), Greene, OH",NRCS - Admin State OH,Private,Natural Resources Conservation Service,"4",4 - no known mandate for biodiversity protection,108,XA,Closed,AGRE,Agricultural Easement,,PERM
"Farm and Ranch Lands Protection Program (FRPP), Greene, OH",NRCS - Admin State OH,Private,Natural Resources Conservation Service,"4",4 - no known mandate for biodiversity protection,149,XA,Closed,AGRE,Agricultural Easement,,PERM
"Farm and Ranch Lands Protection Program (FRPP), Greene, OH",NRCS - Admin State OH,Private,Natural Resources Conservation Service,"4",4 - no known mandate for biodiversity protection,320,XA,Closed,AGRE,Agricultural Easement,,PERM
"Farm and Ranch Lands Protection Program (FRPP), Greene, OH",NRCS - Admin State OH,Private,Natural Resources Conservation Service,"4",4 - no known mandate for biodiversity protection,27,XA,Closed,AGRE,Agricultural Easement,,PERM
"Farm and Ranch Lands Protection Program (FRPP), Greene, OH",NRCS - Admin State OH,Private,Natural Resources Conservation Service,"4",4 - no known mandate for biodiversity protection,134,XA,Closed,AGRE,Agricultural Easement,,PERM
"Farm and Ranch Lands Protection Program (FRPP), Greene, OH",NRCS - Admin State OH,Private,Natural Resources Conservation Service,"4",4 - no known mandate for biodiversity protection,404,XA,Closed,AGRE,Agricultural Easement,,PERM
"Farm and Ranch Lands Protection Program (FRPP), Greene, OH",NRCS - Admin State OH,Private,Natural Resources Conservation Service,"4",4 - no known mandate for biodiversity protection,84,XA,Closed,AGRE,Agricultural Easement,,PERM
"Farm and Ranch Lands Protection Program (FRPP), Greene, OH",NRCS - Admin State OH,Private,Natural Resources Conservation Service,"4",4 - no known mandate for biodiversity protection,102,XA,Closed,AGRE,Agricultural Easement,,PERM
"Farm and Ranch Lands Protection Program (FRPP), Greene, OH",NRCS - Admin State OH,Private,Natural Resources Conservation Service,"4",4 - no known mandate for biodiversity protection,226,XA,Closed,AGRE,Agricultural Easement,,PERM
"Farm and Ranch Lands Protection Program (FRPP), Greene, OH",NRCS - Admin State OH,Private,Natural Resources Conservation Service,"4",4 - no known mandate for biodiversity protection,993,XA,Closed,AGRE,Agricultural Easement,,PERM
"Farm and Ranch Lands Protection Program (FRPP), Greene, OH",NRCS - Admin State OH,Private,Natural Resources Conservation Service,"4",4 - no known mandate for biodiversity protection,127,XA,Closed,AGRE,Agricultural Easement,,PERM
"Farm and Ranch Lands Protection Program (FRPP), Greene, OH",NRCS - Admin State OH,Private,Natural Resources Conservation Service,"4",4 - no known mandate for biodiversity protection,117,XA,Closed,AGRE,Agricultural Easement,,PERM
"Farm and Ranch Lands Protection Program (FRPP), Greene, OH",NRCS - Admin State OH,Private,Natural Resources Conservation Service,"4",4 - no known mandate for biodiversity protection,33,XA,Closed,AGRE,Agricultural Easement,,UNK
"Farm and Ranch Lands Protection Program (FRPP), Greene, OH",NRCS - Admin State OH,Private,Natural Resources Conservation Service,"4",4 - no known mandate for biodiversity protection,50,XA,Closed,AGRE,Agricultural Easement,,UNK
"Farm and Ranch Lands Protection Program (FRPP), Greene, OH",NRCS - Admin State OH,Private,Natural Resources Conservation Service,"4",4 - no known mandate for biodiversity protection,50,XA,Closed,AGRE,Agricultural Easement,,UNK
"Farm and Ranch Lands Protection Program (FRPP), Greene, OH",NRCS - Admin State OH,Private,Natural Resources Conservation Service,"4",4 - no known mandate for biodiversity protection,69,XA,Closed,AGRE,Agricultural Easement,,UNK
"Farm and Ranch Lands Protection Program (FRPP), Greene, OH",NRCS - Admin State OH,Private,Natural Resources Conservation Service,"4",4 - no known mandate for biodiversity protection,99,XA,Closed,AGRE,Agricultural Easement,,UNK
"Farm and Ranch Lands Protection Program (FRPP), Greene, OH",NRCS - Admin State OH,Private,Natural Resources Conservation Service,"4",4 - no known mandate for biodiversity protection,172,XA,Closed,AGRE,Agricultural Easement,,PERM
"Farm and Ranch Lands Protection Program (FRPP), Greene, OH",NRCS - Admin State OH,Private,Natural Resources Conservation Service,"4",4 - no known mandate for biodiversity protection,189,XA,Closed,AGRE,Agricultural Easement,,PERM
"Farm and Ranch Lands Protection Program (FRPP), Greene, OH",NRCS - Admin State OH,Private,Natural Resources Conservation Service,"4",4 - no known mandate for biodiversity protection,204,XA,Closed,AGRE,Agricultural Easement,,PERM
"Farm and Ranch Lands Protection Program (FRPP), Greene, OH",NRCS - Admin State OH,Private,Natural Resources Conservation Service,"4",4 - no known mandate for biodiversity protection,338,XA,Closed,AGRE,Agricultural Easement,,PERM
"Farm and Ranch Lands Protection Program (FRPP), Greene, OH",NRCS - Admin State OH,Private,Natural Resources Conservation Service,"4",4 - no known mandate for biodiversity protection,473,XA,Closed,AGRE,Agricultural Easement,,PERM
"Farm and Ranch Lands Protection Program (FRPP), Greene, OH",NRCS - Admin State OH,Private,Natural Resources Conservation Service,"4",4 - no known mandate for biodiversity protection,85,XA,Closed,AGRE,Agricultural Easement,,UNK
"Farm and Ranch Lands Protection Program (FRPP), Greene, OH",NRCS - Admin State OH,Private,Natural Resources Conservation Service,"4",4 - no known mandate for biodiversity protection,109,XA,Closed,AGRE,Agricultural Easement,,UNK
"Farm and Ranch Lands Protection Program (FRPP), Greene, OH",NRCS - Admin State OH,Private,Natural Resources Conservation Service,"4",4 - no known mandate for biodiversity protection,111,XA,Closed,AGRE,Agricultural Easement,,UNK
"Farm and Ranch Lands Protection Program (FRPP), Greene, OH",NRCS - Admin State OH,Private,Natural Resources Conservation Service,"4",4 - no known mandate for biodiversity protection,184,XA,Closed,AGRE,Agricultural Easement,,UNK
"Farm and Ranch Lands Protection Program (FRPP), Greene, OH",NRCS - Admin State OH,Private,Natural Resources Conservation Service,"4",4 - no known mandate for biodiversity protection,91,XA,Closed,AGRE,Agricultural Easement,,UNK
"Farm and Ranch Lands Protection Program (FRPP), Greene, OH",NRCS - Admin State OH,Private,Natural Resources Conservation Service,"4",4 - no known mandate for biodiversity protection,295,XA,Closed,AGRE,Agricultural Easement,,UNK
"Farm and Ranch Lands Protection Program (FRPP), Greene, OH",NRCS - Admin State OH,Private,Natural Resources Conservation Service,"4",4 - no known mandate for biodiversity protection,153,XA,Closed,AGRE,Agricultural Easement,,UNK
"Farm and Ranch Lands Protection Program (FRPP), Hamilton, OH",NRCS - Admin State OH,Private,Natural Resources Conservation Service,"4",4 - no known mandate for biodiversity protection,313,XA,Closed,AGRE,Agricultural Easement,,UNK
"Farm and Ranch Lands Protection Program (FRPP), Henry, OH",NRCS - Admin State OH,Private,Natural Resources Conservation Service,"4",4 - no known mandate for biodiversity protection,79,XA,Closed,AGRE,Agricultural Easement,,PERM
"Farm and Ranch Lands Protection Program (FRPP), Huron, OH",NRCS - Admin State OH,Private,Natural Resources Conservation Service,"4",4 - no known mandate for biodiversity protection,138,XA,Closed,AGRE,Agricultural Easement,,PERM
"Farm and Ranch Lands Protection Program (FRPP), Knox, OH",NRCS - Admin State OH,Private,Natural Resources Conservation Service,"4",4 - no known mandate for biodiversity protection,130,XA,Closed,AGRE,Agricultural Easement,,PERM
"Farm and Ranch Lands Protection Program (FRPP), Knox, OH",NRCS - Admin State OH,Private,Natural Resources Conservation Service,"4",4 - no known mandate for biodiversity protection,165,XA,Closed,AGRE,Agricultural Easement,,PERM
"Farm and Ranch Lands Protection Program (FRPP), Knox, OH",NRCS - Admin State OH,Private,Natural Resources Conservation Service,"4",4 - no known mandate for biodiversity protection,139,XA,Closed,AGRE,Agricultural Easement,,PERM
"Farm and Ranch Lands Protection Program (FRPP), Knox, OH",NRCS - Admin State OH,Private,Natural Resources Conservation Service,"4",4 - no known mandate for biodiversity protection,156,XA,Closed,AGRE,Agricultural Easement,,PERM
"Farm and Ranch Lands Protection Program (FRPP), Lake, OH",NRCS - Admin State OH,Private,Natural Resources Conservation Service,"4",4 - no known mandate for biodiversity protection,20,XA,Closed,AGRE,Agricultural Easement,,PERM
"Farm and Ranch Lands Protection Program (FRPP), Lake, OH",NRCS - Admin State OH,Private,Natural Resources Conservation Service,"4",4 - no known mandate for biodiversity protection,34,XA,Closed,AGRE,Agricultural Easement,,PERM
"Farm and Ranch Lands Protection Program (FRPP), Lake, OH",NRCS - Admin State OH,Private,Natural Resources Conservation Service,"4",4 - no known mandate for biodiversity protection,43,XA,Closed,AGRE,Agricultural Easement,,PERM
"Farm and Ranch Lands Protection Program (FRPP), Lake, OH",NRCS - Admin State OH,Private,Natural Resources Conservation Service,"4",4 - no known mandate for biodiversity protection,14,XA,Closed,AGRE,Agricultural Easement,,PERM
"Farm and Ranch Lands Protection Program (FRPP), Lake, OH",NRCS - Admin State OH,Private,Natural Resources Conservation Service,"4",4 - no known mandate for biodiversity protection,18,XA,Closed,AGRE,Agricultural Easement,,PERM
"Farm and Ranch Lands Protection Program (FRPP), Lake, OH",NRCS - Admin State OH,Private,Natural Resources Conservation Service,"4",4 - no known mandate for biodiversity protection,40,XA,Closed,AGRE,Agricultural Easement,,UNK
"Farm and Ranch Lands Protection Program (FRPP), Licking, OH",NRCS - Admin State OH,Private,Natural Resources Conservation Service,"4",4 - no known mandate for biodiversity protection,160,XA,Closed,AGRE,Agricultural Easement,,PERM
"Farm and Ranch Lands Protection Program (FRPP), Licking, OH",NRCS - Admin State OH,Private,Natural Resources Conservation Service,"4",4 - no known mandate for biodiversity protection,171,XA,Closed,AGRE,Agricultural Easement,,PERM
"Farm and Ranch Lands Protection Program (FRPP), Licking, OH",NRCS - Admin State OH,Private,Natural Resources Conservation Service,"4",4 - no known mandate for biodiversity protection,62,XA,Closed,AGRE,Agricultural Easement,,UNK
"Farm and Ranch Lands Protection Program (FRPP), Licking, OH",NRCS - Admin State OH,Private,Natural Resources Conservation Service,"4",4 - no known mandate for biodiversity protection,63,XA,Closed,AGRE,Agricultural Easement,,UNK
"Farm and Ranch Lands Protection Program (FRPP), Licking, OH",NRCS - Admin State OH,Private,Natural Resources Conservation Service,"4",4 - no known mandate for biodiversity protection,108,XA,Closed,AGRE,Agricultural Easement,,UNK
"Farm and Ranch Lands Protection Program (FRPP), Licking, OH",NRCS - Admin State OH,Private,Natural Resources Conservation Service,"4",4 - no known mandate for biodiversity protection,70,XA,Closed,AGRE,Agricultural Easement,,UNK
"Farm and Ranch Lands Protection Program (FRPP), Logan, OH",NRCS - Admin State OH,Private,Natural Resources Conservation Service,"4",4 - no known mandate for biodiversity protection,640,XA,Closed,AGRE,Agricultural Easement,,PERM
"Farm and Ranch Lands Protection Program (FRPP), Logan, OH",NRCS - Admin State OH,Private,Natural Resources Conservation Service,"4",4 - no known mandate for biodiversity protection,71,XA,Closed,AGRE,Agricultural Easement,,PERM
"Farm and Ranch Lands Protection Program (FRPP), Logan, OH",NRCS - Admin State OH,Private,Natural Resources Conservation Service,"4",4 - no known mandate for biodiversity protection,265,XA,Closed,AGRE,Agricultural Easement,,PERM
"Farm and Ranch Lands Protection Program (FRPP), Lucas, OH",NRCS - Admin State OH,Private,Natural Resources Conservation Service,"4",4 - no known mandate for biodiversity protection,124,XA,Closed,AGRE,Agricultural Easement,,PERM
"Farm and Ranch Lands Protection Program (FRPP), Madison, OH",NRCS - Admin State OH,Private,Natural Resources Conservation Service,"4",4 - no known mandate for biodiversity protection,200,XA,Closed,AGRE,Agricultural Easement,,PERM
"Farm and Ranch Lands Protection Program (FRPP), Madison, OH",NRCS - Admin State OH,Private,Natural Resources Conservation Service,"4",4 - no known mandate for biodiversity protection,337,XA,Closed,AGRE,Agricultural Easement,,PERM
"Farm and Ranch Lands Protection Program (FRPP), Madison, OH",NRCS - Admin State OH,Private,Natural Resources Conservation Service,"4",4 - no known mandate for biodiversity protection,368,XA,Closed,AGRE,Agricultural Easement,,PERM
"Farm and Ranch Lands Protection Program (FRPP), Madison, OH",NRCS - Admin State OH,Private,Natural Resources Conservation Service,"4",4 - no known mandate for biodiversity protection,543,XA,Closed,AGRE,Agricultural Easement,,UNK
"Farm and Ranch Lands Protection Program (FRPP), Madison, OH",NRCS - Admin State OH,Private,Natural Resources Conservation Service,"4",4 - no known mandate for biodiversity protection,453,XA,Closed,AGRE,Agricultural Easement,,UNK
"Farm and Ranch Lands Protection Program (FRPP), Madison, OH",NRCS - Admin State OH,Private,Natural Resources Conservation Service,"4",4 - no known mandate for biodiversity protection,150,XA,Closed,AGRE,Agricultural Easement,,UNK
"Farm and Ranch Lands Protection Program (FRPP), Madison, OH",NRCS - Admin State OH,Private,Natural Resources Conservation Service,"4",4 - no known mandate for biodiversity protection,180,XA,Closed,AGRE,Agricultural Easement,,UNK
"Farm and Ranch Lands Protection Program (FRPP), Marion, OH",NRCS - Admin State OH,Private,Natural Resources Conservation Service,"4",4 - no known mandate for biodiversity protection,156,XA,Closed,AGRE,Agricultural Easement,,PERM
"Farm and Ranch Lands Protection Program (FRPP), Mercer, OH",NRCS - Admin State OH,Private,Natural Resources Conservation Service,"4",4 - no known mandate for biodiversity protection,76,XA,Closed,AGRE,Agricultural Easement,,UNK
"Farm and Ranch Lands Protection Program (FRPP), Mercer, OH",NRCS - Admin State OH,Private,Natural Resources Conservation Service,"4",4 - no known mandate for biodiversity protection,160,XA,Closed,AGRE,Agricultural Easement,,UNK
"Farm and Ranch Lands Protection Program (FRPP), Miami, OH",NRCS - Admin State OH,Private,Natural Resources Conservation Service,"4",4 - no known mandate for biodiversity protection,78,XA,Closed,AGRE,Agricultural Easement,,PERM
"Farm and Ranch Lands Protection Program (FRPP), Miami, OH",NRCS - Admin State OH,Private,Natural Resources Conservation Service,"4",4 - no known mandate for biodiversity protection,90,XA,Closed,AGRE,Agricultural Easement,,PERM
"Farm and Ranch Lands Protection Program (FRPP), Miami, OH",NRCS - Admin State OH,Private,Natural Resources Conservation Service,"4",4 - no known mandate for biodiversity protection,136,XA,Closed,AGRE,Agricultural Easement,,PERM
"Farm and Ranch Lands Protection Program (FRPP), Miami, OH",NRCS - Admin State OH,Private,Natural Resources Conservation Service,"4",4 - no known mandate for biodiversity protection,374,XA,Closed,AGRE,Agricultural Easement,,PERM
"Farm and Ranch Lands Protection Program (FRPP), Miami, OH",NRCS - Admin State OH,Private,Natural Resources Conservation Service,"4",4 - no known mandate for biodiversity protection,98,XA,Closed,AGRE,Agricultural Easement,,PERM
"Farm and Ranch Lands Protection Program (FRPP), Miami, OH",NRCS - Admin State OH,Private,Natural Resources Conservation Service,"4",4 - no known mandate for biodiversity protection,116,XA,Closed,AGRE,Agricultural Easement,,PERM
"Farm and Ranch Lands Protection Program (FRPP), Miami, OH",NRCS - Admin State OH,Private,Natural Resources Conservation Service,"4",4 - no known mandate for biodiversity protection,160,XA,Closed,AGRE,Agricultural Easement,,PERM
"Farm and Ranch Lands Protection Program (FRPP), Miami, OH",NRCS - Admin State OH,Private,Natural Resources Conservation Service,"4",4 - no known mandate for biodiversity protection,198,XA,Closed,AGRE,Agricultural Easement,,PERM
"Farm and Ranch Lands Protection Program (FRPP), Miami, OH",NRCS - Admin State OH,Private,Natural Resources Conservation Service,"4",4 - no known mandate for biodiversity protection,241,XA,Closed,AGRE,Agricultural Easement,,PERM
"Farm and Ranch Lands Protection Program (FRPP), Miami, OH",NRCS - Admin State OH,Private,Natural Resources Conservation Service,"4",4 - no known mandate for biodiversity protection,110,XA,Closed,AGRE,Agricultural Easement,,PERM
"Farm and Ranch Lands Protection Program (FRPP), Miami, OH",NRCS - Admin State OH,Private,Natural Resources Conservation Service,"4",4 - no known mandate for biodiversity protection,152,XA,Closed,AGRE,Agricultural Easement,,PERM
"Farm and Ranch Lands Protection Program (FRPP), Miami, OH",NRCS - Admin State OH,Private,Natural Resources Conservation Service,"4",4 - no known mandate for biodiversity protection,159,XA,Closed,AGRE,Agricultural Easement,,PERM
"Farm and Ranch Lands Protection Program (FRPP), Miami, OH",NRCS - Admin State OH,Private,Natural Resources Conservation Service,"4",4 - no known mandate for biodiversity protection,222,XA,Closed,AGRE,Agricultural Easement,,PERM
"Farm and Ranch Lands Protection Program (FRPP), Miami, OH",NRCS - Admin State OH,Private,Natural Resources Conservation Service,"4",4 - no known mandate for biodiversity protection,20,XA,Closed,AGRE,Agricultural Easement,,UNK
"Farm and Ranch Lands Protection Program (FRPP), Miami, OH",NRCS - Admin State OH,Private,Natural Resources Conservation Service,"4",4 - no known mandate for biodiversity protection,29,XA,Closed,AGRE,Agricultural Easement,,UNK
"Farm and Ranch Lands Protection Program (FRPP), Miami, OH",NRCS - Admin State OH,Private,Natural Resources Conservation Service,"4",4 - no known mandate for biodiversity protection,33,XA,Closed,AGRE,Agricultural Easement,,UNK
"Farm and Ranch Lands Protection Program (FRPP), Miami, OH",NRCS - Admin State OH,Private,Natural Resources Conservation Service,"4",4 - no known mandate for biodiversity protection,34,XA,Closed,AGRE,Agricultural Easement,,UNK
"Farm and Ranch Lands Protection Program (FRPP), Miami, OH",NRCS - Admin State OH,Private,Natural Resources Conservation Service,"4",4 - no known mandate for biodiversity protection,40,XA,Closed,AGRE,Agricultural Easement,,UNK
"Farm and Ranch Lands Protection Program (FRPP), Miami, OH",NRCS - Admin State OH,Private,Natural Resources Conservation Service,"4",4 - no known mandate for biodiversity protection,45,XA,Closed,AGRE,Agricultural Easement,,UNK
"Farm and Ranch Lands Protection Program (FRPP), Miami, OH",NRCS - Admin State OH,Private,Natural Resources Conservation Service,"4",4 - no known mandate for biodiversity protection,79,XA,Closed,AGRE,Agricultural Easement,,UNK
"Farm and Ranch Lands Protection Program (FRPP), Miami, OH",NRCS - Admin State OH,Private,Natural Resources Conservation Service,"4",4 - no known mandate for biodiversity protection,79,XA,Closed,AGRE,Agricultural Easement,,UNK
"Farm and Ranch Lands Protection Program (FRPP), Miami, OH",NRCS - Admin State OH,Private,Natural Resources Conservation Service,"4",4 - no known mandate for biodiversity protection,80,XA,Closed,AGRE,Agricultural Easement,,UNK
"Farm and Ranch Lands Protection Program (FRPP), Miami, OH",NRCS - Admin State OH,Private,Natural Resources Conservation Service,"4",4 - no known mandate for biodiversity protection,87,XA,Closed,AGRE,Agricultural Easement,,UNK
"Farm and Ranch Lands Protection Program (FRPP), Miami, OH",NRCS - Admin State OH,Private,Natural Resources Conservation Service,"4",4 - no known mandate for biodiversity protection,93,XA,Closed,AGRE,Agricultural Easement,,UNK
"Farm and Ranch Lands Protection Program (FRPP), Miami, OH",NRCS - Admin State OH,Private,Natural Resources Conservation Service,"4",4 - no known mandate for biodiversity protection,97,XA,Closed,AGRE,Agricultural Easement,,UNK
"Farm and Ranch Lands Protection Program (FRPP), Miami, OH",NRCS - Admin State OH,Private,Natural Resources Conservation Service,"4",4 - no known mandate for biodiversity protection,97,XA,Closed,AGRE,Agricultural Easement,,UNK
"Farm and Ranch Lands Protection Program (FRPP), Miami, OH",NRCS - Admin State OH,Private,Natural Resources Conservation Service,"4",4 - no known mandate for biodiversity protection,100,XA,Closed,AGRE,Agricultural Easement,,UNK
"Farm and Ranch Lands Protection Program (FRPP), Miami, OH",NRCS - Admin State OH,Private,Natural Resources Conservation Service,"4",4 - no known mandate for biodiversity protection,110,XA,Closed,AGRE,Agricultural Easement,,UNK
"Farm and Ranch Lands Protection Program (FRPP), Miami, OH",NRCS - Admin State OH,Private,Natural Resources Conservation Service,"4",4 - no known mandate for biodiversity protection,121,XA,Closed,AGRE,Agricultural Easement,,UNK
"Farm and Ranch Lands Protection Program (FRPP), Miami, OH",NRCS - Admin State OH,Private,Natural Resources Conservation Service,"4",4 - no known mandate for biodiversity protection,123,XA,Closed,AGRE,Agricultural Easement,,UNK
"Farm and Ranch Lands Protection Program (FRPP), Miami, OH",NRCS - Admin State OH,Private,Natural Resources Conservation Service,"4",4 - no known mandate for biodiversity protection,123,XA,Closed,AGRE,Agricultural Easement,,UNK
"Farm and Ranch Lands Protection Program (FRPP), Miami, OH",NRCS - Admin State OH,Private,Natural Resources Conservation Service,"4",4 - no known mandate for biodiversity protection,26,XA,Closed,AGRE,Agricultural Easement,,UNK
"Farm and Ranch Lands Protection Program (FRPP), Miami, OH",NRCS - Admin State OH,Private,Natural Resources Conservation Service,"4",4 - no known mandate for biodiversity protection,38,XA,Closed,AGRE,Agricultural Easement,,UNK
"Farm and Ranch Lands Protection Program (FRPP), Miami, OH",NRCS - Admin State OH,Private,Natural Resources Conservation Service,"4",4 - no known mandate for biodiversity protection,45,XA,Closed,AGRE,Agricultural Easement,,UNK
"Farm and Ranch Lands Protection Program (FRPP), Miami, OH",NRCS - Admin State OH,Private,Natural Resources Conservation Service,"4",4 - no known mandate for biodiversity protection,89,XA,Closed,AGRE,Agricultural Easement,,UNK
"Farm and Ranch Lands Protection Program (FRPP), Miami, OH",NRCS - Admin State OH,Private,Natural Resources Conservation Service,"4",4 - no known mandate for biodiversity protection,91,XA,Closed,AGRE,Agricultural Easement,,UNK
"Farm and Ranch Lands Protection Program (FRPP), Miami, OH",NRCS - Admin State OH,Private,Natural Resources Conservation Service,"4",4 - no known mandate for biodiversity protection,106,XA,Closed,AGRE,Agricultural Easement,,UNK
"Farm and Ranch Lands Protection Program (FRPP), Miami, OH",NRCS - Admin State OH,Private,Natural Resources Conservation Service,"4",4 - no known mandate for biodiversity protection,107,XA,Closed,AGRE,Agricultural Easement,,UNK
"Farm and Ranch Lands Protection Program (FRPP), Miami, OH",NRCS - Admin State OH,Private,Natural Resources Conservation Service,"4",4 - no known mandate for biodiversity protection,130,XA,Closed,AGRE,Agricultural Easement,,UNK
"Farm and Ranch Lands Protection Program (FRPP), Miami, OH",NRCS - Admin State OH,Private,Natural Resources Conservation Service,"4",4 - no known mandate for biodiversity protection,148,XA,Closed,AGRE,Agricultural Easement,,UNK
"Farm and Ranch Lands Protection Program (FRPP), Miami, OH",NRCS - Admin State OH,Private,Natural Resources Conservation Service,"4",4 - no known mandate for biodiversity protection,158,XA,Closed,AGRE,Agricultural Easement,,UNK
"Farm and Ranch Lands Protection Program (FRPP), Miami, OH",NRCS - Admin State OH,Private,Natural Resources Conservation Service,"4",4 - no known mandate for biodiversity protection,184,XA,Closed,AGRE,Agricultural Easement,,UNK
"Farm and Ranch Lands Protection Program (FRPP), Montgomery, OH",NRCS - Admin State OH,Private,Natural Resources Conservation Service,"4",4 - no known mandate for biodiversity protection,302,XA,Closed,AGRE,Agricultural Easement,,PERM
"Farm and Ranch Lands Protection Program (FRPP), Montgomery, OH",NRCS - Admin State OH,Private,Natural Resources Conservation Service,"4",4 - no known mandate for biodiversity protection,81,XA,Closed,AGRE,Agricultural Easement,,PERM
"Farm and Ranch Lands Protection Program (FRPP), Montgomery, OH",NRCS - Admin State OH,Private,Natural Resources Conservation Service,"4",4 - no known mandate for biodiversity protection,135,XA,Closed,AGRE,Agricultural Easement,,PERM
"Farm and Ranch Lands Protection Program (FRPP), Montgomery, OH",NRCS - Admin State OH,Private,Natural Resources Conservation Service,"4",4 - no known mandate for biodiversity protection,139,XA,Closed,AGRE,Agricultural Easement,,PERM
"Farm and Ranch Lands Protection Program (FRPP), Montgomery, OH",NRCS - Admin State OH,Private,Natural Resources Conservation Service,"4",4 - no known mandate for biodiversity protection,153,XA,Closed,AGRE,Agricultural Easement,,PERM
"Farm and Ranch Lands Protection Program (FRPP), Montgomery, OH",NRCS - Admin State OH,Private,Natural Resources Conservation Service,"4",4 - no known mandate for biodiversity protection,474,XA,Closed,AGRE,Agricultural Easement,,PERM
"Farm and Ranch Lands Protection Program (FRPP), Montgomery, OH",NRCS - Admin State OH,Private,Natural Resources Conservation Service,"4",4 - no known mandate for biodiversity protection,115,XA,Closed,AGRE,Agricultural Easement,,PERM
"Farm and Ranch Lands Protection Program (FRPP), Montgomery, OH",NRCS - Admin State OH,Private,Natural Resources Conservation Service,"4",4 - no known mandate for biodiversity protection,126,XA,Closed,AGRE,Agricultural Easement,,PERM
"Farm and Ranch Lands Protection Program (FRPP), Montgomery, OH",NRCS - Admin State OH,Private,Natural Resources Conservation Service,"4",4 - no known mandate for biodiversity protection,126,XA,Closed,AGRE,Agricultural Easement,,PERM
"Farm and Ranch Lands Protection Program (FRPP), Montgomery, OH",NRCS - Admin State OH,Private,Natural Resources Conservation Service,"4",4 - no known mandate for biodiversity protection,119,XA,Closed,AGRE,Agricultural Easement,,PERM
"Farm and Ranch Lands Protection Program (FRPP), Montgomery, OH",NRCS - Admin State OH,Private,Natural Resources Conservation Service,"4",4 - no known mandate for biodiversity protection,103,XA,Closed,AGRE,Agricultural Easement,,UNK
"Farm and Ranch Lands Protection Program (FRPP), Montgomery, OH",NRCS - Admin State OH,Private,Natural Resources Conservation Service,"4",4 - no known mandate for biodiversity protection,122,XA,Closed,AGRE,Agricultural Easement,,UNK
"Farm and Ranch Lands Protection Program (FRPP), Montgomery, OH",NRCS - Admin State OH,Private,Natural Resources Conservation Service,"4",4 - no known mandate for biodiversity protection,134,XA,Closed,AGRE,Agricultural Easement,,PERM
"Farm and Ranch Lands Protection Program (FRPP), Montgomery, OH",NRCS - Admin State OH,Private,Natural Resources Conservation Service,"4",4 - no known mandate for biodiversity protection,324,XA,Closed,AGRE,Agricultural Easement,,PERM
"Farm and Ranch Lands Protection Program (FRPP), Montgomery, OH",NRCS - Admin State OH,Private,Natural Resources Conservation Service,"4",4 - no known mandate for biodiversity protection,73,XA,Closed,AGRE,Agricultural Easement,,UNK
"Farm and Ranch Lands Protection Program (FRPP), Montgomery, OH",NRCS - Admin State OH,Private,Natural Resources Conservation Service,"4",4 - no known mandate for biodiversity protection,73,XA,Closed,AGRE,Agricultural Easement,,UNK
"Farm and Ranch Lands Protection Program (FRPP), Montgomery, OH",NRCS - Admin State OH,Private,Natural Resources Conservation Service,"4",4 - no known mandate for biodiversity protection,88,XA,Closed,AGRE,Agricultural Easement,,UNK
"Farm and Ranch Lands Protection Program (FRPP), Montgomery, OH",NRCS - Admin State OH,Private,Natural Resources Conservation Service,"4",4 - no known mandate for biodiversity protection,60,XA,Closed,AGRE,Agricultural Easement,,UNK
"Farm and Ranch Lands Protection Program (FRPP), Montgomery, OH",NRCS - Admin State OH,Private,Natural Resources Conservation Service,"4",4 - no known mandate for biodiversity protection,289,XA,Closed,AGRE,Agricultural Easement,,UNK
"Farm and Ranch Lands Protection Program (FRPP), Ottawa, OH",NRCS - Admin State OH,Private,Natural Resources Conservation Service,"4",4 - no known mandate for biodiversity protection,169,XA,Closed,AGRE,Agricultural Easement,,UNK
"Farm and Ranch Lands Protection Program (FRPP), Portage, OH",NRCS - Admin State OH,Private,Natural Resources Conservation Service,"4",4 - no known mandate for biodiversity protection,108,XA,Closed,AGRE,Agricultural Easement,,PERM
"Farm and Ranch Lands Protection Program (FRPP), Portage, OH",NRCS - Admin State OH,Private,Natural Resources Conservation Service,"4",4 - no known mandate for biodiversity protection,163,XA,Closed,AGRE,Agricultural Easement,,PERM
"Farm and Ranch Lands Protection Program (FRPP), Portage, OH",NRCS - Admin State OH,Private,Natural Resources Conservation Service,"4",4 - no known mandate for biodiversity protection,108,XA,Closed,AGRE,Agricultural Easement,,PERM
"Farm and Ranch Lands Protection Program (FRPP), Portage, OH",NRCS - Admin State OH,Private,Natural Resources Conservation Service,"4",4 - no known mandate for biodiversity protection,51,XA,Closed,AGRE,Agricultural Easement,,PERM
"Farm and Ranch Lands Protection Program (FRPP), Portage, OH",NRCS - Admin State OH,Private,Natural Resources Conservation Service,"4",4 - no known mandate for biodiversity protection,217,XA,Closed,AGRE,Agricultural Easement,,PERM
"Farm and Ranch Lands Protection Program (FRPP), Preble, OH",NRCS - Admin State OH,Private,Natural Resources Conservation Service,"4",4 - no known mandate for biodiversity protection,362,XA,Closed,AGRE,Agricultural Easement,,PERM
"Farm and Ranch Lands Protection Program (FRPP), Preble, OH",NRCS - Admin State OH,Private,Natural Resources Conservation Service,"4",4 - no known mandate for biodiversity protection,81,XA,Closed,AGRE,Agricultural Easement,,PERM
"Farm and Ranch Lands Protection Program (FRPP), Preble, OH",NRCS - Admin State OH,Private,Natural Resources Conservation Service,"4",4 - no known mandate for biodiversity protection,159,XA,Closed,AGRE,Agricultural Easement,,PERM
"Farm and Ranch Lands Protection Program (FRPP), Preble, OH",NRCS - Admin State OH,Private,Natural Resources Conservation Service,"4",4 - no known mandate for biodiversity protection,395,XA,Closed,AGRE,Agricultural Easement,,PERM
"Farm and Ranch Lands Protection Program (FRPP), Preble, OH",NRCS - Admin State OH,Private,Natural Resources Conservation Service,"4",4 - no known mandate for biodiversity protection,465,XA,Closed,AGRE,Agricultural Easement,,PERM
"Farm and Ranch Lands Protection Program (FRPP), Preble, OH",NRCS - Admin State OH,Private,Natural Resources Conservation Service,"4",4 - no known mandate for biodiversity protection,211,XA,Closed,AGRE,Agricultural Easement,,PERM
"Farm and Ranch Lands Protection Program (FRPP), Preble, OH",NRCS - Admin State OH,Private,Natural Resources Conservation Service,"4",4 - no known mandate for biodiversity protection,526,XA,Closed,AGRE,Agricultural Easement,,PERM
"Farm and Ranch Lands Protection Program (FRPP), Preble, OH",NRCS - Admin State OH,Private,Natural Resources Conservation Service,"4",4 - no known mandate for biodiversity protection,91,XA,Closed,AGRE,Agricultural Easement,,PERM
"Farm and Ranch Lands Protection Program (FRPP), Preble, OH",NRCS - Admin State OH,Private,Natural Resources Conservation Service,"4",4 - no known mandate for biodiversity protection,58,XA,Closed,AGRE,Agricultural Easement,,PERM
"Farm and Ranch Lands Protection Program (FRPP), Preble, OH",NRCS - Admin State OH,Private,Natural Resources Conservation Service,"4",4 - no known mandate for biodiversity protection,59,XA,Closed,AGRE,Agricultural Easement,,PERM
"Farm and Ranch Lands Protection Program (FRPP), Preble, OH",NRCS - Admin State OH,Private,Natural Resources Conservation Service,"4",4 - no known mandate for biodiversity protection,73,XA,Closed,AGRE,Agricultural Easement,,PERM
"Farm and Ranch Lands Protection Program (FRPP), Preble, OH",NRCS - Admin State OH,Private,Natural Resources Conservation Service,"4",4 - no known mandate for biodiversity protection,80,XA,Closed,AGRE,Agricultural Easement,,PERM
"Farm and Ranch Lands Protection Program (FRPP), Preble, OH",NRCS - Admin State OH,Private,Natural Resources Conservation Service,"4",4 - no known mandate for biodiversity protection,63,XA,Closed,AGRE,Agricultural Easement,,PERM
"Farm and Ranch Lands Protection Program (FRPP), Preble, OH",NRCS - Admin State OH,Private,Natural Resources Conservation Service,"4",4 - no known mandate for biodiversity protection,170,XA,Closed,AGRE,Agricultural Easement,,PERM
"Farm and Ranch Lands Protection Program (FRPP), Preble, OH",NRCS - Admin State OH,Private,Natural Resources Conservation Service,"4",4 - no known mandate for biodiversity protection,118,XA,Closed,AGRE,Agricultural Easement,,PERM
"Farm and Ranch Lands Protection Program (FRPP), Preble, OH",NRCS - Admin State OH,Private,Natural Resources Conservation Service,"4",4 - no known mandate for biodiversity protection,81,XA,Closed,AGRE,Agricultural Easement,,UNK
"Farm and Ranch Lands Protection Program (FRPP), Preble, OH",NRCS - Admin State OH,Private,Natural Resources Conservation Service,"4",4 - no known mandate for biodiversity protection,133,XA,Closed,AGRE,Agricultural Easement,,UNK
"Farm and Ranch Lands Protection Program (FRPP), Preble, OH",NRCS - Admin State OH,Private,Natural Resources Conservation Service,"4",4 - no known mandate for biodiversity protection,145,XA,Closed,AGRE,Agricultural Easement,,PERM
"Farm and Ranch Lands Protection Program (FRPP), Preble, OH",NRCS - Admin State OH,Private,Natural Resources Conservation Service,"4",4 - no known mandate for biodiversity protection,229,XA,Closed,AGRE,Agricultural Easement,,PERM
"Farm and Ranch Lands Protection Program (FRPP), Preble, OH",NRCS - Admin State OH,Private,Natural Resources Conservation Service,"4",4 - no known mandate for biodiversity protection,74,XA,Closed,AGRE,Agricultural Easement,,UNK
"Farm and Ranch Lands Protection Program (FRPP), Preble, OH",NRCS - Admin State OH,Private,Natural Resources Conservation Service,"4",4 - no known mandate for biodiversity protection,168,XA,Closed,AGRE,Agricultural Easement,,UNK
"Farm and Ranch Lands Protection Program (FRPP), Preble, OH",NRCS - Admin State OH,Private,Natural Resources Conservation Service,"4",4 - no known mandate for biodiversity protection,40,XA,Closed,AGRE,Agricultural Easement,,UNK
"Farm and Ranch Lands Protection Program (FRPP), Preble, OH",NRCS - Admin State OH,Private,Natural Resources Conservation Service,"4",4 - no known mandate for biodiversity protection,79,XA,Closed,AGRE,Agricultural Easement,,UNK
"Farm and Ranch Lands Protection Program (FRPP), Preble, OH",NRCS - Admin State OH,Private,Natural Resources Conservation Service,"4",4 - no known mandate for biodiversity protection,82,XA,Closed,AGRE,Agricultural Easement,,UNK
"Farm and Ranch Lands Protection Program (FRPP), Preble, OH",NRCS - Admin State OH,Private,Natural Resources Conservation Service,"4",4 - no known mandate for biodiversity protection,82,XA,Closed,AGRE,Agricultural Easement,,UNK
"Farm and Ranch Lands Protection Program (FRPP), Richland, OH",NRCS - Admin State OH,Private,Natural Resources Conservation Service,"4",4 - no known mandate for biodiversity protection,154,XA,Closed,AGRE,Agricultural Easement,,UNK
"Farm and Ranch Lands Protection Program (FRPP), Sandusky, OH",NRCS - Admin State OH,Private,Natural Resources Conservation Service,"4",4 - no known mandate for biodiversity protection,201,XA,Closed,AGRE,Agricultural Easement,,PERM
"Farm and Ranch Lands Protection Program (FRPP), Sandusky, OH",NRCS - Admin State OH,Private,Natural Resources Conservation Service,"4",4 - no known mandate for biodiversity protection,601,XA,Closed,AGRE,Agricultural Easement,,UNK
"Farm and Ranch Lands Protection Program (FRPP), Sandusky, OH",NRCS - Admin State OH,Private,Natural Resources Conservation Service,"4",4 - no known mandate for biodiversity protection,84,XA,Closed,AGRE,Agricultural Easement,,UNK
"Farm and Ranch Lands Protection Program (FRPP), Sandusky, OH",NRCS - Admin State OH,Private,Natural Resources Conservation Service,"4",4 - no known mandate for biodiversity protection,111,XA,Closed,AGRE,Agricultural Easement,,UNK
"Farm and Ranch Lands Protection Program (FRPP), Sandusky, OH",NRCS - Admin State OH,Private,Natural Resources Conservation Service,"4",4 - no known mandate for biodiversity protection,148,XA,Closed,AGRE,Agricultural Easement,,UNK
"Farm and Ranch Lands Protection Program (FRPP), Sandusky, OH",NRCS - Admin State OH,Private,Natural Resources Conservation Service,"4",4 - no known mandate for biodiversity protection,172,XA,Closed,AGRE,Agricultural Easement,,UNK
"Farm and Ranch Lands Protection Program (FRPP), Sandusky, OH",NRCS - Admin State OH,Private,Natural Resources Conservation Service,"4",4 - no known mandate for biodiversity protection,306,XA,Closed,AGRE,Agricultural Easement,,UNK
"Farm and Ranch Lands Protection Program (FRPP), Sandusky, OH",NRCS - Admin State OH,Private,Natural Resources Conservation Service,"4",4 - no known mandate for biodiversity protection,118,XA,Closed,AGRE,Agricultural Easement,,UNK
"Farm and Ranch Lands Protection Program (FRPP), Sandusky, OH",NRCS - Admin State OH,Private,Natural Resources Conservation Service,"4",4 - no known mandate for biodiversity protection,155,XA,Closed,AGRE,Agricultural Easement,,UNK
"Farm and Ranch Lands Protection Program (FRPP), Seneca, OH",NRCS - Admin State OH,Private,Natural Resources Conservation Service,"4",4 - no known mandate for biodiversity protection,216,XA,Closed,AGRE,Agricultural Easement,,PERM
"Farm and Ranch Lands Protection Program (FRPP), Seneca, OH",NRCS - Admin State OH,Private,Natural Resources Conservation Service,"4",4 - no known mandate for biodiversity protection,247,XA,Closed,AGRE,Agricultural Easement,,PERM
"Farm and Ranch Lands Protection Program (FRPP), Seneca, OH",NRCS - Admin State OH,Private,Natural Resources Conservation Service,"4",4 - no known mandate for biodiversity protection,152,XA,Closed,AGRE,Agricultural Easement,,PERM
"Farm and Ranch Lands Protection Program (FRPP), Seneca, OH",NRCS - Admin State OH,Private,Natural Resources Conservation Service,"4",4 - no known mandate for biodiversity protection,119,XA,Closed,AGRE,Agricultural Easement,,UNK
"Farm and Ranch Lands Protection Program (FRPP), Seneca, OH",NRCS - Admin State OH,Private,Natural Resources Conservation Service,"4",4 - no known mandate for biodiversity protection,126,XA,Closed,AGRE,Agricultural Easement,,PERM
"Farm and Ranch Lands Protection Program (FRPP), Seneca, OH",NRCS - Admin State OH,Private,Natural Resources Conservation Service,"4",4 - no known mandate for biodiversity protection,165,XA,Closed,AGRE,Agricultural Easement,,PERM
"Farm and Ranch Lands Protection Program (FRPP), Seneca, OH",NRCS - Admin State OH,Private,Natural Resources Conservation Service,"4",4 - no known mandate for biodiversity protection,72,XA,Closed,AGRE,Agricultural Easement,,UNK
"Farm and Ranch Lands Protection Program (FRPP), Seneca, OH",NRCS - Admin State OH,Private,Natural Resources Conservation Service,"4",4 - no known mandate for biodiversity protection,81,XA,Closed,AGRE,Agricultural Easement,,UNK
"Farm and Ranch Lands Protection Program (FRPP), Seneca, OH",NRCS - Admin State OH,Private,Natural Resources Conservation Service,"4",4 - no known mandate for biodiversity protection,207,XA,Closed,AGRE,Agricultural Easement,,UNK
"Farm and Ranch Lands Protection Program (FRPP), Seneca, OH",NRCS - Admin State OH,Private,Natural Resources Conservation Service,"4",4 - no known mandate for biodiversity protection,259,XA,Closed,AGRE,Agricultural Easement,,UNK
"Farm and Ranch Lands Protection Program (FRPP), Seneca, OH",NRCS - Admin State OH,Private,Natural Resources Conservation Service,"4",4 - no known mandate for biodiversity protection,546,XA,Closed,AGRE,Agricultural Easement,,UNK
"Farm and Ranch Lands Protection Program (FRPP), Warren, OH",NRCS - Admin State OH,Private,Natural Resources Conservation Service,"4",4 - no known mandate for biodiversity protection,431,XA,Closed,AGRE,Agricultural Easement,,PERM
"Farm and Ranch Lands Protection Program (FRPP), Warren, OH",NRCS - Admin State OH,Private,Natural Resources Conservation Service,"4",4 - no known mandate for biodiversity protection,45,XA,Closed,AGRE,Agricultural Easement,,UNK
"Farm and Ranch Lands Protection Program (FRPP), Wayne, OH",NRCS - Admin State OH,Private,Natural Resources Conservation Service,"4",4 - no known mandate for biodiversity protection,132,XA,Closed,AGRE,Agricultural Easement,,PERM
"Farm and Ranch Lands Protection Program (FRPP), Wayne, OH",NRCS - Admin State OH,Private,Natural Resources Conservation Service,"4",4 - no known mandate for biodiversity protection,133,XA,Closed,AGRE,Agricultural Easement,,PERM
"Farm and Ranch Lands Protection Program (FRPP), Wayne, OH",NRCS - Admin State OH,Private,Natural Resources Conservation Service,"4",4 - no known mandate for biodiversity protection,75,XA,Closed,AGRE,Agricultural Easement,,PERM
"Farm and Ranch Lands Protection Program (FRPP), Wayne, OH",NRCS - Admin State OH,Private,Natural Resources Conservation Service,"4",4 - no known mandate for biodiversity protection,143,XA,Closed,AGRE,Agricultural Easement,,PERM
"Farm and Ranch Lands Protection Program (FRPP), Wayne, OH",NRCS - Admin State OH,Private,Natural Resources Conservation Service,"4",4 - no known mandate for biodiversity protection,78,XA,Closed,AGRE,Agricultural Easement,,PERM
"Farm and Ranch Lands Protection Program (FRPP), Wayne, OH",NRCS - Admin State OH,Private,Natural Resources Conservation Service,"4",4 - no known mandate for biodiversity protection,160,XA,Closed,AGRE,Agricultural Easement,,PERM
"Agricultural Conservation Easement Program - Wetland Reserve Easements (ACEP-WRE), Ashland, OH",NRCS - Admin State OH,Private,Natural Resources Conservation Service,"2",2 - managed for biodiversity - disturbance events suppressed,38,XA,Closed,CONE,Conservation Easement,,PERM
"Agricultural Conservation Easement Program - Wetland Reserve Easements (ACEP-WRE), Ashtabula, OH",NRCS - Admin State OH,Private,Natural Resources Conservation Service,"2",2 - managed for biodiversity - disturbance events suppressed,53,XA,Closed,CONE,Conservation Easement,,PERM
"Agricultural Conservation Easement Program - Wetland Reserve Easements (ACEP-WRE), Ashtabula, OH",NRCS - Admin State OH,Private,Natural Resources Conservation Service,"2",2 - managed for biodiversity - disturbance events suppressed,98,XA,Closed,CONE,Conservation Easement,,PERM
"Agricultural Conservation Easement Program - Wetland Reserve Easements (ACEP-WRE), Champaign, OH",NRCS - Admin State OH,Private,Natural Resources Conservation Service,"2",2 - managed for biodiversity - disturbance events suppressed,15,XA,Closed,CONE,Conservation Easement,,PERM
"Agricultural Conservation Easement Program - Wetland Reserve Easements (ACEP-WRE), Clark, OH",NRCS - Admin State OH,Private,Natural Resources Conservation Service,"2",2 - managed for biodiversity - disturbance events suppressed,10,XA,Closed,CONE,Conservation Easement,,PERM
"Agricultural Conservation Easement Program - Wetland Reserve Easements (ACEP-WRE), Clinton, OH",NRCS - Admin State OH,Private,Natural Resources Conservation Service,"2",2 - managed for biodiversity - disturbance events suppressed,121,XA,Closed,CONE,Conservation Easement,,PERM
"Agricultural Conservation Easement Program - Wetland Reserve Easements (ACEP-WRE), Clinton, OH",NRCS - Admin State OH,Private,Natural Resources Conservation Service,"2",2 - managed for biodiversity - disturbance events suppressed,27,XA,Closed,CONE,Conservation Easement,,PERM
"Agricultural Conservation Easement Program - Wetland Reserve Easements (ACEP-WRE), Darke, OH",NRCS - Admin State OH,Private,Natural Resources Conservation Service,"2",2 - managed for biodiversity - disturbance events suppressed,9,XA,Closed,CONE,Conservation Easement,,PERM
"Agricultural Conservation Easement Program - Wetland Reserve Easements (ACEP-WRE), Darke, OH",NRCS - Admin State OH,Private,Natural Resources Conservation Service,"2",2 - managed for biodiversity - disturbance events suppressed,66,XA,Closed,CONE,Conservation Easement,,PERM
"Agricultural Conservation Easement Program - Wetland Reserve Easements (ACEP-WRE), Darke, OH",NRCS - Admin State OH,Private,Natural Resources Conservation Service,"2",2 - managed for biodiversity - disturbance events suppressed,16,XA,Closed,CONE,Conservation Easement,,PERM
"Agricultural Conservation Easement Program - Wetland Reserve Easements (ACEP-WRE), Erie, OH",NRCS - Admin State OH,Private,Natural Resources Conservation Service,"2",2 - managed for biodiversity - disturbance events suppressed,205,XA,Closed,CONE,Conservation Easement,,PERM
"Agricultural Conservation Easement Program - Wetland Reserve Easements (ACEP-WRE), Erie, OH",NRCS - Admin State OH,Private,Natural Resources Conservation Service,"2",2 - managed for biodiversity - disturbance events suppressed,191,XA,Closed,CONE,Conservation Easement,,PERM
"Agricultural Conservation Easement Program - Wetland Reserve Easements (ACEP-WRE), Fayette, OH",NRCS - Admin State OH,Private,Natural Resources Conservation Service,"2",2 - managed for biodiversity - disturbance events suppressed,18,XA,Closed,CONE,Conservation Easement,,PERM
"Agricultural Conservation Easement Program - Wetland Reserve Easements (ACEP-WRE), Fayette, OH",NRCS - Admin State OH,Private,Natural Resources Conservation Service,"2",2 - managed for biodiversity - disturbance events suppressed,22,XA,Closed,CONE,Conservation Easement,,PERM
"Agricultural Conservation Easement Program - Wetland Reserve Easements (ACEP-WRE), Greene, OH",NRCS - Admin State OH,Private,Natural Resources Conservation Service,"2",2 - managed for biodiversity - disturbance events suppressed,29,XA,Closed,CONE,Conservation Easement,,PERM
"Agricultural Conservation Easement Program - Wetland Reserve Easements (ACEP-WRE), Hardin, OH",NRCS - Admin State OH,Private,Natural Resources Conservation Service,"2",2 - managed for biodiversity - disturbance events suppressed,213,XA,Closed,CONE,Conservation Easement,,PERM
"Agricultural Conservation Easement Program - Wetland Reserve Easements (ACEP-WRE), Hardin, OH",NRCS - Admin State OH,Private,Natural Resources Conservation Service,"2",2 - managed for biodiversity - disturbance events suppressed,36,XA,Closed,CONE,Conservation Easement,,PERM
"Agricultural Conservation Easement Program - Wetland Reserve Easements (ACEP-WRE), Logan, OH",NRCS - Admin State OH,Private,Natural Resources Conservation Service,"2",2 - managed for biodiversity - disturbance events suppressed,13,XA,Closed,CONE,Conservation Easement,,PERM
"Agricultural Conservation Easement Program - Wetland Reserve Easements (ACEP-WRE), Logan, OH",NRCS - Admin State OH,Private,Natural Resources Conservation Service,"2",2 - managed for biodiversity - disturbance events suppressed,25,XA,Closed,CONE,Conservation Easement,,PERM
"Agricultural Conservation Easement Program - Wetland Reserve Easements (ACEP-WRE), Logan, OH",NRCS - Admin State OH,Private,Natural Resources Conservation Service,"2",2 - managed for biodiversity - disturbance events suppressed,42,XA,Closed,CONE,Conservation Easement,,PERM
"Agricultural Conservation Easement Program - Wetland Reserve Easements (ACEP-WRE), Logan, OH",NRCS - Admin State OH,Private,Natural Resources Conservation Service,"2",2 - managed for biodiversity - disturbance events suppressed,3,XA,Closed,CONE,Conservation Easement,,PERM
"Agricultural Conservation Easement Program - Wetland Reserve Easements (ACEP-WRE), Logan, OH",NRCS - Admin State OH,Private,Natural Resources Conservation Service,"2",2 - managed for biodiversity - disturbance events suppressed,33,XA,Closed,CONE,Conservation Easement,,UNK
"Agricultural Conservation Easement Program - Wetland Reserve Easements (ACEP-WRE), Logan, OH",NRCS - Admin State OH,Private,Natural Resources Conservation Service,"2",2 - managed for biodiversity - disturbance events suppressed,35,XA,Closed,CONE,Conservation Easement,,PERM
"Agricultural Conservation Easement Program - Wetland Reserve Easements (ACEP-WRE), Logan, OH",NRCS - Admin State OH,Private,Natural Resources Conservation Service,"2",2 - managed for biodiversity - disturbance events suppressed,52,XA,Closed,CONE,Conservation Easement,,PERM
"Agricultural Conservation Easement Program - Wetland Reserve Easements (ACEP-WRE), Logan, OH",NRCS - Admin State OH,Private,Natural Resources Conservation Service,"2",2 - managed for biodiversity - disturbance events suppressed,68,XA,Closed,CONE,Conservation Easement,,PERM
"Agricultural Conservation Easement Program - Wetland Reserve Easements (ACEP-WRE), Logan, OH",NRCS - Admin State OH,Private,Natural Resources Conservation Service,"2",2 - managed for biodiversity - disturbance events suppressed,97,XA,Closed,CONE,Conservation Easement,,PERM
"Agricultural Conservation Easement Program - Wetland Reserve Easements (ACEP-WRE), Marion, OH",NRCS - Admin State OH,Private,Natural Resources Conservation Service,"2",2 - managed for biodiversity - disturbance events suppressed,68,XA,Closed,CONE,Conservation Easement,,UNK
"Agricultural Conservation Easement Program - Wetland Reserve Easements (ACEP-WRE), Marion, OH",NRCS - Admin State OH,Private,Natural Resources Conservation Service,"2",2 - managed for biodiversity - disturbance events suppressed,109,XA,Closed,CONE,Conservation Easement,,PERM
"Agricultural Conservation Easement Program - Wetland Reserve Easements (ACEP-WRE), Marion, OH",NRCS - Admin State OH,Private,Natural Resources Conservation Service,"2",2 - managed for biodiversity - disturbance events suppressed,28,XA,Closed,CONE,Conservation Easement,,PERM
"Agricultural Conservation Easement Program - Wetland Reserve Easements (ACEP-WRE), Morrow, OH",NRCS - Admin State OH,Private,Natural Resources Conservation Service,"2",2 - managed for biodiversity - disturbance events suppressed,44,XA,Closed,CONE,Conservation Easement,,PERM
"Agricultural Conservation Easement Program - Wetland Reserve Easements (ACEP-WRE), Ottawa, OH",NRCS - Admin State OH,Private,Natural Resources Conservation Service,"2",2 - managed for biodiversity - disturbance events suppressed,57,XA,Closed,CONE,Conservation Easement,,PERM
"Agricultural Conservation Easement Program - Wetland Reserve Easements (ACEP-WRE), Ottawa, OH",NRCS - Admin State OH,Private,Natural Resources Conservation Service,"2",2 - managed for biodiversity - disturbance events suppressed,15,XA,Closed,CONE,Conservation Easement,,PERM
"Agricultural Conservation Easement Program - Wetland Reserve Easements (ACEP-WRE), Ottawa, OH",NRCS - Admin State OH,Private,Natural Resources Conservation Service,"2",2 - managed for biodiversity - disturbance events suppressed,25,XA,Closed,CONE,Conservation Easement,,PERM
"Agricultural Conservation Easement Program - Wetland Reserve Easements (ACEP-WRE), Ottawa, OH",NRCS - Admin State OH,Private,Natural Resources Conservation Service,"2",2 - managed for biodiversity - disturbance events suppressed,953,XA,Closed,CONE,Conservation Easement,,PERM
"Agricultural Conservation Easement Program - Wetland Reserve Easements (ACEP-WRE), Paulding, OH",NRCS - Admin State OH,Private,Natural Resources Conservation Service,"2",2 - managed for biodiversity - disturbance events suppressed,20,XA,Closed,CONE,Conservation Easement,,UNK
"Agricultural Conservation Easement Program - Wetland Reserve Easements (ACEP-WRE), Perry, OH",NRCS - Admin State OH,Private,Natural Resources Conservation Service,"2",2 - managed for biodiversity - disturbance events suppressed,93,XA,Closed,CONE,Conservation Easement,,PERM
"Agricultural Conservation Easement Program - Wetland Reserve Easements (ACEP-WRE), Preble, OH",NRCS - Admin State OH,Private,Natural Resources Conservation Service,"2",2 - managed for biodiversity - disturbance events suppressed,76,XA,Closed,CONE,Conservation Easement,,PERM
"Agricultural Conservation Easement Program - Wetland Reserve Easements (ACEP-WRE), Putnam, OH",NRCS - Admin State OH,Private,Natural Resources Conservation Service,"2",2 - managed for biodiversity - disturbance events suppressed,78,XA,Closed,CONE,Conservation Easement,,PERM
"Agricultural Conservation Easement Program - Wetland Reserve Easements (ACEP-WRE), Putnam, OH",NRCS - Admin State OH,Private,Natural Resources Conservation Service,"2",2 - managed for biodiversity - disturbance events suppressed,17,XA,Closed,CONE,Conservation Easement,,PERM
"Agricultural Conservation Easement Program - Wetland Reserve Easements (ACEP-WRE), Putnam, OH",NRCS - Admin State OH,Private,Natural Resources Conservation Service,"2",2 - managed for biodiversity - disturbance events suppressed,100,XA,Closed,CONE,Conservation Easement,,PERM
"Agricultural Conservation Easement Program - Wetland Reserve Easements (ACEP-WRE), Ross, OH",NRCS - Admin State OH,Private,Natural Resources Conservation Service,"2",2 - managed for biodiversity - disturbance events suppressed,17,XA,Closed,CONE,Conservation Easement,,PERM
"Agricultural Conservation Easement Program - Wetland Reserve Easements (ACEP-WRE), Sandusky, OH",NRCS - Admin State OH,Private,Natural Resources Conservation Service,"2",2 - managed for biodiversity - disturbance events suppressed,19,XA,Closed,CONE,Conservation Easement,,PERM
"Agricultural Conservation Easement Program - Wetland Reserve Easements (ACEP-WRE), Sandusky, OH",NRCS - Admin State OH,Private,Natural Resources Conservation Service,"2",2 - managed for biodiversity - disturbance events suppressed,66,XA,Closed,CONE,Conservation Easement,,PERM
"Agricultural Conservation Easement Program - Wetland Reserve Easements (ACEP-WRE), Union, OH",NRCS - Admin State OH,Private,Natural Resources Conservation Service,"2",2 - managed for biodiversity - disturbance events suppressed,19,XA,Closed,CONE,Conservation Easement,,PERM
"Agricultural Conservation Easement Program - Wetland Reserve Easements (ACEP-WRE), Union, OH",NRCS - Admin State OH,Private,Natural Resources Conservation Service,"2",2 - managed for biodiversity - disturbance events suppressed,21,XA,Closed,CONE,Conservation Easement,,UNK
"Agricultural Conservation Easement Program - Wetland Reserve Easements (ACEP-WRE), Warren, OH",NRCS - Admin State OH,Private,Natural Resources Conservation Service,"2",2 - managed for biodiversity - disturbance events suppressed,59,XA,Closed,CONE,Conservation Easement,,PERM
"Agricultural Conservation Easement Program - Wetland Reserve Easements (ACEP-WRE), Williams, OH",NRCS - Admin State OH,Private,Natural Resources Conservation Service,"2",2 - managed for biodiversity - disturbance events suppressed,18,XA,Closed,CONE,Conservation Easement,,PERM
"Agricultural Conservation Easement Program - Wetland Reserve Easements (ACEP-WRE), Williams, OH",NRCS - Admin State OH,Private,Natural Resources Conservation Service,"2",2 - managed for biodiversity - disturbance events suppressed,39,XA,Closed,CONE,Conservation Easement,,PERM
"Emergency Watershed Protection Program - Floodplain Easement (EWPP-FPE), Coshocton, OH",NRCS - Admin State OH,Private,Natural Resources Conservation Service,"2",2 - managed for biodiversity - disturbance events suppressed,64,XA,Closed,CONE,Conservation Easement,,PERM
"Emergency Watershed Protection Program - Floodplain Easement (EWPP-FPE), Fulton, OH",NRCS - Admin State OH,Private,Natural Resources Conservation Service,"2",2 - managed for biodiversity - disturbance events suppressed,65,XA,Closed,CONE,Conservation Easement,,PERM
"Emergency Watershed Protection Program - Floodplain Easement (EWPP-FPE), Fulton, OH",NRCS - Admin State OH,Private,Natural Resources Conservation Service,"2",2 - managed for biodiversity - disturbance events suppressed,2,XA,Closed,CONE,Conservation Easement,,PERM
"Emergency Watershed Protection Program - Floodplain Easement (EWPP-FPE), Fulton, OH",NRCS - Admin State OH,Private,Natural Resources Conservation Service,"2",2 - managed for biodiversity - disturbance events suppressed,13,XA,Closed,CONE,Conservation Easement,,PERM
"Emergency Watershed Protection Program - Floodplain Easement (EWPP-FPE), Fulton, OH",NRCS - Admin State OH,Private,Natural Resources Conservation Service,"2",2 - managed for biodiversity - disturbance events suppressed,25,XA,Closed,CONE,Conservation Easement,,PERM
"Emergency Watershed Protection Program - Floodplain Easement (EWPP-FPE), Guernsey, OH",NRCS - Admin State OH,Private,Natural Resources Conservation Service,"2",2 - managed for biodiversity - disturbance events suppressed,64,XA,Closed,CONE,Conservation Easement,,PERM
"Emergency Watershed Protection Program - Floodplain Easement (EWPP-FPE), Hamilton, OH",NRCS - Admin State OH,Private,Natural Resources Conservation Service,"2",2 - managed for biodiversity - disturbance events suppressed,232,XA,Closed,CONE,Conservation Easement,,PERM
"Emergency Watershed Protection Program - Floodplain Easement (EWPP-FPE), Hancock, OH",NRCS - Admin State OH,Private,Natural Resources Conservation Service,"2",2 - managed for biodiversity - disturbance events suppressed,31,XA,Closed,CONE,Conservation Easement,,PERM
"Emergency Watershed Protection Program - Floodplain Easement (EWPP-FPE), Holmes, OH",NRCS - Admin State OH,Private,Natural Resources Conservation Service,"2",2 - managed for biodiversity - disturbance events suppressed,43,XA,Closed,CONE,Conservation Easement,,PERM
"Emergency Watershed Protection Program - Floodplain Easement (EWPP-FPE), Lake, OH",NRCS - Admin State OH,Private,Natural Resources Conservation Service,"2",2 - managed for biodiversity - disturbance events suppressed,0,XA,Closed,CONE,Conservation Easement,,PERM
"Emergency Watershed Protection Program - Floodplain Easement (EWPP-FPE), Lake, OH",NRCS - Admin State OH,Private,Natural Resources Conservation Service,"2",2 - managed for biodiversity - disturbance events suppressed,0,XA,Closed,CONE,Conservation Easement,,PERM
"Emergency Watershed Protection Program - Floodplain Easement (EWPP-FPE), Lake, OH",NRCS - Admin State OH,Private,Natural Resources Conservation Service,"2",2 - managed for biodiversity - disturbance events suppressed,0,XA,Closed,CONE,Conservation Easement,,PERM
"Emergency Watershed Protection Program - Floodplain Easement (EWPP-FPE), Lake, OH",NRCS - Admin State OH,Private,Natural Resources Conservation Service,"2",2 - managed for biodiversity - disturbance events suppressed,0,XA,Closed,CONE,Conservation Easement,,PERM
"Emergency Watershed Protection Program - Floodplain Easement (EWPP-FPE), Lake, OH",NRCS - Admin State OH,Private,Natural Resources Conservation Service,"2",2 - managed for biodiversity - disturbance events suppressed,0,XA,Closed,CONE,Conservation Easement,,PERM
"Emergency Watershed Protection Program - Floodplain Easement (EWPP-FPE), Lake, OH",NRCS - Admin State OH,Private,Natural Resources Conservation Service,"2",2 - managed for biodiversity - disturbance events suppressed,0,XA,Closed,CONE,Conservation Easement,,PERM
"Emergency Watershed Protection Program - Floodplain Easement (EWPP-FPE), Lucas, OH",NRCS - Admin State OH,Private,Natural Resources Conservation Service,"2",2 - managed for biodiversity - disturbance events suppressed,83,XA,Closed,CONE,Conservation Easement,,PERM
"Emergency Watershed Protection Program - Floodplain Easement (EWPP-FPE), Mercer, OH",NRCS - Admin State OH,Private,Natural Resources Conservation Service,"2",2 - managed for biodiversity - disturbance events suppressed,52,XA,Closed,CONE,Conservation Easement,,PERM
"Emergency Watershed Protection Program - Floodplain Easement (EWPP-FPE), Mercer, OH",NRCS - Admin State OH,Private,Natural Resources Conservation Service,"2",2 - managed for biodiversity - disturbance events suppressed,84,XA,Closed,CONE,Conservation Easement,,PERM
"Emergency Watershed Protection Program - Floodplain Easement (EWPP-FPE), Miami, OH",NRCS - Admin State OH,Private,Natural Resources Conservation Service,"2",2 - managed for biodiversity - disturbance events suppressed,81,XA,Closed,CONE,Conservation Easement,,PERM
"Emergency Watershed Protection Program - Floodplain Easement (EWPP-FPE), Ottawa, OH",NRCS - Admin State OH,Private,Natural Resources Conservation Service,"2",2 - managed for biodiversity - disturbance events suppressed,6,XA,Closed,CONE,Conservation Easement,,PERM
"Emergency Watershed Protection Program - Floodplain Easement (EWPP-FPE), Pike, OH",NRCS - Admin State OH,Private,Natural Resources Conservation Service,"2",2 - managed for biodiversity - disturbance events suppressed,448,XA,Closed,CONE,Conservation Easement,,PERM
"Emergency Watershed Protection Program - Floodplain Easement (EWPP-FPE), Putnam, OH",NRCS - Admin State OH,Private,Natural Resources Conservation Service,"2",2 - managed for biodiversity - disturbance events suppressed,10,XA,Closed,CONE,Conservation Easement,,PERM
"Emergency Watershed Protection Program - Floodplain Easement (EWPP-FPE), Putnam, OH",NRCS - Admin State OH,Private,Natural Resources Conservation Service,"2",2 - managed for biodiversity - disturbance events suppressed,48,XA,Closed,CONE,Conservation Easement,,PERM
"Emergency Watershed Protection Program - Floodplain Easement (EWPP-FPE), Putnam, OH",NRCS - Admin State OH,Private,Natural Resources Conservation Service,"2",2 - managed for biodiversity - disturbance events suppressed,13,XA,Closed,CONE,Conservation Easement,,PERM
"Emergency Watershed Protection Program - Floodplain Easement (EWPP-FPE), Sandusky, OH",NRCS - Admin State OH,Private,Natural Resources Conservation Service,"2",2 - managed for biodiversity - disturbance events suppressed,29,XA,Closed,CONE,Conservation Easement,,PERM
"Emergency Watershed Protection Program - Floodplain Easement (EWPP-FPE), Sandusky, OH",NRCS - Admin State OH,Private,Natural Resources Conservation Service,"2",2 - managed for biodiversity - disturbance events suppressed,44,XA,Closed,CONE,Conservation Easement,,PERM
"Emergency Watershed Protection Program - Floodplain Easement (EWPP-FPE), Williams, OH",NRCS - Admin State OH,Private,Natural Resources Conservation Service,"2",2 - managed for biodiversity - disturbance events suppressed,121,XA,Closed,CONE,Conservation Easement,,PERM
"Grassland Reserve Program (GRP), Adams, OH",NRCS - Admin State OH,Private,Natural Resources Conservation Service,"2",2 - managed for biodiversity - disturbance events suppressed,127,XA,Closed,CONE,Conservation Easement,,PERM
"Grassland Reserve Program (GRP), Brown, OH",NRCS - Admin State OH,Private,Natural Resources Conservation Service,"2",2 - managed for biodiversity - disturbance events suppressed,46,XA,Closed,CONE,Conservation Easement,,PERM
"Grassland Reserve Program (GRP), Carroll, OH",NRCS - Admin State OH,Private,Natural Resources Conservation Service,"2",2 - managed for biodiversity - disturbance events suppressed,49,XA,Closed,CONE,Conservation Easement,,PERM
"Grassland Reserve Program (GRP), Carroll, OH",NRCS - Admin State OH,Private,Natural Resources Conservation Service,"2",2 - managed for biodiversity - disturbance events suppressed,192,XA,Closed,CONE,Conservation Easement,,PERM
"Grassland Reserve Program (GRP), Clermont, OH",NRCS - Admin State OH,Private,Natural Resources Conservation Service,"2",2 - managed for biodiversity - disturbance events suppressed,24,XA,Closed,CONE,Conservation Easement,,PERM
"Grassland Reserve Program (GRP), Clermont, OH",NRCS - Admin State OH,Private,Natural Resources Conservation Service,"2",2 - managed for biodiversity - disturbance events suppressed,188,XA,Closed,CONE,Conservation Easement,,PERM
"Grassland Reserve Program (GRP), Clermont, OH",NRCS - Admin State OH,Private,Natural Resources Conservation Service,"2",2 - managed for biodiversity - disturbance events suppressed,42,XA,Closed,CONE,Conservation Easement,,PERM
"Grassland Reserve Program (GRP), Columbiana, OH",NRCS - Admin State OH,Private,Natural Resources Conservation Service,"2",2 - managed for biodiversity - disturbance events suppressed,41,XA,Closed,CONE,Conservation Easement,,PERM
"Grassland Reserve Program (GRP), Fairfield, OH",NRCS - Admin State OH,Private,Natural Resources Conservation Service,"2",2 - managed for biodiversity - disturbance events suppressed,90,XA,Closed,CONE,Conservation Easement,,PERM
"Grassland Reserve Program (GRP), Fairfield, OH",NRCS - Admin State OH,Private,Natural Resources Conservation Service,"2",2 - managed for biodiversity - disturbance events suppressed,26,XA,Closed,CONE,Conservation Easement,,PERM
"Grassland Reserve Program (GRP), Fairfield, OH",NRCS - Admin State OH,Private,Natural Resources Conservation Service,"2",2 - managed for biodiversity - disturbance events suppressed,106,XA,Closed,CONE,Conservation Easement,,PERM
"Grassland Reserve Program (GRP), Lorain, OH",NRCS - Admin State OH,Private,Natural Resources Conservation Service,"2",2 - managed for biodiversity - disturbance events suppressed,89,XA,Closed,CONE,Conservation Easement,,TEMP
"Grassland Reserve Program (GRP), Madison, OH",NRCS - Admin State OH,Private,Natural Resources Conservation Service,"2",2 - managed for biodiversity - disturbance events suppressed,37,XA,Closed,CONE,Conservation Easement,,PERM
"Grassland Reserve Program (GRP), Portage, OH",NRCS - Admin State OH,Private,Natural Resources Conservation Service,"2",2 - managed for biodiversity - disturbance events suppressed,91,XA,Closed,CONE,Conservation Easement,,TEMP
"Grassland Reserve Program (GRP), Ross, OH",NRCS - Admin State OH,Private,Natural Resources Conservation Service,"2",2 - managed for biodiversity - disturbance events suppressed,353,XA,Closed,CONE,Conservation Easement,,PERM
"Wetlands Reserve Program (WRP), Allen, OH",NRCS - Admin State OH,Private,Natural Resources Conservation Service,"2",2 - managed for biodiversity - disturbance events suppressed,63,XA,Closed,CONE,Conservation Easement,,PERM
"Wetlands Reserve Program (WRP), Ashland, OH",NRCS - Admin State OH,Private,Natural Resources Conservation Service,"2",2 - managed for biodiversity - disturbance events suppressed,82,XA,Closed,CONE,Conservation Easement,,PERM
"Wetlands Reserve Program (WRP), Ashland, OH",NRCS - Admin State OH,Private,Natural Resources Conservation Service,"2",2 - managed for biodiversity - disturbance events suppressed,52,XA,Closed,CONE,Conservation Easement,,PERM
"Wetlands Reserve Program (WRP), Ashland, OH",NRCS - Admin State OH,Private,Natural Resources Conservation Service,"2",2 - managed for biodiversity - disturbance events suppressed,5,XA,Closed,CONE,Conservation Easement,,PERM
"Wetlands Reserve Program (WRP), Ashland, OH",NRCS - Admin State OH,Private,Natural Resources Conservation Service,"2",2 - managed for biodiversity - disturbance events suppressed,38,XA,Closed,CONE,Conservation Easement,,PERM
"Wetlands Reserve Program (WRP), Ashtabula, OH",NRCS - Admin State OH,Private,Natural Resources Conservation Service,"2",2 - managed for biodiversity - disturbance events suppressed,77,XA,Closed,CONE,Conservation Easement,,PERM
"Wetlands Reserve Program (WRP), Ashtabula, OH",NRCS - Admin State OH,Private,Natural Resources Conservation Service,"2",2 - managed for biodiversity - disturbance events suppressed,20,XA,Closed,CONE,Conservation Easement,,PERM
"Wetlands Reserve Program (WRP), Ashtabula, OH",NRCS - Admin State OH,Private,Natural Resources Conservation Service,"2",2 - managed for biodiversity - disturbance events suppressed,56,XA,Closed,CONE,Conservation Easement,,PERM
"Wetlands Reserve Program (WRP), Ashtabula, OH",NRCS - Admin State OH,Private,Natural Resources Conservation Service,"2",2 - managed for biodiversity - disturbance events suppressed,56,XA,Closed,CONE,Conservation Easement,,TEMP
"Wetlands Reserve Program (WRP), Ashtabula, OH",NRCS - Admin State OH,Private,Natural Resources Conservation Service,"2",2 - managed for biodiversity - disturbance events suppressed,223,XA,Closed,CONE,Conservation Easement,,PERM
"Wetlands Reserve Program (WRP), Ashtabula, OH",NRCS - Admin State OH,Private,Natural Resources Conservation Service,"2",2 - managed for biodiversity - disturbance events suppressed,24,XA,Closed,CONE,Conservation Easement,,PERM
"Wetlands Reserve Program (WRP), Ashtabula, OH",NRCS - Admin State OH,Private,Natural Resources Conservation Service,"2",2 - managed for biodiversity - disturbance events suppressed,8,XA,Closed,CONE,Conservation Easement,,PERM
"Wetlands Reserve Program (WRP), Ashtabula, OH",NRCS - Admin State OH,Private,Natural Resources Conservation Service,"2",2 - managed for biodiversity - disturbance events suppressed,21,XA,Closed,CONE,Conservation Easement,,PERM
"Wetlands Reserve Program (WRP), Ashtabula, OH",NRCS - Admin State OH,Private,Natural Resources Conservation Service,"2",2 - managed for biodiversity - disturbance events suppressed,34,XA,Closed,CONE,Conservation Easement,,PERM
"Wetlands Reserve Program (WRP), Ashtabula, OH",NRCS - Admin State OH,Private,Natural Resources Conservation Service,"2",2 - managed for biodiversity - disturbance events suppressed,20,XA,Closed,CONE,Conservation Easement,,PERM
"Wetlands Reserve Program (WRP), Ashtabula, OH",NRCS - Admin State OH,Private,Natural Resources Conservation Service,"2",2 - managed for biodiversity - disturbance events suppressed,16,XA,Closed,CONE,Conservation Easement,,PERM
"Wetlands Reserve Program (WRP), Ashtabula, OH",NRCS - Admin State OH,Private,Natural Resources Conservation Service,"2",2 - managed for biodiversity - disturbance events suppressed,17,XA,Closed,CONE,Conservation Easement,,PERM
"Wetlands Reserve Program (WRP), Ashtabula, OH",NRCS - Admin State OH,Private,Natural Resources Conservation Service,"2",2 - managed for biodiversity - disturbance events suppressed,27,XA,Closed,CONE,Conservation Easement,,PERM
"Wetlands Reserve Program (WRP), Ashtabula, OH",NRCS - Admin State OH,Private,Natural Resources Conservation Service,"2",2 - managed for biodiversity - disturbance events suppressed,35,XA,Closed,CONE,Conservation Easement,,PERM
"Wetlands Reserve Program (WRP), Ashtabula, OH",NRCS - Admin State OH,Private,Natural Resources Conservation Service,"2",2 - managed for biodiversity - disturbance events suppressed,37,XA,Closed,CONE,Conservation Easement,,PERM
"Wetlands Reserve Program (WRP), Ashtabula, OH",NRCS - Admin State OH,Private,Natural Resources Conservation Service,"2",2 - managed for biodiversity - disturbance events suppressed,12,XA,Closed,CONE,Conservation Easement,,PERM
"Wetlands Reserve Program (WRP), Ashtabula, OH",NRCS - Admin State OH,Private,Natural Resources Conservation Service,"2",2 - managed for biodiversity - disturbance events suppressed,67,XA,Closed,CONE,Conservation Easement,,PERM
"Wetlands Reserve Program (WRP), Belmont, OH",NRCS - Admin State OH,Private,Natural Resources Conservation Service,"2",2 - managed for biodiversity - disturbance events suppressed,38,XA,Closed,CONE,Conservation Easement,,TEMP
"Wetlands Reserve Program (WRP), Brown, OH",NRCS - Admin State OH,Private,Natural Resources Conservation Service,"2",2 - managed for biodiversity - disturbance events suppressed,49,XA,Closed,CONE,Conservation Easement,,PERM
"Wetlands Reserve Program (WRP), Brown, OH",NRCS - Admin State OH,Private,Natural Resources Conservation Service,"2",2 - managed for biodiversity - disturbance events suppressed,36,XA,Closed,CONE,Conservation Easement,,PERM
"Wetlands Reserve Program (WRP), Brown, OH",NRCS - Admin State OH,Private,Natural Resources Conservation Service,"2",2 - managed for biodiversity - disturbance events suppressed,11,XA,Closed,CONE,Conservation Easement,,PERM
"Wetlands Reserve Program (WRP), Carroll, OH",NRCS - Admin State OH,Private,Natural Resources Conservation Service,"2",2 - managed for biodiversity - disturbance events suppressed,77,XA,Closed,CONE,Conservation Easement,,PERM
"Wetlands Reserve Program (WRP), Carroll, OH",NRCS - Admin State OH,Private,Natural Resources Conservation Service,"2",2 - managed for biodiversity - disturbance events suppressed,94,XA,Closed,CONE,Conservation Easement,,PERM
"Wetlands Reserve Program (WRP), Champaign, OH",NRCS - Admin State OH,Private,Natural Resources Conservation Service,"2",2 - managed for biodiversity - disturbance events suppressed,48,XA,Closed,CONE,Conservation Easement,,TEMP
"Wetlands Reserve Program (WRP), Champaign, OH",NRCS - Admin State OH,Private,Natural Resources Conservation Service,"2",2 - managed for biodiversity - disturbance events suppressed,131,XA,Closed,CONE,Conservation Easement,,TEMP
"Wetlands Reserve Program (WRP), Champaign, OH",NRCS - Admin State OH,Private,Natural Resources Conservation Service,"2",2 - managed for biodiversity - disturbance events suppressed,165,XA,Closed,CONE,Conservation Easement,,TEMP
"Wetlands Reserve Program (WRP), Champaign, OH",NRCS - Admin State OH,Private,Natural Resources Conservation Service,"2",2 - managed for biodiversity - disturbance events suppressed,15,XA,Closed,CONE,Conservation Easement,,TEMP
"Wetlands Reserve Program (WRP), Champaign, OH",NRCS - Admin State OH,Private,Natural Resources Conservation Service,"2",2 - managed for biodiversity - disturbance events suppressed,29,XA,Closed,CONE,Conservation Easement,,PERM
"Wetlands Reserve Program (WRP), Champaign, OH",NRCS - Admin State OH,Private,Natural Resources Conservation Service,"2",2 - managed for biodiversity - disturbance events suppressed,53,XA,Closed,CONE,Conservation Easement,,TEMP
"Wetlands Reserve Program (WRP), Champaign, OH",NRCS - Admin State OH,Private,Natural Resources Conservation Service,"2",2 - managed for biodiversity - disturbance events suppressed,49,XA,Closed,CONE,Conservation Easement,,TEMP
"Wetlands Reserve Program (WRP), Champaign, OH",NRCS - Admin State OH,Private,Natural Resources Conservation Service,"2",2 - managed for biodiversity - disturbance events suppressed,77,XA,Closed,CONE,Conservation Easement,,PERM
"Wetlands Reserve Program (WRP), Champaign, OH",NRCS - Admin State OH,Private,Natural Resources Conservation Service,"2",2 - managed for biodiversity - disturbance events suppressed,54,XA,Closed,CONE,Conservation Easement,,TEMP
"Wetlands Reserve Program (WRP), Champaign, OH",NRCS - Admin State OH,Private,Natural Resources Conservation Service,"2",2 - managed for biodiversity - disturbance events suppressed,22,XA,Closed,CONE,Conservation Easement,,PERM
"Wetlands Reserve Program (WRP), Champaign, OH",NRCS - Admin State OH,Private,Natural Resources Conservation Service,"2",2 - managed for biodiversity - disturbance events suppressed,120,XA,Closed,CONE,Conservation Easement,,PERM
"Wetlands Reserve Program (WRP), Champaign, OH",NRCS - Admin State OH,Private,Natural Resources Conservation Service,"2",2 - managed for biodiversity - disturbance events suppressed,48,XA,Closed,CONE,Conservation Easement,,PERM
"Wetlands Reserve Program (WRP), Champaign, OH",NRCS - Admin State OH,Private,Natural Resources Conservation Service,"2",2 - managed for biodiversity - disturbance events suppressed,93,XA,Closed,CONE,Conservation Easement,,PERM
"Wetlands Reserve Program (WRP), Champaign, OH",NRCS - Admin State OH,Private,Natural Resources Conservation Service,"2",2 - managed for biodiversity - disturbance events suppressed,118,XA,Closed,CONE,Conservation Easement,,PERM
"Wetlands Reserve Program (WRP), Champaign, OH",NRCS - Admin State OH,Private,Natural Resources Conservation Service,"2",2 - managed for biodiversity - disturbance events suppressed,10,XA,Closed,CONE,Conservation Easement,,PERM
"Wetlands Reserve Program (WRP), Clark, OH",NRCS - Admin State OH,Private,Natural Resources Conservation Service,"2",2 - managed for biodiversity - disturbance events suppressed,51,XA,Closed,CONE,Conservation Easement,,PERM
"Wetlands Reserve Program (WRP), Clermont, OH",NRCS - Admin State OH,Private,Natural Resources Conservation Service,"2",2 - managed for biodiversity - disturbance events suppressed,14,XA,Closed,CONE,Conservation Easement,,PERM
"Wetlands Reserve Program (WRP), Clermont, OH",NRCS - Admin State OH,Private,Natural Resources Conservation Service,"2",2 - managed for biodiversity - disturbance events suppressed,15,XA,Closed,CONE,Conservation Easement,,PERM
"Wetlands Reserve Program (WRP), Clinton, OH",NRCS - Admin State OH,Private,Natural Resources Conservation Service,"2",2 - managed for biodiversity - disturbance events suppressed,32,XA,Closed,CONE,Conservation Easement,,PERM
"Wetlands Reserve Program (WRP), Columbiana, OH",NRCS - Admin State OH,Private,Natural Resources Conservation Service,"2",2 - managed for biodiversity - disturbance events suppressed,41,XA,Closed,CONE,Conservation Easement,,PERM
"Wetlands Reserve Program (WRP), Crawford, OH",NRCS - Admin State OH,Private,Natural Resources Conservation Service,"2",2 - managed for biodiversity - disturbance events suppressed,12,XA,Closed,CONE,Conservation Easement,,PERM
"Wetlands Reserve Program (WRP), Darke, OH",NRCS - Admin State OH,Private,Natural Resources Conservation Service,"2",2 - managed for biodiversity - disturbance events suppressed,13,XA,Closed,CONE,Conservation Easement,,PERM
"Wetlands Reserve Program (WRP), Darke, OH",NRCS - Admin State OH,Private,Natural Resources Conservation Service,"2",2 - managed for biodiversity - disturbance events suppressed,22,XA,Closed,CONE,Conservation Easement,,PERM
"Wetlands Reserve Program (WRP), Darke, OH",NRCS - Admin State OH,Private,Natural Resources Conservation Service,"2",2 - managed for biodiversity - disturbance events suppressed,48,XA,Closed,CONE,Conservation Easement,,PERM
"Wetlands Reserve Program (WRP), Darke, OH",NRCS - Admin State OH,Private,Natural Resources Conservation Service,"2",2 - managed for biodiversity - disturbance events suppressed,108,XA,Closed,CONE,Conservation Easement,,PERM
"Wetlands Reserve Program (WRP), Darke, OH",NRCS - Admin State OH,Private,Natural Resources Conservation Service,"2",2 - managed for biodiversity - disturbance events suppressed,51,XA,Closed,CONE,Conservation Easement,,PERM
"Wetlands Reserve Program (WRP), Darke, OH",NRCS - Admin State OH,Private,Natural Resources Conservation Service,"2",2 - managed for biodiversity - disturbance events suppressed,47,XA,Closed,CONE,Conservation Easement,,PERM
"Wetlands Reserve Program (WRP), Darke, OH",NRCS - Admin State OH,Private,Natural Resources Conservation Service,"2",2 - managed for biodiversity - disturbance events suppressed,60,XA,Closed,CONE,Conservation Easement,,PERM
"Wetlands Reserve Program (WRP), Darke, OH",NRCS - Admin State OH,Private,Natural Resources Conservation Service,"2",2 - managed for biodiversity - disturbance events suppressed,10,XA,Closed,CONE,Conservation Easement,,PERM
"Wetlands Reserve Program (WRP), Darke, OH",NRCS - Admin State OH,Private,Natural Resources Conservation Service,"2",2 - managed for biodiversity - disturbance events suppressed,30,XA,Closed,CONE,Conservation Easement,,PERM
"Wetlands Reserve Program (WRP), Darke, OH",NRCS - Admin State OH,Private,Natural Resources Conservation Service,"2",2 - managed for biodiversity - disturbance events suppressed,59,XA,Closed,CONE,Conservation Easement,,PERM
"Wetlands Reserve Program (WRP), Darke, OH",NRCS - Admin State OH,Private,Natural Resources Conservation Service,"2",2 - managed for biodiversity - disturbance events suppressed,9,XA,Closed,CONE,Conservation Easement,,PERM
"Wetlands Reserve Program (WRP), Darke, OH",NRCS - Admin State OH,Private,Natural Resources Conservation Service,"2",2 - managed for biodiversity - disturbance events suppressed,21,XA,Closed,CONE,Conservation Easement,,PERM
"Wetlands Reserve Program (WRP), Darke, OH",NRCS - Admin State OH,Private,Natural Resources Conservation Service,"2",2 - managed for biodiversity - disturbance events suppressed,10,XA,Closed,CONE,Conservation Easement,,PERM
"Wetlands Reserve Program (WRP), Darke, OH",NRCS - Admin State OH,Private,Natural Resources Conservation Service,"2",2 - managed for biodiversity - disturbance events suppressed,36,XA,Closed,CONE,Conservation Easement,,PERM
"Wetlands Reserve Program (WRP), Defiance, OH",NRCS - Admin State OH,Private,Natural Resources Conservation Service,"2",2 - managed for biodiversity - disturbance events suppressed,10,XA,Closed,CONE,Conservation Easement,,TEMP
"Wetlands Reserve Program (WRP), Defiance, OH",NRCS - Admin State OH,Private,Natural Resources Conservation Service,"2",2 - managed for biodiversity - disturbance events suppressed,13,XA,Closed,CONE,Conservation Easement,,TEMP
"Wetlands Reserve Program (WRP), Defiance, OH",NRCS - Admin State OH,Private,Natural Resources Conservation Service,"2",2 - managed for biodiversity - disturbance events suppressed,14,XA,Closed,CONE,Conservation Easement,,TEMP
"Wetlands Reserve Program (WRP), Defiance, OH",NRCS - Admin State OH,Private,Natural Resources Conservation Service,"2",2 - managed for biodiversity - disturbance events suppressed,19,XA,Closed,CONE,Conservation Easement,,PERM
"Wetlands Reserve Program (WRP), Defiance, OH",NRCS - Admin State OH,Private,Natural Resources Conservation Service,"2",2 - managed for biodiversity - disturbance events suppressed,10,XA,Closed,CONE,Conservation Easement,,PERM
"Wetlands Reserve Program (WRP), Defiance, OH",NRCS - Admin State OH,Private,Natural Resources Conservation Service,"2",2 - managed for biodiversity - disturbance events suppressed,9,XA,Closed,CONE,Conservation Easement,,PERM
"Wetlands Reserve Program (WRP), Defiance, OH",NRCS - Admin State OH,Private,Natural Resources Conservation Service,"2",2 - managed for biodiversity - disturbance events suppressed,10,XA,Closed,CONE,Conservation Easement,,PERM
"Wetlands Reserve Program (WRP), Defiance, OH",NRCS - Admin State OH,Private,Natural Resources Conservation Service,"2",2 - managed for biodiversity - disturbance events suppressed,20,XA,Closed,CONE,Conservation Easement,,TEMP
"Wetlands Reserve Program (WRP), Defiance, OH",NRCS - Admin State OH,Private,Natural Resources Conservation Service,"2",2 - managed for biodiversity - disturbance events suppressed,20,XA,Closed,CONE,Conservation Easement,,PERM
"Wetlands Reserve Program (WRP), Defiance, OH",NRCS - Admin State OH,Private,Natural Resources Conservation Service,"2",2 - managed for biodiversity - disturbance events suppressed,14,XA,Closed,CONE,Conservation Easement,,TEMP
"Wetlands Reserve Program (WRP), Defiance, OH",NRCS - Admin State OH,Private,Natural Resources Conservation Service,"2",2 - managed for biodiversity - disturbance events suppressed,18,XA,Closed,CONE,Conservation Easement,,TEMP
"Wetlands Reserve Program (WRP), Defiance, OH",NRCS - Admin State OH,Private,Natural Resources Conservation Service,"2",2 - managed for biodiversity - disturbance events suppressed,11,XA,Closed,CONE,Conservation Easement,,TEMP
"Wetlands Reserve Program (WRP), Defiance, OH",NRCS - Admin State OH,Private,Natural Resources Conservation Service,"2",2 - managed for biodiversity - disturbance events suppressed,20,XA,Closed,CONE,Conservation Easement,,PERM
"Wetlands Reserve Program (WRP), Defiance, OH",NRCS - Admin State OH,Private,Natural Resources Conservation Service,"2",2 - managed for biodiversity - disturbance events suppressed,20,XA,Closed,CONE,Conservation Easement,,PERM
"Wetlands Reserve Program (WRP), Defiance, OH",NRCS - Admin State OH,Private,Natural Resources Conservation Service,"2",2 - managed for biodiversity - disturbance events suppressed,43,XA,Closed,CONE,Conservation Easement,,PERM
"Wetlands Reserve Program (WRP), Defiance, OH",NRCS - Admin State OH,Private,Natural Resources Conservation Service,"2",2 - managed for biodiversity - disturbance events suppressed,33,XA,Closed,CONE,Conservation Easement,,PERM
"Wetlands Reserve Program (WRP), Defiance, OH",NRCS - Admin State OH,Private,Natural Resources Conservation Service,"2",2 - managed for biodiversity - disturbance events suppressed,24,XA,Closed,CONE,Conservation Easement,,PERM
"Wetlands Reserve Program (WRP), Defiance, OH",NRCS - Admin State OH,Private,Natural Resources Conservation Service,"2",2 - managed for biodiversity - disturbance events suppressed,36,XA,Closed,CONE,Conservation Easement,,PERM
"Wetlands Reserve Program (WRP), Delaware, OH",NRCS - Admin State OH,Private,Natural Resources Conservation Service,"2",2 - managed for biodiversity - disturbance events suppressed,15,XA,Closed,CONE,Conservation Easement,,TEMP
"Wetlands Reserve Program (WRP), Erie, OH",NRCS - Admin State OH,Private,Natural Resources Conservation Service,"2",2 - managed for biodiversity - disturbance events suppressed,122,XA,Closed,CONE,Conservation Easement,,PERM
"Wetlands Reserve Program (WRP), Erie, OH",NRCS - Admin State OH,Private,Natural Resources Conservation Service,"2",2 - managed for biodiversity - disturbance events suppressed,197,XA,Closed,CONE,Conservation Easement,,PERM
"Wetlands Reserve Program (WRP), Erie, OH",NRCS - Admin State OH,Private,Natural Resources Conservation Service,"2",2 - managed for biodiversity - disturbance events suppressed,33,XA,Closed,CONE,Conservation Easement,,PERM
"Wetlands Reserve Program (WRP), Erie, OH",NRCS - Admin State OH,Private,Natural Resources Conservation Service,"2",2 - managed for biodiversity - disturbance events suppressed,11,XA,Closed,CONE,Conservation Easement,,PERM
"Wetlands Reserve Program (WRP), Fairfield, OH",NRCS - Admin State OH,Private,Natural Resources Conservation Service,"2",2 - managed for biodiversity - disturbance events suppressed,23,XA,Closed,CONE,Conservation Easement,,TEMP
"Wetlands Reserve Program (WRP), Fayette, OH",NRCS - Admin State OH,Private,Natural Resources Conservation Service,"2",2 - managed for biodiversity - disturbance events suppressed,19,XA,Closed,CONE,Conservation Easement,,PERM
"Wetlands Reserve Program (WRP), Franklin, OH",NRCS - Admin State OH,Private,Natural Resources Conservation Service,"2",2 - managed for biodiversity - disturbance events suppressed,31,XA,Closed,CONE,Conservation Easement,,PERM
"Wetlands Reserve Program (WRP), Franklin, OH",NRCS - Admin State OH,Private,Natural Resources Conservation Service,"2",2 - managed for biodiversity - disturbance events suppressed,201,XA,Closed,CONE,Conservation Easement,,PERM
"Wetlands Reserve Program (WRP), Franklin, OH",NRCS - Admin State OH,Private,Natural Resources Conservation Service,"2",2 - managed for biodiversity - disturbance events suppressed,370,XA,Closed,CONE,Conservation Easement,,PERM
"Wetlands Reserve Program (WRP), Franklin, OH",NRCS - Admin State OH,Private,Natural Resources Conservation Service,"2",2 - managed for biodiversity - disturbance events suppressed,20,XA,Closed,CONE,Conservation Easement,,PERM
"Wetlands Reserve Program (WRP), Franklin, OH",NRCS - Admin State OH,Private,Natural Resources Conservation Service,"2",2 - managed for biodiversity - disturbance events suppressed,33,XA,Closed,CONE,Conservation Easement,,PERM
"Wetlands Reserve Program (WRP), Fulton, OH",NRCS - Admin State OH,Private,Natural Resources Conservation Service,"2",2 - managed for biodiversity - disturbance events suppressed,11,XA,Closed,CONE,Conservation Easement,,PERM
"Wetlands Reserve Program (WRP), Fulton, OH",NRCS - Admin State OH,Private,Natural Resources Conservation Service,"2",2 - managed for biodiversity - disturbance events suppressed,15,XA,Closed,CONE,Conservation Easement,,PERM
"Wetlands Reserve Program (WRP), Fulton, OH",NRCS - Admin State OH,Private,Natural Resources Conservation Service,"2",2 - managed for biodiversity - disturbance events suppressed,19,XA,Closed,CONE,Conservation Easement,,PERM
"Wetlands Reserve Program (WRP), Fulton, OH",NRCS - Admin State OH,Private,Natural Resources Conservation Service,"2",2 - managed for biodiversity - disturbance events suppressed,28,XA,Closed,CONE,Conservation Easement,,PERM
"Wetlands Reserve Program (WRP), Fulton, OH",NRCS - Admin State OH,Private,Natural Resources Conservation Service,"2",2 - managed for biodiversity - disturbance events suppressed,33,XA,Closed,CONE,Conservation Easement,,PERM
"Wetlands Reserve Program (WRP), Fulton, OH",NRCS - Admin State OH,Private,Natural Resources Conservation Service,"2",2 - managed for biodiversity - disturbance events suppressed,48,XA,Closed,CONE,Conservation Easement,,PERM
"Wetlands Reserve Program (WRP), Fulton, OH",NRCS - Admin State OH,Private,Natural Resources Conservation Service,"2",2 - managed for biodiversity - disturbance events suppressed,60,XA,Closed,CONE,Conservation Easement,,PERM
"Wetlands Reserve Program (WRP), Fulton, OH",NRCS - Admin State OH,Private,Natural Resources Conservation Service,"2",2 - managed for biodiversity - disturbance events suppressed,81,XA,Closed,CONE,Conservation Easement,,PERM
"Wetlands Reserve Program (WRP), Fulton, OH",NRCS - Admin State OH,Private,Natural Resources Conservation Service,"2",2 - managed for biodiversity - disturbance events suppressed,82,XA,Closed,CONE,Conservation Easement,,PERM
"Wetlands Reserve Program (WRP), Fulton, OH",NRCS - Admin State OH,Private,Natural Resources Conservation Service,"2",2 - managed for biodiversity - disturbance events suppressed,97,XA,Closed,CONE,Conservation Easement,,PERM
"Wetlands Reserve Program (WRP), Fulton, OH",NRCS - Admin State OH,Private,Natural Resources Conservation Service,"2",2 - managed for biodiversity - disturbance events suppressed,120,XA,Closed,CONE,Conservation Easement,,PERM
"Wetlands Reserve Program (WRP), Fulton, OH",NRCS - Admin State OH,Private,Natural Resources Conservation Service,"2",2 - managed for biodiversity - disturbance events suppressed,120,XA,Closed,CONE,Conservation Easement,,PERM
"Wetlands Reserve Program (WRP), Fulton, OH",NRCS - Admin State OH,Private,Natural Resources Conservation Service,"2",2 - managed for biodiversity - disturbance events suppressed,121,XA,Closed,CONE,Conservation Easement,,PERM
"Wetlands Reserve Program (WRP), Fulton, OH",NRCS - Admin State OH,Private,Natural Resources Conservation Service,"2",2 - managed for biodiversity - disturbance events suppressed,16,XA,Closed,CONE,Conservation Easement,,PERM
"Wetlands Reserve Program (WRP), Fulton, OH",NRCS - Admin State OH,Private,Natural Resources Conservation Service,"2",2 - managed for biodiversity - disturbance events suppressed,33,XA,Closed,CONE,Conservation Easement,,PERM
"Wetlands Reserve Program (WRP), Fulton, OH",NRCS - Admin State OH,Private,Natural Resources Conservation Service,"2",2 - managed for biodiversity - disturbance events suppressed,43,XA,Closed,CONE,Conservation Easement,,PERM
"Wetlands Reserve Program (WRP), Fulton, OH",NRCS - Admin State OH,Private,Natural Resources Conservation Service,"2",2 - managed for biodiversity - disturbance events suppressed,58,XA,Closed,CONE,Conservation Easement,,PERM
"Wetlands Reserve Program (WRP), Fulton, OH",NRCS - Admin State OH,Private,Natural Resources Conservation Service,"2",2 - managed for biodiversity - disturbance events suppressed,80,XA,Closed,CONE,Conservation Easement,,PERM
"Wetlands Reserve Program (WRP), Fulton, OH",NRCS - Admin State OH,Private,Natural Resources Conservation Service,"2",2 - managed for biodiversity - disturbance events suppressed,86,XA,Closed,CONE,Conservation Easement,,PERM
"Wetlands Reserve Program (WRP), Fulton, OH",NRCS - Admin State OH,Private,Natural Resources Conservation Service,"2",2 - managed for biodiversity - disturbance events suppressed,10,XA,Closed,CONE,Conservation Easement,,TEMP
"Wetlands Reserve Program (WRP), Fulton, OH",NRCS - Admin State OH,Private,Natural Resources Conservation Service,"2",2 - managed for biodiversity - disturbance events suppressed,31,XA,Closed,CONE,Conservation Easement,,TEMP
"Wetlands Reserve Program (WRP), Fulton, OH",NRCS - Admin State OH,Private,Natural Resources Conservation Service,"2",2 - managed for biodiversity - disturbance events suppressed,42,XA,Closed,CONE,Conservation Easement,,PERM
"Wetlands Reserve Program (WRP), Fulton, OH",NRCS - Admin State OH,Private,Natural Resources Conservation Service,"2",2 - managed for biodiversity - disturbance events suppressed,17,XA,Closed,CONE,Conservation Easement,,PERM
"Wetlands Reserve Program (WRP), Fulton, OH",NRCS - Admin State OH,Private,Natural Resources Conservation Service,"2",2 - managed for biodiversity - disturbance events suppressed,31,XA,Closed,CONE,Conservation Easement,,PERM
"Wetlands Reserve Program (WRP), Fulton, OH",NRCS - Admin State OH,Private,Natural Resources Conservation Service,"2",2 - managed for biodiversity - disturbance events suppressed,80,XA,Closed,CONE,Conservation Easement,,PERM
"Wetlands Reserve Program (WRP), Fulton, OH",NRCS - Admin State OH,Private,Natural Resources Conservation Service,"2",2 - managed for biodiversity - disturbance events suppressed,45,XA,Closed,CONE,Conservation Easement,,PERM
"Wetlands Reserve Program (WRP), Fulton, OH",NRCS - Admin State OH,Private,Natural Resources Conservation Service,"2",2 - managed for biodiversity - disturbance events suppressed,74,XA,Closed,CONE,Conservation Easement,,PERM
"Wetlands Reserve Program (WRP), Fulton, OH",NRCS - Admin State OH,Private,Natural Resources Conservation Service,"2",2 - managed for biodiversity - disturbance events suppressed,12,XA,Closed,CONE,Conservation Easement,,PERM
"Wetlands Reserve Program (WRP), Fulton, OH",NRCS - Admin State OH,Private,Natural Resources Conservation Service,"2",2 - managed for biodiversity - disturbance events suppressed,40,XA,Closed,CONE,Conservation Easement,,PERM
"Wetlands Reserve Program (WRP), Fulton, OH",NRCS - Admin State OH,Private,Natural Resources Conservation Service,"2",2 - managed for biodiversity - disturbance events suppressed,63,XA,Closed,CONE,Conservation Easement,,PERM
"Wetlands Reserve Program (WRP), Fulton, OH",NRCS - Admin State OH,Private,Natural Resources Conservation Service,"2",2 - managed for biodiversity - disturbance events suppressed,98,XA,Closed,CONE,Conservation Easement,,PERM
"Wetlands Reserve Program (WRP), Fulton, OH",NRCS - Admin State OH,Private,Natural Resources Conservation Service,"2",2 - managed for biodiversity - disturbance events suppressed,40,XA,Closed,CONE,Conservation Easement,,PERM
"Wetlands Reserve Program (WRP), Fulton, OH",NRCS - Admin State OH,Private,Natural Resources Conservation Service,"2",2 - managed for biodiversity - disturbance events suppressed,22,XA,Closed,CONE,Conservation Easement,,PERM
"Wetlands Reserve Program (WRP), Fulton, OH",NRCS - Admin State OH,Private,Natural Resources Conservation Service,"2",2 - managed for biodiversity - disturbance events suppressed,24,XA,Closed,CONE,Conservation Easement,,PERM
"Wetlands Reserve Program (WRP), Fulton, OH",NRCS - Admin State OH,Private,Natural Resources Conservation Service,"2",2 - managed for biodiversity - disturbance events suppressed,29,XA,Closed,CONE,Conservation Easement,,PERM
"Wetlands Reserve Program (WRP), Geauga, OH",NRCS - Admin State OH,Private,Natural Resources Conservation Service,"2",2 - managed for biodiversity - disturbance events suppressed,46,XA,Closed,CONE,Conservation Easement,,PERM
"Wetlands Reserve Program (WRP), Geauga, OH",NRCS - Admin State OH,Private,Natural Resources Conservation Service,"2",2 - managed for biodiversity - disturbance events suppressed,135,XA,Closed,CONE,Conservation Easement,,PERM
"Wetlands Reserve Program (WRP), Geauga, OH",NRCS - Admin State OH,Private,Natural Resources Conservation Service,"2",2 - managed for biodiversity - disturbance events suppressed,9,XA,Closed,CONE,Conservation Easement,,PERM
"Wetlands Reserve Program (WRP), Geauga, OH",NRCS - Admin State OH,Private,Natural Resources Conservation Service,"2",2 - managed for biodiversity - disturbance events suppressed,24,XA,Closed,CONE,Conservation Easement,,PERM
"Wetlands Reserve Program (WRP), Geauga, OH",NRCS - Admin State OH,Private,Natural Resources Conservation Service,"2",2 - managed for biodiversity - disturbance events suppressed,117,XA,Closed,CONE,Conservation Easement,,PERM
"Wetlands Reserve Program (WRP), Geauga, OH",NRCS - Admin State OH,Private,Natural Resources Conservation Service,"2",2 - managed for biodiversity - disturbance events suppressed,34,XA,Closed,CONE,Conservation Easement,,PERM
"Wetlands Reserve Program (WRP), Geauga, OH",NRCS - Admin State OH,Private,Natural Resources Conservation Service,"2",2 - managed for biodiversity - disturbance events suppressed,17,XA,Closed,CONE,Conservation Easement,,PERM
"Wetlands Reserve Program (WRP), Geauga, OH",NRCS - Admin State OH,Private,Natural Resources Conservation Service,"2",2 - managed for biodiversity - disturbance events suppressed,15,XA,Closed,CONE,Conservation Easement,,PERM
"Wetlands Reserve Program (WRP), Geauga, OH",NRCS - Admin State OH,Private,Natural Resources Conservation Service,"2",2 - managed for biodiversity - disturbance events suppressed,15,XA,Closed,CONE,Conservation Easement,,PERM
"Wetlands Reserve Program (WRP), Greene, OH",NRCS - Admin State OH,Private,Natural Resources Conservation Service,"2",2 - managed for biodiversity - disturbance events suppressed,26,XA,Closed,CONE,Conservation Easement,,PERM
"Wetlands Reserve Program (WRP), Greene, OH",NRCS - Admin State OH,Private,Natural Resources Conservation Service,"2",2 - managed for biodiversity - disturbance events suppressed,39,XA,Closed,CONE,Conservation Easement,,TEMP
"Wetlands Reserve Program (WRP), Greene, OH",NRCS - Admin State OH,Private,Natural Resources Conservation Service,"2",2 - managed for biodiversity - disturbance events suppressed,192,XA,Closed,CONE,Conservation Easement,,PERM
"Wetlands Reserve Program (WRP), Greene, OH",NRCS - Admin State OH,Private,Natural Resources Conservation Service,"2",2 - managed for biodiversity - disturbance events suppressed,59,XA,Closed,CONE,Conservation Easement,,PERM
"Wetlands Reserve Program (WRP), Greene, OH",NRCS - Admin State OH,Private,Natural Resources Conservation Service,"2",2 - managed for biodiversity - disturbance events suppressed,46,XA,Closed,CONE,Conservation Easement,,PERM
"Wetlands Reserve Program (WRP), Hancock, OH",NRCS - Admin State OH,Private,Natural Resources Conservation Service,"2",2 - managed for biodiversity - disturbance events suppressed,36,XA,Closed,CONE,Conservation Easement,,PERM
"Wetlands Reserve Program (WRP), Hancock, OH",NRCS - Admin State OH,Private,Natural Resources Conservation Service,"2",2 - managed for biodiversity - disturbance events suppressed,6,XA,Closed,CONE,Conservation Easement,,PERM
"Wetlands Reserve Program (WRP), Hancock, OH",NRCS - Admin State OH,Private,Natural Resources Conservation Service,"2",2 - managed for biodiversity - disturbance events suppressed,18,XA,Closed,CONE,Conservation Easement,,PERM
"Wetlands Reserve Program (WRP), Hardin, OH",NRCS - Admin State OH,Private,Natural Resources Conservation Service,"2",2 - managed for biodiversity - disturbance events suppressed,22,XA,Closed,CONE,Conservation Easement,,PERM
"Wetlands Reserve Program (WRP), Hardin, OH",NRCS - Admin State OH,Private,Natural Resources Conservation Service,"2",2 - managed for biodiversity - disturbance events suppressed,37,XA,Closed,CONE,Conservation Easement,,PERM
"Wetlands Reserve Program (WRP), Hardin, OH",NRCS - Admin State OH,Private,Natural Resources Conservation Service,"2",2 - managed for biodiversity - disturbance events suppressed,57,XA,Closed,CONE,Conservation Easement,,PERM
"Wetlands Reserve Program (WRP), Hardin, OH",NRCS - Admin State OH,Private,Natural Resources Conservation Service,"2",2 - managed for biodiversity - disturbance events suppressed,115,XA,Closed,CONE,Conservation Easement,,PERM
"Wetlands Reserve Program (WRP), Hardin, OH",NRCS - Admin State OH,Private,Natural Resources Conservation Service,"2",2 - managed for biodiversity - disturbance events suppressed,102,XA,Closed,CONE,Conservation Easement,,PERM
"Wetlands Reserve Program (WRP), Hardin, OH",NRCS - Admin State OH,Private,Natural Resources Conservation Service,"2",2 - managed for biodiversity - disturbance events suppressed,170,XA,Closed,CONE,Conservation Easement,,PERM
"Wetlands Reserve Program (WRP), Hardin, OH",NRCS - Admin State OH,Private,Natural Resources Conservation Service,"2",2 - managed for biodiversity - disturbance events suppressed,439,XA,Closed,CONE,Conservation Easement,,PERM
"Wetlands Reserve Program (WRP), Hardin, OH",NRCS - Admin State OH,Private,Natural Resources Conservation Service,"2",2 - managed for biodiversity - disturbance events suppressed,141,XA,Closed,CONE,Conservation Easement,,PERM
"Wetlands Reserve Program (WRP), Hardin, OH",NRCS - Admin State OH,Private,Natural Resources Conservation Service,"2",2 - managed for biodiversity - disturbance events suppressed,398,XA,Closed,CONE,Conservation Easement,,PERM
"Wetlands Reserve Program (WRP), Hardin, OH",NRCS - Admin State OH,Private,Natural Resources Conservation Service,"2",2 - managed for biodiversity - disturbance events suppressed,55,XA,Closed,CONE,Conservation Easement,,PERM
"Wetlands Reserve Program (WRP), Hardin, OH",NRCS - Admin State OH,Private,Natural Resources Conservation Service,"2",2 - managed for biodiversity - disturbance events suppressed,54,XA,Closed,CONE,Conservation Easement,,PERM
"Wetlands Reserve Program (WRP), Hardin, OH",NRCS - Admin State OH,Private,Natural Resources Conservation Service,"2",2 - managed for biodiversity - disturbance events suppressed,127,XA,Closed,CONE,Conservation Easement,,TEMP
"Wetlands Reserve Program (WRP), Hardin, OH",NRCS - Admin State OH,Private,Natural Resources Conservation Service,"2",2 - managed for biodiversity - disturbance events suppressed,185,XA,Closed,CONE,Conservation Easement,,PERM
"Wetlands Reserve Program (WRP), Hardin, OH",NRCS - Admin State OH,Private,Natural Resources Conservation Service,"2",2 - managed for biodiversity - disturbance events suppressed,119,XA,Closed,CONE,Conservation Easement,,PERM
"Wetlands Reserve Program (WRP), Hardin, OH",NRCS - Admin State OH,Private,Natural Resources Conservation Service,"2",2 - managed for biodiversity - disturbance events suppressed,33,XA,Closed,CONE,Conservation Easement,,PERM
"Wetlands Reserve Program (WRP), Harrison, OH",NRCS - Admin State OH,Private,Natural Resources Conservation Service,"2",2 - managed for biodiversity - disturbance events suppressed,26,XA,Closed,CONE,Conservation Easement,,TEMP
"Wetlands Reserve Program (WRP), Hocking, OH",NRCS - Admin State OH,Private,Natural Resources Conservation Service,"2",2 - managed for biodiversity - disturbance events suppressed,7,XA,Closed,CONE,Conservation Easement,,TEMP
"Wetlands Reserve Program (WRP), Holmes, OH",NRCS - Admin State OH,Private,Natural Resources Conservation Service,"2",2 - managed for biodiversity - disturbance events suppressed,58,XA,Closed,CONE,Conservation Easement,,PERM
"Wetlands Reserve Program (WRP), Huron, OH",NRCS - Admin State OH,Private,Natural Resources Conservation Service,"2",2 - managed for biodiversity - disturbance events suppressed,37,XA,Closed,CONE,Conservation Easement,,PERM
"Wetlands Reserve Program (WRP), Huron, OH",NRCS - Admin State OH,Private,Natural Resources Conservation Service,"2",2 - managed for biodiversity - disturbance events suppressed,79,XA,Closed,CONE,Conservation Easement,,PERM
"Wetlands Reserve Program (WRP), Huron, OH",NRCS - Admin State OH,Private,Natural Resources Conservation Service,"2",2 - managed for biodiversity - disturbance events suppressed,60,XA,Closed,CONE,Conservation Easement,,PERM
"Wetlands Reserve Program (WRP), Jackson, OH",NRCS - Admin State OH,Private,Natural Resources Conservation Service,"2",2 - managed for biodiversity - disturbance events suppressed,72,XA,Closed,CONE,Conservation Easement,,PERM
"Wetlands Reserve Program (WRP), Jackson, OH",NRCS - Admin State OH,Private,Natural Resources Conservation Service,"2",2 - managed for biodiversity - disturbance events suppressed,118,XA,Closed,CONE,Conservation Easement,,PERM
"Wetlands Reserve Program (WRP), Jefferson, OH",NRCS - Admin State OH,Private,Natural Resources Conservation Service,"2",2 - managed for biodiversity - disturbance events suppressed,33,XA,Closed,CONE,Conservation Easement,,TEMP
"Wetlands Reserve Program (WRP), Jefferson, OH",NRCS - Admin State OH,Private,Natural Resources Conservation Service,"2",2 - managed for biodiversity - disturbance events suppressed,32,XA,Closed,CONE,Conservation Easement,,PERM
"Wetlands Reserve Program (WRP), Jefferson, OH",NRCS - Admin State OH,Private,Natural Resources Conservation Service,"2",2 - managed for biodiversity - disturbance events suppressed,88,XA,Closed,CONE,Conservation Easement,,PERM
"Wetlands Reserve Program (WRP), Knox, OH",NRCS - Admin State OH,Private,Natural Resources Conservation Service,"2",2 - managed for biodiversity - disturbance events suppressed,37,XA,Closed,CONE,Conservation Easement,,TEMP
"Wetlands Reserve Program (WRP), Knox, OH",NRCS - Admin State OH,Private,Natural Resources Conservation Service,"2",2 - managed for biodiversity - disturbance events suppressed,25,XA,Closed,CONE,Conservation Easement,,PERM
"Wetlands Reserve Program (WRP), Knox, OH",NRCS - Admin State OH,Private,Natural Resources Conservation Service,"2",2 - managed for biodiversity - disturbance events suppressed,43,XA,Closed,CONE,Conservation Easement,,PERM
"Wetlands Reserve Program (WRP), Knox, OH",NRCS - Admin State OH,Private,Natural Resources Conservation Service,"2",2 - managed for biodiversity - disturbance events suppressed,10,XA,Closed,CONE,Conservation Easement,,PERM
"Wetlands Reserve Program (WRP), Lake, OH",NRCS - Admin State OH,Private,Natural Resources Conservation Service,"2",2 - managed for biodiversity - disturbance events suppressed,21,XA,Closed,CONE,Conservation Easement,,PERM
"Wetlands Reserve Program (WRP), Lake, OH",NRCS - Admin State OH,Private,Natural Resources Conservation Service,"2",2 - managed for biodiversity - disturbance events suppressed,33,XA,Closed,CONE,Conservation Easement,,PERM
"Wetlands Reserve Program (WRP), Lake, OH",NRCS - Admin State OH,Private,Natural Resources Conservation Service,"2",2 - managed for biodiversity - disturbance events suppressed,111,XA,Closed,CONE,Conservation Easement,,PERM
"Wetlands Reserve Program (WRP), Lake, OH",NRCS - Admin State OH,Private,Natural Resources Conservation Service,"2",2 - managed for biodiversity - disturbance events suppressed,144,XA,Closed,CONE,Conservation Easement,,PERM
"Wetlands Reserve Program (WRP), Lake, OH",NRCS - Admin State OH,Private,Natural Resources Conservation Service,"2",2 - managed for biodiversity - disturbance events suppressed,167,XA,Closed,CONE,Conservation Easement,,PERM
"Wetlands Reserve Program (WRP), Lake, OH",NRCS - Admin State OH,Private,Natural Resources Conservation Service,"2",2 - managed for biodiversity - disturbance events suppressed,289,XA,Closed,CONE,Conservation Easement,,PERM
"Wetlands Reserve Program (WRP), Lake, OH",NRCS - Admin State OH,Private,Natural Resources Conservation Service,"2",2 - managed for biodiversity - disturbance events suppressed,297,XA,Closed,CONE,Conservation Easement,,PERM
"Wetlands Reserve Program (WRP), Lake, OH",NRCS - Admin State OH,Private,Natural Resources Conservation Service,"2",2 - managed for biodiversity - disturbance events suppressed,13,XA,Closed,CONE,Conservation Easement,,PERM
"Wetlands Reserve Program (WRP), Lake, OH",NRCS - Admin State OH,Private,Natural Resources Conservation Service,"2",2 - managed for biodiversity - disturbance events suppressed,64,XA,Closed,CONE,Conservation Easement,,PERM
"Wetlands Reserve Program (WRP), Lake, OH",NRCS - Admin State OH,Private,Natural Resources Conservation Service,"2",2 - managed for biodiversity - disturbance events suppressed,74,XA,Closed,CONE,Conservation Easement,,PERM
"Wetlands Reserve Program (WRP), Lake, OH",NRCS - Admin State OH,Private,Natural Resources Conservation Service,"2",2 - managed for biodiversity - disturbance events suppressed,5,XA,Closed,CONE,Conservation Easement,,PERM
"Wetlands Reserve Program (WRP), Lake, OH",NRCS - Admin State OH,Private,Natural Resources Conservation Service,"2",2 - managed for biodiversity - disturbance events suppressed,18,XA,Closed,CONE,Conservation Easement,,PERM
"Wetlands Reserve Program (WRP), Lake, OH",NRCS - Admin State OH,Private,Natural Resources Conservation Service,"2",2 - managed for biodiversity - disturbance events suppressed,329,XA,Closed,CONE,Conservation Easement,,PERM
"Wetlands Reserve Program (WRP), Lake, OH",NRCS - Admin State OH,Private,Natural Resources Conservation Service,"2",2 - managed for biodiversity - disturbance events suppressed,11,XA,Closed,CONE,Conservation Easement,,PERM
"Wetlands Reserve Program (WRP), Lake, OH",NRCS - Admin State OH,Private,Natural Resources Conservation Service,"2",2 - managed for biodiversity - disturbance events suppressed,25,XA,Closed,CONE,Conservation Easement,,PERM
"Wetlands Reserve Program (WRP), Lake, OH",NRCS - Admin State OH,Private,Natural Resources Conservation Service,"2",2 - managed for biodiversity - disturbance events suppressed,26,XA,Closed,CONE,Conservation Easement,,PERM
"Wetlands Reserve Program (WRP), Lake, OH",NRCS - Admin State OH,Private,Natural Resources Conservation Service,"2",2 - managed for biodiversity - disturbance events suppressed,85,XA,Closed,CONE,Conservation Easement,,PERM
"Wetlands Reserve Program (WRP), Lake, OH",NRCS - Admin State OH,Private,Natural Resources Conservation Service,"2",2 - managed for biodiversity - disturbance events suppressed,122,XA,Closed,CONE,Conservation Easement,,PERM
"Wetlands Reserve Program (WRP), Lake, OH",NRCS - Admin State OH,Private,Natural Resources Conservation Service,"2",2 - managed for biodiversity - disturbance events suppressed,7,XA,Closed,CONE,Conservation Easement,,PERM
"Wetlands Reserve Program (WRP), Lake, OH",NRCS - Admin State OH,Private,Natural Resources Conservation Service,"2",2 - managed for biodiversity - disturbance events suppressed,9,XA,Closed,CONE,Conservation Easement,,PERM
"Wetlands Reserve Program (WRP), Lake, OH",NRCS - Admin State OH,Private,Natural Resources Conservation Service,"2",2 - managed for biodiversity - disturbance events suppressed,25,XA,Closed,CONE,Conservation Easement,,PERM
"Wetlands Reserve Program (WRP), Lake, OH",NRCS - Admin State OH,Private,Natural Resources Conservation Service,"2",2 - managed for biodiversity - disturbance events suppressed,20,XA,Closed,CONE,Conservation Easement,,PERM
"Wetlands Reserve Program (WRP), Lake, OH",NRCS - Admin State OH,Private,Natural Resources Conservation Service,"2",2 - managed for biodiversity - disturbance events suppressed,38,XA,Closed,CONE,Conservation Easement,,PERM
"Wetlands Reserve Program (WRP), Lake, OH",NRCS - Admin State OH,Private,Natural Resources Conservation Service,"2",2 - managed for biodiversity - disturbance events suppressed,7,XA,Closed,CONE,Conservation Easement,,PERM
"Wetlands Reserve Program (WRP), Licking, OH",NRCS - Admin State OH,Private,Natural Resources Conservation Service,"2",2 - managed for biodiversity - disturbance events suppressed,19,XA,Closed,CONE,Conservation Easement,,PERM
"Wetlands Reserve Program (WRP), Licking, OH",NRCS - Admin State OH,Private,Natural Resources Conservation Service,"2",2 - managed for biodiversity - disturbance events suppressed,67,XA,Closed,CONE,Conservation Easement,,PERM
"Wetlands Reserve Program (WRP), Licking, OH",NRCS - Admin State OH,Private,Natural Resources Conservation Service,"2",2 - managed for biodiversity - disturbance events suppressed,102,XA,Closed,CONE,Conservation Easement,,PERM
"Wetlands Reserve Program (WRP), Logan, OH",NRCS - Admin State OH,Private,Natural Resources Conservation Service,"2",2 - managed for biodiversity - disturbance events suppressed,59,XA,Closed,CONE,Conservation Easement,,PERM
"Wetlands Reserve Program (WRP), Logan, OH",NRCS - Admin State OH,Private,Natural Resources Conservation Service,"2",2 - managed for biodiversity - disturbance events suppressed,79,XA,Closed,CONE,Conservation Easement,,TEMP
"Wetlands Reserve Program (WRP), Logan, OH",NRCS - Admin State OH,Private,Natural Resources Conservation Service,"2",2 - managed for biodiversity - disturbance events suppressed,51,XA,Closed,CONE,Conservation Easement,,PERM
"Wetlands Reserve Program (WRP), Logan, OH",NRCS - Admin State OH,Private,Natural Resources Conservation Service,"2",2 - managed for biodiversity - disturbance events suppressed,44,XA,Closed,CONE,Conservation Easement,,PERM
"Wetlands Reserve Program (WRP), Logan, OH",NRCS - Admin State OH,Private,Natural Resources Conservation Service,"2",2 - managed for biodiversity - disturbance events suppressed,30,XA,Closed,CONE,Conservation Easement,,PERM
"Wetlands Reserve Program (WRP), Logan, OH",NRCS - Admin State OH,Private,Natural Resources Conservation Service,"2",2 - managed for biodiversity - disturbance events suppressed,65,XA,Closed,CONE,Conservation Easement,,PERM
"Wetlands Reserve Program (WRP), Logan, OH",NRCS - Admin State OH,Private,Natural Resources Conservation Service,"2",2 - managed for biodiversity - disturbance events suppressed,69,XA,Closed,CONE,Conservation Easement,,PERM
"Wetlands Reserve Program (WRP), Logan, OH",NRCS - Admin State OH,Private,Natural Resources Conservation Service,"2",2 - managed for biodiversity - disturbance events suppressed,101,XA,Closed,CONE,Conservation Easement,,PERM
"Wetlands Reserve Program (WRP), Logan, OH",NRCS - Admin State OH,Private,Natural Resources Conservation Service,"2",2 - managed for biodiversity - disturbance events suppressed,123,XA,Closed,CONE,Conservation Easement,,PERM
"Wetlands Reserve Program (WRP), Logan, OH",NRCS - Admin State OH,Private,Natural Resources Conservation Service,"2",2 - managed for biodiversity - disturbance events suppressed,139,XA,Closed,CONE,Conservation Easement,,PERM
"Wetlands Reserve Program (WRP), Logan, OH",NRCS - Admin State OH,Private,Natural Resources Conservation Service,"2",2 - managed for biodiversity - disturbance events suppressed,854,XA,Closed,CONE,Conservation Easement,,TEMP
"Wetlands Reserve Program (WRP), Logan, OH",NRCS - Admin State OH,Private,Natural Resources Conservation Service,"2",2 - managed for biodiversity - disturbance events suppressed,22,XA,Closed,CONE,Conservation Easement,,PERM
"Wetlands Reserve Program (WRP), Logan, OH",NRCS - Admin State OH,Private,Natural Resources Conservation Service,"2",2 - managed for biodiversity - disturbance events suppressed,33,XA,Closed,CONE,Conservation Easement,,PERM
"Wetlands Reserve Program (WRP), Lorain, OH",NRCS - Admin State OH,Private,Natural Resources Conservation Service,"2",2 - managed for biodiversity - disturbance events suppressed,148,XA,Closed,CONE,Conservation Easement,,PERM
"Wetlands Reserve Program (WRP), Lorain, OH",NRCS - Admin State OH,Private,Natural Resources Conservation Service,"2",2 - managed for biodiversity - disturbance events suppressed,8,XA,Closed,CONE,Conservation Easement,,TEMP
"Wetlands Reserve Program (WRP), Lorain, OH",NRCS - Admin State OH,Private,Natural Resources Conservation Service,"2",2 - managed for biodiversity - disturbance events suppressed,16,XA,Closed,CONE,Conservation Easement,,PERM
"Wetlands Reserve Program (WRP), Lorain, OH",NRCS - Admin State OH,Private,Natural Resources Conservation Service,"2",2 - managed for biodiversity - disturbance events suppressed,23,XA,Closed,CONE,Conservation Easement,,PERM
"Wetlands Reserve Program (WRP), Lucas, OH",NRCS - Admin State OH,Private,Natural Resources Conservation Service,"2",2 - managed for biodiversity - disturbance events suppressed,138,XA,Closed,CONE,Conservation Easement,,PERM
"Wetlands Reserve Program (WRP), Madison, OH",NRCS - Admin State OH,Private,Natural Resources Conservation Service,"2",2 - managed for biodiversity - disturbance events suppressed,6,XA,Closed,CONE,Conservation Easement,,PERM
"Wetlands Reserve Program (WRP), Madison, OH",NRCS - Admin State OH,Private,Natural Resources Conservation Service,"2",2 - managed for biodiversity - disturbance events suppressed,83,XA,Closed,CONE,Conservation Easement,,PERM
"Wetlands Reserve Program (WRP), Madison, OH",NRCS - Admin State OH,Private,Natural Resources Conservation Service,"2",2 - managed for biodiversity - disturbance events suppressed,229,XA,Closed,CONE,Conservation Easement,,PERM
"Wetlands Reserve Program (WRP), Madison, OH",NRCS - Admin State OH,Private,Natural Resources Conservation Service,"2",2 - managed for biodiversity - disturbance events suppressed,30,XA,Closed,CONE,Conservation Easement,,PERM
"Wetlands Reserve Program (WRP), Madison, OH",NRCS - Admin State OH,Private,Natural Resources Conservation Service,"2",2 - managed for biodiversity - disturbance events suppressed,73,XA,Closed,CONE,Conservation Easement,,PERM
"Wetlands Reserve Program (WRP), Madison, OH",NRCS - Admin State OH,Private,Natural Resources Conservation Service,"2",2 - managed for biodiversity - disturbance events suppressed,83,XA,Closed,CONE,Conservation Easement,,PERM
"Wetlands Reserve Program (WRP), Madison, OH",NRCS - Admin State OH,Private,Natural Resources Conservation Service,"2",2 - managed for biodiversity - disturbance events suppressed,84,XA,Closed,CONE,Conservation Easement,,PERM
"Wetlands Reserve Program (WRP), Madison, OH",NRCS - Admin State OH,Private,Natural Resources Conservation Service,"2",2 - managed for biodiversity - disturbance events suppressed,237,XA,Closed,CONE,Conservation Easement,,PERM
"Wetlands Reserve Program (WRP), Madison, OH",NRCS - Admin State OH,Private,Natural Resources Conservation Service,"2",2 - managed for biodiversity - disturbance events suppressed,19,XA,Closed,CONE,Conservation Easement,,TEMP
"Wetlands Reserve Program (WRP), Madison, OH",NRCS - Admin State OH,Private,Natural Resources Conservation Service,"2",2 - managed for biodiversity - disturbance events suppressed,21,XA,Closed,CONE,Conservation Easement,,PERM
"Wetlands Reserve Program (WRP), Madison, OH",NRCS - Admin State OH,Private,Natural Resources Conservation Service,"2",2 - managed for biodiversity - disturbance events suppressed,31,XA,Closed,CONE,Conservation Easement,,TEMP
"Wetlands Reserve Program (WRP), Madison, OH",NRCS - Admin State OH,Private,Natural Resources Conservation Service,"2",2 - managed for biodiversity - disturbance events suppressed,38,XA,Closed,CONE,Conservation Easement,,PERM
"Wetlands Reserve Program (WRP), Madison, OH",NRCS - Admin State OH,Private,Natural Resources Conservation Service,"2",2 - managed for biodiversity - disturbance events suppressed,81,XA,Closed,CONE,Conservation Easement,,TEMP
"Wetlands Reserve Program (WRP), Madison, OH",NRCS - Admin State OH,Private,Natural Resources Conservation Service,"2",2 - managed for biodiversity - disturbance events suppressed,182,XA,Closed,CONE,Conservation Easement,,TEMP
"Wetlands Reserve Program (WRP), Madison, OH",NRCS - Admin State OH,Private,Natural Resources Conservation Service,"2",2 - managed for biodiversity - disturbance events suppressed,35,XA,Closed,CONE,Conservation Easement,,TEMP
"Wetlands Reserve Program (WRP), Madison, OH",NRCS - Admin State OH,Private,Natural Resources Conservation Service,"2",2 - managed for biodiversity - disturbance events suppressed,16,XA,Closed,CONE,Conservation Easement,,PERM
"Wetlands Reserve Program (WRP), Madison, OH",NRCS - Admin State OH,Private,Natural Resources Conservation Service,"2",2 - managed for biodiversity - disturbance events suppressed,8,XA,Closed,CONE,Conservation Easement,,PERM
"Wetlands Reserve Program (WRP), Mahoning, OH",NRCS - Admin State OH,Private,Natural Resources Conservation Service,"2",2 - managed for biodiversity - disturbance events suppressed,66,XA,Closed,CONE,Conservation Easement,,PERM
"Wetlands Reserve Program (WRP), Mahoning, OH",NRCS - Admin State OH,Private,Natural Resources Conservation Service,"2",2 - managed for biodiversity - disturbance events suppressed,25,XA,Closed,CONE,Conservation Easement,,TEMP
"Wetlands Reserve Program (WRP), Mahoning, OH",NRCS - Admin State OH,Private,Natural Resources Conservation Service,"2",2 - managed for biodiversity - disturbance events suppressed,26,XA,Closed,CONE,Conservation Easement,,TEMP
"Wetlands Reserve Program (WRP), Mahoning, OH",NRCS - Admin State OH,Private,Natural Resources Conservation Service,"2",2 - managed for biodiversity - disturbance events suppressed,100,XA,Closed,CONE,Conservation Easement,,PERM
"Wetlands Reserve Program (WRP), Marion, OH",NRCS - Admin State OH,Private,Natural Resources Conservation Service,"2",2 - managed for biodiversity - disturbance events suppressed,116,XA,Closed,CONE,Conservation Easement,,PERM
"Wetlands Reserve Program (WRP), Marion, OH",NRCS - Admin State OH,Private,Natural Resources Conservation Service,"2",2 - managed for biodiversity - disturbance events suppressed,36,XA,Closed,CONE,Conservation Easement,,PERM
"Wetlands Reserve Program (WRP), Marion, OH",NRCS - Admin State OH,Private,Natural Resources Conservation Service,"2",2 - managed for biodiversity - disturbance events suppressed,62,XA,Closed,CONE,Conservation Easement,,PERM
"Wetlands Reserve Program (WRP), Marion, OH",NRCS - Admin State OH,Private,Natural Resources Conservation Service,"2",2 - managed for biodiversity - disturbance events suppressed,73,XA,Closed,CONE,Conservation Easement,,PERM
"Wetlands Reserve Program (WRP), Marion, OH",NRCS - Admin State OH,Private,Natural Resources Conservation Service,"2",2 - managed for biodiversity - disturbance events suppressed,192,XA,Closed,CONE,Conservation Easement,,PERM
"Wetlands Reserve Program (WRP), Marion, OH",NRCS - Admin State OH,Private,Natural Resources Conservation Service,"2",2 - managed for biodiversity - disturbance events suppressed,75,XA,Closed,CONE,Conservation Easement,,PERM
"Wetlands Reserve Program (WRP), Marion, OH",NRCS - Admin State OH,Private,Natural Resources Conservation Service,"2",2 - managed for biodiversity - disturbance events suppressed,55,XA,Closed,CONE,Conservation Easement,,PERM
"Wetlands Reserve Program (WRP), Marion, OH",NRCS - Admin State OH,Private,Natural Resources Conservation Service,"2",2 - managed for biodiversity - disturbance events suppressed,259,XA,Closed,CONE,Conservation Easement,,PERM
"Wetlands Reserve Program (WRP), Marion, OH",NRCS - Admin State OH,Private,Natural Resources Conservation Service,"2",2 - managed for biodiversity - disturbance events suppressed,51,XA,Closed,CONE,Conservation Easement,,PERM
"Wetlands Reserve Program (WRP), Marion, OH",NRCS - Admin State OH,Private,Natural Resources Conservation Service,"2",2 - managed for biodiversity - disturbance events suppressed,60,XA,Closed,CONE,Conservation Easement,,PERM
"Wetlands Reserve Program (WRP), Marion, OH",NRCS - Admin State OH,Private,Natural Resources Conservation Service,"2",2 - managed for biodiversity - disturbance events suppressed,192,XA,Closed,CONE,Conservation Easement,,PERM
"Wetlands Reserve Program (WRP), Marion, OH",NRCS - Admin State OH,Private,Natural Resources Conservation Service,"2",2 - managed for biodiversity - disturbance events suppressed,39,XA,Closed,CONE,Conservation Easement,,PERM
"Wetlands Reserve Program (WRP), Marion, OH",NRCS - Admin State OH,Private,Natural Resources Conservation Service,"2",2 - managed for biodiversity - disturbance events suppressed,24,XA,Closed,CONE,Conservation Easement,,PERM
"Wetlands Reserve Program (WRP), Marion, OH",NRCS - Admin State OH,Private,Natural Resources Conservation Service,"2",2 - managed for biodiversity - disturbance events suppressed,161,XA,Closed,CONE,Conservation Easement,,PERM
"Wetlands Reserve Program (WRP), Marion, OH",NRCS - Admin State OH,Private,Natural Resources Conservation Service,"2",2 - managed for biodiversity - disturbance events suppressed,55,XA,Closed,CONE,Conservation Easement,,PERM
"Wetlands Reserve Program (WRP), Marion, OH",NRCS - Admin State OH,Private,Natural Resources Conservation Service,"2",2 - managed for biodiversity - disturbance events suppressed,148,XA,Closed,CONE,Conservation Easement,,PERM
"Wetlands Reserve Program (WRP), Medina, OH",NRCS - Admin State OH,Private,Natural Resources Conservation Service,"2",2 - managed for biodiversity - disturbance events suppressed,29,XA,Closed,CONE,Conservation Easement,,PERM
"Wetlands Reserve Program (WRP), Medina, OH",NRCS - Admin State OH,Private,Natural Resources Conservation Service,"2",2 - managed for biodiversity - disturbance events suppressed,5,XA,Closed,CONE,Conservation Easement,,PERM
"Wetlands Reserve Program (WRP), Mercer, OH",NRCS - Admin State OH,Private,Natural Resources Conservation Service,"2",2 - managed for biodiversity - disturbance events suppressed,13,XA,Closed,CONE,Conservation Easement,,TEMP
"Wetlands Reserve Program (WRP), Mercer, OH",NRCS - Admin State OH,Private,Natural Resources Conservation Service,"2",2 - managed for biodiversity - disturbance events suppressed,50,XA,Closed,CONE,Conservation Easement,,PERM
"Wetlands Reserve Program (WRP), Mercer, OH",NRCS - Admin State OH,Private,Natural Resources Conservation Service,"2",2 - managed for biodiversity - disturbance events suppressed,51,XA,Closed,CONE,Conservation Easement,,PERM
"Wetlands Reserve Program (WRP), Mercer, OH",NRCS - Admin State OH,Private,Natural Resources Conservation Service,"2",2 - managed for biodiversity - disturbance events suppressed,14,XA,Closed,CONE,Conservation Easement,,PERM
"Wetlands Reserve Program (WRP), Mercer, OH",NRCS - Admin State OH,Private,Natural Resources Conservation Service,"2",2 - managed for biodiversity - disturbance events suppressed,22,XA,Closed,CONE,Conservation Easement,,PERM
"Wetlands Reserve Program (WRP), Mercer, OH",NRCS - Admin State OH,Private,Natural Resources Conservation Service,"2",2 - managed for biodiversity - disturbance events suppressed,45,XA,Closed,CONE,Conservation Easement,,PERM
"Wetlands Reserve Program (WRP), Mercer, OH",NRCS - Admin State OH,Private,Natural Resources Conservation Service,"2",2 - managed for biodiversity - disturbance events suppressed,26,XA,Closed,CONE,Conservation Easement,,PERM
"Wetlands Reserve Program (WRP), Miami, OH",NRCS - Admin State OH,Private,Natural Resources Conservation Service,"2",2 - managed for biodiversity - disturbance events suppressed,42,XA,Closed,CONE,Conservation Easement,,PERM
"Wetlands Reserve Program (WRP), Miami, OH",NRCS - Admin State OH,Private,Natural Resources Conservation Service,"2",2 - managed for biodiversity - disturbance events suppressed,54,XA,Closed,CONE,Conservation Easement,,PERM
"Wetlands Reserve Program (WRP), Miami, OH",NRCS - Admin State OH,Private,Natural Resources Conservation Service,"2",2 - managed for biodiversity - disturbance events suppressed,58,XA,Closed,CONE,Conservation Easement,,PERM
"Wetlands Reserve Program (WRP), Morrow, OH",NRCS - Admin State OH,Private,Natural Resources Conservation Service,"2",2 - managed for biodiversity - disturbance events suppressed,26,XA,Closed,CONE,Conservation Easement,,PERM
"Wetlands Reserve Program (WRP), Morrow, OH",NRCS - Admin State OH,Private,Natural Resources Conservation Service,"2",2 - managed for biodiversity - disturbance events suppressed,8,XA,Closed,CONE,Conservation Easement,,PERM
"Wetlands Reserve Program (WRP), Morrow, OH",NRCS - Admin State OH,Private,Natural Resources Conservation Service,"2",2 - managed for biodiversity - disturbance events suppressed,50,XA,Closed,CONE,Conservation Easement,,TEMP
"Wetlands Reserve Program (WRP), Ottawa, OH",NRCS - Admin State OH,Private,Natural Resources Conservation Service,"2",2 - managed for biodiversity - disturbance events suppressed,64,XA,Closed,CONE,Conservation Easement,,PERM
"Wetlands Reserve Program (WRP), Ottawa, OH",NRCS - Admin State OH,Private,Natural Resources Conservation Service,"2",2 - managed for biodiversity - disturbance events suppressed,88,XA,Closed,CONE,Conservation Easement,,PERM
"Wetlands Reserve Program (WRP), Ottawa, OH",NRCS - Admin State OH,Private,Natural Resources Conservation Service,"2",2 - managed for biodiversity - disturbance events suppressed,13,XA,Closed,CONE,Conservation Easement,,TEMP
"Wetlands Reserve Program (WRP), Ottawa, OH",NRCS - Admin State OH,Private,Natural Resources Conservation Service,"2",2 - managed for biodiversity - disturbance events suppressed,636,XA,Closed,CONE,Conservation Easement,,PERM
"Wetlands Reserve Program (WRP), Ottawa, OH",NRCS - Admin State OH,Private,Natural Resources Conservation Service,"2",2 - managed for biodiversity - disturbance events suppressed,58,XA,Closed,CONE,Conservation Easement,,PERM
"Wetlands Reserve Program (WRP), Ottawa, OH",NRCS - Admin State OH,Private,Natural Resources Conservation Service,"2",2 - managed for biodiversity - disturbance events suppressed,12,XA,Closed,CONE,Conservation Easement,,PERM
"Wetlands Reserve Program (WRP), Ottawa, OH",NRCS - Admin State OH,Private,Natural Resources Conservation Service,"2",2 - managed for biodiversity - disturbance events suppressed,69,XA,Closed,CONE,Conservation Easement,,PERM
"Wetlands Reserve Program (WRP), Ottawa, OH",NRCS - Admin State OH,Private,Natural Resources Conservation Service,"2",2 - managed for biodiversity - disturbance events suppressed,4,XA,Closed,CONE,Conservation Easement,,PERM
"Wetlands Reserve Program (WRP), Ottawa, OH",NRCS - Admin State OH,Private,Natural Resources Conservation Service,"2",2 - managed for biodiversity - disturbance events suppressed,80,XA,Closed,CONE,Conservation Easement,,PERM
"Wetlands Reserve Program (WRP), Ottawa, OH",NRCS - Admin State OH,Private,Natural Resources Conservation Service,"2",2 - managed for biodiversity - disturbance events suppressed,32,XA,Closed,CONE,Conservation Easement,,PERM
"Wetlands Reserve Program (WRP), Ottawa, OH",NRCS - Admin State OH,Private,Natural Resources Conservation Service,"2",2 - managed for biodiversity - disturbance events suppressed,181,XA,Closed,CONE,Conservation Easement,,PERM
"Wetlands Reserve Program (WRP), Ottawa, OH",NRCS - Admin State OH,Private,Natural Resources Conservation Service,"2",2 - managed for biodiversity - disturbance events suppressed,23,XA,Closed,CONE,Conservation Easement,,PERM
"Wetlands Reserve Program (WRP), Ottawa, OH",NRCS - Admin State OH,Private,Natural Resources Conservation Service,"2",2 - managed for biodiversity - disturbance events suppressed,20,XA,Closed,CONE,Conservation Easement,,PERM
"Wetlands Reserve Program (WRP), Paulding, OH",NRCS - Admin State OH,Private,Natural Resources Conservation Service,"2",2 - managed for biodiversity - disturbance events suppressed,14,XA,Closed,CONE,Conservation Easement,,PERM
"Wetlands Reserve Program (WRP), Paulding, OH",NRCS - Admin State OH,Private,Natural Resources Conservation Service,"2",2 - managed for biodiversity - disturbance events suppressed,24,XA,Closed,CONE,Conservation Easement,,PERM
"Wetlands Reserve Program (WRP), Paulding, OH",NRCS - Admin State OH,Private,Natural Resources Conservation Service,"2",2 - managed for biodiversity - disturbance events suppressed,10,XA,Closed,CONE,Conservation Easement,,PERM
"Wetlands Reserve Program (WRP), Paulding, OH",NRCS - Admin State OH,Private,Natural Resources Conservation Service,"2",2 - managed for biodiversity - disturbance events suppressed,31,XA,Closed,CONE,Conservation Easement,,PERM
"Wetlands Reserve Program (WRP), Paulding, OH",NRCS - Admin State OH,Private,Natural Resources Conservation Service,"2",2 - managed for biodiversity - disturbance events suppressed,21,XA,Closed,CONE,Conservation Easement,,PERM
"Wetlands Reserve Program (WRP), Paulding, OH",NRCS - Admin State OH,Private,Natural Resources Conservation Service,"2",2 - managed for biodiversity - disturbance events suppressed,97,XA,Closed,CONE,Conservation Easement,,TEMP
"Wetlands Reserve Program (WRP), Paulding, OH",NRCS - Admin State OH,Private,Natural Resources Conservation Service,"2",2 - managed for biodiversity - disturbance events suppressed,61,XA,Closed,CONE,Conservation Easement,,TEMP
"Wetlands Reserve Program (WRP), Paulding, OH",NRCS - Admin State OH,Private,Natural Resources Conservation Service,"2",2 - managed for biodiversity - disturbance events suppressed,113,XA,Closed,CONE,Conservation Easement,,TEMP
"Wetlands Reserve Program (WRP), Paulding, OH",NRCS - Admin State OH,Private,Natural Resources Conservation Service,"2",2 - managed for biodiversity - disturbance events suppressed,38,XA,Closed,CONE,Conservation Easement,,PERM
"Wetlands Reserve Program (WRP), Paulding, OH",NRCS - Admin State OH,Private,Natural Resources Conservation Service,"2",2 - managed for biodiversity - disturbance events suppressed,74,XA,Closed,CONE,Conservation Easement,,PERM
"Wetlands Reserve Program (WRP), Perry, OH",NRCS - Admin State OH,Private,Natural Resources Conservation Service,"2",2 - managed for biodiversity - disturbance events suppressed,16,XA,Closed,CONE,Conservation Easement,,PERM
"Wetlands Reserve Program (WRP), Perry, OH",NRCS - Admin State OH,Private,Natural Resources Conservation Service,"2",2 - managed for biodiversity - disturbance events suppressed,26,XA,Closed,CONE,Conservation Easement,,PERM
"Wetlands Reserve Program (WRP), Perry, OH",NRCS - Admin State OH,Private,Natural Resources Conservation Service,"2",2 - managed for biodiversity - disturbance events suppressed,22,XA,Closed,CONE,Conservation Easement,,PERM
"Wetlands Reserve Program (WRP), Perry, OH",NRCS - Admin State OH,Private,Natural Resources Conservation Service,"2",2 - managed for biodiversity - disturbance events suppressed,136,XA,Closed,CONE,Conservation Easement,,PERM
"Wetlands Reserve Program (WRP), Pickaway, OH",NRCS - Admin State OH,Private,Natural Resources Conservation Service,"2",2 - managed for biodiversity - disturbance events suppressed,62,XA,Closed,CONE,Conservation Easement,,PERM
"Wetlands Reserve Program (WRP), Pickaway, OH",NRCS - Admin State OH,Private,Natural Resources Conservation Service,"2",2 - managed for biodiversity - disturbance events suppressed,70,XA,Closed,CONE,Conservation Easement,,PERM
"Wetlands Reserve Program (WRP), Pickaway, OH",NRCS - Admin State OH,Private,Natural Resources Conservation Service,"2",2 - managed for biodiversity - disturbance events suppressed,63,XA,Closed,CONE,Conservation Easement,,TEMP
"Wetlands Reserve Program (WRP), Pickaway, OH",NRCS - Admin State OH,Private,Natural Resources Conservation Service,"2",2 - managed for biodiversity - disturbance events suppressed,64,XA,Closed,CONE,Conservation Easement,,TEMP
"Wetlands Reserve Program (WRP), Pickaway, OH",NRCS - Admin State OH,Private,Natural Resources Conservation Service,"2",2 - managed for biodiversity - disturbance events suppressed,58,XA,Closed,CONE,Conservation Easement,,PERM
"Wetlands Reserve Program (WRP), Pickaway, OH",NRCS - Admin State OH,Private,Natural Resources Conservation Service,"2",2 - managed for biodiversity - disturbance events suppressed,18,XA,Closed,CONE,Conservation Easement,,PERM
"Wetlands Reserve Program (WRP), Pickaway, OH",NRCS - Admin State OH,Private,Natural Resources Conservation Service,"2",2 - managed for biodiversity - disturbance events suppressed,26,XA,Closed,CONE,Conservation Easement,,PERM
"Wetlands Reserve Program (WRP), Pickaway, OH",NRCS - Admin State OH,Private,Natural Resources Conservation Service,"2",2 - managed for biodiversity - disturbance events suppressed,10,XA,Closed,CONE,Conservation Easement,,PERM
"Wetlands Reserve Program (WRP), Pickaway, OH",NRCS - Admin State OH,Private,Natural Resources Conservation Service,"2",2 - managed for biodiversity - disturbance events suppressed,69,XA,Closed,CONE,Conservation Easement,,PERM
"Wetlands Reserve Program (WRP), Pickaway, OH",NRCS - Admin State OH,Private,Natural Resources Conservation Service,"2",2 - managed for biodiversity - disturbance events suppressed,123,XA,Closed,CONE,Conservation Easement,,PERM
"Wetlands Reserve Program (WRP), Pike, OH",NRCS - Admin State OH,Private,Natural Resources Conservation Service,"2",2 - managed for biodiversity - disturbance events suppressed,220,XA,Closed,CONE,Conservation Easement,,PERM
"Wetlands Reserve Program (WRP), Portage, OH",NRCS - Admin State OH,Private,Natural Resources Conservation Service,"2",2 - managed for biodiversity - disturbance events suppressed,49,XA,Closed,CONE,Conservation Easement,,PERM
"Wetlands Reserve Program (WRP), Portage, OH",NRCS - Admin State OH,Private,Natural Resources Conservation Service,"2",2 - managed for biodiversity - disturbance events suppressed,22,XA,Closed,CONE,Conservation Easement,,PERM
"Wetlands Reserve Program (WRP), Portage, OH",NRCS - Admin State OH,Private,Natural Resources Conservation Service,"2",2 - managed for biodiversity - disturbance events suppressed,19,XA,Closed,CONE,Conservation Easement,,PERM
"Wetlands Reserve Program (WRP), Portage, OH",NRCS - Admin State OH,Private,Natural Resources Conservation Service,"2",2 - managed for biodiversity - disturbance events suppressed,25,XA,Closed,CONE,Conservation Easement,,PERM
"Wetlands Reserve Program (WRP), Portage, OH",NRCS - Admin State OH,Private,Natural Resources Conservation Service,"2",2 - managed for biodiversity - disturbance events suppressed,35,XA,Closed,CONE,Conservation Easement,,PERM
"Wetlands Reserve Program (WRP), Portage, OH",NRCS - Admin State OH,Private,Natural Resources Conservation Service,"2",2 - managed for biodiversity - disturbance events suppressed,12,XA,Closed,CONE,Conservation Easement,,PERM
"Wetlands Reserve Program (WRP), Portage, OH",NRCS - Admin State OH,Private,Natural Resources Conservation Service,"2",2 - managed for biodiversity - disturbance events suppressed,26,XA,Closed,CONE,Conservation Easement,,PERM
"Wetlands Reserve Program (WRP), Portage, OH",NRCS - Admin State OH,Private,Natural Resources Conservation Service,"2",2 - managed for biodiversity - disturbance events suppressed,29,XA,Closed,CONE,Conservation Easement,,PERM
"Wetlands Reserve Program (WRP), Portage, OH",NRCS - Admin State OH,Private,Natural Resources Conservation Service,"2",2 - managed for biodiversity - disturbance events suppressed,82,XA,Closed,CONE,Conservation Easement,,PERM
"Wetlands Reserve Program (WRP), Portage, OH",NRCS - Admin State OH,Private,Natural Resources Conservation Service,"2",2 - managed for biodiversity - disturbance events suppressed,176,XA,Closed,CONE,Conservation Easement,,PERM
"Wetlands Reserve Program (WRP), Portage, OH",NRCS - Admin State OH,Private,Natural Resources Conservation Service,"2",2 - managed for biodiversity - disturbance events suppressed,37,XA,Closed,CONE,Conservation Easement,,PERM
"Wetlands Reserve Program (WRP), Portage, OH",NRCS - Admin State OH,Private,Natural Resources Conservation Service,"2",2 - managed for biodiversity - disturbance events suppressed,40,XA,Closed,CONE,Conservation Easement,,PERM
"Wetlands Reserve Program (WRP), Portage, OH",NRCS - Admin State OH,Private,Natural Resources Conservation Service,"2",2 - managed for biodiversity - disturbance events suppressed,27,XA,Closed,CONE,Conservation Easement,,PERM
"Wetlands Reserve Program (WRP), Portage, OH",NRCS - Admin State OH,Private,Natural Resources Conservation Service,"2",2 - managed for biodiversity - disturbance events suppressed,29,XA,Closed,CONE,Conservation Easement,,PERM
"Wetlands Reserve Program (WRP), Portage, OH",NRCS - Admin State OH,Private,Natural Resources Conservation Service,"2",2 - managed for biodiversity - disturbance events suppressed,37,XA,Closed,CONE,Conservation Easement,,PERM
"Wetlands Reserve Program (WRP), Portage, OH",NRCS - Admin State OH,Private,Natural Resources Conservation Service,"2",2 - managed for biodiversity - disturbance events suppressed,30,XA,Closed,CONE,Conservation Easement,,PERM
"Wetlands Reserve Program (WRP), Portage, OH",NRCS - Admin State OH,Private,Natural Resources Conservation Service,"2",2 - managed for biodiversity - disturbance events suppressed,36,XA,Closed,CONE,Conservation Easement,,TEMP
"Wetlands Reserve Program (WRP), Preble, OH",NRCS - Admin State OH,Private,Natural Resources Conservation Service,"2",2 - managed for biodiversity - disturbance events suppressed,149,XA,Closed,CONE,Conservation Easement,,PERM
"Wetlands Reserve Program (WRP), Preble, OH",NRCS - Admin State OH,Private,Natural Resources Conservation Service,"2",2 - managed for biodiversity - disturbance events suppressed,104,XA,Closed,CONE,Conservation Easement,,PERM
"Wetlands Reserve Program (WRP), Putnam, OH",NRCS - Admin State OH,Private,Natural Resources Conservation Service,"2",2 - managed for biodiversity - disturbance events suppressed,25,XA,Closed,CONE,Conservation Easement,,PERM
"Wetlands Reserve Program (WRP), Richland, OH",NRCS - Admin State OH,Private,Natural Resources Conservation Service,"2",2 - managed for biodiversity - disturbance events suppressed,41,XA,Closed,CONE,Conservation Easement,,TEMP
"Wetlands Reserve Program (WRP), Ross, OH",NRCS - Admin State OH,Private,Natural Resources Conservation Service,"2",2 - managed for biodiversity - disturbance events suppressed,14,XA,Closed,CONE,Conservation Easement,,PERM
"Wetlands Reserve Program (WRP), Ross, OH",NRCS - Admin State OH,Private,Natural Resources Conservation Service,"2",2 - managed for biodiversity - disturbance events suppressed,136,XA,Closed,CONE,Conservation Easement,,PERM
"Wetlands Reserve Program (WRP), Sandusky, OH",NRCS - Admin State OH,Private,Natural Resources Conservation Service,"2",2 - managed for biodiversity - disturbance events suppressed,37,XA,Closed,CONE,Conservation Easement,,PERM
"Wetlands Reserve Program (WRP), Sandusky, OH",NRCS - Admin State OH,Private,Natural Resources Conservation Service,"2",2 - managed for biodiversity - disturbance events suppressed,83,XA,Closed,CONE,Conservation Easement,,PERM
"Wetlands Reserve Program (WRP), Sandusky, OH",NRCS - Admin State OH,Private,Natural Resources Conservation Service,"2",2 - managed for biodiversity - disturbance events suppressed,37,XA,Closed,CONE,Conservation Easement,,TEMP
"Wetlands Reserve Program (WRP), Sandusky, OH",NRCS - Admin State OH,Private,Natural Resources Conservation Service,"2",2 - managed for biodiversity - disturbance events suppressed,107,XA,Closed,CONE,Conservation Easement,,PERM
"Wetlands Reserve Program (WRP), Sandusky, OH",NRCS - Admin State OH,Private,Natural Resources Conservation Service,"2",2 - managed for biodiversity - disturbance events suppressed,19,XA,Closed,CONE,Conservation Easement,,PERM
"Wetlands Reserve Program (WRP), Sandusky, OH",NRCS - Admin State OH,Private,Natural Resources Conservation Service,"2",2 - managed for biodiversity - disturbance events suppressed,372,XA,Closed,CONE,Conservation Easement,,PERM
"Wetlands Reserve Program (WRP), Sandusky, OH",NRCS - Admin State OH,Private,Natural Resources Conservation Service,"2",2 - managed for biodiversity - disturbance events suppressed,37,XA,Closed,CONE,Conservation Easement,,PERM
"Wetlands Reserve Program (WRP), Sandusky, OH",NRCS - Admin State OH,Private,Natural Resources Conservation Service,"2",2 - managed for biodiversity - disturbance events suppressed,57,XA,Closed,CONE,Conservation Easement,,PERM
"Wetlands Reserve Program (WRP), Seneca, OH",NRCS - Admin State OH,Private,Natural Resources Conservation Service,"2",2 - managed for biodiversity - disturbance events suppressed,60,XA,Closed,CONE,Conservation Easement,,PERM
"Wetlands Reserve Program (WRP), Seneca, OH",NRCS - Admin State OH,Private,Natural Resources Conservation Service,"2",2 - managed for biodiversity - disturbance events suppressed,104,XA,Closed,CONE,Conservation Easement,,PERM
"Wetlands Reserve Program (WRP), Seneca, OH",NRCS - Admin State OH,Private,Natural Resources Conservation Service,"2",2 - managed for biodiversity - disturbance events suppressed,26,XA,Closed,CONE,Conservation Easement,,PERM
"Wetlands Reserve Program (WRP), Trumbull, OH",NRCS - Admin State OH,Private,Natural Resources Conservation Service,"2",2 - managed for biodiversity - disturbance events suppressed,22,XA,Closed,CONE,Conservation Easement,,PERM
"Wetlands Reserve Program (WRP), Trumbull, OH",NRCS - Admin State OH,Private,Natural Resources Conservation Service,"2",2 - managed for biodiversity - disturbance events suppressed,21,XA,Closed,CONE,Conservation Easement,,PERM
"Wetlands Reserve Program (WRP), Trumbull, OH",NRCS - Admin State OH,Private,Natural Resources Conservation Service,"2",2 - managed for biodiversity - disturbance events suppressed,157,XA,Closed,CONE,Conservation Easement,,PERM
"Wetlands Reserve Program (WRP), Trumbull, OH",NRCS - Admin State OH,Private,Natural Resources Conservation Service,"2",2 - managed for biodiversity - disturbance events suppressed,16,XA,Closed,CONE,Conservation Easement,,TEMP
"Wetlands Reserve Program (WRP), Trumbull, OH",NRCS - Admin State OH,Private,Natural Resources Conservation Service,"2",2 - managed for biodiversity - disturbance events suppressed,316,XA,Closed,CONE,Conservation Easement,,PERM
"Wetlands Reserve Program (WRP), Union, OH",NRCS - Admin State OH,Private,Natural Resources Conservation Service,"2",2 - managed for biodiversity - disturbance events suppressed,23,XA,Closed,CONE,Conservation Easement,,PERM
"Wetlands Reserve Program (WRP), Union, OH",NRCS - Admin State OH,Private,Natural Resources Conservation Service,"2",2 - managed for biodiversity - disturbance events suppressed,25,XA,Closed,CONE,Conservation Easement,,PERM
"Wetlands Reserve Program (WRP), Union, OH",NRCS - Admin State OH,Private,Natural Resources Conservation Service,"2",2 - managed for biodiversity - disturbance events suppressed,37,XA,Closed,CONE,Conservation Easement,,PERM
"Wetlands Reserve Program (WRP), Union, OH",NRCS - Admin State OH,Private,Natural Resources Conservation Service,"2",2 - managed for biodiversity - disturbance events suppressed,42,XA,Closed,CONE,Conservation Easement,,PERM
"Wetlands Reserve Program (WRP), Union, OH",NRCS - Admin State OH,Private,Natural Resources Conservation Service,"2",2 - managed for biodiversity - disturbance events suppressed,3,XA,Closed,CONE,Conservation Easement,,PERM
"Wetlands Reserve Program (WRP), Union, OH",NRCS - Admin State OH,Private,Natural Resources Conservation Service,"2",2 - managed for biodiversity - disturbance events suppressed,9,XA,Closed,CONE,Conservation Easement,,PERM
"Wetlands Reserve Program (WRP), Union, OH",NRCS - Admin State OH,Private,Natural Resources Conservation Service,"2",2 - managed for biodiversity - disturbance events suppressed,10,XA,Closed,CONE,Conservation Easement,,TEMP
"Wetlands Reserve Program (WRP), Union, OH",NRCS - Admin State OH,Private,Natural Resources Conservation Service,"2",2 - managed for biodiversity - disturbance events suppressed,19,XA,Closed,CONE,Conservation Easement,,TEMP
"Wetlands Reserve Program (WRP), Union, OH",NRCS - Admin State OH,Private,Natural Resources Conservation Service,"2",2 - managed for biodiversity - disturbance events suppressed,40,XA,Closed,CONE,Conservation Easement,,TEMP
"Wetlands Reserve Program (WRP), Union, OH",NRCS - Admin State OH,Private,Natural Resources Conservation Service,"2",2 - managed for biodiversity - disturbance events suppressed,177,XA,Closed,CONE,Conservation Easement,,PERM
"Wetlands Reserve Program (WRP), Union, OH",NRCS - Admin State OH,Private,Natural Resources Conservation Service,"2",2 - managed for biodiversity - disturbance events suppressed,8,XA,Closed,CONE,Conservation Easement,,PERM
"Wetlands Reserve Program (WRP), Union, OH",NRCS - Admin State OH,Private,Natural Resources Conservation Service,"2",2 - managed for biodiversity - disturbance events suppressed,16,XA,Closed,CONE,Conservation Easement,,TEMP
"Wetlands Reserve Program (WRP), Union, OH",NRCS - Admin State OH,Private,Natural Resources Conservation Service,"2",2 - managed for biodiversity - disturbance events suppressed,17,XA,Closed,CONE,Conservation Easement,,PERM
"Wetlands Reserve Program (WRP), Union, OH",NRCS - Admin State OH,Private,Natural Resources Conservation Service,"2",2 - managed for biodiversity - disturbance events suppressed,30,XA,Closed,CONE,Conservation Easement,,PERM
"Wetlands Reserve Program (WRP), Union, OH",NRCS - Admin State OH,Private,Natural Resources Conservation Service,"2",2 - managed for biodiversity - disturbance events suppressed,30,XA,Closed,CONE,Conservation Easement,,PERM
"Wetlands Reserve Program (WRP), Union, OH",NRCS - Admin State OH,Private,Natural Resources Conservation Service,"2",2 - managed for biodiversity - disturbance events suppressed,44,XA,Closed,CONE,Conservation Easement,,PERM
"Wetlands Reserve Program (WRP), Union, OH",NRCS - Admin State OH,Private,Natural Resources Conservation Service,"2",2 - managed for biodiversity - disturbance events suppressed,30,XA,Closed,CONE,Conservation Easement,,PERM
"Wetlands Reserve Program (WRP), Union, OH",NRCS - Admin State OH,Private,Natural Resources Conservation Service,"2",2 - managed for biodiversity - disturbance events suppressed,95,XA,Closed,CONE,Conservation Easement,,PERM
"Wetlands Reserve Program (WRP), Van Wert, OH",NRCS - Admin State OH,Private,Natural Resources Conservation Service,"2",2 - managed for biodiversity - disturbance events suppressed,47,XA,Closed,CONE,Conservation Easement,,PERM
"Wetlands Reserve Program (WRP), Van Wert, OH",NRCS - Admin State OH,Private,Natural Resources Conservation Service,"2",2 - managed for biodiversity - disturbance events suppressed,21,XA,Closed,CONE,Conservation Easement,,PERM
"Wetlands Reserve Program (WRP), Van Wert, OH",NRCS - Admin State OH,Private,Natural Resources Conservation Service,"2",2 - managed for biodiversity - disturbance events suppressed,9,XA,Closed,CONE,Conservation Easement,,PERM
"Wetlands Reserve Program (WRP), Wayne, OH",NRCS - Admin State OH,Private,Natural Resources Conservation Service,"2",2 - managed for biodiversity - disturbance events suppressed,31,XA,Closed,CONE,Conservation Easement,,PERM
"Wetlands Reserve Program (WRP), Wayne, OH",NRCS - Admin State OH,Private,Natural Resources Conservation Service,"2",2 - managed for biodiversity - disturbance events suppressed,45,XA,Closed,CONE,Conservation Easement,,PERM
"Wetlands Reserve Program (WRP), Wayne, OH",NRCS - Admin State OH,Private,Natural Resources Conservation Service,"2",2 - managed for biodiversity - disturbance events suppressed,6,XA,Closed,CONE,Conservation Easement,,PERM
"Wetlands Reserve Program (WRP), Wayne, OH",NRCS - Admin State OH,Private,Natural Resources Conservation Service,"2",2 - managed for biodiversity - disturbance events suppressed,17,XA,Closed,CONE,Conservation Easement,,TEMP
"Wetlands Reserve Program (WRP), Wayne, OH",NRCS - Admin State OH,Private,Natural Resources Conservation Service,"2",2 - managed for biodiversity - disturbance events suppressed,20,XA,Closed,CONE,Conservation Easement,,TEMP
"Wetlands Reserve Program (WRP), Wayne, OH",NRCS - Admin State OH,Private,Natural Resources Conservation Service,"2",2 - managed for biodiversity - disturbance events suppressed,29,XA,Closed,CONE,Conservation Easement,,PERM
"Wetlands Reserve Program (WRP), Wayne, OH",NRCS - Admin State OH,Private,Natural Resources Conservation Service,"2",2 - managed for biodiversity - disturbance events suppressed,19,XA,Closed,CONE,Conservation Easement,,TEMP
"Wetlands Reserve Program (WRP), Wayne, OH",NRCS - Admin State OH,Private,Natural Resources Conservation Service,"2",2 - managed for biodiversity - disturbance events suppressed,83,XA,Closed,CONE,Conservation Easement,,PERM
"Wetlands Reserve Program (WRP), Wayne, OH",NRCS - Admin State OH,Private,Natural Resources Conservation Service,"2",2 - managed for biodiversity - disturbance events suppressed,111,XA,Closed,CONE,Conservation Easement,,PERM
"Wetlands Reserve Program (WRP), Williams, OH",NRCS - Admin State OH,Private,Natural Resources Conservation Service,"2",2 - managed for biodiversity - disturbance events suppressed,82,XA,Closed,CONE,Conservation Easement,,PERM
"Wetlands Reserve Program (WRP), Williams, OH",NRCS - Admin State OH,Private,Natural Resources Conservation Service,"2",2 - managed for biodiversity - disturbance events suppressed,450,XA,Closed,CONE,Conservation Easement,,PERM
"Wetlands Reserve Program (WRP), Williams, OH",NRCS - Admin State OH,Private,Natural Resources Conservation Service,"2",2 - managed for biodiversity - disturbance events suppressed,49,XA,Closed,CONE,Conservation Easement,,PERM
"Wetlands Reserve Program (WRP), Williams, OH",NRCS - Admin State OH,Private,Natural Resources Conservation Service,"2",2 - managed for biodiversity - disturbance events suppressed,30,XA,Closed,CONE,Conservation Easement,,PERM
"Wetlands Reserve Program (WRP), Wood, OH",NRCS - Admin State OH,Private,Natural Resources Conservation Service,"2",2 - managed for biodiversity - disturbance events suppressed,14,XA,Closed,CONE,Conservation Easement,,PERM
"Wetlands Reserve Program (WRP), Wood, OH",NRCS - Admin State OH,Private,Natural Resources Conservation Service,"2",2 - managed for biodiversity - disturbance events suppressed,27,XA,Closed,CONE,Conservation Easement,,PERM
"Wetlands Reserve Program (WRP), Wood, OH",NRCS - Admin State OH,Private,Natural Resources Conservation Service,"2",2 - managed for biodiversity - disturbance events suppressed,56,XA,Closed,CONE,Conservation Easement,,PERM
"Wetlands Reserve Program (WRP), Wyandot, OH",NRCS - Admin State OH,Private,Natural Resources Conservation Service,"2",2 - managed for biodiversity - disturbance events suppressed,16,XA,Closed,CONE,Conservation Easement,,PERM
"Wetlands Reserve Program (WRP), Wyandot, OH",NRCS - Admin State OH,Private,Natural Resources Conservation Service,"2",2 - managed for biodiversity - disturbance events suppressed,10,XA,Closed,CONE,Conservation Easement,,PERM
"Wetlands Reserve Program (WRP), Wyandot, OH",NRCS - Admin State OH,Private,Natural Resources Conservation Service,"2",2 - managed for biodiversity - disturbance events suppressed,51,XA,Closed,CONE,Conservation Easement,,TEMP
"Wetlands Reserve Program (WRP), Wyandot, OH",NRCS - Admin State OH,Private,Natural Resources Conservation Service,"2",2 - managed for biodiversity - disturbance events suppressed,74,XA,Closed,CONE,Conservation Easement,,PERM
"Wetlands Reserve Program (WRP), Wyandot, OH",NRCS - Admin State OH,Private,Natural Resources Conservation Service,"2",2 - managed for biodiversity - disturbance events suppressed,38,XA,Closed,CONE,Conservation Easement,,TEMP
"Wetlands Reserve Program (WRP), Wyandot, OH",NRCS - Admin State OH,Private,Natural Resources Conservation Service,"2",2 - managed for biodiversity - disturbance events suppressed,71,XA,Closed,CONE,Conservation Easement,,PERM
"Wetlands Reserve Program (WRP), Wyandot, OH",NRCS - Admin State OH,Private,Natural Resources Conservation Service,"2",2 - managed for biodiversity - disturbance events suppressed,35,XA,Closed,CONE,Conservation Easement,,PERM
"Healthy Forest Reserve Program (HFRP), Williams, OH",NRCS - Admin State OH,Private,Natural Resources Conservation Service,"3",3 - managed for multiple uses - subject to extractive (e.g. mining or logging) or OHV use,27,XA,Closed,FORE,Forest Stewardship Easement,,PERM
"Healthy Forest Reserve Program (HFRP), Williams, OH",NRCS - Admin State OH,Private,Natural Resources Conservation Service,"3",3 - managed for multiple uses - subject to extractive (e.g. mining or logging) or OHV use,73,XA,Closed,FORE,Forest Stewardship Easement,,PERM
"Other Stewardship Lands (OSL), Crawford (39033), OH",NRCS - Admin State OH,Private,Natural Resources Conservation Service,"4",4 - no known mandate for biodiversity protection,2,XA,Closed,OTHE,Other Easement,,UNK
"Other Stewardship Lands (OSL), Marion (39101), OH",NRCS - Admin State OH,Private,Natural Resources Conservation Service,"4",4 - no known mandate for biodiversity protection,1,XA,Closed,OTHE,Other Easement,,UNK
Cuyahoga Valley National Park,,Unknown,National Park Service,"2",2 - managed for biodiversity - disturbance events suppressed,115,XA,Closed,CONE,Conservation Easement,,
Cuyahoga Valley National Park,,Unknown,National Park Service,"2",2 - managed for biodiversity - disturbance events suppressed,1339,XA,Closed,CONE,Conservation Easement,,
First Ladies National Historic Site,,Unknown,National Park Service,"4",4 - no known mandate for biodiversity protection,0,XA,Closed,HCAE,Historic or Cultural Easement,,
Hopewell Culture National Historical Park,,Unknown,National Park Service,"3",3 - managed for multiple uses - subject to extractive (e.g. mining or logging) or OHV use,8,XA,Closed,HCAE,Historic or Cultural Easement,,
Hopewell Culture National Historical Park,,Unknown,National Park Service,"4",4 - no known mandate for biodiversity protection,3,XA,Closed,HCAE,Historic or Cultural Easement,,
Perry's Victory and International Peace Memorial,,Unknown,National Park Service,"3",3 - managed for multiple uses - subject to extractive (e.g. mining or logging) or OHV use,0,XA,Closed,HCAE,Historic or Cultural Easement,,
Mullins Scioto River Conservation Easement,Unknown Local Government,Regional Agency Land,Other or Unknown Local Government,"4",4 - no known mandate for biodiversity protection,83,OA,Open Access,CONE,Conservation Easement,"995973",UNK
Perry's Victory and International Peace Memorial,Unknown Federal Government,Other or Unknown Federal Land,Other or Unknown Federal Land,"3",3 - managed for multiple uses - subject to extractive (e.g. mining or logging) or OHV use,0,XA,Closed,HCAE,Historic or Cultural Easement,"916779",PERM
Suffolk,Gates Mills Land Conservancy,Joint,Non-Governmental Organization,"4",4 - no known mandate for biodiversity protection,9,UK,Unknown,CONE,Conservation Easement,"980812",PERM
Chandler Wildlife Sanctuary,Medina/Summit Land Conservancy,Joint,Non-Governmental Organization,"4",4 - no known mandate for biodiversity protection,105,XA,Closed,OTHE,Other Easement,"922478",UNK
Bedford,Cleveland MetroParks,Other or Unknown Local Government,Regional Agency Land,"4",4 - no known mandate for biodiversity protection,1,UK,Unknown,RECE,Recreation or Education Easement,"936344",UNK
Bedford,Cleveland MetroParks,Other or Unknown Local Government,Regional Agency Land,"4",4 - no known mandate for biodiversity protection,5,UK,Unknown,RECE,Recreation or Education Easement,"936345",UNK
Beecher's Brook Hemlock Ravine And South Ridge Acquisition,Cleveland MetroParks,Other or Unknown Local Government,Regional Agency Land,"4",4 - no known mandate for biodiversity protection,10,OA,Open Access,RECE,Recreation or Education Easement,"936353",UNK
Hinckley,Cleveland MetroParks,Other or Unknown Local Government,Regional Agency Land,"4",4 - no known mandate for biodiversity protection,145,XA,Closed,RECE,Recreation or Education Easement,"936332",UNK
Rocky River Upland & Open Space,Cleveland MetroParks,Other or Unknown Local Government,Regional Agency Land,"4",4 - no known mandate for biodiversity protection,3,OA,Open Access,RECE,Recreation or Education Easement,"936350",UNK
Camp Fire Conservation Easement,Columbus MetroParks,Other or Unknown Local Government,Regional Agency Land,"4",4 - no known mandate for biodiversity protection,112,OA,Open Access,RECE,Recreation or Education Easement,"936352",UNK
Clear Creek Metro Park,Columbus MetroParks,Other or Unknown Local Government,Regional Agency Land,"4",4 - no known mandate for biodiversity protection,79,OA,Open Access,RECE,Recreation or Education Easement,"936351",UNK
Anchor/Island Easement,Lake Metroparks,Other or Unknown Local Government,Regional Agency Land,"1",1 - managed for biodiversity - disturbance events proceed or are mimicked,6,XA,Closed,CONE,Conservation Easement,"76714",PERM
Ward Creek Easement,Lake Metroparks,Other or Unknown Local Government,Regional Agency Land,"1",1 - managed for biodiversity - disturbance events proceed or are mimicked,31,OA,Open Access,CONE,Conservation Easement,"77014",PERM
Arcola Creek Park,Lake Metroparks,Other or Unknown Local Government,Regional Agency Land,"1",1 - managed for biodiversity - disturbance events proceed or are mimicked,22,UK,Unknown,UNKE,Unknown Easement,"926550",PERM
Brunswick North Park,Medina County Park District,Other or Unknown Local Government,Regional Agency Land,"4",4 - no known mandate for biodiversity protection,15,XA,Closed,CONE,Conservation Easement,"922477",UNK
Princess Ledges Nature Preserve,Medina County Park District,Other or Unknown Local Government,Regional Agency Land,"4",4 - no known mandate for biodiversity protection,3,XA,Closed,CONE,Conservation Easement,"922469",PERM
Chippewa Lake,Medina County Park District,Other or Unknown Local Government,Regional Agency Land,"4",4 - no known mandate for biodiversity protection,25,OA,Open Access,OTHE,Other Easement,"922479",UNK
City of Medina,Medina County Park District,Other or Unknown Local Government,Regional Agency Land,"4",4 - no known mandate for biodiversity protection,4,RA,Restricted Access,OTHE,Other Easement,"922475",UNK
Mawell Blvd.,Medina County Park District,Other or Unknown Local Government,Regional Agency Land,"4",4 - no known mandate for biodiversity protection,7,XA,Closed,OTHE,Other Easement,"922476",UNK
Medina City Schools,Medina County Park District,Other or Unknown Local Government,Regional Agency Land,"4",4 - no known mandate for biodiversity protection,12,RA,Restricted Access,OTHE,Other Easement,"922474",UNK
Brunswick Lake,Medina County Park District,Other or Unknown Local Government,Regional Agency Land,"4",4 - no known mandate for biodiversity protection,21,OA,Open Access,RECE,Recreation or Education Easement,"922464",UNK
Brunswick Lake,Medina County Park District,Other or Unknown Local Government,Regional Agency Land,"4",4 - no known mandate for biodiversity protection,0,OA,Open Access,RECE,Recreation or Education Easement,"922465",UNK
Brunswick Lake,Medina County Park District,Other or Unknown Local Government,Regional Agency Land,"4",4 - no known mandate for biodiversity protection,0,OA,Open Access,RECE,Recreation or Education Easement,"922466",UNK
Brunswick Lake,Medina County Park District,Other or Unknown Local Government,Regional Agency Land,"4",4 - no known mandate for biodiversity protection,1,OA,Open Access,RECE,Recreation or Education Easement,"922468",UNK
Brunswick Lake,Medina County Park District,Other or Unknown Local Government,Regional Agency Land,"4",4 - no known mandate for biodiversity protection,33,OA,Open Access,RECE,Recreation or Education Easement,"922467",UNK
Hellbranch Run Riparian Corridor Protection,Franklin Soil and Water Conservation District,Other or Unknown Local Government,Regional Water Districts,"4",4 - no known mandate for biodiversity protection,17,OA,Open Access,CONE,Conservation Easement,"936358",UNK
Johnson Road Riparian Protection Area,Franklin Soil and Water Conservation District,Other or Unknown Local Government,Regional Water Districts,"4",4 - no known mandate for biodiversity protection,84,OA,Open Access,CONE,Conservation Easement,"936357",UNK
Salt Creek Riparian Corridor Protection And Enhancement,Hocking Soil and Water Conservation District,Other or Unknown Local Government,Regional Water Districts,"4",4 - no known mandate for biodiversity protection,128,OA,Open Access,CONE,Conservation Easement,"936354",UNK
Western Reserve Land Conservancy 454,"Western Reserve Land Conservancy, Cleveland Museum of Natural History",Other or Unknown Local Government,Joint,"4",4 - no known mandate for biodiversity protection,59,XA,Closed,UNKE,Unknown Easement,"937784",PERM
Western Reserve Land Conservancy 469,"Western Reserve Land Conservancy, Cleveland Museum of Natural History",Other or Unknown Local Government,Joint,"4",4 - no known mandate for biodiversity protection,18,XA,Closed,UNKE,Unknown Easement,"937786",PERM
Western Reserve Land Conservancy 277,"Western Reserve Land Conservancy, Erie Metroparks",Other or Unknown Local Government,Joint,"4",4 - no known mandate for biodiversity protection,61,OA,Open Access,UNKE,Unknown Easement,"77165",PERM
Western Reserve Land Conservancy 158,"Western Reserve Land Conservancy, Richfield Township, OH",Other or Unknown Local Government,Joint,"4",4 - no known mandate for biodiversity protection,80,XA,Closed,UNKE,Unknown Easement,"77043",PERM
Western Reserve Land Conservancy 110,"Western Reserve Land Conservancy, Solon, OH",Other or Unknown Local Government,Joint,"4",4 - no known mandate for biodiversity protection,37,XA,Closed,UNKE,Unknown Easement,"77041",PERM
Western Reserve Land Conservancy 480,"Western Reserve Land Conservancy, Summit County Metroparks",Other or Unknown Local Government,Joint,"4",4 - no known mandate for biodiversity protection,293,XA,Closed,CONE,Conservation Easement,"937795",PERM
Western Reserve Land Conservancy 109,"Western Reserve Land Conservancy, Unknown Ohio",Other or Unknown Local Government,Joint,"4",4 - no known mandate for biodiversity protection,23,XA,Closed,UNKE,Unknown Easement,"77091",PERM
Harmody Park (Treadway Creek Trail,"Cleveland, OH",Other or Unknown Local Government,City Land,"4",4 - no known mandate for biodiversity protection,7,OA,Open Access,RECE,Recreation or Education Easement,"936331",UNK
Rocky River Park,Liverpool Township Trustees,Other or Unknown Local Government,City Land,"4",4 - no known mandate for biodiversity protection,0,XA,Closed,OTHE,Other Easement,"922480",UNK
Rocky River Park,Liverpool Township Trustees,Other or Unknown Local Government,City Land,"4",4 - no known mandate for biodiversity protection,28,XA,Closed,OTHE,Other Easement,"922481",UNK
Rocky River Park,Liverpool Township Trustees,Other or Unknown Local Government,City Land,"4",4 - no known mandate for biodiversity protection,0,XA,Closed,OTHE,Other Easement,"922482",UNK
Rocky River Park,Liverpool Township Trustees,Other or Unknown Local Government,City Land,"4",4 - no known mandate for biodiversity protection,3,XA,Closed,OTHE,Other Easement,"922483",UNK
Tampa Strip,Lucas County Commissioners,Other or Unknown Local Government,County Land,"4",4 - no known mandate for biodiversity protection,0,XA,Closed,UNKE,Unknown Easement,"38575",PERM
Cave Lake 1,"Pike County, OH",Other or Unknown Local Government,County Land,"4",4 - no known mandate for biodiversity protection,522,OA,Open Access,RECE,Recreation or Education Easement,"936355",UNK
Cave Lake 2,"Pike County, OH",Other or Unknown Local Government,County Land,"4",4 - no known mandate for biodiversity protection,158,OA,Open Access,RECE,Recreation or Education Easement,"936356",UNK
Twin Bridges Land Acquisition And Easement,Unknown Local Government,Other or Unknown Local Government,Other or Unknown Local Government,"4",4 - no known mandate for biodiversity protection,45,OA,Open Access,CONE,Conservation Easement,"995975",UNK
Upper Twin Conservation Area Easement,Unknown Local Government,Other or Unknown Local Government,Other or Unknown Local Government,"4",4 - no known mandate for biodiversity protection,277,OA,Open Access,CONE,Conservation Easement,"995971",PERM
LaurelRidge II,Cardinal Land Conservancy,Other or Unknown Local Government,Non-Governmental Organization,"4",4 - no known mandate for biodiversity protection,5,XA,Closed,OTHE,Other Easement,"927620",PERM
Carpenter Road,Gates Mills Land Conservancy,Other or Unknown Local Government,Non-Governmental Organization,"4",4 - no known mandate for biodiversity protection,80,UK,Unknown,CONE,Conservation Easement,"980766",PERM
Carpenter Road 2,Gates Mills Land Conservancy,Other or Unknown Local Government,Non-Governmental Organization,"4",4 - no known mandate for biodiversity protection,11,UK,Unknown,CONE,Conservation Easement,"980767",PERM
Cleveland Metroparks 1,Gates Mills Land Conservancy,Other or Unknown Local Government,Non-Governmental Organization,"4",4 - no known mandate for biodiversity protection,4,UK,Unknown,CONE,Conservation Easement,"980769",PERM
Cleveland Metroparks 2,Gates Mills Land Conservancy,Other or Unknown Local Government,Non-Governmental Organization,"4",4 - no known mandate for biodiversity protection,6,UK,Unknown,CONE,Conservation Easement,"980770",PERM
Polo Field,Gates Mills Land Conservancy,Other or Unknown Local Government,Non-Governmental Organization,"4",4 - no known mandate for biodiversity protection,24,UK,Unknown,CONE,Conservation Easement,"980809",PERM
MacIvor Wildlife Sanctuary,The Humane Society Wildlife Land Trust,Other or Unknown Local Government,Non-Governmental Organization,"4",4 - no known mandate for biodiversity protection,55,UK,Unknown,CONE,Conservation Easement,"986793",PERM
Busch Easement,West Creek Conservancy,Other or Unknown Local Government,Non-Governmental Organization,"4",4 - no known mandate for biodiversity protection,14,RA,Restricted Access,CONE,Conservation Easement,"937718",UNK
Confluence,West Creek Conservancy,Other or Unknown Local Government,Non-Governmental Organization,"4",4 - no known mandate for biodiversity protection,10,RA,Restricted Access,CONE,Conservation Easement,"937722",UNK
"Parma Block ""D""",West Creek Conservancy,Other or Unknown Local Government,Non-Governmental Organization,"4",4 - no known mandate for biodiversity protection,2,XA,Closed,CONE,Conservation Easement,"937725",UNK
Parma Snake Hill,West Creek Conservancy,Other or Unknown Local Government,Non-Governmental Organization,"4",4 - no known mandate for biodiversity protection,40,OA,Open Access,CONE,Conservation Easement,"937717",UNK
Treadway,West Creek Conservancy,Other or Unknown Local Government,Non-Governmental Organization,"4",4 - no known mandate for biodiversity protection,20,OA,Open Access,CONE,Conservation Easement,"937713",UNK
Western Reserve Land Conservancy 149,Western Reserve Land Conservancy,Other or Unknown Local Government,Non-Governmental Organization,"4",4 - no known mandate for biodiversity protection,68,XA,Closed,AGRE,Agricultural Easement,"77035",PERM
Western Reserve Land Conservancy 231,Western Reserve Land Conservancy,Other or Unknown Local Government,Non-Governmental Organization,"4",4 - no known mandate for biodiversity protection,77,OA,Open Access,AGRE,Agricultural Easement,"77164",PERM
Western Reserve Land Conservancy 232,Western Reserve Land Conservancy,Other or Unknown Local Government,Non-Governmental Organization,"4",4 - no known mandate for biodiversity protection,10,OA,Open Access,AGRE,Agricultural Easement,"77149",PERM
Western Reserve Land Conservancy 523,Western Reserve Land Conservancy,Other or Unknown Local Government,Non-Governmental Organization,"4",4 - no known mandate for biodiversity protection,13,XA,Closed,CONE,Conservation Easement,"937829",PERM
Western Reserve Land Conservancy 115,Western Reserve Land Conservancy,Other or Unknown Local Government,Non-Governmental Organization,"4",4 - no known mandate for biodiversity protection,36,XA,Closed,UNKE,Unknown Easement,"76980",PERM
Western Reserve Land Conservancy 116,Western Reserve Land Conservancy,Other or Unknown Local Government,Non-Governmental Organization,"4",4 - no known mandate for biodiversity protection,8,XA,Closed,UNKE,Unknown Easement,"77003",PERM
Western Reserve Land Conservancy 125,Western Reserve Land Conservancy,Other or Unknown Local Government,Non-Governmental Organization,"4",4 - no known mandate for biodiversity protection,36,XA,Closed,UNKE,Unknown Easement,"77186",PERM
Western Reserve Land Conservancy 129,Western Reserve Land Conservancy,Other or Unknown Local Government,Non-Governmental Organization,"4",4 - no known mandate for biodiversity protection,29,XA,Closed,UNKE,Unknown Easement,"76905",PERM
Western Reserve Land Conservancy 132,Western Reserve Land Conservancy,Other or Unknown Local Government,Non-Governmental Organization,"4",4 - no known mandate for biodiversity protection,7,XA,Closed,UNKE,Unknown Easement,"77084",PERM
Western Reserve Land Conservancy 136,Western Reserve Land Conservancy,Other or Unknown Local Government,Non-Governmental Organization,"4",4 - no known mandate for biodiversity protection,7,XA,Closed,UNKE,Unknown Easement,"77048",PERM
Western Reserve Land Conservancy 138,Western Reserve Land Conservancy,Other or Unknown Local Government,Non-Governmental Organization,"4",4 - no known mandate for biodiversity protection,110,XA,Closed,UNKE,Unknown Easement,"76924",PERM
Western Reserve Land Conservancy 14,Western Reserve Land Conservancy,Other or Unknown Local Government,Non-Governmental Organization,"4",4 - no known mandate for biodiversity protection,22,XA,Closed,UNKE,Unknown Easement,"77113",PERM
Western Reserve Land Conservancy 140,Western Reserve Land Conservancy,Other or Unknown Local Government,Non-Governmental Organization,"4",4 - no known mandate for biodiversity protection,3,OA,Open Access,UNKE,Unknown Easement,"77055",PERM
Western Reserve Land Conservancy 142,Western Reserve Land Conservancy,Other or Unknown Local Government,Non-Governmental Organization,"4",4 - no known mandate for biodiversity protection,160,OA,Open Access,UNKE,Unknown Easement,"77086",PERM
Western Reserve Land Conservancy 144,Western Reserve Land Conservancy,Other or Unknown Local Government,Non-Governmental Organization,"4",4 - no known mandate for biodiversity protection,11,XA,Closed,UNKE,Unknown Easement,"77030",PERM
Western Reserve Land Conservancy 15,Western Reserve Land Conservancy,Other or Unknown Local Government,Non-Governmental Organization,"4",4 - no known mandate for biodiversity protection,9,XA,Closed,UNKE,Unknown Easement,"77258",PERM
Western Reserve Land Conservancy 151,Western Reserve Land Conservancy,Other or Unknown Local Government,Non-Governmental Organization,"4",4 - no known mandate for biodiversity protection,128,OA,Open Access,UNKE,Unknown Easement,"77089",PERM
Western Reserve Land Conservancy 156,Western Reserve Land Conservancy,Other or Unknown Local Government,Non-Governmental Organization,"4",4 - no known mandate for biodiversity protection,24,XA,Closed,UNKE,Unknown Easement,"76906",PERM
Western Reserve Land Conservancy 16,Western Reserve Land Conservancy,Other or Unknown Local Government,Non-Governmental Organization,"3",3 - managed for multiple uses - subject to extractive (e.g. mining or logging) or OHV use,18,XA,Closed,UNKE,Unknown Easement,"77082",PERM
Western Reserve Land Conservancy 167,Western Reserve Land Conservancy,Other or Unknown Local Government,Non-Governmental Organization,"4",4 - no known mandate for biodiversity protection,110,XA,Closed,UNKE,Unknown Easement,"77067",PERM
Western Reserve Land Conservancy 17,Western Reserve Land Conservancy,Other or Unknown Local Government,Non-Governmental Organization,"4",4 - no known mandate for biodiversity protection,22,XA,Closed,UNKE,Unknown Easement,"76921",PERM
Western Reserve Land Conservancy 174,Western Reserve Land Conservancy,Other or Unknown Local Government,Non-Governmental Organization,"4",4 - no known mandate for biodiversity protection,54,XA,Closed,UNKE,Unknown Easement,"76908",PERM
Western Reserve Land Conservancy 177,Western Reserve Land Conservancy,Other or Unknown Local Government,Non-Governmental Organization,"4",4 - no known mandate for biodiversity protection,130,OA,Open Access,UNKE,Unknown Easement,"77121",PERM
Western Reserve Land Conservancy 178,Western Reserve Land Conservancy,Other or Unknown Local Government,Non-Governmental Organization,"4",4 - no known mandate for biodiversity protection,120,OA,Open Access,UNKE,Unknown Easement,"77262",PERM
Western Reserve Land Conservancy 179,Western Reserve Land Conservancy,Other or Unknown Local Government,Non-Governmental Organization,"4",4 - no known mandate for biodiversity protection,117,OA,Open Access,UNKE,Unknown Easement,"77233",PERM
Western Reserve Land Conservancy 180,Western Reserve Land Conservancy,Other or Unknown Local Government,Non-Governmental Organization,"4",4 - no known mandate for biodiversity protection,8,XA,Closed,UNKE,Unknown Easement,"77103",PERM
Western Reserve Land Conservancy 183,Western Reserve Land Conservancy,Other or Unknown Local Government,Non-Governmental Organization,"4",4 - no known mandate for biodiversity protection,6,XA,Closed,UNKE,Unknown Easement,"76919",PERM
Western Reserve Land Conservancy 187,Western Reserve Land Conservancy,Other or Unknown Local Government,Non-Governmental Organization,"4",4 - no known mandate for biodiversity protection,94,OA,Open Access,UNKE,Unknown Easement,"77056",PERM
Western Reserve Land Conservancy 192,Western Reserve Land Conservancy,Other or Unknown Local Government,Non-Governmental Organization,"4",4 - no known mandate for biodiversity protection,12,XA,Closed,UNKE,Unknown Easement,"77088",PERM
Western Reserve Land Conservancy 195,Western Reserve Land Conservancy,Other or Unknown Local Government,Non-Governmental Organization,"4",4 - no known mandate for biodiversity protection,68,XA,Closed,UNKE,Unknown Easement,"77037",PERM
Western Reserve Land Conservancy 2,Western Reserve Land Conservancy,Other or Unknown Local Government,Non-Governmental Organization,"3",3 - managed for multiple uses - subject to extractive (e.g. mining or logging) or OHV use,50,XA,Closed,UNKE,Unknown Easement,"77097",PERM
Western Reserve Land Conservancy 203,Western Reserve Land Conservancy,Other or Unknown Local Government,Non-Governmental Organization,"4",4 - no known mandate for biodiversity protection,12,XA,Closed,UNKE,Unknown Easement,"77053",PERM
Western Reserve Land Conservancy 205,Western Reserve Land Conservancy,Other or Unknown Local Government,Non-Governmental Organization,"4",4 - no known mandate for biodiversity protection,48,OA,Open Access,UNKE,Unknown Easement,"77288",PERM
Western Reserve Land Conservancy 214,Western Reserve Land Conservancy,Other or Unknown Local Government,Non-Governmental Organization,"4",4 - no known mandate for biodiversity protection,12,OA,Open Access,UNKE,Unknown Easement,"77085",PERM
Western Reserve Land Conservancy 217,Western Reserve Land Conservancy,Other or Unknown Local Government,Non-Governmental Organization,"4",4 - no known mandate for biodiversity protection,28,OA,Open Access,UNKE,Unknown Easement,"77156",PERM
Western Reserve Land Conservancy 219,Western Reserve Land Conservancy,Other or Unknown Local Government,Non-Governmental Organization,"4",4 - no known mandate for biodiversity protection,63,OA,Open Access,UNKE,Unknown Easement,"77116",PERM
Western Reserve Land Conservancy 220,Western Reserve Land Conservancy,Other or Unknown Local Government,Non-Governmental Organization,"4",4 - no known mandate for biodiversity protection,51,OA,Open Access,UNKE,Unknown Easement,"77234",PERM
Western Reserve Land Conservancy 228,Western Reserve Land Conservancy,Other or Unknown Local Government,Non-Governmental Organization,"4",4 - no known mandate for biodiversity protection,23,XA,Closed,UNKE,Unknown Easement,"77142",PERM
Western Reserve Land Conservancy 229,Western Reserve Land Conservancy,Other or Unknown Local Government,Non-Governmental Organization,"4",4 - no known mandate for biodiversity protection,65,OA,Open Access,UNKE,Unknown Easement,"77107",PERM
Western Reserve Land Conservancy 239,Western Reserve Land Conservancy,Other or Unknown Local Government,Non-Governmental Organization,"4",4 - no known mandate for biodiversity protection,69,OA,Open Access,UNKE,Unknown Easement,"77185",PERM
Western Reserve Land Conservancy 25,Western Reserve Land Conservancy,Other or Unknown Local Government,Non-Governmental Organization,"4",4 - no known mandate for biodiversity protection,13,XA,Closed,UNKE,Unknown Easement,"76940",PERM
Western Reserve Land Conservancy 256,Western Reserve Land Conservancy,Other or Unknown Local Government,Non-Governmental Organization,"4",4 - no known mandate for biodiversity protection,14,XA,Closed,UNKE,Unknown Easement,"77167",PERM
Western Reserve Land Conservancy 257,Western Reserve Land Conservancy,Other or Unknown Local Government,Non-Governmental Organization,"4",4 - no known mandate for biodiversity protection,8,OA,Open Access,UNKE,Unknown Easement,"77159",PERM
Western Reserve Land Conservancy 258,Western Reserve Land Conservancy,Other or Unknown Local Government,Non-Governmental Organization,"4",4 - no known mandate for biodiversity protection,28,OA,Open Access,UNKE,Unknown Easement,"77010",PERM
Western Reserve Land Conservancy 261,Western Reserve Land Conservancy,Other or Unknown Local Government,Non-Governmental Organization,"4",4 - no known mandate for biodiversity protection,229,XA,Closed,UNKE,Unknown Easement,"937733",PERM
Western Reserve Land Conservancy 262,Western Reserve Land Conservancy,Other or Unknown Local Government,Non-Governmental Organization,"4",4 - no known mandate for biodiversity protection,87,XA,Closed,UNKE,Unknown Easement,"937735",PERM
Western Reserve Land Conservancy 263,Western Reserve Land Conservancy,Other or Unknown Local Government,Non-Governmental Organization,"4",4 - no known mandate for biodiversity protection,210,OA,Open Access,UNKE,Unknown Easement,"77300",PERM
Western Reserve Land Conservancy 264,Western Reserve Land Conservancy,Other or Unknown Local Government,Non-Governmental Organization,"4",4 - no known mandate for biodiversity protection,20,XA,Closed,UNKE,Unknown Easement,"77119",PERM
Western Reserve Land Conservancy 266,Western Reserve Land Conservancy,Other or Unknown Local Government,Non-Governmental Organization,"4",4 - no known mandate for biodiversity protection,20,XA,Closed,UNKE,Unknown Easement,"77128",PERM
Western Reserve Land Conservancy 275,Western Reserve Land Conservancy,Other or Unknown Local Government,Non-Governmental Organization,"4",4 - no known mandate for biodiversity protection,505,XA,Closed,UNKE,Unknown Easement,"77274",PERM
Western Reserve Land Conservancy 355,Western Reserve Land Conservancy,Other or Unknown Local Government,Non-Governmental Organization,"4",4 - no known mandate for biodiversity protection,58,OA,Open Access,UNKE,Unknown Easement,"77253",PERM
Western Reserve Land Conservancy 356,Western Reserve Land Conservancy,Other or Unknown Local Government,Non-Governmental Organization,"4",4 - no known mandate for biodiversity protection,27,OA,Open Access,UNKE,Unknown Easement,"937736",PERM
Western Reserve Land Conservancy 362,Western Reserve Land Conservancy,Other or Unknown Local Government,Non-Governmental Organization,"4",4 - no known mandate for biodiversity protection,15,XA,Closed,UNKE,Unknown Easement,"77242",PERM
Western Reserve Land Conservancy 381,Western Reserve Land Conservancy,Other or Unknown Local Government,Non-Governmental Organization,"4",4 - no known mandate for biodiversity protection,10,OA,Open Access,UNKE,Unknown Easement,"76717",PERM
Western Reserve Land Conservancy 382,Western Reserve Land Conservancy,Other or Unknown Local Government,Non-Governmental Organization,"4",4 - no known mandate for biodiversity protection,74,OA,Open Access,UNKE,Unknown Easement,"76892",PERM
Western Reserve Land Conservancy 385,Western Reserve Land Conservancy,Other or Unknown Local Government,Non-Governmental Organization,"4",4 - no known mandate for biodiversity protection,1,XA,Closed,UNKE,Unknown Easement,"937738",PERM
Western Reserve Land Conservancy 406,Western Reserve Land Conservancy,Other or Unknown Local Government,Non-Governmental Organization,"4",4 - no known mandate for biodiversity protection,81,XA,Closed,UNKE,Unknown Easement,"937746",PERM
Western Reserve Land Conservancy 451,Western Reserve Land Conservancy,Other or Unknown Local Government,Non-Governmental Organization,"4",4 - no known mandate for biodiversity protection,45,XA,Closed,UNKE,Unknown Easement,"937828",PERM
Western Reserve Land Conservancy 465,Western Reserve Land Conservancy,Other or Unknown Local Government,Non-Governmental Organization,"4",4 - no known mandate for biodiversity protection,38,XA,Closed,UNKE,Unknown Easement,"937793",PERM
Western Reserve Land Conservancy 470,Western Reserve Land Conservancy,Other or Unknown Local Government,Non-Governmental Organization,"4",4 - no known mandate for biodiversity protection,27,XA,Closed,UNKE,Unknown Easement,"937787",PERM
Western Reserve Land Conservancy 472,Western Reserve Land Conservancy,Other or Unknown Local Government,Non-Governmental Organization,"4",4 - no known mandate for biodiversity protection,451,XA,Closed,UNKE,Unknown Easement,"937788",PERM
Western Reserve Land Conservancy 481,Western Reserve Land Conservancy,Other or Unknown Local Government,Non-Governmental Organization,"4",4 - no known mandate for biodiversity protection,103,XA,Closed,UNKE,Unknown Easement,"937794",PERM
Western Reserve Land Conservancy 49,Western Reserve Land Conservancy,Other or Unknown Local Government,Non-Governmental Organization,"4",4 - no known mandate for biodiversity protection,12,XA,Closed,UNKE,Unknown Easement,"77079",PERM
Western Reserve Land Conservancy 52,Western Reserve Land Conservancy,Other or Unknown Local Government,Non-Governmental Organization,"4",4 - no known mandate for biodiversity protection,10,OA,Open Access,UNKE,Unknown Easement,"77245",PERM
Western Reserve Land Conservancy 529,Western Reserve Land Conservancy,Other or Unknown Local Government,Non-Governmental Organization,"4",4 - no known mandate for biodiversity protection,102,XA,Closed,UNKE,Unknown Easement,"937831",PERM
Western Reserve Land Conservancy 58,Western Reserve Land Conservancy,Other or Unknown Local Government,Non-Governmental Organization,"4",4 - no known mandate for biodiversity protection,9,XA,Closed,UNKE,Unknown Easement,"76916",PERM
Western Reserve Land Conservancy 59,Western Reserve Land Conservancy,Other or Unknown Local Government,Non-Governmental Organization,"3",3 - managed for multiple uses - subject to extractive (e.g. mining or logging) or OHV use,21,OA,Open Access,UNKE,Unknown Easement,"77047",PERM
Western Reserve Land Conservancy 64,Western Reserve Land Conservancy,Other or Unknown Local Government,Non-Governmental Organization,"4",4 - no known mandate for biodiversity protection,13,XA,Closed,UNKE,Unknown Easement,"77299",PERM
Western Reserve Land Conservancy 69,Western Reserve Land Conservancy,Other or Unknown Local Government,Non-Governmental Organization,"4",4 - no known mandate for biodiversity protection,10,XA,Closed,UNKE,Unknown Easement,"937731",PERM
Western Reserve Land Conservancy 73,Western Reserve Land Conservancy,Other or Unknown Local Government,Non-Governmental Organization,"4",4 - no known mandate for biodiversity protection,37,OA,Open Access,UNKE,Unknown Easement,"77102",PERM
Western Reserve Land Conservancy 85,Western Reserve Land Conservancy,Other or Unknown Local Government,Non-Governmental Organization,"4",4 - no known mandate for biodiversity protection,165,OA,Open Access,UNKE,Unknown Easement,"76922",PERM
Western Reserve Land Conservancy 89,Western Reserve Land Conservancy,Other or Unknown Local Government,Non-Governmental Organization,"4",4 - no known mandate for biodiversity protection,149,XA,Closed,UNKE,Unknown Easement,"77066",PERM
Western Reserve Land Conservancy 90,Western Reserve Land Conservancy,Other or Unknown Local Government,Non-Governmental Organization,"3",3 - managed for multiple uses - subject to extractive (e.g. mining or logging) or OHV use,95,XA,Closed,UNKE,Unknown Easement,"77110",PERM
Western Reserve Land Conservancy 97,Western Reserve Land Conservancy,Other or Unknown Local Government,Non-Governmental Organization,"3",3 - managed for multiple uses - subject to extractive (e.g. mining or logging) or OHV use,38,XA,Closed,UNKE,Unknown Easement,"77266",PERM
Western Reserve Land Conservancy 98,Western Reserve Land Conservancy,Other or Unknown Local Government,Non-Governmental Organization,"2",2 - managed for biodiversity - disturbance events suppressed,72,OA,Open Access,UNKE,Unknown Easement,"77070",PERM
Camp Stigwandish Easement,Lake Metroparks,Non-Governmental Organization,Regional Agency Land,"1",1 - managed for biodiversity - disturbance events proceed or are mimicked,103,XA,Closed,CONE,Conservation Easement,"77283",PERM
Cedar Hills Easement,Lake Metroparks,Non-Governmental Organization,Regional Agency Land,"1",1 - managed for biodiversity - disturbance events proceed or are mimicked,127,XA,Closed,CONE,Conservation Easement,"76718",PERM
Deep Meadows Easement,Lake Metroparks,Non-Governmental Organization,Regional Agency Land,"1",1 - managed for biodiversity - disturbance events proceed or are mimicked,47,XA,Closed,CONE,Conservation Easement,"76823",PERM
Deep Meadows Easement II,Lake Metroparks,Non-Governmental Organization,Regional Agency Land,"1",1 - managed for biodiversity - disturbance events proceed or are mimicked,6,XA,Closed,CONE,Conservation Easement,"77031",PERM
Little Mountain Country Club,Lake Metroparks,Non-Governmental Organization,Regional Agency Land,"1",1 - managed for biodiversity - disturbance events proceed or are mimicked,19,XA,Closed,OTHE,Other Easement,"77263",PERM
Western Reserve Land Conservancy 305,"Western Reserve Land Conservancy, Ashtabula Soil and Water Conservation District",Non-Governmental Organization,Joint,"4",4 - no known mandate for biodiversity protection,143,XA,Closed,UNKE,Unknown Easement,"77297",PERM
Western Reserve Land Conservancy 315,"Western Reserve Land Conservancy, Ashtabula Soil and Water Conservation District",Non-Governmental Organization,Joint,"4",4 - no known mandate for biodiversity protection,118,XA,Closed,UNKE,Unknown Easement,"77230",PERM
Wetlands Reserve Program (WRP),"Western Reserve Land Conservancy, Lake Soil and Water Conservation District, U.S. Natural Resources ",Non-Governmental Organization,Joint,"4",4 - no known mandate for biodiversity protection,33,XA,Closed,CONE,Conservation Easement,"77123",PERM
Silas Ball Farm & Cassell Granny Creek Conservation Easements,Unknown Local Government,Non-Governmental Organization,Other or Unknown Local Government,"4",4 - no known mandate for biodiversity protection,59,OA,Open Access,CONE,Conservation Easement,"995972",UNK
West Creek Greenway,Unknown Local Government,Non-Governmental Organization,Other or Unknown Local Government,"4",4 - no known mandate for biodiversity protection,14,OA,Open Access,CONE,Conservation Easement,"995978",UNK
West Creek Greenway: Completing The Connection,Unknown Local Government,Non-Governmental Organization,Other or Unknown Local Government,"4",4 - no known mandate for biodiversity protection,154,OA,Open Access,CONE,Conservation Easement,"995981",UNK
West Creek Greenway: Conserving The Linkages,Unknown Local Government,Non-Governmental Organization,Other or Unknown Local Government,"4",4 - no known mandate for biodiversity protection,34,OA,Open Access,CONE,Conservation Easement,"995979",UNK
West Creek Greenway: Linking The Neighborhoods,Unknown Local Government,Non-Governmental Organization,Other or Unknown Local Government,"4",4 - no known mandate for biodiversity protection,30,OA,Open Access,CONE,Conservation Easement,"995980",UNK
West Creek: Reclaiming The Lost Valley,Unknown Local Government,Non-Governmental Organization,Other or Unknown Local Government,"4",4 - no known mandate for biodiversity protection,3,OA,Open Access,CONE,Conservation Easement,"995977",UNK
Beavercreek Protection Project East,Unknown Local Government,Non-Governmental Organization,Other or Unknown Local Government,"4",4 - no known mandate for biodiversity protection,24,OA,Open Access,RECE,Recreation or Education Easement,"995974",UNK
Oty Okwa Conservation Area,Unknown Local Government,Non-Governmental Organization,Other or Unknown Local Government,"4",4 - no known mandate for biodiversity protection,419,OA,Open Access,RECE,Recreation or Education Easement,"995976",UNK
Jones-Blair Conservation Area,Appalachia Ohio Alliance,Non-Governmental Organization,Non-Governmental Organization,"4",4 - no known mandate for biodiversity protection,319,OA,Open Access,RECE,Recreation or Education Easement,"936349",PERM
Catholic Charities 1.5,West Creek Conservancy,Non-Governmental Organization,Non-Governmental Organization,"4",4 - no known mandate for biodiversity protection,49,XA,Closed,CONE,Conservation Easement,"937714",UNK
Western Reserve Land Conservancy 143,Western Reserve Land Conservancy,Non-Governmental Organization,Non-Governmental Organization,"4",4 - no known mandate for biodiversity protection,62,XA,Closed,AGRE,Agricultural Easement,"77074",PERM
Western Reserve Land Conservancy 452,Western Reserve Land Conservancy,Non-Governmental Organization,Non-Governmental Organization,"4",4 - no known mandate for biodiversity protection,146,XA,Closed,CONE,Conservation Easement,"937840",PERM
Western Reserve Land Conservancy 175,Western Reserve Land Conservancy,Non-Governmental Organization,Non-Governmental Organization,"4",4 - no known mandate for biodiversity protection,25,XA,Closed,UNKE,Unknown Easement,"77179",PERM
Western Reserve Land Conservancy 20,Western Reserve Land Conservancy,Non-Governmental Organization,Non-Governmental Organization,"3",3 - managed for multiple uses - subject to extractive (e.g. mining or logging) or OHV use,5,XA,Closed,UNKE,Unknown Easement,"77029",PERM
Western Reserve Land Conservancy 218,Western Reserve Land Conservancy,Non-Governmental Organization,Non-Governmental Organization,"4",4 - no known mandate for biodiversity protection,455,XA,Closed,UNKE,Unknown Easement,"77192",PERM
Western Reserve Land Conservancy 23,Western Reserve Land Conservancy,Non-Governmental Organization,Non-Governmental Organization,"3",3 - managed for multiple uses - subject to extractive (e.g. mining or logging) or OHV use,6,XA,Closed,UNKE,Unknown Easement,"77032",PERM
Western Reserve Land Conservancy 3,Western Reserve Land Conservancy,Non-Governmental Organization,Non-Governmental Organization,"4",4 - no known mandate for biodiversity protection,20,XA,Closed,UNKE,Unknown Easement,"76809",PERM
Western Reserve Land Conservancy 342,Western Reserve Land Conservancy,Non-Governmental Organization,Non-Governmental Organization,"4",4 - no known mandate for biodiversity protection,4,XA,Closed,UNKE,Unknown Easement,"77237",PERM
Western Reserve Land Conservancy 344,Western Reserve Land Conservancy,Non-Governmental Organization,Non-Governmental Organization,"4",4 - no known mandate for biodiversity protection,25,XA,Closed,UNKE,Unknown Easement,"77120",PERM
Western Reserve Land Conservancy 357,Western Reserve Land Conservancy,Non-Governmental Organization,Non-Governmental Organization,"4",4 - no known mandate for biodiversity protection,42,XA,Closed,UNKE,Unknown Easement,"77273",PERM
Western Reserve Land Conservancy 358,Western Reserve Land Conservancy,Non-Governmental Organization,Non-Governmental Organization,"4",4 - no known mandate for biodiversity protection,39,XA,Closed,UNKE,Unknown Easement,"77290",PERM
Western Reserve Land Conservancy 368,Western Reserve Land Conservancy,Non-Governmental Organization,Non-Governmental Organization,"4",4 - no known mandate for biodiversity protection,16,XA,Closed,UNKE,Unknown Easement,"76711",PERM
Western Reserve Land Conservancy 369,Western Reserve Land Conservancy,Non-Governmental Organization,Non-Governmental Organization,"4",4 - no known mandate for biodiversity protection,25,XA,Closed,UNKE,Unknown Easement,"76865",PERM
Western Reserve Land Conservancy 370,Western Reserve Land Conservancy,Non-Governmental Organization,Non-Governmental Organization,"4",4 - no known mandate for biodiversity protection,13,XA,Closed,UNKE,Unknown Easement,"76897",PERM
Western Reserve Land Conservancy 461,Western Reserve Land Conservancy,Non-Governmental Organization,Non-Governmental Organization,"4",4 - no known mandate for biodiversity protection,38,XA,Closed,UNKE,Unknown Easement,"937781",PERM
Western Reserve Land Conservancy 530,Western Reserve Land Conservancy,Non-Governmental Organization,Non-Governmental Organization,"4",4 - no known mandate for biodiversity protection,18,XA,Closed,UNKE,Unknown Easement,"937833",PERM
Western Reserve Land Conservancy 531,Western Reserve Land Conservancy,Non-Governmental Organization,Non-Governmental Organization,"4",4 - no known mandate for biodiversity protection,3,XA,Closed,UNKE,Unknown Easement,"937834",PERM
Western Reserve Land Conservancy 532,Western Reserve Land Conservancy,Non-Governmental Organization,Non-Governmental Organization,"4",4 - no known mandate for biodiversity protection,22,XA,Closed,UNKE,Unknown Easement,"937832",PERM
Western Reserve Land Conservancy 533,Western Reserve Land Conservancy,Non-Governmental Organization,Non-Governmental Organization,"4",4 - no known mandate for biodiversity protection,200,XA,Closed,UNKE,Unknown Easement,"937836",PERM
Western Reserve Land Conservancy 534,Western Reserve Land Conservancy,Non-Governmental Organization,Non-Governmental Organization,"4",4 - no known mandate for biodiversity protection,94,XA,Closed,UNKE,Unknown Easement,"937830",PERM
Hinckley,Cleveland MetroParks,Private,Regional Agency Land,"4",4 - no known mandate for biodiversity protection,6,OA,Open Access,RECE,Recreation or Education Easement,"936333",UNK
Hinckley,Cleveland MetroParks,Private,Regional Agency Land,"4",4 - no known mandate for biodiversity protection,10,XA,Closed,RECE,Recreation or Education Easement,"936342",UNK
Hinckley,Cleveland MetroParks,Private,Regional Agency Land,"4",4 - no known mandate for biodiversity protection,65,XA,Closed,RECE,Recreation or Education Easement,"936343",UNK
Hinckley - 2,Cleveland MetroParks,Private,Regional Agency Land,"4",4 - no known mandate for biodiversity protection,0,XA,Closed,RECE,Recreation or Education Easement,"936334",UNK
Hinckley - 3,Cleveland MetroParks,Private,Regional Agency Land,"4",4 - no known mandate for biodiversity protection,0,XA,Closed,RECE,Recreation or Education Easement,"936335",UNK
Hinckley - 4,Cleveland MetroParks,Private,Regional Agency Land,"4",4 - no known mandate for biodiversity protection,0,XA,Closed,RECE,Recreation or Education Easement,"936336",UNK
Hinckley - 5,Cleveland MetroParks,Private,Regional Agency Land,"4",4 - no known mandate for biodiversity protection,2,XA,Closed,RECE,Recreation or Education Easement,"936337",UNK
Hinckley - 6,Cleveland MetroParks,Private,Regional Agency Land,"4",4 - no known mandate for biodiversity protection,1,XA,Closed,RECE,Recreation or Education Easement,"936338",UNK
Hinckley - 7,Cleveland MetroParks,Private,Regional Agency Land,"4",4 - no known mandate for biodiversity protection,1,XA,Closed,RECE,Recreation or Education Easement,"936339",UNK
Hinckley - 8,Cleveland MetroParks,Private,Regional Agency Land,"4",4 - no known mandate for biodiversity protection,1,XA,Closed,RECE,Recreation or Education Easement,"936340",UNK
Hinckley - 9,Cleveland MetroParks,Private,Regional Agency Land,"4",4 - no known mandate for biodiversity protection,1,XA,Closed,RECE,Recreation or Education Easement,"936341",UNK
Ettensohn Conservation Easement,Hamilton County Park District,Private,Regional Agency Land,"4",4 - no known mandate for biodiversity protection,9,OA,Open Access,RECE,Recreation or Education Easement,"985388",PERM
Barbe Easement,Lake Metroparks,Private,Regional Agency Land,"1",1 - managed for biodiversity - disturbance events proceed or are mimicked,3,XA,Closed,CONE,Conservation Easement,"76872",PERM
Carroscia Easement,Lake Metroparks,Private,Regional Agency Land,"1",1 - managed for biodiversity - disturbance events proceed or are mimicked,3,XA,Closed,CONE,Conservation Easement,"76984",PERM
Gibson Easement,Lake Metroparks,Private,Regional Agency Land,"1",1 - managed for biodiversity - disturbance events proceed or are mimicked,10,XA,Closed,CONE,Conservation Easement,"76936",PERM
Homans Easement,Lake Metroparks,Private,Regional Agency Land,"1",1 - managed for biodiversity - disturbance events proceed or are mimicked,2,XA,Closed,CONE,Conservation Easement,"76901",PERM
Oliva Easement,Lake Metroparks,Private,Regional Agency Land,"1",1 - managed for biodiversity - disturbance events proceed or are mimicked,34,XA,Closed,CONE,Conservation Easement,"76893",PERM
Parker Easement,Lake Metroparks,Private,Regional Agency Land,"1",1 - managed for biodiversity - disturbance events proceed or are mimicked,3,XA,Closed,CONE,Conservation Easement,"77293",PERM
Pugliese Easement,Lake Metroparks,Private,Regional Agency Land,"1",1 - managed for biodiversity - disturbance events proceed or are mimicked,11,XA,Closed,CONE,Conservation Easement,"77175",PERM
Rayl Easement,Lake Metroparks,Private,Regional Agency Land,"1",1 - managed for biodiversity - disturbance events proceed or are mimicked,32,XA,Closed,CONE,Conservation Easement,"76867",PERM
Usaj Easement,Lake Metroparks,Private,Regional Agency Land,"1",1 - managed for biodiversity - disturbance events proceed or are mimicked,6,XA,Closed,CONE,Conservation Easement,"77114",PERM
Deer Creek Estates Easement,Lake Metroparks,Private,Regional Agency Land,"1",1 - managed for biodiversity - disturbance events proceed or are mimicked,6,XA,Closed,OTHE,Other Easement,"76850",PERM
Nature Preserve Easement,Lake Metroparks,Private,Regional Agency Land,"1",1 - managed for biodiversity - disturbance events proceed or are mimicked,18,XA,Closed,OTHE,Other Easement,"77256",PERM
Walsh Easement,Lake Metroparks,Private,Regional Agency Land,"1",1 - managed for biodiversity - disturbance events proceed or are mimicked,75,XA,Closed,OTHE,Other Easement,"77285",PERM
Browand Woods,Medina County Park District,Private,Regional Agency Land,"4",4 - no known mandate for biodiversity protection,32,XA,Closed,OTHE,Other Easement,"922485",UNK
Ensworth Property,Medina County Park District,Private,Regional Agency Land,"4",4 - no known mandate for biodiversity protection,59,XA,Closed,OTHE,Other Easement,"922470",PERM
Ensworth Property,Medina County Park District,Private,Regional Agency Land,"4",4 - no known mandate for biodiversity protection,1,XA,Closed,OTHE,Other Easement,"922471",PERM
Ensworth Property,Medina County Park District,Private,Regional Agency Land,"4",4 - no known mandate for biodiversity protection,53,XA,Closed,OTHE,Other Easement,"922472",PERM
Ensworth Property,Medina County Park District,Private,Regional Agency Land,"4",4 - no known mandate for biodiversity protection,1,XA,Closed,OTHE,Other Easement,"922473",PERM
Mc Clure Tree Farm,Medina County Park District,Private,Regional Agency Land,"4",4 - no known mandate for biodiversity protection,28,XA,Closed,OTHE,Other Easement,"922484",UNK
Clean Ohio Farmland 49,Coshocton County Soil and Water Conservation District,Private,Regional Water Districts,"4",4 - no known mandate for biodiversity protection,161,XA,Closed,AGRE,Agricultural Easement,"936258",PERM
Clean Ohio Farmland 50,Fulton County Soil and Water Conservation District,Private,Regional Water Districts,"4",4 - no known mandate for biodiversity protection,140,XA,Closed,AGRE,Agricultural Easement,"936259",PERM
Clean Ohio Farmland 52,Licking County Soil and Water Conservation District,Private,Regional Water Districts,"4",4 - no known mandate for biodiversity protection,146,XA,Closed,AGRE,Agricultural Easement,"936260",PERM
Clean Ohio Farmland 53,Licking County Soil and Water Conservation District,Private,Regional Water Districts,"4",4 - no known mandate for biodiversity protection,160,XA,Closed,AGRE,Agricultural Easement,"936261",PERM
Clean Ohio Farmland 54,Licking County Soil and Water Conservation District,Private,Regional Water Districts,"4",4 - no known mandate for biodiversity protection,222,XA,Closed,AGRE,Agricultural Easement,"936262",PERM
Clean Ohio Farmland 55,Licking County Soil and Water Conservation District,Private,Regional Water Districts,"4",4 - no known mandate for biodiversity protection,257,XA,Closed,AGRE,Agricultural Easement,"936263",PERM
Clean Ohio Farmland 56,Licking County Soil and Water Conservation District,Private,Regional Water Districts,"4",4 - no known mandate for biodiversity protection,174,XA,Closed,AGRE,Agricultural Easement,"936264",PERM
Clean Ohio Farmland 180,Montgomery Soil and Water Conservation District,Private,Regional Water Districts,"4",4 - no known mandate for biodiversity protection,146,XA,Closed,AGRE,Agricultural Easement,"936308",PERM
Clean Ohio Farmland 201,Williams County Soil and Water Conservation District,Private,Regional Water Districts,"4",4 - no known mandate for biodiversity protection,50,XA,Closed,AGRE,Agricultural Easement,"936317",PERM
Cuyahoga Valley National Park,Unknown Federal Government,Private,Other or Unknown Federal Land,"2",2 - managed for biodiversity - disturbance events suppressed,8,XA,Closed,CONE,Conservation Easement,"28405",PERM
Cuyahoga Valley National Park,Unknown Federal Government,Private,Other or Unknown Federal Land,"2",2 - managed for biodiversity - disturbance events suppressed,593,XA,Closed,CONE,Conservation Easement,"28417",PERM
Cuyahoga Valley National Park,Unknown Federal Government,Private,Other or Unknown Federal Land,"2",2 - managed for biodiversity - disturbance events suppressed,1,XA,Closed,CONE,Conservation Easement,"28444",PERM
Cuyahoga Valley National Park,Unknown Federal Government,Private,Other or Unknown Federal Land,"2",2 - managed for biodiversity - disturbance events suppressed,0,XA,Closed,CONE,Conservation Easement,"28447",PERM
Cuyahoga Valley National Park,Unknown Federal Government,Private,Other or Unknown Federal Land,"2",2 - managed for biodiversity - disturbance events suppressed,2,XA,Closed,CONE,Conservation Easement,"28489",PERM
Farm and Ranch Lands Protection Program (FRPP) 735E3407013FH / Hines Farm,"Black Swamp Conservancy, U.S. Natural Resources Conservation Service",Private,Joint,"3",3 - managed for multiple uses - subject to extractive (e.g. mining or logging) or OHV use,75,XA,Closed,AGRE,Agricultural Easement,"39516",PERM
Clean Ohio Farmland 145,"Ohio Department of Agriculture, Board of Fairfield County Commissioners",Private,Joint,"4",4 - no known mandate for biodiversity protection,455,XA,Closed,AGRE,Agricultural Easement,"936287",PERM
Clean Ohio Farmland 146,"Ohio Department of Agriculture, Board of Fairfield County Commissioners",Private,Joint,"3",3 - managed for multiple uses - subject to extractive (e.g. mining or logging) or OHV use,405,XA,Closed,AGRE,Agricultural Easement,"936288",PERM
Clean Ohio Farmland 147,"Ohio Department of Agriculture, Board of Fairfield County Commissioners",Private,Joint,"4",4 - no known mandate for biodiversity protection,372,XA,Closed,AGRE,Agricultural Easement,"936289",PERM
Clean Ohio Farmland 148,"Ohio Department of Agriculture, Board of Fairfield County Commissioners",Private,Joint,"4",4 - no known mandate for biodiversity protection,87,XA,Closed,AGRE,Agricultural Easement,"936290",PERM
Clean Ohio Farmland 149,"Ohio Department of Agriculture, Board of Fairfield County Commissioners",Private,Joint,"4",4 - no known mandate for biodiversity protection,52,XA,Closed,AGRE,Agricultural Easement,"936291",PERM
Clean Ohio Farmland 150,"Ohio Department of Agriculture, Board of Fairfield County Commissioners",Private,Joint,"4",4 - no known mandate for biodiversity protection,126,XA,Closed,AGRE,Agricultural Easement,"936292",PERM
Clean Ohio Farmland 151,"Ohio Department of Agriculture, Board of Fairfield County Commissioners",Private,Joint,"4",4 - no known mandate for biodiversity protection,209,XA,Closed,AGRE,Agricultural Easement,"936293",PERM
Clean Ohio Farmland 152,"Ohio Department of Agriculture, Board of Fairfield County Commissioners",Private,Joint,"4",4 - no known mandate for biodiversity protection,84,XA,Closed,AGRE,Agricultural Easement,"936294",PERM
Clean Ohio Farmland 153,"Ohio Department of Agriculture, Board of Fairfield County Commissioners",Private,Joint,"4",4 - no known mandate for biodiversity protection,144,XA,Closed,AGRE,Agricultural Easement,"936295",PERM
Clean Ohio Farmland 154,"Ohio Department of Agriculture, Board of Fairfield County Commissioners",Private,Joint,"4",4 - no known mandate for biodiversity protection,126,XA,Closed,AGRE,Agricultural Easement,"936296",PERM
Oda-Fai-2011-002,"Ohio Department of Agriculture, Board of Fairfield County Commissioners",Private,Joint,"4",4 - no known mandate for biodiversity protection,64,XA,Closed,AGRE,Agricultural Easement,"1016955",PERM
Oda-Fai-2011-003,"Ohio Department of Agriculture, Board of Fairfield County Commissioners",Private,Joint,"4",4 - no known mandate for biodiversity protection,26,XA,Closed,AGRE,Agricultural Easement,"1016954",PERM
Oda-Fai-2011-004,"Ohio Department of Agriculture, Board of Fairfield County Commissioners",Private,Joint,"4",4 - no known mandate for biodiversity protection,87,XA,Closed,AGRE,Agricultural Easement,"1016951",PERM
Oda-Fai-2013-001,"Ohio Department of Agriculture, Board of Fairfield County Commissioners",Private,Joint,"4",4 - no known mandate for biodiversity protection,136,XA,Closed,AGRE,Agricultural Easement,"1016956",PERM
Oda-Fai-2014-001,"Ohio Department of Agriculture, Board of Fairfield County Commissioners",Private,Joint,"3",3 - managed for multiple uses - subject to extractive (e.g. mining or logging) or OHV use,218,XA,Closed,AGRE,Agricultural Easement,"1016958",PERM
Oda-Fai-2014-002,"Ohio Department of Agriculture, Board of Fairfield County Commissioners",Private,Joint,"4",4 - no known mandate for biodiversity protection,83,XA,Closed,AGRE,Agricultural Easement,"1016957",PERM
Ohio Agricultural Easement Program ODA-FAI-2015-001,"Ohio Department of Agriculture, Board of Fairfield County Commissioners",Private,Joint,"4",4 - no known mandate for biodiversity protection,134,XA,Closed,AGRE,Agricultural Easement,"26863",PERM
Ohio Agricultural Easement Program ODA-FAI-2015-002,"Ohio Department of Agriculture, Board of Fairfield County Commissioners",Private,Joint,"4",4 - no known mandate for biodiversity protection,80,XA,Closed,AGRE,Agricultural Easement,"26837",PERM
Ohio Agricultural Easement Program ODA-FAI-2015-003,"Ohio Department of Agriculture, Board of Fairfield County Commissioners",Private,Joint,"4",4 - no known mandate for biodiversity protection,100,XA,Closed,AGRE,Agricultural Easement,"26764",PERM
Ohio Agricultural Easement Program ODA-FAI-2016-001,"Ohio Department of Agriculture, Board of Fairfield County Commissioners",Private,Joint,"4",4 - no known mandate for biodiversity protection,118,XA,Closed,AGRE,Agricultural Easement,"26742",PERM
Ohio Agricultural Easement Program ODA-FAI-2016-003,"Ohio Department of Agriculture, Board of Fairfield County Commissioners",Private,Joint,"4",4 - no known mandate for biodiversity protection,50,XA,Closed,AGRE,Agricultural Easement,"26789",PERM
A12 / Clean Ohio Farmland 223,"Philander Chase Conservancy, Unknown Joint Holder",Private,Joint,"4",4 - no known mandate for biodiversity protection,111,XA,Closed,AGRE,Agricultural Easement,"936319",PERM
A2 / Clean Ohio Farmland 255,"Philander Chase Conservancy, Unknown Joint Holder",Private,Joint,"4",4 - no known mandate for biodiversity protection,56,XA,Closed,AGRE,Agricultural Easement,"936322",PERM
A3 / Clean Ohio Farmland 257,"Philander Chase Conservancy, Unknown Joint Holder",Private,Joint,"4",4 - no known mandate for biodiversity protection,165,XA,Closed,AGRE,Agricultural Easement,"936324",PERM
A4 / Clean Ohio Farmland 255,"Philander Chase Conservancy, Unknown Joint Holder",Private,Joint,"4",4 - no known mandate for biodiversity protection,130,XA,Closed,AGRE,Agricultural Easement,"936323",PERM
A5 / Clean Ohio Farmland 325,"Philander Chase Conservancy, Unknown Joint Holder",Private,Joint,"4",4 - no known mandate for biodiversity protection,156,XA,Closed,AGRE,Agricultural Easement,"936325",PERM
A7 / Clean Ohio Farmland 260,"Philander Chase Conservancy, Unknown Joint Holder",Private,Joint,"4",4 - no known mandate for biodiversity protection,204,XA,Closed,AGRE,Agricultural Easement,"936327",PERM
A8 / Clean Ohio Farmland 222 / Farm and Ranch Lands Protection Program (FRPP),"Philander Chase Conservancy, Unknown Joint Holder",Private,Joint,"4",4 - no known mandate for biodiversity protection,141,XA,Closed,AGRE,Agricultural Easement,"936318",PERM
Farm and Ranch Lands Protection Program (FRPP) 735E3406013CL / Clean Ohio Farmland 88,"Tecumseh Land Trust, U.S. Natural Resources Conservation Service",Private,Joint,"3",3 - managed for multiple uses - subject to extractive (e.g. mining or logging) or OHV use,226,XA,Closed,AGRE,Agricultural Easement,"923345",PERM
Farm and Ranch Lands Protection Program (FRPP) 735E3406013CL / Clean Ohio Farmland Brunk,"Three Valley Conservation Trust, U.S. Natural Resources Conservation Service",Private,Joint,"3",3 - managed for multiple uses - subject to extractive (e.g. mining or logging) or OHV use,211,XA,Closed,AGRE,Agricultural Easement,"924011",PERM
Farm and Ranch Lands Protection Program (FRPP) 735E3407013F9 / Moses,"Three Valley Conservation Trust, U.S. Natural Resources Conservation Service",Private,Joint,"3",3 - managed for multiple uses - subject to extractive (e.g. mining or logging) or OHV use,91,XA,Closed,AGRE,Agricultural Easement,"923972",PERM
West Central Ohio Land Conservancy Easement / Farm and Ranch Lands Protection Program (FRPP) ,"West Central Ohio Land Conservancy, U.S. Natural Resources Conservation Service",Private,Joint,"4",4 - no known mandate for biodiversity protection,162,XA,Closed,AGRE,Agricultural Easement,"997908",PERM
West Central Ohio Land Conservancy Easement,"West Central Ohio Land Conservancy, West Central Ohio Land Conservancy",Private,Joint,"4",4 - no known mandate for biodiversity protection,77,XA,Closed,AGRE,Agricultural Easement,"937705",PERM
Western Reserve Land Conservancy 306,"Western Reserve Land Conservancy, Ashtabula Soil and Water Conservation District",Private,Joint,"4",4 - no known mandate for biodiversity protection,83,XA,Closed,AGRE,Agricultural Easement,"77239",PERM
Western Reserve Land Conservancy 307,"Western Reserve Land Conservancy, Ashtabula Soil and Water Conservation District",Private,Joint,"4",4 - no known mandate for biodiversity protection,171,XA,Closed,AGRE,Agricultural Easement,"77281",PERM
Western Reserve Land Conservancy 316,"Western Reserve Land Conservancy, Ashtabula Soil and Water Conservation District",Private,Joint,"4",4 - no known mandate for biodiversity protection,253,XA,Closed,AGRE,Agricultural Easement,"77020",PERM
Western Reserve Land Conservancy 319,"Western Reserve Land Conservancy, Ashtabula Soil and Water Conservation District",Private,Joint,"4",4 - no known mandate for biodiversity protection,123,XA,Closed,AGRE,Agricultural Easement,"77138",PERM
Western Reserve Land Conservancy 322,"Western Reserve Land Conservancy, Ashtabula Soil and Water Conservation District",Private,Joint,"4",4 - no known mandate for biodiversity protection,220,XA,Closed,AGRE,Agricultural Easement,"77272",PERM
Western Reserve Land Conservancy 299,"Western Reserve Land Conservancy, Ashtabula Soil and Water Conservation District",Private,Joint,"4",4 - no known mandate for biodiversity protection,35,XA,Closed,UNKE,Unknown Easement,"77275",PERM
Western Reserve Land Conservancy 302,"Western Reserve Land Conservancy, Ashtabula Soil and Water Conservation District",Private,Joint,"4",4 - no known mandate for biodiversity protection,40,XA,Closed,UNKE,Unknown Easement,"77194",PERM
Western Reserve Land Conservancy 309,"Western Reserve Land Conservancy, Ashtabula Soil and Water Conservation District",Private,Joint,"4",4 - no known mandate for biodiversity protection,30,XA,Closed,UNKE,Unknown Easement,"77260",PERM
Western Reserve Land Conservancy 314,"Western Reserve Land Conservancy, Ashtabula Soil and Water Conservation District",Private,Joint,"4",4 - no known mandate for biodiversity protection,12,XA,Closed,UNKE,Unknown Easement,"77249",PERM
Western Reserve Land Conservancy 317,"Western Reserve Land Conservancy, Ashtabula Soil and Water Conservation District",Private,Joint,"4",4 - no known mandate for biodiversity protection,200,XA,Closed,UNKE,Unknown Easement,"77112",PERM
Western Reserve Land Conservancy 321,"Western Reserve Land Conservancy, Ashtabula Soil and Water Conservation District",Private,Joint,"4",4 - no known mandate for biodiversity protection,84,XA,Closed,UNKE,Unknown Easement,"77105",PERM
Western Reserve Land Conservancy 327,"Western Reserve Land Conservancy, Ashtabula Soil and Water Conservation District",Private,Joint,"4",4 - no known mandate for biodiversity protection,54,XA,Closed,UNKE,Unknown Easement,"77298",PERM
Grimm Fen - WRLC 222,"Western Reserve Land Conservancy, Cleveland Museum of Natural History",Private,Joint,"4",4 - no known mandate for biodiversity protection,77,XA,Closed,CONE,Conservation Easement,"77024",PERM
Wendtwood - WRLC 207,"Western Reserve Land Conservancy, Cleveland Museum of Natural History",Private,Joint,"4",4 - no known mandate for biodiversity protection,257,XA,Closed,CONE,Conservation Easement,"77045",PERM
Western Reserve Land Conservancy 190,"Western Reserve Land Conservancy, Gates Mills Land Conservancy",Private,Joint,"4",4 - no known mandate for biodiversity protection,26,XA,Closed,CONE,Conservation Easement,"77131",PERM
Western Reserve Land Conservancy 196,"Western Reserve Land Conservancy, Gates Mills Land Conservancy",Private,Joint,"4",4 - no known mandate for biodiversity protection,26,XA,Closed,CONE,Conservation Easement,"77072",PERM
Western Reserve Land Conservancy 326,"Western Reserve Land Conservancy, Geauga County Commissioners, OH",Private,Joint,"4",4 - no known mandate for biodiversity protection,107,XA,Closed,AGRE,Agricultural Easement,"77243",PERM
Western Reserve Land Conservancy 450,"Western Reserve Land Conservancy, Geauga Park District",Private,Joint,"4",4 - no known mandate for biodiversity protection,65,XA,Closed,AGRE,Agricultural Easement,"937783",PERM
Western Reserve Land Conservancy 471,"Western Reserve Land Conservancy, Hunting Valley, OH",Private,Joint,"4",4 - no known mandate for biodiversity protection,66,XA,Closed,UNKE,Unknown Easement,"937841",PERM
Clean Ohio Farmland - Western Reserve Land Conservancy 291,"Western Reserve Land Conservancy, Lake Soil and Water Conservation District",Private,Joint,"4",4 - no known mandate for biodiversity protection,66,XA,Closed,AGRE,Agricultural Easement,"77257",PERM
Western Reserve Land Conservancy 297,"Western Reserve Land Conservancy, Lake Soil and Water Conservation District",Private,Joint,"4",4 - no known mandate for biodiversity protection,13,XA,Closed,UNKE,Unknown Easement,"77279",PERM
Western Reserve Land Conservancy 298,"Western Reserve Land Conservancy, Lake Soil and Water Conservation District",Private,Joint,"4",4 - no known mandate for biodiversity protection,12,XA,Closed,UNKE,Unknown Easement,"77115",PERM
Western Reserve Land Conservancy 300,"Western Reserve Land Conservancy, Lake Soil and Water Conservation District",Private,Joint,"4",4 - no known mandate for biodiversity protection,44,XA,Closed,UNKE,Unknown Easement,"77255",PERM
Western Reserve Land Conservancy 301,"Western Reserve Land Conservancy, Lake Soil and Water Conservation District",Private,Joint,"4",4 - no known mandate for biodiversity protection,5,XA,Closed,UNKE,Unknown Easement,"77238",PERM
Western Reserve Land Conservancy 303,"Western Reserve Land Conservancy, Lake Soil and Water Conservation District",Private,Joint,"4",4 - no known mandate for biodiversity protection,20,XA,Closed,UNKE,Unknown Easement,"77125",PERM
Western Reserve Land Conservancy 244,"Western Reserve Land Conservancy, Munson Township, OH",Private,Joint,"4",4 - no known mandate for biodiversity protection,87,XA,Closed,UNKE,Unknown Easement,"77191",PERM
Clean Ohio Farmland - Western Reserve Land Conservancy 386,"Western Reserve Land Conservancy, Ohio Department of Agriculture",Private,Joint,"4",4 - no known mandate for biodiversity protection,147,XA,Closed,AGRE,Agricultural Easement,"923562",PERM
Clean Ohio Farmland - Western Reserve Land Conservancy 407,"Western Reserve Land Conservancy, Ohio Department of Agriculture",Private,Joint,"4",4 - no known mandate for biodiversity protection,98,XA,Closed,AGRE,Agricultural Easement,"923565",PERM
Clean Ohio Farmland - Western Reserve Land Conservancy 416,"Western Reserve Land Conservancy, Ohio Department of Agriculture",Private,Joint,"4",4 - no known mandate for biodiversity protection,163,XA,Closed,AGRE,Agricultural Easement,"923560",PERM
Clean Ohio Farmland - Western Reserve Land Conservancy 417,"Western Reserve Land Conservancy, Ohio Department of Agriculture",Private,Joint,"4",4 - no known mandate for biodiversity protection,285,XA,Closed,AGRE,Agricultural Easement,"923561",PERM
Western Reserve Land Conservancy 209,"Western Reserve Land Conservancy, Ohio Department of Agriculture",Private,Joint,"4",4 - no known mandate for biodiversity protection,959,XA,Closed,AGRE,Agricultural Easement,"77172",PERM
Western Reserve Land Conservancy 226,"Western Reserve Land Conservancy, Ohio Department of Agriculture",Private,Joint,"4",4 - no known mandate for biodiversity protection,463,XA,Closed,AGRE,Agricultural Easement,"77148",PERM
Western Reserve Land Conservancy 349,"Western Reserve Land Conservancy, Ohio Department of Agriculture",Private,Joint,"4",4 - no known mandate for biodiversity protection,90,XA,Closed,AGRE,Agricultural Easement,"77236",PERM
Western Reserve Land Conservancy 527,"Western Reserve Land Conservancy, Ohio Department of Agriculture",Private,Joint,"4",4 - no known mandate for biodiversity protection,148,XA,Closed,AGRE,Agricultural Easement,"937835",PERM
Wetlands Reserve Program (WRP),"Western Reserve Land Conservancy, Trumbull Soil and Water Conservation District",Private,Joint,"4",4 - no known mandate for biodiversity protection,22,XA,Closed,CONE,Conservation Easement,"77183",PERM
Western Reserve Land Conservancy 318,"Western Reserve Land Conservancy, U.S. Natural Resources Conservation Service",Private,Joint,"4",4 - no known mandate for biodiversity protection,161,XA,Closed,AGRE,Agricultural Easement,"77124",PERM
Wetlands Reserve Program (WRP),"Western Reserve Land Conservancy, U.S. Natural Resources Conservation Service",Private,Joint,"4",4 - no known mandate for biodiversity protection,16,XA,Closed,CONE,Conservation Easement,"77135",PERM
Wetlands Reserve Program (WRP),"Western Reserve Land Conservancy, U.S. Natural Resources Conservation Service",Private,Joint,"4",4 - no known mandate for biodiversity protection,9,XA,Closed,CONE,Conservation Easement,"937730",PERM
Western Reserve Land Conservancy 224,"Western Reserve Land Conservancy, Unknown Ohio",Private,Joint,"4",4 - no known mandate for biodiversity protection,66,XA,Closed,AGRE,Agricultural Easement,"77133",PERM
Western Reserve Land Conservancy 113,"Western Reserve Land Conservancy, Unknown Ohio",Private,Joint,"4",4 - no known mandate for biodiversity protection,8,XA,Closed,UNKE,Unknown Easement,"77064",PERM
Western Reserve Land Conservancy 223,"Western Reserve Land Conservancy, Unknown Ohio",Private,Joint,"4",4 - no known mandate for biodiversity protection,10,XA,Closed,UNKE,Unknown Easement,"77022",PERM
Clean Ohio Farmland 229,"Clay Township, OH",Private,City Land,"4",4 - no known mandate for biodiversity protection,101,XA,Closed,AGRE,Agricultural Easement,"936280",PERM
Clean Ohio Farmland 230,"Clay Township, OH",Private,City Land,"4",4 - no known mandate for biodiversity protection,295,XA,Closed,AGRE,Agricultural Easement,"936281",PERM
Clean Ohio Farmland 141,"Elizabeth Township, OH",Private,City Land,"4",4 - no known mandate for biodiversity protection,91,XA,Closed,AGRE,Agricultural Easement,"936283",PERM
Clean Ohio Farmland 142,"Elizabeth Township, OH",Private,City Land,"4",4 - no known mandate for biodiversity protection,78,XA,Closed,AGRE,Agricultural Easement,"936284",PERM
Clean Ohio Farmland 143,"Elizabeth Township, OH",Private,City Land,"4",4 - no known mandate for biodiversity protection,160,XA,Closed,AGRE,Agricultural Easement,"936285",PERM
Clean Ohio Farmland 157,"Hiram Township, OH",Private,City Land,"4",4 - no known mandate for biodiversity protection,107,XA,Closed,AGRE,Agricultural Easement,"936299",PERM
Clean Ohio Farmland 179,"Massie Township, OH",Private,City Land,"4",4 - no known mandate for biodiversity protection,428,XA,Closed,AGRE,Agricultural Easement,"936307",PERM
Clean Ohio Farmland 182,"Perry Township, OH",Private,City Land,"4",4 - no known mandate for biodiversity protection,81,XA,Closed,AGRE,Agricultural Easement,"936309",PERM
Clean Ohio Farmland 135,"Ashland County Commissioners, OH",Private,County Land,"4",4 - no known mandate for biodiversity protection,89,XA,Closed,AGRE,Agricultural Easement,"936277",PERM
Clean Ohio Farmland 136,"Ashland County Commissioners, OH",Private,County Land,"4",4 - no known mandate for biodiversity protection,41,XA,Closed,AGRE,Agricultural Easement,"936278",PERM
Clinton County Open Lands Easement,"Clinton County Open Lands, OH",Private,County Land,"4",4 - no known mandate for biodiversity protection,111,UK,Unknown,UNKE,Unknown Easement,"985355",PERM
Clinton County Open Lands Easement,"Clinton County Open Lands, OH",Private,County Land,"4",4 - no known mandate for biodiversity protection,57,UK,Unknown,UNKE,Unknown Easement,"985356",PERM
Clinton County Open Lands Easement,"Clinton County Open Lands, OH",Private,County Land,"4",4 - no known mandate for biodiversity protection,6,UK,Unknown,UNKE,Unknown Easement,"985357",PERM
Clinton County Open Lands Easement,"Clinton County Open Lands, OH",Private,County Land,"4",4 - no known mandate for biodiversity protection,3,UK,Unknown,UNKE,Unknown Easement,"985358",PERM
Clinton County Open Lands Easement,"Clinton County Open Lands, OH",Private,County Land,"4",4 - no known mandate for biodiversity protection,123,UK,Unknown,UNKE,Unknown Easement,"985359",PERM
Clinton County Open Lands Easement,"Clinton County Open Lands, OH",Private,County Land,"4",4 - no known mandate for biodiversity protection,4,UK,Unknown,UNKE,Unknown Easement,"985360",PERM
Clinton County Open Lands Easement,"Clinton County Open Lands, OH",Private,County Land,"4",4 - no known mandate for biodiversity protection,2,UK,Unknown,UNKE,Unknown Easement,"985361",PERM
Clinton County Open Lands Easement,"Clinton County Open Lands, OH",Private,County Land,"4",4 - no known mandate for biodiversity protection,1,UK,Unknown,UNKE,Unknown Easement,"985362",PERM
Clinton County Open Lands Easement,"Clinton County Open Lands, OH",Private,County Land,"4",4 - no known mandate for biodiversity protection,5,UK,Unknown,UNKE,Unknown Easement,"985363",PERM
Clinton County Open Lands Easement,"Clinton County Open Lands, OH",Private,County Land,"4",4 - no known mandate for biodiversity protection,14,UK,Unknown,UNKE,Unknown Easement,"985364",PERM
Clinton County Open Lands Easement,"Clinton County Open Lands, OH",Private,County Land,"4",4 - no known mandate for biodiversity protection,33,UK,Unknown,UNKE,Unknown Easement,"985365",PERM
Clinton County Open Lands Easement,"Clinton County Open Lands, OH",Private,County Land,"4",4 - no known mandate for biodiversity protection,8,UK,Unknown,UNKE,Unknown Easement,"985366",PERM
Clinton County Open Lands Easement,"Clinton County Open Lands, OH",Private,County Land,"4",4 - no known mandate for biodiversity protection,32,UK,Unknown,UNKE,Unknown Easement,"985367",PERM
Clinton County Open Lands Easement,"Clinton County Open Lands, OH",Private,County Land,"4",4 - no known mandate for biodiversity protection,5,UK,Unknown,UNKE,Unknown Easement,"985368",PERM
Clinton County Open Lands Easement,"Clinton County Open Lands, OH",Private,County Land,"4",4 - no known mandate for biodiversity protection,67,UK,Unknown,UNKE,Unknown Easement,"985369",PERM
Clinton County Open Lands Easement,"Clinton County Open Lands, OH",Private,County Land,"4",4 - no known mandate for biodiversity protection,106,UK,Unknown,UNKE,Unknown Easement,"985370",PERM
Clean Ohio Farmland 155,"Geauga County Commissioners, OH",Private,County Land,"4",4 - no known mandate for biodiversity protection,108,XA,Closed,AGRE,Agricultural Easement,"936297",PERM
Clean Ohio Farmland 156,"Geauga County Commissioners, OH",Private,County Land,"4",4 - no known mandate for biodiversity protection,77,XA,Closed,AGRE,Agricultural Easement,"936298",PERM
Clean Ohio Farmland 158,"Holmes County Commissioners, OH",Private,County Land,"4",4 - no known mandate for biodiversity protection,167,XA,Closed,AGRE,Agricultural Easement,"936300",PERM
Clean Ohio Farmland 174,"Madison County Commissioners, OH",Private,County Land,"4",4 - no known mandate for biodiversity protection,126,XA,Closed,AGRE,Agricultural Easement,"936302",PERM
Clean Ohio Farmland 175,"Madison County Commissioners, OH",Private,County Land,"4",4 - no known mandate for biodiversity protection,147,XA,Closed,AGRE,Agricultural Easement,"936303",PERM
Clean Ohio Farmland 177,"Marion County Commissioners, OH",Private,County Land,"4",4 - no known mandate for biodiversity protection,156,XA,Closed,AGRE,Agricultural Easement,"936305",PERM
Clean Ohio Farmland 178,"Marion County Commissioners, OH",Private,County Land,"4",4 - no known mandate for biodiversity protection,179,XA,Closed,AGRE,Agricultural Easement,"936306",PERM
Clean Ohio Farmland 57,"Portage County Commissioners, OH",Private,County Land,"4",4 - no known mandate for biodiversity protection,159,XA,Closed,AGRE,Agricultural Easement,"936265",PERM
Clean Ohio Farmland 58,"Portage County Commissioners, OH",Private,County Land,"4",4 - no known mandate for biodiversity protection,160,XA,Closed,AGRE,Agricultural Easement,"936266",PERM
Clean Ohio Farmland 59,"Portage County Commissioners, OH",Private,County Land,"4",4 - no known mandate for biodiversity protection,111,XA,Closed,AGRE,Agricultural Easement,"936267",PERM
Clean Ohio Farmland 60,"Portage County Commissioners, OH",Private,County Land,"4",4 - no known mandate for biodiversity protection,51,XA,Closed,AGRE,Agricultural Easement,"936268",PERM
Clean Ohio Farmland 61,"Portage County Commissioners, OH",Private,County Land,"4",4 - no known mandate for biodiversity protection,219,XA,Closed,AGRE,Agricultural Easement,"936269",PERM
Clean Ohio Farmland 62,"Portage County Commissioners, OH",Private,County Land,"4",4 - no known mandate for biodiversity protection,83,XA,Closed,AGRE,Agricultural Easement,"936270",PERM
Clean Ohio Farmland 63,"Portage County Commissioners, OH",Private,County Land,"4",4 - no known mandate for biodiversity protection,45,XA,Closed,AGRE,Agricultural Easement,"936271",PERM
Clean Ohio Farmland 64,"Portage County Commissioners, OH",Private,County Land,"4",4 - no known mandate for biodiversity protection,60,XA,Closed,AGRE,Agricultural Easement,"936272",PERM
Clean Ohio Farmland 65,"Portage County Commissioners, OH",Private,County Land,"4",4 - no known mandate for biodiversity protection,29,XA,Closed,AGRE,Agricultural Easement,"936273",PERM
Clean Ohio Farmland 66,"Portage County Commissioners, OH",Private,County Land,"4",4 - no known mandate for biodiversity protection,48,XA,Closed,AGRE,Agricultural Easement,"936274",PERM
Clean Ohio Farmland 67,"Portage County Commissioners, OH",Private,County Land,"4",4 - no known mandate for biodiversity protection,62,XA,Closed,AGRE,Agricultural Easement,"936275",PERM
Clean Ohio Farmland 68,"Portage County Commissioners, OH",Private,County Land,"4",4 - no known mandate for biodiversity protection,49,XA,Closed,AGRE,Agricultural Easement,"936276",PERM
Clean Ohio Farmland 194,"Wayne County Commissioners, OH",Private,County Land,"4",4 - no known mandate for biodiversity protection,78,XA,Closed,AGRE,Agricultural Easement,"936310",PERM
Clean Ohio Farmland 195,"Wayne County Commissioners, OH",Private,County Land,"4",4 - no known mandate for biodiversity protection,129,XA,Closed,AGRE,Agricultural Easement,"936311",PERM
Clean Ohio Farmland 196,"Wayne County Commissioners, OH",Private,County Land,"4",4 - no known mandate for biodiversity protection,119,XA,Closed,AGRE,Agricultural Easement,"936312",PERM
Clean Ohio Farmland 197,"Wayne County Commissioners, OH",Private,County Land,"4",4 - no known mandate for biodiversity protection,200,XA,Closed,AGRE,Agricultural Easement,"936313",PERM
Clean Ohio Farmland 200,"Wayne County Commissioners, OH",Private,County Land,"4",4 - no known mandate for biodiversity protection,78,XA,Closed,AGRE,Agricultural Easement,"936316",PERM
Farm and Ranch Lands Protection Program (FRPP),"Wayne County Commissioners, OH",Private,County Land,"3",3 - managed for multiple uses - subject to extractive (e.g. mining or logging) or OHV use,143,XA,Closed,AGRE,Agricultural Easement,"936314",PERM
Farm and Ranch Lands Protection Program (FRPP) Clean Ohio Farmland 199,"Wayne County Commissioners, OH",Private,County Land,"4",4 - no known mandate for biodiversity protection,75,XA,Closed,AGRE,Agricultural Easement,"936315",PERM
Adelsperger (71 ac),Unknown Local Government,Private,Other or Unknown Local Government,"4",4 - no known mandate for biodiversity protection,72,XA,Closed,AGRE,Agricultural Easement,"995983",UNK
Babitt,Unknown Local Government,Private,Other or Unknown Local Government,"4",4 - no known mandate for biodiversity protection,213,XA,Closed,AGRE,Agricultural Easement,"995984",UNK
Boeck,Unknown Local Government,Private,Other or Unknown Local Government,"4",4 - no known mandate for biodiversity protection,86,XA,Closed,AGRE,Agricultural Easement,"995985",UNK
Boeck,Unknown Local Government,Private,Other or Unknown Local Government,"4",4 - no known mandate for biodiversity protection,92,XA,Closed,AGRE,Agricultural Easement,"996009",UNK
Bratton,Unknown Local Government,Private,Other or Unknown Local Government,"4",4 - no known mandate for biodiversity protection,103,XA,Closed,AGRE,Agricultural Easement,"995982",UNK
Bumgardner,Unknown Local Government,Private,Other or Unknown Local Government,"4",4 - no known mandate for biodiversity protection,450,XA,Closed,AGRE,Agricultural Easement,"996010",UNK
"Burks, J (74 ac)",Unknown Local Government,Private,Other or Unknown Local Government,"4",4 - no known mandate for biodiversity protection,58,XA,Closed,AGRE,Agricultural Easement,"995986",UNK
Clean Ohio Farmland 126,Unknown Local Government,Private,Other or Unknown Local Government,"4",4 - no known mandate for biodiversity protection,335,XA,Closed,AGRE,Agricultural Easement,"995967",PERM
Clean Ohio Farmland 128,Unknown Local Government,Private,Other or Unknown Local Government,"4",4 - no known mandate for biodiversity protection,279,XA,Closed,AGRE,Agricultural Easement,"995968",PERM
Clean Ohio Farmland 132,Unknown Local Government,Private,Other or Unknown Local Government,"4",4 - no known mandate for biodiversity protection,183,XA,Closed,AGRE,Agricultural Easement,"995969",PERM
Clean Ohio Farmland 173,Unknown Local Government,Private,Other or Unknown Local Government,"4",4 - no known mandate for biodiversity protection,285,XA,Closed,AGRE,Agricultural Easement,"995970",PERM
Clean Ohio Farmland 45,Unknown Local Government,Private,Other or Unknown Local Government,"4",4 - no known mandate for biodiversity protection,33,XA,Closed,AGRE,Agricultural Easement,"995965",PERM
"Crowe, S",Unknown Local Government,Private,Other or Unknown Local Government,"4",4 - no known mandate for biodiversity protection,72,XA,Closed,AGRE,Agricultural Easement,"995987",UNK
Deering (DSF),Unknown Local Government,Private,Other or Unknown Local Government,"4",4 - no known mandate for biodiversity protection,63,XA,Closed,AGRE,Agricultural Easement,"995988",UNK
Dickerson,Unknown Local Government,Private,Other or Unknown Local Government,"4",4 - no known mandate for biodiversity protection,285,XA,Closed,AGRE,Agricultural Easement,"996011",UNK
Dorsey,Unknown Local Government,Private,Other or Unknown Local Government,"4",4 - no known mandate for biodiversity protection,340,XA,Closed,AGRE,Agricultural Easement,"995989",UNK
Dorsey,Unknown Local Government,Private,Other or Unknown Local Government,"4",4 - no known mandate for biodiversity protection,55,XA,Closed,AGRE,Agricultural Easement,"995990",UNK
Edwards,Unknown Local Government,Private,Other or Unknown Local Government,"4",4 - no known mandate for biodiversity protection,77,XA,Closed,AGRE,Agricultural Easement,"995991",UNK
Farm and Ranch Lands Protection Program (FRPP),Unknown Local Government,Private,Other or Unknown Local Government,"3",3 - managed for multiple uses - subject to extractive (e.g. mining or logging) or OHV use,198,XA,Closed,AGRE,Agricultural Easement,"982361",PERM
Farm and Ranch Lands Protection Program (FRPP),Unknown Local Government,Private,Other or Unknown Local Government,"3",3 - managed for multiple uses - subject to extractive (e.g. mining or logging) or OHV use,116,XA,Closed,AGRE,Agricultural Easement,"982362",PERM
Farm and Ranch Lands Protection Program (FRPP),Unknown Local Government,Private,Other or Unknown Local Government,"3",3 - managed for multiple uses - subject to extractive (e.g. mining or logging) or OHV use,127,XA,Closed,AGRE,Agricultural Easement,"982384",PERM
Farm and Ranch Lands Protection Program (FRPP),Unknown Local Government,Private,Other or Unknown Local Government,"3",3 - managed for multiple uses - subject to extractive (e.g. mining or logging) or OHV use,14,XA,Closed,AGRE,Agricultural Easement,"982388",PERM
Farm and Ranch Lands Protection Program (FRPP),Unknown Local Government,Private,Other or Unknown Local Government,"3",3 - managed for multiple uses - subject to extractive (e.g. mining or logging) or OHV use,37,XA,Closed,AGRE,Agricultural Easement,"982580",PERM
Farm and Ranch Lands Protection Program (FRPP),Unknown Local Government,Private,Other or Unknown Local Government,"3",3 - managed for multiple uses - subject to extractive (e.g. mining or logging) or OHV use,81,XA,Closed,AGRE,Agricultural Easement,"982581",PERM
Farm and Ranch Lands Protection Program (FRPP),Unknown Local Government,Private,Other or Unknown Local Government,"3",3 - managed for multiple uses - subject to extractive (e.g. mining or logging) or OHV use,198,XA,Closed,AGRE,Agricultural Easement,"982582",PERM
Farm and Ranch Lands Protection Program (FRPP),Unknown Local Government,Private,Other or Unknown Local Government,"3",3 - managed for multiple uses - subject to extractive (e.g. mining or logging) or OHV use,241,XA,Closed,AGRE,Agricultural Easement,"982363",PERM
Farm and Ranch Lands Protection Program (FRPP),Unknown Local Government,Private,Other or Unknown Local Government,"3",3 - managed for multiple uses - subject to extractive (e.g. mining or logging) or OHV use,216,XA,Closed,AGRE,Agricultural Easement,"982387",PERM
Gregoire (Medina Sod Farms),Unknown Local Government,Private,Other or Unknown Local Government,"4",4 - no known mandate for biodiversity protection,196,XA,Closed,AGRE,Agricultural Easement,"995992",UNK
Karns,Unknown Local Government,Private,Other or Unknown Local Government,"4",4 - no known mandate for biodiversity protection,69,XA,Closed,AGRE,Agricultural Easement,"995993",UNK
Knepper,Unknown Local Government,Private,Other or Unknown Local Government,"4",4 - no known mandate for biodiversity protection,171,XA,Closed,AGRE,Agricultural Easement,"995994",UNK
Lang,Unknown Local Government,Private,Other or Unknown Local Government,"4",4 - no known mandate for biodiversity protection,119,XA,Closed,AGRE,Agricultural Easement,"995995",UNK
Laymon,Unknown Local Government,Private,Other or Unknown Local Government,"4",4 - no known mandate for biodiversity protection,62,XA,Closed,AGRE,Agricultural Easement,"995996",UNK
Lill,Unknown Local Government,Private,Other or Unknown Local Government,"4",4 - no known mandate for biodiversity protection,215,XA,Closed,AGRE,Agricultural Easement,"995997",UNK
Mauch (Washusky),Unknown Local Government,Private,Other or Unknown Local Government,"4",4 - no known mandate for biodiversity protection,82,XA,Closed,AGRE,Agricultural Easement,"995999",UNK
McDonnall,Unknown Local Government,Private,Other or Unknown Local Government,"4",4 - no known mandate for biodiversity protection,97,XA,Closed,AGRE,Agricultural Easement,"996000",UNK
Miller (CBM Farms),Unknown Local Government,Private,Other or Unknown Local Government,"4",4 - no known mandate for biodiversity protection,208,XA,Closed,AGRE,Agricultural Easement,"996001",UNK
Pugh,Unknown Local Government,Private,Other or Unknown Local Government,"4",4 - no known mandate for biodiversity protection,72,XA,Closed,AGRE,Agricultural Easement,"996002",UNK
Roux (Campbell),Unknown Local Government,Private,Other or Unknown Local Government,"4",4 - no known mandate for biodiversity protection,129,XA,Closed,AGRE,Agricultural Easement,"996003",UNK
Rupp,Unknown Local Government,Private,Other or Unknown Local Government,"4",4 - no known mandate for biodiversity protection,241,XA,Closed,AGRE,Agricultural Easement,"996004",UNK
Steward (Crestview),Unknown Local Government,Private,Other or Unknown Local Government,"4",4 - no known mandate for biodiversity protection,180,XA,Closed,AGRE,Agricultural Easement,"996005",UNK
Stewart,Unknown Local Government,Private,Other or Unknown Local Government,"4",4 - no known mandate for biodiversity protection,542,XA,Closed,AGRE,Agricultural Easement,"996006",UNK
Stickney,Unknown Local Government,Private,Other or Unknown Local Government,"4",4 - no known mandate for biodiversity protection,399,XA,Closed,AGRE,Agricultural Easement,"996007",UNK
"Voge, F (73 ac)",Unknown Local Government,Private,Other or Unknown Local Government,"4",4 - no known mandate for biodiversity protection,73,XA,Closed,AGRE,Agricultural Easement,"996008",UNK
Wildman,Unknown Local Government,Private,Other or Unknown Local Government,"4",4 - no known mandate for biodiversity protection,168,XA,Closed,AGRE,Agricultural Easement,"996012",UNK
Wildman,Unknown Local Government,Private,Other or Unknown Local Government,"4",4 - no known mandate for biodiversity protection,140,XA,Closed,AGRE,Agricultural Easement,"996013",UNK
Conservation Easement AOA-2005-001,Appalachia Ohio Alliance,Private,Non-Governmental Organization,"4",4 - no known mandate for biodiversity protection,146,XA,Closed,AGRE,Agricultural Easement,"77393",PERM
Aoa-2009-001,Appalachia Ohio Alliance,Private,Non-Governmental Organization,"4",4 - no known mandate for biodiversity protection,31,XA,Closed,CONE,Conservation Easement,"1033706",PERM
Aoa-2018-001,Appalachia Ohio Alliance,Private,Non-Governmental Organization,"4",4 - no known mandate for biodiversity protection,15,XA,Closed,CONE,Conservation Easement,"1033684",PERM
Aoa-2018-001,Appalachia Ohio Alliance,Private,Non-Governmental Organization,"4",4 - no known mandate for biodiversity protection,19,XA,Closed,CONE,Conservation Easement,"1033699",PERM
Aoa-2018-002,Appalachia Ohio Alliance,Private,Non-Governmental Organization,"4",4 - no known mandate for biodiversity protection,2,XA,Closed,CONE,Conservation Easement,"1033675",PERM
Aoa-2018-003,Appalachia Ohio Alliance,Private,Non-Governmental Organization,"4",4 - no known mandate for biodiversity protection,20,XA,Closed,CONE,Conservation Easement,"1033683",PERM
Aoa-2018-003,Appalachia Ohio Alliance,Private,Non-Governmental Organization,"4",4 - no known mandate for biodiversity protection,186,XA,Closed,CONE,Conservation Easement,"1033689",PERM
Conservation Easement AOA-2002-001,Appalachia Ohio Alliance,Private,Non-Governmental Organization,"4",4 - no known mandate for biodiversity protection,15,XA,Closed,CONE,Conservation Easement,"77220",PERM
Conservation Easement AOA-2015-001,Appalachia Ohio Alliance,Private,Non-Governmental Organization,"4",4 - no known mandate for biodiversity protection,74,XA,Closed,CONE,Conservation Easement,"26788",PERM
Hargreave,Appalachia Ohio Alliance,Private,Non-Governmental Organization,"4",4 - no known mandate for biodiversity protection,3,UK,Unknown,CONE,Conservation Easement,"77349",PERM
Mann Easement,Athens Conservancy,Private,Non-Governmental Organization,"4",4 - no known mandate for biodiversity protection,7,RA,Restricted Access,FORE,Forest Stewardship Easement,"923714",PERM
Baker Easement,Athens Conservancy,Private,Non-Governmental Organization,"4",4 - no known mandate for biodiversity protection,302,OA,Open Access,OTHE,Other Easement,"923711",PERM
Woodcock Easement,Athens Conservancy,Private,Non-Governmental Organization,"4",4 - no known mandate for biodiversity protection,105,RA,Restricted Access,OTHE,Other Easement,"923713",PERM
Baker Farm,Black Swamp Conservancy,Private,Non-Governmental Organization,"4",4 - no known mandate for biodiversity protection,133,XA,Closed,AGRE,Agricultural Easement,"35418",PERM
"C Farms I, LLC 1",Black Swamp Conservancy,Private,Non-Governmental Organization,"4",4 - no known mandate for biodiversity protection,105,XA,Closed,AGRE,Agricultural Easement,"35426",PERM
"C Farms I, LLC 2",Black Swamp Conservancy,Private,Non-Governmental Organization,"4",4 - no known mandate for biodiversity protection,67,XA,Closed,AGRE,Agricultural Easement,"35406",PERM
CBM Farms,Black Swamp Conservancy,Private,Non-Governmental Organization,"4",4 - no known mandate for biodiversity protection,208,XA,Closed,AGRE,Agricultural Easement,"35441",PERM
CBR Farms,Black Swamp Conservancy,Private,Non-Governmental Organization,"4",4 - no known mandate for biodiversity protection,152,XA,Closed,AGRE,Agricultural Easement,"35409",PERM
CBR Farms 2,Black Swamp Conservancy,Private,Non-Governmental Organization,"4",4 - no known mandate for biodiversity protection,111,XA,Closed,AGRE,Agricultural Easement,"35404",PERM
CBR Farms 3,Black Swamp Conservancy,Private,Non-Governmental Organization,"4",4 - no known mandate for biodiversity protection,50,XA,Closed,AGRE,Agricultural Easement,"35417",PERM
Clean Ohio Farmland 43,Black Swamp Conservancy,Private,Non-Governmental Organization,"4",4 - no known mandate for biodiversity protection,55,XA,Closed,AGRE,Agricultural Easement,"984967",PERM
Clean Ohio Farmland 44,Black Swamp Conservancy,Private,Non-Governmental Organization,"4",4 - no known mandate for biodiversity protection,163,XA,Closed,AGRE,Agricultural Easement,"984968",PERM
Clean Ohio Farmland 46,Black Swamp Conservancy,Private,Non-Governmental Organization,"4",4 - no known mandate for biodiversity protection,602,XA,Closed,AGRE,Agricultural Easement,"984969",PERM
Clean Ohio Farmland 47,Black Swamp Conservancy,Private,Non-Governmental Organization,"4",4 - no known mandate for biodiversity protection,121,XA,Closed,AGRE,Agricultural Easement,"984970",PERM
Clean Ohio Farmland 48,Black Swamp Conservancy,Private,Non-Governmental Organization,"4",4 - no known mandate for biodiversity protection,80,XA,Closed,AGRE,Agricultural Easement,"984971",PERM
Ewald Farm 3,Black Swamp Conservancy,Private,Non-Governmental Organization,"4",4 - no known mandate for biodiversity protection,71,XA,Closed,AGRE,Agricultural Easement,"35422",PERM
Farm and Ranch Lands Protection Program (FRPP),Black Swamp Conservancy,Private,Non-Governmental Organization,"3",3 - managed for multiple uses - subject to extractive (e.g. mining or logging) or OHV use,153,XA,Closed,AGRE,Agricultural Easement,"39454",PERM
Farm and Ranch Lands Protection Program (FRPP),Black Swamp Conservancy,Private,Non-Governmental Organization,"3",3 - managed for multiple uses - subject to extractive (e.g. mining or logging) or OHV use,263,XA,Closed,AGRE,Agricultural Easement,"39487",PERM
Farm and Ranch Lands Protection Program (FRPP),Black Swamp Conservancy,Private,Non-Governmental Organization,"3",3 - managed for multiple uses - subject to extractive (e.g. mining or logging) or OHV use,79,XA,Closed,AGRE,Agricultural Easement,"39517",PERM
Farm and Ranch Lands Protection Program (FRPP),Black Swamp Conservancy,Private,Non-Governmental Organization,"3",3 - managed for multiple uses - subject to extractive (e.g. mining or logging) or OHV use,117,XA,Closed,AGRE,Agricultural Easement,"83541",PERM
Farm and Ranch Lands Protection Program (FRPP),Black Swamp Conservancy,Private,Non-Governmental Organization,"3",3 - managed for multiple uses - subject to extractive (e.g. mining or logging) or OHV use,106,XA,Closed,AGRE,Agricultural Easement,"83545",PERM
Farm and Ranch Lands Protection Program (FRPP),Black Swamp Conservancy,Private,Non-Governmental Organization,"3",3 - managed for multiple uses - subject to extractive (e.g. mining or logging) or OHV use,247,XA,Closed,AGRE,Agricultural Easement,"83547",PERM
Farm and Ranch Lands Protection Program (FRPP) 735E3407013FH / Dysard Farm,Black Swamp Conservancy,Private,Non-Governmental Organization,"3",3 - managed for multiple uses - subject to extractive (e.g. mining or logging) or OHV use,165,XA,Closed,AGRE,Agricultural Easement,"83542",PERM
Farm and Ranch Lands Protection Program (FRPP) 735E3407013FH / Lane Farm,Black Swamp Conservancy,Private,Non-Governmental Organization,"3",3 - managed for multiple uses - subject to extractive (e.g. mining or logging) or OHV use,52,XA,Closed,AGRE,Agricultural Easement,"39494",PERM
Farm and Ranch Lands Protection Program (FRPP) 735E3407013FH / Trowbridge Farm,Black Swamp Conservancy,Private,Non-Governmental Organization,"3",3 - managed for multiple uses - subject to extractive (e.g. mining or logging) or OHV use,74,XA,Closed,AGRE,Agricultural Easement,"39515",PERM
Fausey Farm,Black Swamp Conservancy,Private,Non-Governmental Organization,"4",4 - no known mandate for biodiversity protection,38,XA,Closed,AGRE,Agricultural Easement,"35405",PERM
Fry Farm 3,Black Swamp Conservancy,Private,Non-Governmental Organization,"4",4 - no known mandate for biodiversity protection,33,XA,Closed,AGRE,Agricultural Easement,"35421",PERM
Haar Farm,Black Swamp Conservancy,Private,Non-Governmental Organization,"4",4 - no known mandate for biodiversity protection,118,XA,Closed,AGRE,Agricultural Easement,"35413",PERM
Hetrick Farm,Black Swamp Conservancy,Private,Non-Governmental Organization,"4",4 - no known mandate for biodiversity protection,155,XA,Closed,AGRE,Agricultural Easement,"35408",PERM
Hunker Family Living Trust Farm,Black Swamp Conservancy,Private,Non-Governmental Organization,"4",4 - no known mandate for biodiversity protection,557,XA,Closed,AGRE,Agricultural Easement,"35424",PERM
Idle Wild Farms,Black Swamp Conservancy,Private,Non-Governmental Organization,"4",4 - no known mandate for biodiversity protection,317,XA,Closed,AGRE,Agricultural Easement,"35457",PERM
JDAT LLC Farm,Black Swamp Conservancy,Private,Non-Governmental Organization,"4",4 - no known mandate for biodiversity protection,87,XA,Closed,AGRE,Agricultural Easement,"35452",PERM
"John Luke Centennial Farm, LLC.",Black Swamp Conservancy,Private,Non-Governmental Organization,"4",4 - no known mandate for biodiversity protection,134,XA,Closed,AGRE,Agricultural Easement,"35429",PERM
JS Burks 3,Black Swamp Conservancy,Private,Non-Governmental Organization,"4",4 - no known mandate for biodiversity protection,66,XA,Closed,AGRE,Agricultural Easement,"35440",PERM
Judy Mauch 3,Black Swamp Conservancy,Private,Non-Governmental Organization,"4",4 - no known mandate for biodiversity protection,146,XA,Closed,AGRE,Agricultural Easement,"35415",PERM
Judy Mauch Farm,Black Swamp Conservancy,Private,Non-Governmental Organization,"4",4 - no known mandate for biodiversity protection,111,XA,Closed,AGRE,Agricultural Easement,"35411",PERM
Judy Mauch Farm 2,Black Swamp Conservancy,Private,Non-Governmental Organization,"4",4 - no known mandate for biodiversity protection,48,XA,Closed,AGRE,Agricultural Easement,"35412",PERM
King & Schlegel Farm,Black Swamp Conservancy,Private,Non-Governmental Organization,"4",4 - no known mandate for biodiversity protection,234,XA,Closed,AGRE,Agricultural Easement,"35461",PERM
King & Schlegel Farm 2,Black Swamp Conservancy,Private,Non-Governmental Organization,"4",4 - no known mandate for biodiversity protection,67,XA,Closed,AGRE,Agricultural Easement,"35463",PERM
"King, K & B Farm",Black Swamp Conservancy,Private,Non-Governmental Organization,"4",4 - no known mandate for biodiversity protection,170,XA,Closed,AGRE,Agricultural Easement,"35445",PERM
Knepper Farm,Black Swamp Conservancy,Private,Non-Governmental Organization,"4",4 - no known mandate for biodiversity protection,172,XA,Closed,AGRE,Agricultural Easement,"35403",PERM
Knipp Farm,Black Swamp Conservancy,Private,Non-Governmental Organization,"4",4 - no known mandate for biodiversity protection,212,XA,Closed,AGRE,Agricultural Easement,"35458",PERM
L. VonSeggern 2,Black Swamp Conservancy,Private,Non-Governmental Organization,"4",4 - no known mandate for biodiversity protection,157,XA,Closed,AGRE,Agricultural Easement,"35432",PERM
Lucius Farm,Black Swamp Conservancy,Private,Non-Governmental Organization,"4",4 - no known mandate for biodiversity protection,106,XA,Closed,AGRE,Agricultural Easement,"35419",PERM
Lynch Farm,Black Swamp Conservancy,Private,Non-Governmental Organization,"4",4 - no known mandate for biodiversity protection,100,XA,Closed,AGRE,Agricultural Easement,"35464",PERM
M Adelsperger,Black Swamp Conservancy,Private,Non-Governmental Organization,"4",4 - no known mandate for biodiversity protection,73,XA,Closed,AGRE,Agricultural Easement,"35442",PERM
Reed Farm,Black Swamp Conservancy,Private,Non-Governmental Organization,"4",4 - no known mandate for biodiversity protection,154,XA,Closed,AGRE,Agricultural Easement,"35414",PERM
Reed Farm 2,Black Swamp Conservancy,Private,Non-Governmental Organization,"4",4 - no known mandate for biodiversity protection,157,XA,Closed,AGRE,Agricultural Easement,"35460",PERM
Schlegel Farm,Black Swamp Conservancy,Private,Non-Governmental Organization,"4",4 - no known mandate for biodiversity protection,234,XA,Closed,AGRE,Agricultural Easement,"35416",PERM
"Schlegel, H Farm",Black Swamp Conservancy,Private,Non-Governmental Organization,"4",4 - no known mandate for biodiversity protection,61,XA,Closed,AGRE,Agricultural Easement,"35462",PERM
Schroeder Farm,Black Swamp Conservancy,Private,Non-Governmental Organization,"4",4 - no known mandate for biodiversity protection,149,XA,Closed,AGRE,Agricultural Easement,"35453",PERM
Schwartz Farm,Black Swamp Conservancy,Private,Non-Governmental Organization,"4",4 - no known mandate for biodiversity protection,54,XA,Closed,AGRE,Agricultural Easement,"35454",PERM
Smith Farm,Black Swamp Conservancy,Private,Non-Governmental Organization,"4",4 - no known mandate for biodiversity protection,86,XA,Closed,AGRE,Agricultural Easement,"35425",PERM
Spanfellner Farm,Black Swamp Conservancy,Private,Non-Governmental Organization,"4",4 - no known mandate for biodiversity protection,126,XA,Closed,AGRE,Agricultural Easement,"35459",PERM
Toledo Alfalfa Mills Farm,Black Swamp Conservancy,Private,Non-Governmental Organization,"4",4 - no known mandate for biodiversity protection,331,XA,Closed,AGRE,Agricultural Easement,"35410",PERM
Turnow Farm,Black Swamp Conservancy,Private,Non-Governmental Organization,"4",4 - no known mandate for biodiversity protection,170,XA,Closed,AGRE,Agricultural Easement,"35437",PERM
Washusky Farms 2,Black Swamp Conservancy,Private,Non-Governmental Organization,"4",4 - no known mandate for biodiversity protection,84,XA,Closed,AGRE,Agricultural Easement,"35446",PERM
Yeagle Farm 1,Black Swamp Conservancy,Private,Non-Governmental Organization,"4",4 - no known mandate for biodiversity protection,82,XA,Closed,AGRE,Agricultural Easement,"35455",PERM
Yeagle Farm 2,Black Swamp Conservancy,Private,Non-Governmental Organization,"4",4 - no known mandate for biodiversity protection,93,XA,Closed,AGRE,Agricultural Easement,"35456",PERM
Adams Marsh,Black Swamp Conservancy,Private,Non-Governmental Organization,"4",4 - no known mandate for biodiversity protection,69,XA,Closed,CONE,Conservation Easement,"35433",PERM
Big Ditch,Black Swamp Conservancy,Private,Non-Governmental Organization,"4",4 - no known mandate for biodiversity protection,16,XA,Closed,CONE,Conservation Easement,"35449",PERM
Blanchard River Preserve,Black Swamp Conservancy,Private,Non-Governmental Organization,"4",4 - no known mandate for biodiversity protection,61,XA,Closed,CONE,Conservation Easement,"35430",PERM
Christy Farms Nature Preserve,Black Swamp Conservancy,Private,Non-Governmental Organization,"4",4 - no known mandate for biodiversity protection,147,XA,Closed,CONE,Conservation Easement,"35439",PERM
Costello,Black Swamp Conservancy,Private,Non-Governmental Organization,"4",4 - no known mandate for biodiversity protection,4,XA,Closed,CONE,Conservation Easement,"35427",PERM
Daubel Hunt Club,Black Swamp Conservancy,Private,Non-Governmental Organization,"4",4 - no known mandate for biodiversity protection,66,XA,Closed,CONE,Conservation Easement,"35402",PERM
Driftmeyer Ditch,Black Swamp Conservancy,Private,Non-Governmental Organization,"4",4 - no known mandate for biodiversity protection,49,XA,Closed,CONE,Conservation Easement,"35448",PERM
Dunakin 2,Black Swamp Conservancy,Private,Non-Governmental Organization,"4",4 - no known mandate for biodiversity protection,10,XA,Closed,CONE,Conservation Easement,"35450",PERM
Hill Farm,Black Swamp Conservancy,Private,Non-Governmental Organization,"4",4 - no known mandate for biodiversity protection,82,XA,Closed,CONE,Conservation Easement,"35435",PERM
Huber Woods,Black Swamp Conservancy,Private,Non-Governmental Organization,"4",4 - no known mandate for biodiversity protection,80,XA,Closed,CONE,Conservation Easement,"35443",PERM
MB EP Preserve,Black Swamp Conservancy,Private,Non-Governmental Organization,"4",4 - no known mandate for biodiversity protection,8,XA,Closed,CONE,Conservation Easement,"35447",PERM
Meadowbrook Marsh,Black Swamp Conservancy,Private,Non-Governmental Organization,"4",4 - no known mandate for biodiversity protection,188,XA,Closed,CONE,Conservation Easement,"35438",PERM
River Bend Hunt Club (Zimmerman),Black Swamp Conservancy,Private,Non-Governmental Organization,"4",4 - no known mandate for biodiversity protection,41,XA,Closed,CONE,Conservation Easement,"35436",PERM
River Cliff,Black Swamp Conservancy,Private,Non-Governmental Organization,"4",4 - no known mandate for biodiversity protection,83,XA,Closed,CONE,Conservation Easement,"35407",PERM
Schetter Farm and Woods,Black Swamp Conservancy,Private,Non-Governmental Organization,"4",4 - no known mandate for biodiversity protection,109,XA,Closed,CONE,Conservation Easement,"35431",PERM
Smith Trust Farm and Marsh,Black Swamp Conservancy,Private,Non-Governmental Organization,"4",4 - no known mandate for biodiversity protection,130,XA,Closed,CONE,Conservation Easement,"35434",PERM
Steinem Farm and Woods,Black Swamp Conservancy,Private,Non-Governmental Organization,"4",4 - no known mandate for biodiversity protection,379,XA,Closed,CONE,Conservation Easement,"35444",PERM
Wyndham 2,Black Swamp Conservancy,Private,Non-Governmental Organization,"4",4 - no known mandate for biodiversity protection,37,XA,Closed,CONE,Conservation Easement,"35428",PERM
Kugler Mill Trust,Cardinal Land Conservancy,Private,Non-Governmental Organization,"4",4 - no known mandate for biodiversity protection,153,OA,Open Access,AGRE,Agricultural Easement,"927622",PERM
Turner Farm,Cardinal Land Conservancy,Private,Non-Governmental Organization,"4",4 - no known mandate for biodiversity protection,58,OA,Open Access,AGRE,Agricultural Easement,"927623",PERM
Enderle-Flick Wetland Preserve,Cardinal Land Conservancy,Private,Non-Governmental Organization,"4",4 - no known mandate for biodiversity protection,3,XA,Closed,CONE,Conservation Easement,"927616",PERM
Chanyata Farm LLC,Cardinal Land Conservancy,Private,Non-Governmental Organization,"4",4 - no known mandate for biodiversity protection,50,XA,Closed,OTHE,Other Easement,"927621",PERM
Far Hills Preserve,Cardinal Land Conservancy,Private,Non-Governmental Organization,"4",4 - no known mandate for biodiversity protection,2,XA,Closed,OTHE,Other Easement,"927625",PERM
Greenridge,Cardinal Land Conservancy,Private,Non-Governmental Organization,"4",4 - no known mandate for biodiversity protection,17,XA,Closed,OTHE,Other Easement,"927624",PERM
High Ridge,Cardinal Land Conservancy,Private,Non-Governmental Organization,"4",4 - no known mandate for biodiversity protection,3,XA,Closed,OTHE,Other Easement,"927617",PERM
Lockwood Preserve,Cardinal Land Conservancy,Private,Non-Governmental Organization,"4",4 - no known mandate for biodiversity protection,23,XA,Closed,OTHE,Other Easement,"927615",PERM
Nohr Preserve,Cardinal Land Conservancy,Private,Non-Governmental Organization,"4",4 - no known mandate for biodiversity protection,3,XA,Closed,OTHE,Other Easement,"927618",PERM
Pott Preserve,Cardinal Land Conservancy,Private,Non-Governmental Organization,"4",4 - no known mandate for biodiversity protection,31,XA,Closed,OTHE,Other Easement,"927626",PERM
Raymar,Cardinal Land Conservancy,Private,Non-Governmental Organization,"4",4 - no known mandate for biodiversity protection,1,XA,Closed,OTHE,Other Easement,"927619",PERM
Valley Ridge,Cardinal Land Conservancy,Private,Non-Governmental Organization,"4",4 - no known mandate for biodiversity protection,9,XA,Closed,OTHE,Other Easement,"927614",PERM
Farm and Ranch Lands Protection Program (FRPP) 735E3407013FH / Clean Ohio Farmland 137,Champaign Land Preservation,Private,Non-Governmental Organization,"3",3 - managed for multiple uses - subject to extractive (e.g. mining or logging) or OHV use,321,XA,Closed,AGRE,Agricultural Easement,"936279",PERM
Cathedral Woods,Cleveland Museum of Natural History,Private,Non-Governmental Organization,"4",4 - no known mandate for biodiversity protection,12,RA,Restricted Access,CONE,Conservation Easement,"76834",TEMP
Deer Pines Easements,Cleveland Museum of Natural History,Private,Non-Governmental Organization,"4",4 - no known mandate for biodiversity protection,0,RA,Restricted Access,CONE,Conservation Easement,"76808",PERM
Deer Pines Easements,Cleveland Museum of Natural History,Private,Non-Governmental Organization,"4",4 - no known mandate for biodiversity protection,0,RA,Restricted Access,CONE,Conservation Easement,"76810",PERM
Deer Pines Easements,Cleveland Museum of Natural History,Private,Non-Governmental Organization,"4",4 - no known mandate for biodiversity protection,0,RA,Restricted Access,CONE,Conservation Easement,"76818",PERM
Deer Pines Easements,Cleveland Museum of Natural History,Private,Non-Governmental Organization,"4",4 - no known mandate for biodiversity protection,1,RA,Restricted Access,CONE,Conservation Easement,"76939",PERM
Deer Pines Easements,Cleveland Museum of Natural History,Private,Non-Governmental Organization,"4",4 - no known mandate for biodiversity protection,0,RA,Restricted Access,CONE,Conservation Easement,"76977",PERM
Deer Pines Easements,Cleveland Museum of Natural History,Private,Non-Governmental Organization,"4",4 - no known mandate for biodiversity protection,0,RA,Restricted Access,CONE,Conservation Easement,"76983",PERM
Deer Pines Easements,Cleveland Museum of Natural History,Private,Non-Governmental Organization,"4",4 - no known mandate for biodiversity protection,0,RA,Restricted Access,CONE,Conservation Easement,"76996",PERM
Dickenson Easement,Cleveland Museum of Natural History,Private,Non-Governmental Organization,"4",4 - no known mandate for biodiversity protection,137,RA,Restricted Access,CONE,Conservation Easement,"76930",PERM
Dodson Easement,Cleveland Museum of Natural History,Private,Non-Governmental Organization,"4",4 - no known mandate for biodiversity protection,19,RA,Restricted Access,CONE,Conservation Easement,"76958",PERM
Hodlen Easements,Cleveland Museum of Natural History,Private,Non-Governmental Organization,"4",4 - no known mandate for biodiversity protection,9,RA,Restricted Access,CONE,Conservation Easement,"76952",PERM
Holden Easements,Cleveland Museum of Natural History,Private,Non-Governmental Organization,"4",4 - no known mandate for biodiversity protection,3,RA,Restricted Access,CONE,Conservation Easement,"76805",PERM
Holden Easements,Cleveland Museum of Natural History,Private,Non-Governmental Organization,"4",4 - no known mandate for biodiversity protection,3,RA,Restricted Access,CONE,Conservation Easement,"76814",PERM
Holden Easements,Cleveland Museum of Natural History,Private,Non-Governmental Organization,"4",4 - no known mandate for biodiversity protection,7,RA,Restricted Access,CONE,Conservation Easement,"76839",PERM
Holden Easements,Cleveland Museum of Natural History,Private,Non-Governmental Organization,"4",4 - no known mandate for biodiversity protection,6,RA,Restricted Access,CONE,Conservation Easement,"76932",PERM
Holden Easements,Cleveland Museum of Natural History,Private,Non-Governmental Organization,"4",4 - no known mandate for biodiversity protection,9,RA,Restricted Access,CONE,Conservation Easement,"76938",PERM
Holden Easements,Cleveland Museum of Natural History,Private,Non-Governmental Organization,"4",4 - no known mandate for biodiversity protection,5,RA,Restricted Access,CONE,Conservation Easement,"76944",PERM
Holden Easements,Cleveland Museum of Natural History,Private,Non-Governmental Organization,"4",4 - no known mandate for biodiversity protection,9,RA,Restricted Access,CONE,Conservation Easement,"76946",PERM
Holden Easements,Cleveland Museum of Natural History,Private,Non-Governmental Organization,"4",4 - no known mandate for biodiversity protection,5,RA,Restricted Access,CONE,Conservation Easement,"76948",PERM
Holden Easements,Cleveland Museum of Natural History,Private,Non-Governmental Organization,"4",4 - no known mandate for biodiversity protection,9,RA,Restricted Access,CONE,Conservation Easement,"76972",PERM
Holden Easements,Cleveland Museum of Natural History,Private,Non-Governmental Organization,"4",4 - no known mandate for biodiversity protection,10,RA,Restricted Access,CONE,Conservation Easement,"76979",PERM
Holden Easements,Cleveland Museum of Natural History,Private,Non-Governmental Organization,"4",4 - no known mandate for biodiversity protection,4,RA,Restricted Access,CONE,Conservation Easement,"76990",PERM
Holden Easements,Cleveland Museum of Natural History,Private,Non-Governmental Organization,"4",4 - no known mandate for biodiversity protection,12,RA,Restricted Access,CONE,Conservation Easement,"76992",PERM
Hubbard / Esterer Easements,Cleveland Museum of Natural History,Private,Non-Governmental Organization,"4",4 - no known mandate for biodiversity protection,73,RA,Restricted Access,CONE,Conservation Easement,"76949",PERM
Hubbard / Esterer Easements,Cleveland Museum of Natural History,Private,Non-Governmental Organization,"4",4 - no known mandate for biodiversity protection,122,RA,Restricted Access,CONE,Conservation Easement,"76963",PERM
Hubbard / Esterer Easements,Cleveland Museum of Natural History,Private,Non-Governmental Organization,"4",4 - no known mandate for biodiversity protection,9,RA,Restricted Access,CONE,Conservation Easement,"76974",PERM
Kickel Easement,Cleveland Museum of Natural History,Private,Non-Governmental Organization,"4",4 - no known mandate for biodiversity protection,116,RA,Restricted Access,CONE,Conservation Easement,"76981",PERM
Mathews Easements,Cleveland Museum of Natural History,Private,Non-Governmental Organization,"4",4 - no known mandate for biodiversity protection,3,RA,Restricted Access,CONE,Conservation Easement,"76815",PERM
Mathews Easements,Cleveland Museum of Natural History,Private,Non-Governmental Organization,"4",4 - no known mandate for biodiversity protection,3,RA,Restricted Access,CONE,Conservation Easement,"76828",PERM
Mathews Easements,Cleveland Museum of Natural History,Private,Non-Governmental Organization,"4",4 - no known mandate for biodiversity protection,3,RA,Restricted Access,CONE,Conservation Easement,"76942",PERM
Mathews Easements,Cleveland Museum of Natural History,Private,Non-Governmental Organization,"4",4 - no known mandate for biodiversity protection,5,RA,Restricted Access,CONE,Conservation Easement,"76954",PERM
Mathews Easements,Cleveland Museum of Natural History,Private,Non-Governmental Organization,"4",4 - no known mandate for biodiversity protection,34,RA,Restricted Access,CONE,Conservation Easement,"76957",PERM
Mathews Easements,Cleveland Museum of Natural History,Private,Non-Governmental Organization,"4",4 - no known mandate for biodiversity protection,0,RA,Restricted Access,CONE,Conservation Easement,"76962",PERM
Mathews Easements,Cleveland Museum of Natural History,Private,Non-Governmental Organization,"4",4 - no known mandate for biodiversity protection,20,RA,Restricted Access,CONE,Conservation Easement,"76964",PERM
Mathews Easements,Cleveland Museum of Natural History,Private,Non-Governmental Organization,"4",4 - no known mandate for biodiversity protection,47,RA,Restricted Access,CONE,Conservation Easement,"76970",PERM
Mathews Easements,Cleveland Museum of Natural History,Private,Non-Governmental Organization,"4",4 - no known mandate for biodiversity protection,43,RA,Restricted Access,CONE,Conservation Easement,"76991",PERM
Mathews Easements,Cleveland Museum of Natural History,Private,Non-Governmental Organization,"4",4 - no known mandate for biodiversity protection,3,RA,Restricted Access,CONE,Conservation Easement,"76995",PERM
Mathews Easements,Cleveland Museum of Natural History,Private,Non-Governmental Organization,"4",4 - no known mandate for biodiversity protection,1,RA,Restricted Access,CONE,Conservation Easement,"76999",PERM
Mathews Easements,Cleveland Museum of Natural History,Private,Non-Governmental Organization,"4",4 - no known mandate for biodiversity protection,3,RA,Restricted Access,CONE,Conservation Easement,"77002",PERM
Willowdale Easement,Cleveland Museum of Natural History,Private,Non-Governmental Organization,"4",4 - no known mandate for biodiversity protection,24,RA,Restricted Access,CONE,Conservation Easement,"76998",PERM
Us-Oh-96-3,Ducks Unlimited (Wetlands America Trust),Private,Non-Governmental Organization,"4",4 - no known mandate for biodiversity protection,94,XA,Closed,CONE,Conservation Easement,"928076",PERM
Us-Oh-96-4,Ducks Unlimited (Wetlands America Trust),Private,Non-Governmental Organization,"4",4 - no known mandate for biodiversity protection,124,XA,Closed,CONE,Conservation Easement,"928077",PERM
Us-Oh-96-5,Ducks Unlimited (Wetlands America Trust),Private,Non-Governmental Organization,"4",4 - no known mandate for biodiversity protection,72,XA,Closed,CONE,Conservation Easement,"928078",PERM
Flpa-2007-001,Fairfield Land Preservation Association,Private,Non-Governmental Organization,"4",4 - no known mandate for biodiversity protection,315,XA,Closed,AGRE,Agricultural Easement,"76879",PERM
Flpa-2011-001,Fairfield Land Preservation Association,Private,Non-Governmental Organization,"4",4 - no known mandate for biodiversity protection,139,XA,Closed,AGRE,Agricultural Easement,"1016952",PERM
Albaugh,Friends of Lower Muskingum River,Private,Non-Governmental Organization,"4",4 - no known mandate for biodiversity protection,29,XA,Closed,CONE,Conservation Easement,"937448",PERM
Diehl,Friends of Lower Muskingum River,Private,Non-Governmental Organization,"4",4 - no known mandate for biodiversity protection,347,XA,Closed,CONE,Conservation Easement,"937446",PERM
Marcum,Friends of Lower Muskingum River,Private,Non-Governmental Organization,"4",4 - no known mandate for biodiversity protection,215,XA,Closed,CONE,Conservation Easement,"937447",PERM
Artz,Gates Mills Land Conservancy,Private,Non-Governmental Organization,"4",4 - no known mandate for biodiversity protection,17,UK,Unknown,CONE,Conservation Easement,"980931",PERM
Clark,Gates Mills Land Conservancy,Private,Non-Governmental Organization,"4",4 - no known mandate for biodiversity protection,32,UK,Unknown,CONE,Conservation Easement,"980768",PERM
Collister,Gates Mills Land Conservancy,Private,Non-Governmental Organization,"4",4 - no known mandate for biodiversity protection,25,UK,Unknown,CONE,Conservation Easement,"980772",PERM
Creech,Gates Mills Land Conservancy,Private,Non-Governmental Organization,"4",4 - no known mandate for biodiversity protection,3,UK,Unknown,CONE,Conservation Easement,"980771",PERM
East Branch Farms,Gates Mills Land Conservancy,Private,Non-Governmental Organization,"4",4 - no known mandate for biodiversity protection,5,UK,Unknown,CONE,Conservation Easement,"980806",PERM
Foreman,Gates Mills Land Conservancy,Private,Non-Governmental Organization,"4",4 - no known mandate for biodiversity protection,14,UK,Unknown,CONE,Conservation Easement,"980804",PERM
Holmes,Gates Mills Land Conservancy,Private,Non-Governmental Organization,"4",4 - no known mandate for biodiversity protection,4,UK,Unknown,CONE,Conservation Easement,"980805",PERM
Levenson,Gates Mills Land Conservancy,Private,Non-Governmental Organization,"4",4 - no known mandate for biodiversity protection,12,UK,Unknown,CONE,Conservation Easement,"980807",PERM
MacLaren,Gates Mills Land Conservancy,Private,Non-Governmental Organization,"4",4 - no known mandate for biodiversity protection,15,UK,Unknown,CONE,Conservation Easement,"980808",PERM
Riley (Village of Gates Mills),Gates Mills Land Conservancy,Private,Non-Governmental Organization,"4",4 - no known mandate for biodiversity protection,11,UK,Unknown,CONE,Conservation Easement,"980810",PERM
Scovil,Gates Mills Land Conservancy,Private,Non-Governmental Organization,"4",4 - no known mandate for biodiversity protection,5,UK,Unknown,CONE,Conservation Easement,"980811",PERM
Village Trails 001,Gates Mills Land Conservancy,Private,Non-Governmental Organization,"4",4 - no known mandate for biodiversity protection,22,UK,Unknown,CONE,Conservation Easement,"980813",PERM
Holden Arboretum Easement,Holden Arboretum,Private,Non-Governmental Organization,"4",4 - no known mandate for biodiversity protection,18,XA,Closed,CONE,Conservation Easement,"922311",UNK
Holden Arboretum Easement,Holden Arboretum,Private,Non-Governmental Organization,"4",4 - no known mandate for biodiversity protection,15,XA,Closed,CONE,Conservation Easement,"922312",UNK
Holden Arboretum Easement,Holden Arboretum,Private,Non-Governmental Organization,"4",4 - no known mandate for biodiversity protection,8,XA,Closed,CONE,Conservation Easement,"922313",UNK
Holden Arboretum Easement,Holden Arboretum,Private,Non-Governmental Organization,"4",4 - no known mandate for biodiversity protection,28,XA,Closed,CONE,Conservation Easement,"922314",UNK
Holden Arboretum Easement,Holden Arboretum,Private,Non-Governmental Organization,"4",4 - no known mandate for biodiversity protection,10,XA,Closed,CONE,Conservation Easement,"922315",UNK
Holden Arboretum Easement,Holden Arboretum,Private,Non-Governmental Organization,"4",4 - no known mandate for biodiversity protection,50,XA,Closed,CONE,Conservation Easement,"922316",UNK
Holden Arboretum Easement,Holden Arboretum,Private,Non-Governmental Organization,"4",4 - no known mandate for biodiversity protection,105,XA,Closed,CONE,Conservation Easement,"922317",UNK
Holden Arboretum Easement,Holden Arboretum,Private,Non-Governmental Organization,"4",4 - no known mandate for biodiversity protection,46,XA,Closed,CONE,Conservation Easement,"922444",UNK
Holden Arboretum Easement,Holden Arboretum,Private,Non-Governmental Organization,"4",4 - no known mandate for biodiversity protection,76,XA,Closed,CONE,Conservation Easement,"922445",UNK
Holden Arboretum Easement,Holden Arboretum,Private,Non-Governmental Organization,"4",4 - no known mandate for biodiversity protection,117,XA,Closed,CONE,Conservation Easement,"922446",UNK
Holden Arboretum Easement,Holden Arboretum,Private,Non-Governmental Organization,"4",4 - no known mandate for biodiversity protection,38,XA,Closed,CONE,Conservation Easement,"922447",UNK
Clean Ohio Farmland 159,Killbuck Watershed Land Trust,Private,Non-Governmental Organization,"4",4 - no known mandate for biodiversity protection,133,XA,Closed,AGRE,Agricultural Easement,"923036",PERM
Clean Ohio Farmland 160,Killbuck Watershed Land Trust,Private,Non-Governmental Organization,"4",4 - no known mandate for biodiversity protection,209,XA,Closed,AGRE,Agricultural Easement,"923037",PERM
Clean Ohio Farmland 161,Killbuck Watershed Land Trust,Private,Non-Governmental Organization,"4",4 - no known mandate for biodiversity protection,130,XA,Closed,AGRE,Agricultural Easement,"923038",PERM
Clean Ohio Farmland 162,Killbuck Watershed Land Trust,Private,Non-Governmental Organization,"4",4 - no known mandate for biodiversity protection,214,XA,Closed,AGRE,Agricultural Easement,"923039",PERM
Clean Ohio Farmland 163,Killbuck Watershed Land Trust,Private,Non-Governmental Organization,"4",4 - no known mandate for biodiversity protection,135,XA,Closed,AGRE,Agricultural Easement,"923035",PERM
Clean Ohio Farmland 164,Killbuck Watershed Land Trust,Private,Non-Governmental Organization,"4",4 - no known mandate for biodiversity protection,109,XA,Closed,AGRE,Agricultural Easement,"923040",PERM
Clean Ohio Farmland 166,Killbuck Watershed Land Trust,Private,Non-Governmental Organization,"4",4 - no known mandate for biodiversity protection,68,XA,Closed,AGRE,Agricultural Easement,"923042",PERM
Clean Ohio Farmland 167,Killbuck Watershed Land Trust,Private,Non-Governmental Organization,"4",4 - no known mandate for biodiversity protection,83,XA,Closed,AGRE,Agricultural Easement,"923043",PERM
Clean Ohio Farmland 168,Killbuck Watershed Land Trust,Private,Non-Governmental Organization,"4",4 - no known mandate for biodiversity protection,460,XA,Closed,AGRE,Agricultural Easement,"923044",PERM
Farm and Ranch Lands Protection Program (FRPP),Killbuck Watershed Land Trust,Private,Non-Governmental Organization,"3",3 - managed for multiple uses - subject to extractive (e.g. mining or logging) or OHV use,114,XA,Closed,AGRE,Agricultural Easement,"923041",PERM
Llt-2003-001,Licking Land Trust,Private,Non-Governmental Organization,"4",4 - no known mandate for biodiversity protection,75,XA,Closed,AGRE,Agricultural Easement,"77211",PERM
Llt-2007-001,Licking Land Trust,Private,Non-Governmental Organization,"4",4 - no known mandate for biodiversity protection,53,XA,Closed,AGRE,Agricultural Easement,"1016953",PERM
Clean Ohio Farmland 170,Logan County Land Trust,Private,Non-Governmental Organization,"4",4 - no known mandate for biodiversity protection,305,XA,Closed,AGRE,Agricultural Easement,"984972",PERM
Clean Ohio Farmland 172,Logan County Land Trust,Private,Non-Governmental Organization,"4",4 - no known mandate for biodiversity protection,100,XA,Closed,AGRE,Agricultural Easement,"923048",PERM
Clean Ohio Farmland 215,Logan County Land Trust,Private,Non-Governmental Organization,"4",4 - no known mandate for biodiversity protection,68,XA,Closed,AGRE,Agricultural Easement,"923049",PERM
Farm and Ranch Lands Protection Program (FRPP) Clean Ohio Farmland 169,Logan County Land Trust,Private,Non-Governmental Organization,"4",4 - no known mandate for biodiversity protection,631,XA,Closed,AGRE,Agricultural Easement,"923045",PERM
A10 / Clean Ohio Farmland 262,Philander Chase Conservancy,Private,Non-Governmental Organization,"4",4 - no known mandate for biodiversity protection,91,XA,Closed,AGRE,Agricultural Easement,"108950",PERM
A11 / Clean Ohio Farmland 263,Philander Chase Conservancy,Private,Non-Governmental Organization,"4",4 - no known mandate for biodiversity protection,32,XA,Closed,AGRE,Agricultural Easement,"108951",PERM
Clean Ohio Farmland 69,Tecumseh Land Trust,Private,Non-Governmental Organization,"4",4 - no known mandate for biodiversity protection,170,XA,Closed,AGRE,Agricultural Easement,"923057",PERM
Clean Ohio Farmland 70,Tecumseh Land Trust,Private,Non-Governmental Organization,"4",4 - no known mandate for biodiversity protection,144,XA,Closed,AGRE,Agricultural Easement,"923058",PERM
Clean Ohio Farmland 71,Tecumseh Land Trust,Private,Non-Governmental Organization,"4",4 - no known mandate for biodiversity protection,39,XA,Closed,AGRE,Agricultural Easement,"923059",PERM
Clean Ohio Farmland 72,Tecumseh Land Trust,Private,Non-Governmental Organization,"4",4 - no known mandate for biodiversity protection,237,XA,Closed,AGRE,Agricultural Easement,"923060",PERM
Clean Ohio Farmland 73,Tecumseh Land Trust,Private,Non-Governmental Organization,"4",4 - no known mandate for biodiversity protection,297,XA,Closed,AGRE,Agricultural Easement,"923061",PERM
Clean Ohio Farmland 74,Tecumseh Land Trust,Private,Non-Governmental Organization,"4",4 - no known mandate for biodiversity protection,183,XA,Closed,AGRE,Agricultural Easement,"923062",PERM
Clean Ohio Farmland 75,Tecumseh Land Trust,Private,Non-Governmental Organization,"4",4 - no known mandate for biodiversity protection,498,XA,Closed,AGRE,Agricultural Easement,"923054",PERM
Clean Ohio Farmland 76,Tecumseh Land Trust,Private,Non-Governmental Organization,"4",4 - no known mandate for biodiversity protection,135,XA,Closed,AGRE,Agricultural Easement,"923063",PERM
Clean Ohio Farmland 77,Tecumseh Land Trust,Private,Non-Governmental Organization,"4",4 - no known mandate for biodiversity protection,135,XA,Closed,AGRE,Agricultural Easement,"923064",PERM
Clean Ohio Farmland 78,Tecumseh Land Trust,Private,Non-Governmental Organization,"4",4 - no known mandate for biodiversity protection,451,XA,Closed,AGRE,Agricultural Easement,"923065",PERM
Clean Ohio Farmland 79,Tecumseh Land Trust,Private,Non-Governmental Organization,"4",4 - no known mandate for biodiversity protection,320,XA,Closed,AGRE,Agricultural Easement,"923066",PERM
Clean Ohio Farmland 80,Tecumseh Land Trust,Private,Non-Governmental Organization,"4",4 - no known mandate for biodiversity protection,273,XA,Closed,AGRE,Agricultural Easement,"923067",PERM
Clean Ohio Farmland 81,Tecumseh Land Trust,Private,Non-Governmental Organization,"4",4 - no known mandate for biodiversity protection,61,XA,Closed,AGRE,Agricultural Easement,"923340",PERM
Clean Ohio Farmland 82,Tecumseh Land Trust,Private,Non-Governmental Organization,"4",4 - no known mandate for biodiversity protection,455,XA,Closed,AGRE,Agricultural Easement,"923341",PERM
Clean Ohio Farmland 83,Tecumseh Land Trust,Private,Non-Governmental Organization,"4",4 - no known mandate for biodiversity protection,135,XA,Closed,AGRE,Agricultural Easement,"923342",PERM
Clean Ohio Farmland 84,Tecumseh Land Trust,Private,Non-Governmental Organization,"4",4 - no known mandate for biodiversity protection,93,XA,Closed,AGRE,Agricultural Easement,"923055",PERM
Clean Ohio Farmland 85,Tecumseh Land Trust,Private,Non-Governmental Organization,"4",4 - no known mandate for biodiversity protection,405,XA,Closed,AGRE,Agricultural Easement,"923343",PERM
Clean Ohio Farmland 86,Tecumseh Land Trust,Private,Non-Governmental Organization,"4",4 - no known mandate for biodiversity protection,175,XA,Closed,AGRE,Agricultural Easement,"923056",PERM
Clean Ohio Farmland 90,Tecumseh Land Trust,Private,Non-Governmental Organization,"4",4 - no known mandate for biodiversity protection,770,XA,Closed,AGRE,Agricultural Easement,"923347",PERM
Clean Ohio Farmland 91,Tecumseh Land Trust,Private,Non-Governmental Organization,"4",4 - no known mandate for biodiversity protection,53,XA,Closed,AGRE,Agricultural Easement,"923348",PERM
Clean Ohio Farmland 93,Tecumseh Land Trust,Private,Non-Governmental Organization,"4",4 - no known mandate for biodiversity protection,271,XA,Closed,AGRE,Agricultural Easement,"923350",PERM
Clean Ohio Farmland 94,Tecumseh Land Trust,Private,Non-Governmental Organization,"4",4 - no known mandate for biodiversity protection,299,XA,Closed,AGRE,Agricultural Easement,"10377659",PERM
Clean Ohio Farmland 95,Tecumseh Land Trust,Private,Non-Governmental Organization,"4",4 - no known mandate for biodiversity protection,601,XA,Closed,AGRE,Agricultural Easement,"923352",PERM
Clean Ohio Farmland 96,Tecumseh Land Trust,Private,Non-Governmental Organization,"4",4 - no known mandate for biodiversity protection,541,XA,Closed,AGRE,Agricultural Easement,"923353",PERM
Clean Ohio Farmland 97,Tecumseh Land Trust,Private,Non-Governmental Organization,"4",4 - no known mandate for biodiversity protection,477,XA,Closed,AGRE,Agricultural Easement,"923354",PERM
Farm and Ranch Lands Protection Program (FRPP),Tecumseh Land Trust,Private,Non-Governmental Organization,"3",3 - managed for multiple uses - subject to extractive (e.g. mining or logging) or OHV use,90,XA,Closed,AGRE,Agricultural Easement,"923349",PERM
Lindy Wildlife Sanctuary,The Humane Society Wildlife Land Trust,Private,Non-Governmental Organization,"4",4 - no known mandate for biodiversity protection,26,XA,Closed,CONE,Conservation Easement,"986792",PERM
Murray Wildlife Sanctuary,The Humane Society Wildlife Land Trust,Private,Non-Governmental Organization,"4",4 - no known mandate for biodiversity protection,117,XA,Closed,CONE,Conservation Easement,"986796",PERM
Bald Knob Easement,The Nature Conservancy,Private,Non-Governmental Organization,"2",2 - managed for biodiversity - disturbance events suppressed,76,XA,Closed,CONE,Conservation Easement,"921195",PERM
Big Darby Creek,The Nature Conservancy,Private,Non-Governmental Organization,"2",2 - managed for biodiversity - disturbance events suppressed,79,XA,Closed,CONE,Conservation Easement,"1016677",PERM
Big Darby Creek Easement,The Nature Conservancy,Private,Non-Governmental Organization,"2",2 - managed for biodiversity - disturbance events suppressed,4,XA,Closed,CONE,Conservation Easement,"920739",PERM
Buzzardroost Rock Easement,The Nature Conservancy,Private,Non-Governmental Organization,"2",2 - managed for biodiversity - disturbance events suppressed,101,XA,Closed,CONE,Conservation Easement,"920035",PERM
Edge Of Appalachia Easement,The Nature Conservancy,Private,Non-Governmental Organization,"2",2 - managed for biodiversity - disturbance events suppressed,6,XA,Closed,CONE,Conservation Easement,"919525",PERM
Morgan Swamp Easement,The Nature Conservancy,Private,Non-Governmental Organization,"2",2 - managed for biodiversity - disturbance events suppressed,66,XA,Closed,CONE,Conservation Easement,"920180",PERM
Ohio Brush Creek Easement,The Nature Conservancy,Private,Non-Governmental Organization,"2",2 - managed for biodiversity - disturbance events suppressed,52,XA,Closed,CONE,Conservation Easement,"921408",PERM
Ohio Brush Creek Easement,The Nature Conservancy,Private,Non-Governmental Organization,"4",4 - no known mandate for biodiversity protection,2,XA,Closed,CONE,Conservation Easement,"35674",PERM
Ohio Brush Creek Easement,The Nature Conservancy,Private,Non-Governmental Organization,"4",4 - no known mandate for biodiversity protection,2,XA,Closed,CONE,Conservation Easement,"35676",PERM
Ohio Brush Creek Easement,The Nature Conservancy,Private,Non-Governmental Organization,"4",4 - no known mandate for biodiversity protection,5,XA,Closed,CONE,Conservation Easement,"35684",PERM
Ohio Brush Creek Easement,The Nature Conservancy,Private,Non-Governmental Organization,"4",4 - no known mandate for biodiversity protection,3,XA,Closed,CONE,Conservation Easement,"35688",PERM
Ohio Brush Creek Easement,The Nature Conservancy,Private,Non-Governmental Organization,"4",4 - no known mandate for biodiversity protection,6,XA,Closed,CONE,Conservation Easement,"35689",PERM
Ohio Brush Creek Easement,The Nature Conservancy,Private,Non-Governmental Organization,"4",4 - no known mandate for biodiversity protection,14,XA,Closed,CONE,Conservation Easement,"35691",PERM
Walden Ii Site Easement,The Nature Conservancy,Private,Non-Governmental Organization,"2",2 - managed for biodiversity - disturbance events suppressed,54,XA,Closed,CONE,Conservation Easement,"921624",PERM
"Wilderness, The Easement",The Nature Conservancy,Private,Non-Governmental Organization,"2",2 - managed for biodiversity - disturbance events suppressed,66,XA,Closed,CONE,Conservation Easement,"919535",PERM
"Wilderness, The Easement",The Nature Conservancy,Private,Non-Governmental Organization,"2",2 - managed for biodiversity - disturbance events suppressed,156,XA,Closed,CONE,Conservation Easement,"921149",PERM
Butterfield/Smith Farm and Ranch Lands Protection Program,Three Valley Conservation Trust,Private,Non-Governmental Organization,"4",4 - no known mandate for biodiversity protection,90,XA,Closed,AGRE,Agricultural Easement,"924021",PERM
Call Easement 05,Three Valley Conservation Trust,Private,Non-Governmental Organization,"4",4 - no known mandate for biodiversity protection,20,XA,Closed,AGRE,Agricultural Easement,"924018",PERM
Clean Ohio Farmland 100,Three Valley Conservation Trust,Private,Non-Governmental Organization,"4",4 - no known mandate for biodiversity protection,148,XA,Closed,AGRE,Agricultural Easement,"923535",PERM
Clean Ohio Farmland 101,Three Valley Conservation Trust,Private,Non-Governmental Organization,"4",4 - no known mandate for biodiversity protection,408,XA,Closed,AGRE,Agricultural Easement,"923536",PERM
Clean Ohio Farmland 102,Three Valley Conservation Trust,Private,Non-Governmental Organization,"4",4 - no known mandate for biodiversity protection,157,XA,Closed,AGRE,Agricultural Easement,"923537",PERM
Clean Ohio Farmland 103,Three Valley Conservation Trust,Private,Non-Governmental Organization,"4",4 - no known mandate for biodiversity protection,78,XA,Closed,AGRE,Agricultural Easement,"923538",PERM
Clean Ohio Farmland 103,Three Valley Conservation Trust,Private,Non-Governmental Organization,"4",4 - no known mandate for biodiversity protection,78,XA,Closed,AGRE,Agricultural Easement,"927858",PERM
Clean Ohio Farmland 106,Three Valley Conservation Trust,Private,Non-Governmental Organization,"4",4 - no known mandate for biodiversity protection,470,XA,Closed,AGRE,Agricultural Easement,"923541",PERM
Clean Ohio Farmland 113,Three Valley Conservation Trust,Private,Non-Governmental Organization,"4",4 - no known mandate for biodiversity protection,160,XA,Closed,AGRE,Agricultural Easement,"984966",PERM
Clean Ohio Farmland 98,Three Valley Conservation Trust,Private,Non-Governmental Organization,"4",4 - no known mandate for biodiversity protection,753,XA,Closed,AGRE,Agricultural Easement,"924026",PERM
Clean Ohio Farmland 99,Three Valley Conservation Trust,Private,Non-Governmental Organization,"4",4 - no known mandate for biodiversity protection,366,XA,Closed,AGRE,Agricultural Easement,"923534",PERM
Clean Ohio Farmland Bixler Easement,Three Valley Conservation Trust,Private,Non-Governmental Organization,"4",4 - no known mandate for biodiversity protection,143,XA,Closed,AGRE,Agricultural Easement,"924013",PERM
Clean Ohio Farmland Crowe Easement,Three Valley Conservation Trust,Private,Non-Governmental Organization,"4",4 - no known mandate for biodiversity protection,321,XA,Closed,AGRE,Agricultural Easement,"924004",PERM
Clean Ohio Farmland Filburn Easement 2,Three Valley Conservation Trust,Private,Non-Governmental Organization,"4",4 - no known mandate for biodiversity protection,138,XA,Closed,AGRE,Agricultural Easement,"923997",PERM
Clean Ohio Farmland Tapalman Easement 1,Three Valley Conservation Trust,Private,Non-Governmental Organization,"4",4 - no known mandate for biodiversity protection,229,XA,Closed,AGRE,Agricultural Easement,"923957",PERM
Clean Ohio Farmland Tapalman Easement 2,Three Valley Conservation Trust,Private,Non-Governmental Organization,"4",4 - no known mandate for biodiversity protection,296,XA,Closed,AGRE,Agricultural Easement,"924036",PERM
Clean Ohio Farmland Tincher Easement,Three Valley Conservation Trust,Private,Non-Governmental Organization,"4",4 - no known mandate for biodiversity protection,262,XA,Closed,AGRE,Agricultural Easement,"924039",PERM
Clean Ohio Farmland Voge  Easement E1,Three Valley Conservation Trust,Private,Non-Governmental Organization,"4",4 - no known mandate for biodiversity protection,80,XA,Closed,AGRE,Agricultural Easement,"923950",PERM
Clean Ohio Farmland Welch Easement,Three Valley Conservation Trust,Private,Non-Governmental Organization,"4",4 - no known mandate for biodiversity protection,116,XA,Closed,AGRE,Agricultural Easement,"923945",PERM
Clean Ohio Farmland Wysong Easement,Three Valley Conservation Trust,Private,Non-Governmental Organization,"4",4 - no known mandate for biodiversity protection,132,XA,Closed,AGRE,Agricultural Easement,"924035",PERM
Clevenger Easement 1,Three Valley Conservation Trust,Private,Non-Governmental Organization,"4",4 - no known mandate for biodiversity protection,104,XA,Closed,AGRE,Agricultural Easement,"924007",PERM
Clevenger Easement 2,Three Valley Conservation Trust,Private,Non-Governmental Organization,"4",4 - no known mandate for biodiversity protection,99,XA,Closed,AGRE,Agricultural Easement,"924008",PERM
Cummins/McCollum Easement,Three Valley Conservation Trust,Private,Non-Governmental Organization,"4",4 - no known mandate for biodiversity protection,15,XA,Closed,AGRE,Agricultural Easement,"924043",PERM
Dohn Easement,Three Valley Conservation Trust,Private,Non-Governmental Organization,"4",4 - no known mandate for biodiversity protection,66,XA,Closed,AGRE,Agricultural Easement,"924003",PERM
DuBois Easement,Three Valley Conservation Trust,Private,Non-Governmental Organization,"4",4 - no known mandate for biodiversity protection,42,XA,Closed,AGRE,Agricultural Easement,"924002",PERM
Dull Easement,Three Valley Conservation Trust,Private,Non-Governmental Organization,"4",4 - no known mandate for biodiversity protection,148,XA,Closed,AGRE,Agricultural Easement,"924001",PERM
Duvall Easement,Three Valley Conservation Trust,Private,Non-Governmental Organization,"4",4 - no known mandate for biodiversity protection,102,XA,Closed,AGRE,Agricultural Easement,"924000",PERM
Fain Easement,Three Valley Conservation Trust,Private,Non-Governmental Organization,"4",4 - no known mandate for biodiversity protection,19,XA,Closed,AGRE,Agricultural Easement,"923995",PERM
Farm and Ranch Lands Protection Program (FRPP),Three Valley Conservation Trust,Private,Non-Governmental Organization,"3",3 - managed for multiple uses - subject to extractive (e.g. mining or logging) or OHV use,58,XA,Closed,AGRE,Agricultural Easement,"923943",PERM
Farm and Ranch Lands Protection Program (FRPP),Three Valley Conservation Trust,Private,Non-Governmental Organization,"3",3 - managed for multiple uses - subject to extractive (e.g. mining or logging) or OHV use,145,XA,Closed,AGRE,Agricultural Easement,"923947",PERM
Farm and Ranch Lands Protection Program (FRPP),Three Valley Conservation Trust,Private,Non-Governmental Organization,"3",3 - managed for multiple uses - subject to extractive (e.g. mining or logging) or OHV use,160,XA,Closed,AGRE,Agricultural Easement,"923971",PERM
Farm and Ranch Lands Protection Program (FRPP),Three Valley Conservation Trust,Private,Non-Governmental Organization,"3",3 - managed for multiple uses - subject to extractive (e.g. mining or logging) or OHV use,73,XA,Closed,AGRE,Agricultural Easement,"924009",PERM
Farm and Ranch Lands Protection Program (FRPP),Three Valley Conservation Trust,Private,Non-Governmental Organization,"3",3 - managed for multiple uses - subject to extractive (e.g. mining or logging) or OHV use,172,XA,Closed,AGRE,Agricultural Easement,"924028",PERM
Farm and Ranch Lands Protection Program (FRPP) 735E3407013F9 /  Tom's Run Farms Inc,Three Valley Conservation Trust,Private,Non-Governmental Organization,"3",3 - managed for multiple uses - subject to extractive (e.g. mining or logging) or OHV use,119,XA,Closed,AGRE,Agricultural Easement,"923955",PERM
Farm and Ranch Lands Protection Program (FRPP) 735E3407013F9 / Baker,Three Valley Conservation Trust,Private,Non-Governmental Organization,"3",3 - managed for multiple uses - subject to extractive (e.g. mining or logging) or OHV use,127,XA,Closed,AGRE,Agricultural Easement,"924016",PERM
Farm and Ranch Lands Protection Program (FRPP) 735E3407013F9 / Leedy 2,Three Valley Conservation Trust,Private,Non-Governmental Organization,"3",3 - managed for multiple uses - subject to extractive (e.g. mining or logging) or OHV use,63,XA,Closed,AGRE,Agricultural Easement,"923977",PERM
Farm and Ranch Lands Protection Program (FRPP) 735E3407013F9 / Lupinske,Three Valley Conservation Trust,Private,Non-Governmental Organization,"3",3 - managed for multiple uses - subject to extractive (e.g. mining or logging) or OHV use,126,XA,Closed,AGRE,Agricultural Easement,"923976",PERM
Farm and Ranch Lands Protection Program (FRPP) 735E3407013FH / Clean Ohio Farmland Jackson 1,Three Valley Conservation Trust,Private,Non-Governmental Organization,"3",3 - managed for multiple uses - subject to extractive (e.g. mining or logging) or OHV use,80,XA,Closed,AGRE,Agricultural Easement,"923982",PERM
Farm and Ranch Lands Protection Program (FRPP) 735E3407013FH / Clean Ohio Farmland Schlichter,Three Valley Conservation Trust,Private,Non-Governmental Organization,"3",3 - managed for multiple uses - subject to extractive (e.g. mining or logging) or OHV use,159,XA,Closed,AGRE,Agricultural Easement,"923965",PERM
Farm and Ranch Lands Protection Program (FRPP) 735E3407013FH / Clean Ohio Farmland Voge,Three Valley Conservation Trust,Private,Non-Governmental Organization,"3",3 - managed for multiple uses - subject to extractive (e.g. mining or logging) or OHV use,59,XA,Closed,AGRE,Agricultural Easement,"923951",PERM
Felty Easement,Three Valley Conservation Trust,Private,Non-Governmental Organization,"4",4 - no known mandate for biodiversity protection,46,XA,Closed,AGRE,Agricultural Easement,"923999",PERM
Filburn Easement 1,Three Valley Conservation Trust,Private,Non-Governmental Organization,"4",4 - no known mandate for biodiversity protection,363,XA,Closed,AGRE,Agricultural Easement,"923996",PERM
Geddes Easement 2,Three Valley Conservation Trust,Private,Non-Governmental Organization,"4",4 - no known mandate for biodiversity protection,94,XA,Closed,AGRE,Agricultural Easement,"924024",PERM
Gerber Easement 1,Three Valley Conservation Trust,Private,Non-Governmental Organization,"4",4 - no known mandate for biodiversity protection,402,XA,Closed,AGRE,Agricultural Easement,"924025",PERM
Gitz/Pontius Easement,Three Valley Conservation Trust,Private,Non-Governmental Organization,"4",4 - no known mandate for biodiversity protection,92,XA,Closed,AGRE,Agricultural Easement,"924027",PERM
"Glander, F Easement",Three Valley Conservation Trust,Private,Non-Governmental Organization,"4",4 - no known mandate for biodiversity protection,163,XA,Closed,AGRE,Agricultural Easement,"923992",PERM
Hamm Easement,Three Valley Conservation Trust,Private,Non-Governmental Organization,"4",4 - no known mandate for biodiversity protection,73,XA,Closed,AGRE,Agricultural Easement,"923990",PERM
Hesselbrock Easement 1,Three Valley Conservation Trust,Private,Non-Governmental Organization,"4",4 - no known mandate for biodiversity protection,29,XA,Closed,AGRE,Agricultural Easement,"923942",PERM
Hesselbrock Easement 2,Three Valley Conservation Trust,Private,Non-Governmental Organization,"4",4 - no known mandate for biodiversity protection,102,XA,Closed,AGRE,Agricultural Easement,"924044",PERM
Hoffman Easement,Three Valley Conservation Trust,Private,Non-Governmental Organization,"4",4 - no known mandate for biodiversity protection,320,XA,Closed,AGRE,Agricultural Easement,"923988",PERM
Hoke Easement,Three Valley Conservation Trust,Private,Non-Governmental Organization,"4",4 - no known mandate for biodiversity protection,14,XA,Closed,AGRE,Agricultural Easement,"923987",PERM
Howard Easement,Three Valley Conservation Trust,Private,Non-Governmental Organization,"4",4 - no known mandate for biodiversity protection,238,XA,Closed,AGRE,Agricultural Easement,"923984",PERM
Jackson Easement 2,Three Valley Conservation Trust,Private,Non-Governmental Organization,"4",4 - no known mandate for biodiversity protection,72,XA,Closed,AGRE,Agricultural Easement,"923983",PERM
Lake Easement 1,Three Valley Conservation Trust,Private,Non-Governmental Organization,"4",4 - no known mandate for biodiversity protection,53,XA,Closed,AGRE,Agricultural Easement,"923979",PERM
Lake Easement 2,Three Valley Conservation Trust,Private,Non-Governmental Organization,"4",4 - no known mandate for biodiversity protection,155,XA,Closed,AGRE,Agricultural Easement,"924017",PERM
Lake Easement R,Three Valley Conservation Trust,Private,Non-Governmental Organization,"4",4 - no known mandate for biodiversity protection,95,XA,Closed,AGRE,Agricultural Easement,"924029",PERM
Lanthrop Easement,Three Valley Conservation Trust,Private,Non-Governmental Organization,"4",4 - no known mandate for biodiversity protection,226,XA,Closed,AGRE,Agricultural Easement,"923978",PERM
Leedy Easement 3,Three Valley Conservation Trust,Private,Non-Governmental Organization,"4",4 - no known mandate for biodiversity protection,468,XA,Closed,AGRE,Agricultural Easement,"924037",PERM
Molen Easement,Three Valley Conservation Trust,Private,Non-Governmental Organization,"4",4 - no known mandate for biodiversity protection,109,XA,Closed,AGRE,Agricultural Easement,"923974",PERM
"Roark, D Easement",Three Valley Conservation Trust,Private,Non-Governmental Organization,"4",4 - no known mandate for biodiversity protection,134,XA,Closed,AGRE,Agricultural Easement,"923968",PERM
"Roark, V Easement",Three Valley Conservation Trust,Private,Non-Governmental Organization,"4",4 - no known mandate for biodiversity protection,81,XA,Closed,AGRE,Agricultural Easement,"923967",PERM
Rodeffer Easement,Three Valley Conservation Trust,Private,Non-Governmental Organization,"4",4 - no known mandate for biodiversity protection,162,XA,Closed,AGRE,Agricultural Easement,"924020",PERM
Safe Haven Farms Easement,Three Valley Conservation Trust,Private,Non-Governmental Organization,"4",4 - no known mandate for biodiversity protection,59,XA,Closed,AGRE,Agricultural Easement,"924030",PERM
Seibel Easement,Three Valley Conservation Trust,Private,Non-Governmental Organization,"4",4 - no known mandate for biodiversity protection,154,XA,Closed,AGRE,Agricultural Easement,"923964",PERM
Shepherd Easement,Three Valley Conservation Trust,Private,Non-Governmental Organization,"4",4 - no known mandate for biodiversity protection,119,XA,Closed,AGRE,Agricultural Easement,"923963",PERM
Stiver Easement,Three Valley Conservation Trust,Private,Non-Governmental Organization,"4",4 - no known mandate for biodiversity protection,164,XA,Closed,AGRE,Agricultural Easement,"923961",PERM
Study Easement 1,Three Valley Conservation Trust,Private,Non-Governmental Organization,"4",4 - no known mandate for biodiversity protection,66,XA,Closed,AGRE,Agricultural Easement,"923958",PERM
Study Easement 2,Three Valley Conservation Trust,Private,Non-Governmental Organization,"4",4 - no known mandate for biodiversity protection,34,XA,Closed,AGRE,Agricultural Easement,"923959",PERM
Tapalman Easement 3,Three Valley Conservation Trust,Private,Non-Governmental Organization,"4",4 - no known mandate for biodiversity protection,61,XA,Closed,AGRE,Agricultural Easement,"924040",PERM
Taylor Easement,Three Valley Conservation Trust,Private,Non-Governmental Organization,"4",4 - no known mandate for biodiversity protection,78,XA,Closed,AGRE,Agricultural Easement,"923956",PERM
The Beck Farm,Three Valley Conservation Trust,Private,Non-Governmental Organization,"4",4 - no known mandate for biodiversity protection,149,XA,Closed,AGRE,Agricultural Easement,"924015",PERM
The Bowen Farm,Three Valley Conservation Trust,Private,Non-Governmental Organization,"4",4 - no known mandate for biodiversity protection,106,XA,Closed,AGRE,Agricultural Easement,"924012",PERM
Ulrich Easement D1,Three Valley Conservation Trust,Private,Non-Governmental Organization,"4",4 - no known mandate for biodiversity protection,59,XA,Closed,AGRE,Agricultural Easement,"923952",PERM
Ulrich Easement D2,Three Valley Conservation Trust,Private,Non-Governmental Organization,"4",4 - no known mandate for biodiversity protection,76,XA,Closed,AGRE,Agricultural Easement,"923953",PERM
Ulrich Easement D3,Three Valley Conservation Trust,Private,Non-Governmental Organization,"4",4 - no known mandate for biodiversity protection,104,XA,Closed,AGRE,Agricultural Easement,"923954",PERM
Ulrich Easement T1,Three Valley Conservation Trust,Private,Non-Governmental Organization,"4",4 - no known mandate for biodiversity protection,91,XA,Closed,AGRE,Agricultural Easement,"924031",PERM
Voge  Easement F,Three Valley Conservation Trust,Private,Non-Governmental Organization,"4",4 - no known mandate for biodiversity protection,287,XA,Closed,AGRE,Agricultural Easement,"923948",PERM
Voge  Easement R2,Three Valley Conservation Trust,Private,Non-Governmental Organization,"4",4 - no known mandate for biodiversity protection,80,XA,Closed,AGRE,Agricultural Easement,"924033",PERM
Voge Easement B,Three Valley Conservation Trust,Private,Non-Governmental Organization,"4",4 - no known mandate for biodiversity protection,242,XA,Closed,AGRE,Agricultural Easement,"923949",PERM
Yost Easement,Three Valley Conservation Trust,Private,Non-Governmental Organization,"4",4 - no known mandate for biodiversity protection,12,XA,Closed,AGRE,Agricultural Easement,"923944",PERM
Bilich Farms Inc Easement,Three Valley Conservation Trust,Private,Non-Governmental Organization,"4",4 - no known mandate for biodiversity protection,273,XA,Closed,CONE,Conservation Easement,"924014",PERM
Bruns Easement,Three Valley Conservation Trust,Private,Non-Governmental Organization,"4",4 - no known mandate for biodiversity protection,117,XA,Closed,CONE,Conservation Easement,"924010",PERM
Costanzo Easement 3,Three Valley Conservation Trust,Private,Non-Governmental Organization,"4",4 - no known mandate for biodiversity protection,61,XA,Closed,CONE,Conservation Easement,"924005",PERM
Cummins/McCollum Easement,Three Valley Conservation Trust,Private,Non-Governmental Organization,"4",4 - no known mandate for biodiversity protection,5,XA,Closed,CONE,Conservation Easement,"924006",PERM
Eich Easement,Three Valley Conservation Trust,Private,Non-Governmental Organization,"4",4 - no known mandate for biodiversity protection,170,XA,Closed,CONE,Conservation Easement,"924034",PERM
Falke/Blocher Easement,Three Valley Conservation Trust,Private,Non-Governmental Organization,"4",4 - no known mandate for biodiversity protection,0,XA,Closed,CONE,Conservation Easement,"924022",PERM
Fergus Easement,Three Valley Conservation Trust,Private,Non-Governmental Organization,"4",4 - no known mandate for biodiversity protection,115,XA,Closed,CONE,Conservation Easement,"923998",PERM
Flowers Easement,Three Valley Conservation Trust,Private,Non-Governmental Organization,"4",4 - no known mandate for biodiversity protection,89,XA,Closed,CONE,Conservation Easement,"923994",PERM
Geddes Easement 1,Three Valley Conservation Trust,Private,Non-Governmental Organization,"4",4 - no known mandate for biodiversity protection,83,XA,Closed,CONE,Conservation Easement,"924023",PERM
Gibson Easement,Three Valley Conservation Trust,Private,Non-Governmental Organization,"4",4 - no known mandate for biodiversity protection,125,XA,Closed,CONE,Conservation Easement,"923993",PERM
Glaser/Smith Easement,Three Valley Conservation Trust,Private,Non-Governmental Organization,"4",4 - no known mandate for biodiversity protection,8,XA,Closed,CONE,Conservation Easement,"923991",PERM
Harmon Easement,Three Valley Conservation Trust,Private,Non-Governmental Organization,"4",4 - no known mandate for biodiversity protection,2,XA,Closed,CONE,Conservation Easement,"924042",PERM
Hoelle/Henry Easement,Three Valley Conservation Trust,Private,Non-Governmental Organization,"4",4 - no known mandate for biodiversity protection,28,XA,Closed,CONE,Conservation Easement,"923989",PERM
Hollenbaugh Easement,Three Valley Conservation Trust,Private,Non-Governmental Organization,"4",4 - no known mandate for biodiversity protection,1,XA,Closed,CONE,Conservation Easement,"923986",PERM
House Easement,Three Valley Conservation Trust,Private,Non-Governmental Organization,"4",4 - no known mandate for biodiversity protection,179,XA,Closed,CONE,Conservation Easement,"923985",PERM
Kahn Easement,Three Valley Conservation Trust,Private,Non-Governmental Organization,"4",4 - no known mandate for biodiversity protection,5,XA,Closed,CONE,Conservation Easement,"923981",PERM
Klak/Hey Easement,Three Valley Conservation Trust,Private,Non-Governmental Organization,"4",4 - no known mandate for biodiversity protection,15,XA,Closed,CONE,Conservation Easement,"923980",PERM
Millar Easement,Three Valley Conservation Trust,Private,Non-Governmental Organization,"4",4 - no known mandate for biodiversity protection,9,XA,Closed,CONE,Conservation Easement,"923975",PERM
Reid Easement,Three Valley Conservation Trust,Private,Non-Governmental Organization,"4",4 - no known mandate for biodiversity protection,3,XA,Closed,CONE,Conservation Easement,"924041",PERM
Robbins Easement,Three Valley Conservation Trust,Private,Non-Governmental Organization,"4",4 - no known mandate for biodiversity protection,33,XA,Closed,CONE,Conservation Easement,"923966",PERM
Stewart Easement,Three Valley Conservation Trust,Private,Non-Governmental Organization,"4",4 - no known mandate for biodiversity protection,81,XA,Closed,CONE,Conservation Easement,"923962",PERM
Walker Easement,Three Valley Conservation Trust,Private,Non-Governmental Organization,"4",4 - no known mandate for biodiversity protection,85,XA,Closed,CONE,Conservation Easement,"923946",PERM
Wissing Easement,Three Valley Conservation Trust,Private,Non-Governmental Organization,"4",4 - no known mandate for biodiversity protection,9,XA,Closed,CONE,Conservation Easement,"924032",PERM
Farm and Ranch Lands Protection Program (FRPP),Unknown Non-Governmental Organization,Private,Non-Governmental Organization,"3",3 - managed for multiple uses - subject to extractive (e.g. mining or logging) or OHV use,156,XA,Closed,AGRE,Agricultural Easement,"1016492",PERM
Farm and Ranch Lands Protection Program (FRPP),Unknown Non-Governmental Organization,Private,Non-Governmental Organization,"3",3 - managed for multiple uses - subject to extractive (e.g. mining or logging) or OHV use,160,XA,Closed,AGRE,Agricultural Easement,"986354",PERM
West Central Ohio Land Conservancy Easement,West Central Ohio Land Conservancy,Private,Non-Governmental Organization,"4",4 - no known mandate for biodiversity protection,40,XA,Closed,AGRE,Agricultural Easement,"997906",PERM
West Central Ohio Land Conservancy Easement,West Central Ohio Land Conservancy,Private,Non-Governmental Organization,"4",4 - no known mandate for biodiversity protection,39,XA,Closed,AGRE,Agricultural Easement,"997909",PERM
West Central Ohio Land Conservancy Easement,West Central Ohio Land Conservancy,Private,Non-Governmental Organization,"4",4 - no known mandate for biodiversity protection,89,XA,Closed,AGRE,Agricultural Easement,"997910",PERM
West Central Ohio Land Conservancy Easement,West Central Ohio Land Conservancy,Private,Non-Governmental Organization,"4",4 - no known mandate for biodiversity protection,53,XA,Closed,AGRE,Agricultural Easement,"997911",PERM
West Central Ohio Land Conservancy Easement,West Central Ohio Land Conservancy,Private,Non-Governmental Organization,"4",4 - no known mandate for biodiversity protection,76,XA,Closed,AGRE,Agricultural Easement,"997912",PERM
West Central Ohio Land Conservancy Easement,West Central Ohio Land Conservancy,Private,Non-Governmental Organization,"4",4 - no known mandate for biodiversity protection,19,XA,Closed,AGRE,Agricultural Easement,"997913",PERM
West Central Ohio Land Conservancy Easement,West Central Ohio Land Conservancy,Private,Non-Governmental Organization,"4",4 - no known mandate for biodiversity protection,61,XA,Closed,OTHE,Other Easement,"937706",PERM
West Central Ohio Land Conservancy Easement,West Central Ohio Land Conservancy,Private,Non-Governmental Organization,"4",4 - no known mandate for biodiversity protection,12,XA,Closed,OTHE,Other Easement,"937707",PERM
West Central Ohio Land Conservancy Easement,West Central Ohio Land Conservancy,Private,Non-Governmental Organization,"4",4 - no known mandate for biodiversity protection,74,XA,Closed,OTHE,Other Easement,"997907",PERM
10241 Ridge Rd.,West Creek Conservancy,Private,Non-Governmental Organization,"4",4 - no known mandate for biodiversity protection,1,XA,Closed,CONE,Conservation Easement,"937724",UNK
Clean Ohio Farmland - Western Reserve Land Conservancy 457,Western Reserve Land Conservancy,Private,Non-Governmental Organization,"4",4 - no known mandate for biodiversity protection,98,XA,Closed,AGRE,Agricultural Easement,"923564",PERM
Clean Ohio Farmland - Western Reserve Land Conservancy 473,Western Reserve Land Conservancy,Private,Non-Governmental Organization,"4",4 - no known mandate for biodiversity protection,180,XA,Closed,AGRE,Agricultural Easement,"923558",PERM
Western Reserve Land Conservancy 103,Western Reserve Land Conservancy,Private,Non-Governmental Organization,"4",4 - no known mandate for biodiversity protection,79,XA,Closed,AGRE,Agricultural Easement,"77251",PERM
Western Reserve Land Conservancy 120,Western Reserve Land Conservancy,Private,Non-Governmental Organization,"4",4 - no known mandate for biodiversity protection,21,XA,Closed,AGRE,Agricultural Easement,"77286",PERM
Western Reserve Land Conservancy 127,Western Reserve Land Conservancy,Private,Non-Governmental Organization,"4",4 - no known mandate for biodiversity protection,181,XA,Closed,AGRE,Agricultural Easement,"77099",PERM
Western Reserve Land Conservancy 147,Western Reserve Land Conservancy,Private,Non-Governmental Organization,"4",4 - no known mandate for biodiversity protection,106,XA,Closed,AGRE,Agricultural Easement,"77057",PERM
Western Reserve Land Conservancy 161,Western Reserve Land Conservancy,Private,Non-Governmental Organization,"4",4 - no known mandate for biodiversity protection,18,XA,Closed,AGRE,Agricultural Easement,"77065",PERM
Western Reserve Land Conservancy 162,Western Reserve Land Conservancy,Private,Non-Governmental Organization,"4",4 - no known mandate for biodiversity protection,115,XA,Closed,AGRE,Agricultural Easement,"77118",PERM
Western Reserve Land Conservancy 173,Western Reserve Land Conservancy,Private,Non-Governmental Organization,"4",4 - no known mandate for biodiversity protection,38,XA,Closed,AGRE,Agricultural Easement,"77117",PERM
Western Reserve Land Conservancy 181,Western Reserve Land Conservancy,Private,Non-Governmental Organization,"4",4 - no known mandate for biodiversity protection,107,XA,Closed,AGRE,Agricultural Easement,"77093",PERM
Western Reserve Land Conservancy 193,Western Reserve Land Conservancy,Private,Non-Governmental Organization,"4",4 - no known mandate for biodiversity protection,48,XA,Closed,AGRE,Agricultural Easement,"77232",PERM
Western Reserve Land Conservancy 197,Western Reserve Land Conservancy,Private,Non-Governmental Organization,"4",4 - no known mandate for biodiversity protection,100,XA,Closed,AGRE,Agricultural Easement,"77058",PERM
Western Reserve Land Conservancy 200,Western Reserve Land Conservancy,Private,Non-Governmental Organization,"4",4 - no known mandate for biodiversity protection,64,XA,Closed,AGRE,Agricultural Easement,"77267",PERM
Western Reserve Land Conservancy 204,Western Reserve Land Conservancy,Private,Non-Governmental Organization,"4",4 - no known mandate for biodiversity protection,122,XA,Closed,AGRE,Agricultural Easement,"77096",PERM
Western Reserve Land Conservancy 206,Western Reserve Land Conservancy,Private,Non-Governmental Organization,"4",4 - no known mandate for biodiversity protection,103,XA,Closed,AGRE,Agricultural Easement,"77127",PERM
Western Reserve Land Conservancy 210,Western Reserve Land Conservancy,Private,Non-Governmental Organization,"4",4 - no known mandate for biodiversity protection,68,XA,Closed,AGRE,Agricultural Easement,"77201",PERM
Western Reserve Land Conservancy 213,Western Reserve Land Conservancy,Private,Non-Governmental Organization,"4",4 - no known mandate for biodiversity protection,758,XA,Closed,AGRE,Agricultural Easement,"77158",PERM
Western Reserve Land Conservancy 221,Western Reserve Land Conservancy,Private,Non-Governmental Organization,"4",4 - no known mandate for biodiversity protection,144,XA,Closed,AGRE,Agricultural Easement,"77009",PERM
Western Reserve Land Conservancy 225,Western Reserve Land Conservancy,Private,Non-Governmental Organization,"4",4 - no known mandate for biodiversity protection,34,XA,Closed,AGRE,Agricultural Easement,"77184",PERM
Western Reserve Land Conservancy 230,Western Reserve Land Conservancy,Private,Non-Governmental Organization,"4",4 - no known mandate for biodiversity protection,160,XA,Closed,AGRE,Agricultural Easement,"77004",PERM
Western Reserve Land Conservancy 236,Western Reserve Land Conservancy,Private,Non-Governmental Organization,"4",4 - no known mandate for biodiversity protection,69,XA,Closed,AGRE,Agricultural Easement,"77018",PERM
Western Reserve Land Conservancy 238,Western Reserve Land Conservancy,Private,Non-Governmental Organization,"4",4 - no known mandate for biodiversity protection,143,XA,Closed,AGRE,Agricultural Easement,"77025",PERM
Western Reserve Land Conservancy 241,Western Reserve Land Conservancy,Private,Non-Governmental Organization,"4",4 - no known mandate for biodiversity protection,68,XA,Closed,AGRE,Agricultural Easement,"77248",PERM
Western Reserve Land Conservancy 243,Western Reserve Land Conservancy,Private,Non-Governmental Organization,"4",4 - no known mandate for biodiversity protection,279,XA,Closed,AGRE,Agricultural Easement,"77137",PERM
Western Reserve Land Conservancy 245,Western Reserve Land Conservancy,Private,Non-Governmental Organization,"4",4 - no known mandate for biodiversity protection,52,XA,Closed,AGRE,Agricultural Easement,"77152",PERM
Western Reserve Land Conservancy 249,Western Reserve Land Conservancy,Private,Non-Governmental Organization,"4",4 - no known mandate for biodiversity protection,15,XA,Closed,AGRE,Agricultural Easement,"77161",PERM
Western Reserve Land Conservancy 250,Western Reserve Land Conservancy,Private,Non-Governmental Organization,"4",4 - no known mandate for biodiversity protection,122,XA,Closed,AGRE,Agricultural Easement,"77178",PERM
Western Reserve Land Conservancy 254,Western Reserve Land Conservancy,Private,Non-Governmental Organization,"4",4 - no known mandate for biodiversity protection,62,XA,Closed,AGRE,Agricultural Easement,"77141",PERM
Western Reserve Land Conservancy 260,Western Reserve Land Conservancy,Private,Non-Governmental Organization,"4",4 - no known mandate for biodiversity protection,69,XA,Closed,AGRE,Agricultural Easement,"77134",PERM
Western Reserve Land Conservancy 268,Western Reserve Land Conservancy,Private,Non-Governmental Organization,"4",4 - no known mandate for biodiversity protection,177,XA,Closed,AGRE,Agricultural Easement,"77166",PERM
Western Reserve Land Conservancy 270,Western Reserve Land Conservancy,Private,Non-Governmental Organization,"4",4 - no known mandate for biodiversity protection,59,XA,Closed,AGRE,Agricultural Easement,"77027",PERM
Western Reserve Land Conservancy 271,Western Reserve Land Conservancy,Private,Non-Governmental Organization,"4",4 - no known mandate for biodiversity protection,207,XA,Closed,AGRE,Agricultural Easement,"77160",PERM
Western Reserve Land Conservancy 272,Western Reserve Land Conservancy,Private,Non-Governmental Organization,"4",4 - no known mandate for biodiversity protection,79,XA,Closed,AGRE,Agricultural Easement,"77197",PERM
Western Reserve Land Conservancy 274,Western Reserve Land Conservancy,Private,Non-Governmental Organization,"4",4 - no known mandate for biodiversity protection,94,XA,Closed,AGRE,Agricultural Easement,"77019",PERM
Western Reserve Land Conservancy 276,Western Reserve Land Conservancy,Private,Non-Governmental Organization,"4",4 - no known mandate for biodiversity protection,75,XA,Closed,AGRE,Agricultural Easement,"77015",PERM
Western Reserve Land Conservancy 278,Western Reserve Land Conservancy,Private,Non-Governmental Organization,"4",4 - no known mandate for biodiversity protection,86,XA,Closed,AGRE,Agricultural Easement,"77007",PERM
Western Reserve Land Conservancy 279,Western Reserve Land Conservancy,Private,Non-Governmental Organization,"4",4 - no known mandate for biodiversity protection,29,XA,Closed,AGRE,Agricultural Easement,"77193",PERM
Western Reserve Land Conservancy 280,Western Reserve Land Conservancy,Private,Non-Governmental Organization,"4",4 - no known mandate for biodiversity protection,53,XA,Closed,AGRE,Agricultural Easement,"77200",PERM
Western Reserve Land Conservancy 281,Western Reserve Land Conservancy,Private,Non-Governmental Organization,"4",4 - no known mandate for biodiversity protection,74,XA,Closed,AGRE,Agricultural Easement,"77143",PERM
Western Reserve Land Conservancy 282,Western Reserve Land Conservancy,Private,Non-Governmental Organization,"4",4 - no known mandate for biodiversity protection,140,XA,Closed,AGRE,Agricultural Easement,"77189",PERM
Western Reserve Land Conservancy 288,Western Reserve Land Conservancy,Private,Non-Governmental Organization,"4",4 - no known mandate for biodiversity protection,96,XA,Closed,AGRE,Agricultural Easement,"77132",PERM
Western Reserve Land Conservancy 292,Western Reserve Land Conservancy,Private,Non-Governmental Organization,"4",4 - no known mandate for biodiversity protection,88,XA,Closed,AGRE,Agricultural Easement,"77021",PERM
Western Reserve Land Conservancy 313,Western Reserve Land Conservancy,Private,Non-Governmental Organization,"4",4 - no known mandate for biodiversity protection,103,XA,Closed,AGRE,Agricultural Easement,"77302",PERM
Western Reserve Land Conservancy 345,Western Reserve Land Conservancy,Private,Non-Governmental Organization,"4",4 - no known mandate for biodiversity protection,17,XA,Closed,AGRE,Agricultural Easement,"77280",PERM
Western Reserve Land Conservancy 347,Western Reserve Land Conservancy,Private,Non-Governmental Organization,"4",4 - no known mandate for biodiversity protection,10,XA,Closed,AGRE,Agricultural Easement,"77247",PERM
Western Reserve Land Conservancy 351,Western Reserve Land Conservancy,Private,Non-Governmental Organization,"4",4 - no known mandate for biodiversity protection,59,XA,Closed,AGRE,Agricultural Easement,"77270",PERM
Western Reserve Land Conservancy 352,Western Reserve Land Conservancy,Private,Non-Governmental Organization,"4",4 - no known mandate for biodiversity protection,51,XA,Closed,AGRE,Agricultural Easement,"77292",PERM
Western Reserve Land Conservancy 359,Western Reserve Land Conservancy,Private,Non-Governmental Organization,"4",4 - no known mandate for biodiversity protection,93,XA,Closed,AGRE,Agricultural Easement,"77268",PERM
Western Reserve Land Conservancy 360,Western Reserve Land Conservancy,Private,Non-Governmental Organization,"4",4 - no known mandate for biodiversity protection,457,XA,Closed,AGRE,Agricultural Easement,"77240",PERM
Western Reserve Land Conservancy 361,Western Reserve Land Conservancy,Private,Non-Governmental Organization,"4",4 - no known mandate for biodiversity protection,129,XA,Closed,AGRE,Agricultural Easement,"77104",PERM
Western Reserve Land Conservancy 409,Western Reserve Land Conservancy,Private,Non-Governmental Organization,"4",4 - no known mandate for biodiversity protection,96,XA,Closed,AGRE,Agricultural Easement,"937749",PERM
Western Reserve Land Conservancy 410,Western Reserve Land Conservancy,Private,Non-Governmental Organization,"4",4 - no known mandate for biodiversity protection,115,XA,Closed,AGRE,Agricultural Easement,"937750",PERM
Western Reserve Land Conservancy 414,Western Reserve Land Conservancy,Private,Non-Governmental Organization,"4",4 - no known mandate for biodiversity protection,421,XA,Closed,AGRE,Agricultural Easement,"937776",PERM
Western Reserve Land Conservancy 415,Western Reserve Land Conservancy,Private,Non-Governmental Organization,"4",4 - no known mandate for biodiversity protection,152,XA,Closed,AGRE,Agricultural Easement,"937777",PERM
Western Reserve Land Conservancy 418,Western Reserve Land Conservancy,Private,Non-Governmental Organization,"4",4 - no known mandate for biodiversity protection,85,XA,Closed,AGRE,Agricultural Easement,"937778",PERM
Western Reserve Land Conservancy 418,Western Reserve Land Conservancy,Private,Non-Governmental Organization,"4",4 - no known mandate for biodiversity protection,163,XA,Closed,AGRE,Agricultural Easement,"937779",PERM
Western Reserve Land Conservancy 420,Western Reserve Land Conservancy,Private,Non-Governmental Organization,"4",4 - no known mandate for biodiversity protection,92,XA,Closed,AGRE,Agricultural Easement,"937780",PERM
Western Reserve Land Conservancy 421,Western Reserve Land Conservancy,Private,Non-Governmental Organization,"4",4 - no known mandate for biodiversity protection,172,XA,Closed,AGRE,Agricultural Easement,"937753",PERM
Western Reserve Land Conservancy 422,Western Reserve Land Conservancy,Private,Non-Governmental Organization,"4",4 - no known mandate for biodiversity protection,133,XA,Closed,AGRE,Agricultural Easement,"937755",PERM
Western Reserve Land Conservancy 423,Western Reserve Land Conservancy,Private,Non-Governmental Organization,"4",4 - no known mandate for biodiversity protection,201,XA,Closed,AGRE,Agricultural Easement,"937759",PERM
Western Reserve Land Conservancy 424,Western Reserve Land Conservancy,Private,Non-Governmental Organization,"4",4 - no known mandate for biodiversity protection,238,XA,Closed,AGRE,Agricultural Easement,"937761",PERM
Western Reserve Land Conservancy 425,Western Reserve Land Conservancy,Private,Non-Governmental Organization,"4",4 - no known mandate for biodiversity protection,189,XA,Closed,AGRE,Agricultural Easement,"937762",PERM
Western Reserve Land Conservancy 426,Western Reserve Land Conservancy,Private,Non-Governmental Organization,"4",4 - no known mandate for biodiversity protection,18,XA,Closed,AGRE,Agricultural Easement,"937764",PERM
Western Reserve Land Conservancy 427,Western Reserve Land Conservancy,Private,Non-Governmental Organization,"4",4 - no known mandate for biodiversity protection,68,XA,Closed,AGRE,Agricultural Easement,"937767",PERM
Western Reserve Land Conservancy 427,Western Reserve Land Conservancy,Private,Non-Governmental Organization,"4",4 - no known mandate for biodiversity protection,54,XA,Closed,AGRE,Agricultural Easement,"937790",PERM
Western Reserve Land Conservancy 428,Western Reserve Land Conservancy,Private,Non-Governmental Organization,"4",4 - no known mandate for biodiversity protection,216,XA,Closed,AGRE,Agricultural Easement,"937768",PERM
Western Reserve Land Conservancy 429,Western Reserve Land Conservancy,Private,Non-Governmental Organization,"4",4 - no known mandate for biodiversity protection,63,XA,Closed,AGRE,Agricultural Easement,"937772",PERM
Western Reserve Land Conservancy 430,Western Reserve Land Conservancy,Private,Non-Governmental Organization,"4",4 - no known mandate for biodiversity protection,366,XA,Closed,AGRE,Agricultural Easement,"937775",PERM
Western Reserve Land Conservancy 431,Western Reserve Land Conservancy,Private,Non-Governmental Organization,"4",4 - no known mandate for biodiversity protection,95,XA,Closed,AGRE,Agricultural Easement,"937757",PERM
Western Reserve Land Conservancy 432,Western Reserve Land Conservancy,Private,Non-Governmental Organization,"4",4 - no known mandate for biodiversity protection,148,XA,Closed,AGRE,Agricultural Easement,"937758",PERM
Western Reserve Land Conservancy 433,Western Reserve Land Conservancy,Private,Non-Governmental Organization,"4",4 - no known mandate for biodiversity protection,65,XA,Closed,AGRE,Agricultural Easement,"937760",PERM
Western Reserve Land Conservancy 434,Western Reserve Land Conservancy,Private,Non-Governmental Organization,"4",4 - no known mandate for biodiversity protection,41,XA,Closed,AGRE,Agricultural Easement,"937763",PERM
Western Reserve Land Conservancy 435,Western Reserve Land Conservancy,Private,Non-Governmental Organization,"4",4 - no known mandate for biodiversity protection,47,XA,Closed,AGRE,Agricultural Easement,"937765",PERM
Western Reserve Land Conservancy 436,Western Reserve Land Conservancy,Private,Non-Governmental Organization,"4",4 - no known mandate for biodiversity protection,99,XA,Closed,AGRE,Agricultural Easement,"937766",PERM
Western Reserve Land Conservancy 437,Western Reserve Land Conservancy,Private,Non-Governmental Organization,"4",4 - no known mandate for biodiversity protection,219,XA,Closed,AGRE,Agricultural Easement,"937769",PERM
Western Reserve Land Conservancy 438,Western Reserve Land Conservancy,Private,Non-Governmental Organization,"4",4 - no known mandate for biodiversity protection,55,XA,Closed,AGRE,Agricultural Easement,"937770",PERM
Western Reserve Land Conservancy 439,Western Reserve Land Conservancy,Private,Non-Governmental Organization,"4",4 - no known mandate for biodiversity protection,57,XA,Closed,AGRE,Agricultural Easement,"937771",PERM
Western Reserve Land Conservancy 440,Western Reserve Land Conservancy,Private,Non-Governmental Organization,"4",4 - no known mandate for biodiversity protection,147,XA,Closed,AGRE,Agricultural Easement,"937773",PERM
Western Reserve Land Conservancy 441,Western Reserve Land Conservancy,Private,Non-Governmental Organization,"4",4 - no known mandate for biodiversity protection,42,XA,Closed,AGRE,Agricultural Easement,"937774",PERM
Western Reserve Land Conservancy 482,Western Reserve Land Conservancy,Private,Non-Governmental Organization,"4",4 - no known mandate for biodiversity protection,197,XA,Closed,AGRE,Agricultural Easement,"937799",PERM
Western Reserve Land Conservancy 483,Western Reserve Land Conservancy,Private,Non-Governmental Organization,"4",4 - no known mandate for biodiversity protection,181,XA,Closed,AGRE,Agricultural Easement,"937800",PERM
Western Reserve Land Conservancy 484,Western Reserve Land Conservancy,Private,Non-Governmental Organization,"4",4 - no known mandate for biodiversity protection,40,XA,Closed,AGRE,Agricultural Easement,"937801",PERM
Western Reserve Land Conservancy 485,Western Reserve Land Conservancy,Private,Non-Governmental Organization,"4",4 - no known mandate for biodiversity protection,41,XA,Closed,AGRE,Agricultural Easement,"937802",PERM
Western Reserve Land Conservancy 486,Western Reserve Land Conservancy,Private,Non-Governmental Organization,"4",4 - no known mandate for biodiversity protection,209,XA,Closed,AGRE,Agricultural Easement,"937797",PERM
Western Reserve Land Conservancy 487,Western Reserve Land Conservancy,Private,Non-Governmental Organization,"4",4 - no known mandate for biodiversity protection,296,XA,Closed,AGRE,Agricultural Easement,"937803",PERM
Western Reserve Land Conservancy 488,Western Reserve Land Conservancy,Private,Non-Governmental Organization,"4",4 - no known mandate for biodiversity protection,239,XA,Closed,AGRE,Agricultural Easement,"937811",PERM
Western Reserve Land Conservancy 489,Western Reserve Land Conservancy,Private,Non-Governmental Organization,"4",4 - no known mandate for biodiversity protection,231,XA,Closed,AGRE,Agricultural Easement,"937812",PERM
Western Reserve Land Conservancy 490,Western Reserve Land Conservancy,Private,Non-Governmental Organization,"4",4 - no known mandate for biodiversity protection,271,XA,Closed,AGRE,Agricultural Easement,"937813",PERM
Western Reserve Land Conservancy 491,Western Reserve Land Conservancy,Private,Non-Governmental Organization,"4",4 - no known mandate for biodiversity protection,47,XA,Closed,AGRE,Agricultural Easement,"937814",PERM
Western Reserve Land Conservancy 492,Western Reserve Land Conservancy,Private,Non-Governmental Organization,"4",4 - no known mandate for biodiversity protection,317,XA,Closed,AGRE,Agricultural Easement,"937805",PERM
Western Reserve Land Conservancy 493,Western Reserve Land Conservancy,Private,Non-Governmental Organization,"4",4 - no known mandate for biodiversity protection,370,XA,Closed,AGRE,Agricultural Easement,"937806",PERM
Western Reserve Land Conservancy 494,Western Reserve Land Conservancy,Private,Non-Governmental Organization,"4",4 - no known mandate for biodiversity protection,193,XA,Closed,AGRE,Agricultural Easement,"937815",PERM
Western Reserve Land Conservancy 495,Western Reserve Land Conservancy,Private,Non-Governmental Organization,"4",4 - no known mandate for biodiversity protection,55,XA,Closed,AGRE,Agricultural Easement,"937816",PERM
Western Reserve Land Conservancy 496,Western Reserve Land Conservancy,Private,Non-Governmental Organization,"4",4 - no known mandate for biodiversity protection,14,XA,Closed,AGRE,Agricultural Easement,"937804",PERM
Western Reserve Land Conservancy 497,Western Reserve Land Conservancy,Private,Non-Governmental Organization,"4",4 - no known mandate for biodiversity protection,175,XA,Closed,AGRE,Agricultural Easement,"937807",PERM
Western Reserve Land Conservancy 498,Western Reserve Land Conservancy,Private,Non-Governmental Organization,"4",4 - no known mandate for biodiversity protection,208,XA,Closed,AGRE,Agricultural Easement,"937808",PERM
Western Reserve Land Conservancy 499,Western Reserve Land Conservancy,Private,Non-Governmental Organization,"4",4 - no known mandate for biodiversity protection,82,XA,Closed,AGRE,Agricultural Easement,"937809",PERM
Western Reserve Land Conservancy 500,Western Reserve Land Conservancy,Private,Non-Governmental Organization,"4",4 - no known mandate for biodiversity protection,212,XA,Closed,AGRE,Agricultural Easement,"937810",PERM
Western Reserve Land Conservancy 506,Western Reserve Land Conservancy,Private,Non-Governmental Organization,"4",4 - no known mandate for biodiversity protection,76,XA,Closed,AGRE,Agricultural Easement,"937798",PERM
Western Reserve Land Conservancy 528,Western Reserve Land Conservancy,Private,Non-Governmental Organization,"4",4 - no known mandate for biodiversity protection,52,XA,Closed,AGRE,Agricultural Easement,"937837",PERM
Western Reserve Land Conservancy 54,Western Reserve Land Conservancy,Private,Non-Governmental Organization,"4",4 - no known mandate for biodiversity protection,101,XA,Closed,AGRE,Agricultural Easement,"76965",PERM
Western Reserve Land Conservancy 75,Western Reserve Land Conservancy,Private,Non-Governmental Organization,"4",4 - no known mandate for biodiversity protection,255,XA,Closed,AGRE,Agricultural Easement,"76927",PERM
Western Reserve Land Conservancy 94,Western Reserve Land Conservancy,Private,Non-Governmental Organization,"4",4 - no known mandate for biodiversity protection,275,XA,Closed,AGRE,Agricultural Easement,"77080",PERM
Western Reserve Land Conservancy 387,Western Reserve Land Conservancy,Private,Non-Governmental Organization,"4",4 - no known mandate for biodiversity protection,11,XA,Closed,CONE,Conservation Easement,"937739",PERM
Western Reserve Land Conservancy 390,Western Reserve Land Conservancy,Private,Non-Governmental Organization,"4",4 - no known mandate for biodiversity protection,5,XA,Closed,CONE,Conservation Easement,"937839",PERM
Western Reserve Land Conservancy 391,Western Reserve Land Conservancy,Private,Non-Governmental Organization,"4",4 - no known mandate for biodiversity protection,18,XA,Closed,CONE,Conservation Easement,"937744",PERM
Western Reserve Land Conservancy 524,Western Reserve Land Conservancy,Private,Non-Governmental Organization,"4",4 - no known mandate for biodiversity protection,1,XA,Closed,CONE,Conservation Easement,"937826",PERM
Western Reserve Land Conservancy 525,Western Reserve Land Conservancy,Private,Non-Governmental Organization,"4",4 - no known mandate for biodiversity protection,1,XA,Closed,CONE,Conservation Easement,"937827",PERM
Western Reserve Land Conservancy 526,Western Reserve Land Conservancy,Private,Non-Governmental Organization,"4",4 - no known mandate for biodiversity protection,1,XA,Closed,CONE,Conservation Easement,"937825",PERM
Western Reserve Land Conservancy 476,Western Reserve Land Conservancy,Private,Non-Governmental Organization,"4",4 - no known mandate for biodiversity protection,22,XA,Closed,FORE,Forest Stewardship Easement,"937792",PERM
Western Reserve Land Conservancy 477,Western Reserve Land Conservancy,Private,Non-Governmental Organization,"4",4 - no known mandate for biodiversity protection,32,XA,Closed,FORE,Forest Stewardship Easement,"937791",PERM
Western Reserve Land Conservancy 1,Western Reserve Land Conservancy,Private,Non-Governmental Organization,"3",3 - managed for multiple uses - subject to extractive (e.g. mining or logging) or OHV use,14,XA,Closed,UNKE,Unknown Easement,"77042",PERM
Western Reserve Land Conservancy 100,Western Reserve Land Conservancy,Private,Non-Governmental Organization,"3",3 - managed for multiple uses - subject to extractive (e.g. mining or logging) or OHV use,22,XA,Closed,UNKE,Unknown Easement,"76947",PERM
Western Reserve Land Conservancy 102,Western Reserve Land Conservancy,Private,Non-Governmental Organization,"4",4 - no known mandate for biodiversity protection,11,XA,Closed,UNKE,Unknown Easement,"77071",PERM
Western Reserve Land Conservancy 104,Western Reserve Land Conservancy,Private,Non-Governmental Organization,"4",4 - no known mandate for biodiversity protection,20,XA,Closed,UNKE,Unknown Easement,"77254",PERM
Western Reserve Land Conservancy 105,Western Reserve Land Conservancy,Private,Non-Governmental Organization,"4",4 - no known mandate for biodiversity protection,34,XA,Closed,UNKE,Unknown Easement,"76913",PERM
Western Reserve Land Conservancy 106,Western Reserve Land Conservancy,Private,Non-Governmental Organization,"4",4 - no known mandate for biodiversity protection,64,XA,Closed,UNKE,Unknown Easement,"76817",PERM
Western Reserve Land Conservancy 108,Western Reserve Land Conservancy,Private,Non-Governmental Organization,"4",4 - no known mandate for biodiversity protection,5,XA,Closed,UNKE,Unknown Easement,"77081",PERM
Western Reserve Land Conservancy 111,Western Reserve Land Conservancy,Private,Non-Governmental Organization,"3",3 - managed for multiple uses - subject to extractive (e.g. mining or logging) or OHV use,41,XA,Closed,UNKE,Unknown Easement,"77077",PERM
Western Reserve Land Conservancy 112,Western Reserve Land Conservancy,Private,Non-Governmental Organization,"4",4 - no known mandate for biodiversity protection,5,XA,Closed,UNKE,Unknown Easement,"77062",PERM
Western Reserve Land Conservancy 114,Western Reserve Land Conservancy,Private,Non-Governmental Organization,"3",3 - managed for multiple uses - subject to extractive (e.g. mining or logging) or OHV use,3,XA,Closed,UNKE,Unknown Easement,"76813",PERM
Western Reserve Land Conservancy 117,Western Reserve Land Conservancy,Private,Non-Governmental Organization,"4",4 - no known mandate for biodiversity protection,46,XA,Closed,UNKE,Unknown Easement,"76914",PERM
Western Reserve Land Conservancy 118,Western Reserve Land Conservancy,Private,Non-Governmental Organization,"4",4 - no known mandate for biodiversity protection,1,XA,Closed,UNKE,Unknown Easement,"76917",PERM
Western Reserve Land Conservancy 119,Western Reserve Land Conservancy,Private,Non-Governmental Organization,"4",4 - no known mandate for biodiversity protection,3,XA,Closed,UNKE,Unknown Easement,"77265",PERM
Western Reserve Land Conservancy 12,Western Reserve Land Conservancy,Private,Non-Governmental Organization,"3",3 - managed for multiple uses - subject to extractive (e.g. mining or logging) or OHV use,37,XA,Closed,UNKE,Unknown Easement,"76953",PERM
Western Reserve Land Conservancy 121,Western Reserve Land Conservancy,Private,Non-Governmental Organization,"4",4 - no known mandate for biodiversity protection,49,XA,Closed,UNKE,Unknown Easement,"77180",PERM
Western Reserve Land Conservancy 123,Western Reserve Land Conservancy,Private,Non-Governmental Organization,"4",4 - no known mandate for biodiversity protection,47,XA,Closed,UNKE,Unknown Easement,"77023",PERM
Western Reserve Land Conservancy 124,Western Reserve Land Conservancy,Private,Non-Governmental Organization,"4",4 - no known mandate for biodiversity protection,23,XA,Closed,UNKE,Unknown Easement,"76910",PERM
Western Reserve Land Conservancy 126,Western Reserve Land Conservancy,Private,Non-Governmental Organization,"4",4 - no known mandate for biodiversity protection,61,XA,Closed,UNKE,Unknown Easement,"77028",PERM
Western Reserve Land Conservancy 128,Western Reserve Land Conservancy,Private,Non-Governmental Organization,"4",4 - no known mandate for biodiversity protection,51,XA,Closed,UNKE,Unknown Easement,"77050",PERM
Western Reserve Land Conservancy 13,Western Reserve Land Conservancy,Private,Non-Governmental Organization,"3",3 - managed for multiple uses - subject to extractive (e.g. mining or logging) or OHV use,5,XA,Closed,UNKE,Unknown Easement,"77052",PERM
Western Reserve Land Conservancy 130,Western Reserve Land Conservancy,Private,Non-Governmental Organization,"4",4 - no known mandate for biodiversity protection,11,XA,Closed,UNKE,Unknown Easement,"77051",PERM
Western Reserve Land Conservancy 131,Western Reserve Land Conservancy,Private,Non-Governmental Organization,"4",4 - no known mandate for biodiversity protection,53,XA,Closed,UNKE,Unknown Easement,"77060",PERM
Western Reserve Land Conservancy 133,Western Reserve Land Conservancy,Private,Non-Governmental Organization,"4",4 - no known mandate for biodiversity protection,11,XA,Closed,UNKE,Unknown Easement,"76911",PERM
Western Reserve Land Conservancy 134,Western Reserve Land Conservancy,Private,Non-Governmental Organization,"4",4 - no known mandate for biodiversity protection,12,XA,Closed,UNKE,Unknown Easement,"76926",PERM
Western Reserve Land Conservancy 135,Western Reserve Land Conservancy,Private,Non-Governmental Organization,"4",4 - no known mandate for biodiversity protection,92,XA,Closed,UNKE,Unknown Easement,"77144",PERM
Western Reserve Land Conservancy 139,Western Reserve Land Conservancy,Private,Non-Governmental Organization,"4",4 - no known mandate for biodiversity protection,13,XA,Closed,UNKE,Unknown Easement,"77039",PERM
Western Reserve Land Conservancy 145,Western Reserve Land Conservancy,Private,Non-Governmental Organization,"4",4 - no known mandate for biodiversity protection,55,XA,Closed,UNKE,Unknown Easement,"76923",PERM
Western Reserve Land Conservancy 146,Western Reserve Land Conservancy,Private,Non-Governmental Organization,"4",4 - no known mandate for biodiversity protection,77,XA,Closed,UNKE,Unknown Easement,"937742",PERM
Western Reserve Land Conservancy 148,Western Reserve Land Conservancy,Private,Non-Governmental Organization,"4",4 - no known mandate for biodiversity protection,4,XA,Closed,UNKE,Unknown Easement,"77034",PERM
Western Reserve Land Conservancy 150,Western Reserve Land Conservancy,Private,Non-Governmental Organization,"4",4 - no known mandate for biodiversity protection,12,XA,Closed,UNKE,Unknown Easement,"76928",PERM
Western Reserve Land Conservancy 152,Western Reserve Land Conservancy,Private,Non-Governmental Organization,"4",4 - no known mandate for biodiversity protection,102,XA,Closed,UNKE,Unknown Easement,"77075",PERM
Western Reserve Land Conservancy 153,Western Reserve Land Conservancy,Private,Non-Governmental Organization,"4",4 - no known mandate for biodiversity protection,8,XA,Closed,UNKE,Unknown Easement,"937734",PERM
Western Reserve Land Conservancy 155,Western Reserve Land Conservancy,Private,Non-Governmental Organization,"4",4 - no known mandate for biodiversity protection,26,XA,Closed,UNKE,Unknown Easement,"77095",PERM
Western Reserve Land Conservancy 157,Western Reserve Land Conservancy,Private,Non-Governmental Organization,"4",4 - no known mandate for biodiversity protection,4,XA,Closed,UNKE,Unknown Easement,"77076",PERM
Western Reserve Land Conservancy 159,Western Reserve Land Conservancy,Private,Non-Governmental Organization,"4",4 - no known mandate for biodiversity protection,10,XA,Closed,UNKE,Unknown Easement,"77006",PERM
Western Reserve Land Conservancy 163,Western Reserve Land Conservancy,Private,Non-Governmental Organization,"4",4 - no known mandate for biodiversity protection,3,XA,Closed,UNKE,Unknown Easement,"76904",PERM
Western Reserve Land Conservancy 164,Western Reserve Land Conservancy,Private,Non-Governmental Organization,"4",4 - no known mandate for biodiversity protection,345,XA,Closed,UNKE,Unknown Easement,"76920",PERM
Western Reserve Land Conservancy 165,Western Reserve Land Conservancy,Private,Non-Governmental Organization,"4",4 - no known mandate for biodiversity protection,7,XA,Closed,UNKE,Unknown Easement,"77026",PERM
Western Reserve Land Conservancy 166,Western Reserve Land Conservancy,Private,Non-Governmental Organization,"4",4 - no known mandate for biodiversity protection,1,XA,Closed,UNKE,Unknown Easement,"77092",PERM
Western Reserve Land Conservancy 168,Western Reserve Land Conservancy,Private,Non-Governmental Organization,"4",4 - no known mandate for biodiversity protection,29,XA,Closed,UNKE,Unknown Easement,"77100",PERM
Western Reserve Land Conservancy 169,Western Reserve Land Conservancy,Private,Non-Governmental Organization,"4",4 - no known mandate for biodiversity protection,39,XA,Closed,UNKE,Unknown Easement,"77049",PERM
Western Reserve Land Conservancy 170,Western Reserve Land Conservancy,Private,Non-Governmental Organization,"4",4 - no known mandate for biodiversity protection,104,XA,Closed,UNKE,Unknown Easement,"76909",PERM
Western Reserve Land Conservancy 171,Western Reserve Land Conservancy,Private,Non-Governmental Organization,"4",4 - no known mandate for biodiversity protection,169,XA,Closed,UNKE,Unknown Easement,"77261",PERM
Western Reserve Land Conservancy 172,Western Reserve Land Conservancy,Private,Non-Governmental Organization,"4",4 - no known mandate for biodiversity protection,37,XA,Closed,UNKE,Unknown Easement,"77278",PERM
Western Reserve Land Conservancy 18,Western Reserve Land Conservancy,Private,Non-Governmental Organization,"4",4 - no known mandate for biodiversity protection,2,XA,Closed,UNKE,Unknown Easement,"77083",PERM
Western Reserve Land Conservancy 182,Western Reserve Land Conservancy,Private,Non-Governmental Organization,"4",4 - no known mandate for biodiversity protection,11,XA,Closed,UNKE,Unknown Easement,"77169",PERM
Western Reserve Land Conservancy 184,Western Reserve Land Conservancy,Private,Non-Governmental Organization,"4",4 - no known mandate for biodiversity protection,21,XA,Closed,UNKE,Unknown Easement,"77061",PERM
Western Reserve Land Conservancy 185,Western Reserve Land Conservancy,Private,Non-Governmental Organization,"4",4 - no known mandate for biodiversity protection,7,XA,Closed,UNKE,Unknown Easement,"77078",PERM
Western Reserve Land Conservancy 188,Western Reserve Land Conservancy,Private,Non-Governmental Organization,"4",4 - no known mandate for biodiversity protection,156,XA,Closed,UNKE,Unknown Easement,"77176",PERM
Western Reserve Land Conservancy 189,Western Reserve Land Conservancy,Private,Non-Governmental Organization,"4",4 - no known mandate for biodiversity protection,17,XA,Closed,UNKE,Unknown Easement,"77046",PERM
Western Reserve Land Conservancy 19,Western Reserve Land Conservancy,Private,Non-Governmental Organization,"3",3 - managed for multiple uses - subject to extractive (e.g. mining or logging) or OHV use,32,XA,Closed,UNKE,Unknown Easement,"76819",PERM
Western Reserve Land Conservancy 191,Western Reserve Land Conservancy,Private,Non-Governmental Organization,"4",4 - no known mandate for biodiversity protection,4,XA,Closed,UNKE,Unknown Easement,"77235",PERM
Western Reserve Land Conservancy 199,Western Reserve Land Conservancy,Private,Non-Governmental Organization,"4",4 - no known mandate for biodiversity protection,10,XA,Closed,UNKE,Unknown Easement,"77129",PERM
Western Reserve Land Conservancy 201,Western Reserve Land Conservancy,Private,Non-Governmental Organization,"4",4 - no known mandate for biodiversity protection,18,XA,Closed,UNKE,Unknown Easement,"77063",PERM
Western Reserve Land Conservancy 202,Western Reserve Land Conservancy,Private,Non-Governmental Organization,"4",4 - no known mandate for biodiversity protection,25,XA,Closed,UNKE,Unknown Easement,"77038",PERM
Western Reserve Land Conservancy 208,Western Reserve Land Conservancy,Private,Non-Governmental Organization,"4",4 - no known mandate for biodiversity protection,69,XA,Closed,UNKE,Unknown Easement,"77168",PERM
Western Reserve Land Conservancy 21,Western Reserve Land Conservancy,Private,Non-Governmental Organization,"3",3 - managed for multiple uses - subject to extractive (e.g. mining or logging) or OHV use,16,XA,Closed,UNKE,Unknown Easement,"77044",PERM
Western Reserve Land Conservancy 211,Western Reserve Land Conservancy,Private,Non-Governmental Organization,"4",4 - no known mandate for biodiversity protection,111,XA,Closed,UNKE,Unknown Easement,"77146",PERM
Western Reserve Land Conservancy 215,Western Reserve Land Conservancy,Private,Non-Governmental Organization,"4",4 - no known mandate for biodiversity protection,12,XA,Closed,UNKE,Unknown Easement,"77139",PERM
Western Reserve Land Conservancy 216,Western Reserve Land Conservancy,Private,Non-Governmental Organization,"4",4 - no known mandate for biodiversity protection,27,XA,Closed,UNKE,Unknown Easement,"77011",PERM
Western Reserve Land Conservancy 227,Western Reserve Land Conservancy,Private,Non-Governmental Organization,"4",4 - no known mandate for biodiversity protection,18,XA,Closed,UNKE,Unknown Easement,"77203",PERM
Western Reserve Land Conservancy 233,Western Reserve Land Conservancy,Private,Non-Governmental Organization,"4",4 - no known mandate for biodiversity protection,29,XA,Closed,UNKE,Unknown Easement,"77182",PERM
Western Reserve Land Conservancy 234,Western Reserve Land Conservancy,Private,Non-Governmental Organization,"4",4 - no known mandate for biodiversity protection,20,XA,Closed,UNKE,Unknown Easement,"77246",PERM
Western Reserve Land Conservancy 235,Western Reserve Land Conservancy,Private,Non-Governmental Organization,"4",4 - no known mandate for biodiversity protection,29,XA,Closed,UNKE,Unknown Easement,"77188",PERM
Western Reserve Land Conservancy 237,Western Reserve Land Conservancy,Private,Non-Governmental Organization,"4",4 - no known mandate for biodiversity protection,31,XA,Closed,UNKE,Unknown Easement,"76925",PERM
Western Reserve Land Conservancy 240,Western Reserve Land Conservancy,Private,Non-Governmental Organization,"4",4 - no known mandate for biodiversity protection,25,XA,Closed,UNKE,Unknown Easement,"77198",PERM
Western Reserve Land Conservancy 242,Western Reserve Land Conservancy,Private,Non-Governmental Organization,"4",4 - no known mandate for biodiversity protection,69,XA,Closed,UNKE,Unknown Easement,"77162",PERM
Western Reserve Land Conservancy 246,Western Reserve Land Conservancy,Private,Non-Governmental Organization,"4",4 - no known mandate for biodiversity protection,12,XA,Closed,UNKE,Unknown Easement,"77017",PERM
Western Reserve Land Conservancy 248,Western Reserve Land Conservancy,Private,Non-Governmental Organization,"4",4 - no known mandate for biodiversity protection,55,XA,Closed,UNKE,Unknown Easement,"77106",PERM
Western Reserve Land Conservancy 251,Western Reserve Land Conservancy,Private,Non-Governmental Organization,"4",4 - no known mandate for biodiversity protection,31,XA,Closed,UNKE,Unknown Easement,"77199",PERM
Western Reserve Land Conservancy 252,Western Reserve Land Conservancy,Private,Non-Governmental Organization,"4",4 - no known mandate for biodiversity protection,21,XA,Closed,UNKE,Unknown Easement,"77147",PERM
Western Reserve Land Conservancy 253,Western Reserve Land Conservancy,Private,Non-Governmental Organization,"4",4 - no known mandate for biodiversity protection,42,XA,Closed,UNKE,Unknown Easement,"77157",PERM
Western Reserve Land Conservancy 255,Western Reserve Land Conservancy,Private,Non-Governmental Organization,"4",4 - no known mandate for biodiversity protection,78,XA,Closed,UNKE,Unknown Easement,"77195",PERM
Western Reserve Land Conservancy 259,Western Reserve Land Conservancy,Private,Non-Governmental Organization,"4",4 - no known mandate for biodiversity protection,32,XA,Closed,UNKE,Unknown Easement,"77150",PERM
Western Reserve Land Conservancy 26,Western Reserve Land Conservancy,Private,Non-Governmental Organization,"4",4 - no known mandate for biodiversity protection,6,XA,Closed,UNKE,Unknown Easement,"77094",PERM
Western Reserve Land Conservancy 273,Western Reserve Land Conservancy,Private,Non-Governmental Organization,"4",4 - no known mandate for biodiversity protection,43,XA,Closed,UNKE,Unknown Easement,"77187",PERM
Western Reserve Land Conservancy 28,Western Reserve Land Conservancy,Private,Non-Governmental Organization,"3",3 - managed for multiple uses - subject to extractive (e.g. mining or logging) or OHV use,13,XA,Closed,UNKE,Unknown Easement,"77109",PERM
Western Reserve Land Conservancy 283,Western Reserve Land Conservancy,Private,Non-Governmental Organization,"4",4 - no known mandate for biodiversity protection,59,XA,Closed,UNKE,Unknown Easement,"77140",PERM
Western Reserve Land Conservancy 289,Western Reserve Land Conservancy,Private,Non-Governmental Organization,"4",4 - no known mandate for biodiversity protection,44,XA,Closed,UNKE,Unknown Easement,"77202",PERM
Western Reserve Land Conservancy 293,Western Reserve Land Conservancy,Private,Non-Governmental Organization,"4",4 - no known mandate for biodiversity protection,134,XA,Closed,UNKE,Unknown Easement,"77196",PERM
Western Reserve Land Conservancy 294,Western Reserve Land Conservancy,Private,Non-Governmental Organization,"4",4 - no known mandate for biodiversity protection,43,XA,Closed,UNKE,Unknown Easement,"77284",PERM
Western Reserve Land Conservancy 295,Western Reserve Land Conservancy,Private,Non-Governmental Organization,"4",4 - no known mandate for biodiversity protection,22,XA,Closed,UNKE,Unknown Easement,"77244",PERM
Western Reserve Land Conservancy 308,Western Reserve Land Conservancy,Private,Non-Governmental Organization,"4",4 - no known mandate for biodiversity protection,28,XA,Closed,UNKE,Unknown Easement,"77171",PERM
Western Reserve Land Conservancy 31,Western Reserve Land Conservancy,Private,Non-Governmental Organization,"3",3 - managed for multiple uses - subject to extractive (e.g. mining or logging) or OHV use,8,XA,Closed,UNKE,Unknown Easement,"76959",PERM
Western Reserve Land Conservancy 310,Western Reserve Land Conservancy,Private,Non-Governmental Organization,"4",4 - no known mandate for biodiversity protection,27,XA,Closed,UNKE,Unknown Easement,"937732",PERM
Western Reserve Land Conservancy 312,Western Reserve Land Conservancy,Private,Non-Governmental Organization,"4",4 - no known mandate for biodiversity protection,35,XA,Closed,UNKE,Unknown Easement,"77271",PERM
Western Reserve Land Conservancy 320,Western Reserve Land Conservancy,Private,Non-Governmental Organization,"4",4 - no known mandate for biodiversity protection,13,XA,Closed,UNKE,Unknown Easement,"77250",PERM
Western Reserve Land Conservancy 324,Western Reserve Land Conservancy,Private,Non-Governmental Organization,"4",4 - no known mandate for biodiversity protection,38,XA,Closed,UNKE,Unknown Easement,"77231",PERM
Western Reserve Land Conservancy 325,Western Reserve Land Conservancy,Private,Non-Governmental Organization,"4",4 - no known mandate for biodiversity protection,39,XA,Closed,UNKE,Unknown Easement,"77276",PERM
Western Reserve Land Conservancy 33,Western Reserve Land Conservancy,Private,Non-Governmental Organization,"4",4 - no known mandate for biodiversity protection,4,XA,Closed,UNKE,Unknown Easement,"77005",PERM
Western Reserve Land Conservancy 333,Western Reserve Land Conservancy,Private,Non-Governmental Organization,"4",4 - no known mandate for biodiversity protection,8,XA,Closed,UNKE,Unknown Easement,"77259",PERM
Western Reserve Land Conservancy 34,Western Reserve Land Conservancy,Private,Non-Governmental Organization,"4",4 - no known mandate for biodiversity protection,4,XA,Closed,UNKE,Unknown Easement,"77145",PERM
Western Reserve Land Conservancy 343,Western Reserve Land Conservancy,Private,Non-Governmental Organization,"4",4 - no known mandate for biodiversity protection,17,XA,Closed,UNKE,Unknown Easement,"77108",PERM
Western Reserve Land Conservancy 35,Western Reserve Land Conservancy,Private,Non-Governmental Organization,"4",4 - no known mandate for biodiversity protection,4,XA,Closed,UNKE,Unknown Easement,"77154",PERM
Western Reserve Land Conservancy 36,Western Reserve Land Conservancy,Private,Non-Governmental Organization,"4",4 - no known mandate for biodiversity protection,3,XA,Closed,UNKE,Unknown Easement,"77130",PERM
Western Reserve Land Conservancy 364,Western Reserve Land Conservancy,Private,Non-Governmental Organization,"4",4 - no known mandate for biodiversity protection,61,XA,Closed,UNKE,Unknown Easement,"77111",PERM
Western Reserve Land Conservancy 365,Western Reserve Land Conservancy,Private,Non-Governmental Organization,"4",4 - no known mandate for biodiversity protection,26,XA,Closed,UNKE,Unknown Easement,"77291",PERM
Western Reserve Land Conservancy 37,Western Reserve Land Conservancy,Private,Non-Governmental Organization,"4",4 - no known mandate for biodiversity protection,4,XA,Closed,UNKE,Unknown Easement,"77008",PERM
Western Reserve Land Conservancy 371,Western Reserve Land Conservancy,Private,Non-Governmental Organization,"4",4 - no known mandate for biodiversity protection,34,XA,Closed,UNKE,Unknown Easement,"77216",PERM
Western Reserve Land Conservancy 372,Western Reserve Land Conservancy,Private,Non-Governmental Organization,"4",4 - no known mandate for biodiversity protection,23,XA,Closed,UNKE,Unknown Easement,"77333",PERM
Western Reserve Land Conservancy 378,Western Reserve Land Conservancy,Private,Non-Governmental Organization,"4",4 - no known mandate for biodiversity protection,27,XA,Closed,UNKE,Unknown Easement,"937737",PERM
Western Reserve Land Conservancy 38,Western Reserve Land Conservancy,Private,Non-Governmental Organization,"4",4 - no known mandate for biodiversity protection,14,XA,Closed,UNKE,Unknown Easement,"77153",PERM
Western Reserve Land Conservancy 384,Western Reserve Land Conservancy,Private,Non-Governmental Organization,"4",4 - no known mandate for biodiversity protection,32,XA,Closed,UNKE,Unknown Easement,"937740",PERM
Western Reserve Land Conservancy 388,Western Reserve Land Conservancy,Private,Non-Governmental Organization,"4",4 - no known mandate for biodiversity protection,26,XA,Closed,UNKE,Unknown Easement,"937741",PERM
Western Reserve Land Conservancy 39,Western Reserve Land Conservancy,Private,Non-Governmental Organization,"4",4 - no known mandate for biodiversity protection,35,XA,Closed,UNKE,Unknown Easement,"77013",PERM
Western Reserve Land Conservancy 392,Western Reserve Land Conservancy,Private,Non-Governmental Organization,"4",4 - no known mandate for biodiversity protection,60,XA,Closed,UNKE,Unknown Easement,"937743",PERM
Western Reserve Land Conservancy 393,Western Reserve Land Conservancy,Private,Non-Governmental Organization,"4",4 - no known mandate for biodiversity protection,25,XA,Closed,UNKE,Unknown Easement,"937745",PERM
Western Reserve Land Conservancy 4,Western Reserve Land Conservancy,Private,Non-Governmental Organization,"4",4 - no known mandate for biodiversity protection,15,XA,Closed,UNKE,Unknown Easement,"77090",PERM
Western Reserve Land Conservancy 40,Western Reserve Land Conservancy,Private,Non-Governmental Organization,"4",4 - no known mandate for biodiversity protection,5,XA,Closed,UNKE,Unknown Easement,"77170",PERM
Western Reserve Land Conservancy 408,Western Reserve Land Conservancy,Private,Non-Governmental Organization,"4",4 - no known mandate for biodiversity protection,18,XA,Closed,UNKE,Unknown Easement,"937748",PERM
Western Reserve Land Conservancy 41,Western Reserve Land Conservancy,Private,Non-Governmental Organization,"4",4 - no known mandate for biodiversity protection,3,XA,Closed,UNKE,Unknown Easement,"77155",PERM
Western Reserve Land Conservancy 411,Western Reserve Land Conservancy,Private,Non-Governmental Organization,"4",4 - no known mandate for biodiversity protection,21,XA,Closed,UNKE,Unknown Easement,"937751",PERM
Western Reserve Land Conservancy 412,Western Reserve Land Conservancy,Private,Non-Governmental Organization,"4",4 - no known mandate for biodiversity protection,83,XA,Closed,UNKE,Unknown Easement,"937752",PERM
Western Reserve Land Conservancy 42,Western Reserve Land Conservancy,Private,Non-Governmental Organization,"4",4 - no known mandate for biodiversity protection,4,XA,Closed,UNKE,Unknown Easement,"77174",PERM
Western Reserve Land Conservancy 43,Western Reserve Land Conservancy,Private,Non-Governmental Organization,"4",4 - no known mandate for biodiversity protection,3,XA,Closed,UNKE,Unknown Easement,"77181",PERM
Western Reserve Land Conservancy 448,Western Reserve Land Conservancy,Private,Non-Governmental Organization,"4",4 - no known mandate for biodiversity protection,152,XA,Closed,UNKE,Unknown Easement,"937782",PERM
Western Reserve Land Conservancy 45,Western Reserve Land Conservancy,Private,Non-Governmental Organization,"3",3 - managed for multiple uses - subject to extractive (e.g. mining or logging) or OHV use,34,XA,Closed,UNKE,Unknown Easement,"77059",PERM
Western Reserve Land Conservancy 456,Western Reserve Land Conservancy,Private,Non-Governmental Organization,"4",4 - no known mandate for biodiversity protection,14,XA,Closed,UNKE,Unknown Easement,"937785",PERM
Western Reserve Land Conservancy 46,Western Reserve Land Conservancy,Private,Non-Governmental Organization,"3",3 - managed for multiple uses - subject to extractive (e.g. mining or logging) or OHV use,5,XA,Closed,UNKE,Unknown Easement,"77252",PERM
Western Reserve Land Conservancy 468,Western Reserve Land Conservancy,Private,Non-Governmental Organization,"4",4 - no known mandate for biodiversity protection,5,XA,Closed,UNKE,Unknown Easement,"937789",PERM
Western Reserve Land Conservancy 47,Western Reserve Land Conservancy,Private,Non-Governmental Organization,"3",3 - managed for multiple uses - subject to extractive (e.g. mining or logging) or OHV use,6,XA,Closed,UNKE,Unknown Easement,"76806",PERM
Western Reserve Land Conservancy 48,Western Reserve Land Conservancy,Private,Non-Governmental Organization,"4",4 - no known mandate for biodiversity protection,84,XA,Closed,UNKE,Unknown Easement,"76943",PERM
Western Reserve Land Conservancy 5,Western Reserve Land Conservancy,Private,Non-Governmental Organization,"4",4 - no known mandate for biodiversity protection,4,XA,Closed,UNKE,Unknown Easement,"77101",PERM
Western Reserve Land Conservancy 501,Western Reserve Land Conservancy,Private,Non-Governmental Organization,"4",4 - no known mandate for biodiversity protection,15,XA,Closed,UNKE,Unknown Easement,"937817",PERM
Western Reserve Land Conservancy 502,Western Reserve Land Conservancy,Private,Non-Governmental Organization,"4",4 - no known mandate for biodiversity protection,61,XA,Closed,UNKE,Unknown Easement,"937818",PERM
Western Reserve Land Conservancy 503,Western Reserve Land Conservancy,Private,Non-Governmental Organization,"4",4 - no known mandate for biodiversity protection,29,XA,Closed,UNKE,Unknown Easement,"937821",PERM
Western Reserve Land Conservancy 504,Western Reserve Land Conservancy,Private,Non-Governmental Organization,"4",4 - no known mandate for biodiversity protection,174,XA,Closed,UNKE,Unknown Easement,"937819",PERM
Western Reserve Land Conservancy 505,Western Reserve Land Conservancy,Private,Non-Governmental Organization,"4",4 - no known mandate for biodiversity protection,9,XA,Closed,UNKE,Unknown Easement,"937820",PERM
Western Reserve Land Conservancy 507,Western Reserve Land Conservancy,Private,Non-Governmental Organization,"4",4 - no known mandate for biodiversity protection,43,XA,Closed,UNKE,Unknown Easement,"937796",PERM
Western Reserve Land Conservancy 508,Western Reserve Land Conservancy,Private,Non-Governmental Organization,"4",4 - no known mandate for biodiversity protection,16,XA,Closed,UNKE,Unknown Easement,"937824",PERM
Western Reserve Land Conservancy 509,Western Reserve Land Conservancy,Private,Non-Governmental Organization,"4",4 - no known mandate for biodiversity protection,17,XA,Closed,UNKE,Unknown Easement,"937823",PERM
Western Reserve Land Conservancy 51,Western Reserve Land Conservancy,Private,Non-Governmental Organization,"4",4 - no known mandate for biodiversity protection,7,XA,Closed,UNKE,Unknown Easement,"77054",PERM
Western Reserve Land Conservancy 510,Western Reserve Land Conservancy,Private,Non-Governmental Organization,"4",4 - no known mandate for biodiversity protection,9,XA,Closed,UNKE,Unknown Easement,"937822",PERM
Western Reserve Land Conservancy 511,Western Reserve Land Conservancy,Private,Non-Governmental Organization,"4",4 - no known mandate for biodiversity protection,6,XA,Closed,UNKE,Unknown Easement,"937838",PERM
Western Reserve Land Conservancy 53,Western Reserve Land Conservancy,Private,Non-Governmental Organization,"3",3 - managed for multiple uses - subject to extractive (e.g. mining or logging) or OHV use,5,XA,Closed,UNKE,Unknown Easement,"76912",PERM
Western Reserve Land Conservancy 55,Western Reserve Land Conservancy,Private,Non-Governmental Organization,"4",4 - no known mandate for biodiversity protection,18,XA,Closed,UNKE,Unknown Easement,"77190",PERM
Western Reserve Land Conservancy 56,Western Reserve Land Conservancy,Private,Non-Governmental Organization,"4",4 - no known mandate for biodiversity protection,9,XA,Closed,UNKE,Unknown Easement,"77294",PERM
Western Reserve Land Conservancy 57,Western Reserve Land Conservancy,Private,Non-Governmental Organization,"4",4 - no known mandate for biodiversity protection,11,XA,Closed,UNKE,Unknown Easement,"77289",PERM
Western Reserve Land Conservancy 6,Western Reserve Land Conservancy,Private,Non-Governmental Organization,"4",4 - no known mandate for biodiversity protection,14,XA,Closed,UNKE,Unknown Easement,"76838",PERM
Western Reserve Land Conservancy 60,Western Reserve Land Conservancy,Private,Non-Governmental Organization,"4",4 - no known mandate for biodiversity protection,61,XA,Closed,UNKE,Unknown Easement,"77033",PERM
Western Reserve Land Conservancy 61,Western Reserve Land Conservancy,Private,Non-Governmental Organization,"4",4 - no known mandate for biodiversity protection,16,XA,Closed,UNKE,Unknown Easement,"77126",PERM
Western Reserve Land Conservancy 62,Western Reserve Land Conservancy,Private,Non-Governmental Organization,"3",3 - managed for multiple uses - subject to extractive (e.g. mining or logging) or OHV use,10,XA,Closed,UNKE,Unknown Easement,"76988",PERM
Western Reserve Land Conservancy 63,Western Reserve Land Conservancy,Private,Non-Governmental Organization,"4",4 - no known mandate for biodiversity protection,14,XA,Closed,UNKE,Unknown Easement,"76934",PERM
Western Reserve Land Conservancy 65,Western Reserve Land Conservancy,Private,Non-Governmental Organization,"3",3 - managed for multiple uses - subject to extractive (e.g. mining or logging) or OHV use,17,XA,Closed,UNKE,Unknown Easement,"77098",PERM
Western Reserve Land Conservancy 66,Western Reserve Land Conservancy,Private,Non-Governmental Organization,"3",3 - managed for multiple uses - subject to extractive (e.g. mining or logging) or OHV use,8,XA,Closed,UNKE,Unknown Easement,"77069",PERM
Western Reserve Land Conservancy 67,Western Reserve Land Conservancy,Private,Non-Governmental Organization,"4",4 - no known mandate for biodiversity protection,2,XA,Closed,UNKE,Unknown Easement,"77301",PERM
Western Reserve Land Conservancy 68,Western Reserve Land Conservancy,Private,Non-Governmental Organization,"3",3 - managed for multiple uses - subject to extractive (e.g. mining or logging) or OHV use,31,XA,Closed,UNKE,Unknown Easement,"77040",PERM
Western Reserve Land Conservancy 70,Western Reserve Land Conservancy,Private,Non-Governmental Organization,"4",4 - no known mandate for biodiversity protection,281,XA,Closed,UNKE,Unknown Easement,"76918",PERM
Western Reserve Land Conservancy 71,Western Reserve Land Conservancy,Private,Non-Governmental Organization,"4",4 - no known mandate for biodiversity protection,33,XA,Closed,UNKE,Unknown Easement,"76915",PERM
Western Reserve Land Conservancy 74,Western Reserve Land Conservancy,Private,Non-Governmental Organization,"3",3 - managed for multiple uses - subject to extractive (e.g. mining or logging) or OHV use,15,XA,Closed,UNKE,Unknown Easement,"76933",PERM
Western Reserve Land Conservancy 76,Western Reserve Land Conservancy,Private,Non-Governmental Organization,"4",4 - no known mandate for biodiversity protection,53,XA,Closed,UNKE,Unknown Easement,"77087",PERM
Western Reserve Land Conservancy 77,Western Reserve Land Conservancy,Private,Non-Governmental Organization,"3",3 - managed for multiple uses - subject to extractive (e.g. mining or logging) or OHV use,16,XA,Closed,UNKE,Unknown Easement,"77016",PERM
Western Reserve Land Conservancy 78,Western Reserve Land Conservancy,Private,Non-Governmental Organization,"3",3 - managed for multiple uses - subject to extractive (e.g. mining or logging) or OHV use,17,XA,Closed,UNKE,Unknown Easement,"77173",PERM
Western Reserve Land Conservancy 79,Western Reserve Land Conservancy,Private,Non-Governmental Organization,"4",4 - no known mandate for biodiversity protection,5,XA,Closed,UNKE,Unknown Easement,"76929",PERM
Western Reserve Land Conservancy 80,Western Reserve Land Conservancy,Private,Non-Governmental Organization,"4",4 - no known mandate for biodiversity protection,11,XA,Closed,UNKE,Unknown Easement,"77122",PERM
Western Reserve Land Conservancy 81,Western Reserve Land Conservancy,Private,Non-Governmental Organization,"3",3 - managed for multiple uses - subject to extractive (e.g. mining or logging) or OHV use,5,XA,Closed,UNKE,Unknown Easement,"77012",PERM
Western Reserve Land Conservancy 82,Western Reserve Land Conservancy,Private,Non-Governmental Organization,"3",3 - managed for multiple uses - subject to extractive (e.g. mining or logging) or OHV use,12,XA,Closed,UNKE,Unknown Easement,"76816",PERM
Western Reserve Land Conservancy 83,Western Reserve Land Conservancy,Private,Non-Governmental Organization,"3",3 - managed for multiple uses - subject to extractive (e.g. mining or logging) or OHV use,2,XA,Closed,UNKE,Unknown Easement,"77264",PERM
Western Reserve Land Conservancy 86,Western Reserve Land Conservancy,Private,Non-Governmental Organization,"3",3 - managed for multiple uses - subject to extractive (e.g. mining or logging) or OHV use,61,XA,Closed,UNKE,Unknown Easement,"76937",PERM
Western Reserve Land Conservancy 87,Western Reserve Land Conservancy,Private,Non-Governmental Organization,"4",4 - no known mandate for biodiversity protection,11,XA,Closed,UNKE,Unknown Easement,"77068",PERM
Western Reserve Land Conservancy 88,Western Reserve Land Conservancy,Private,Non-Governmental Organization,"4",4 - no known mandate for biodiversity protection,33,XA,Closed,UNKE,Unknown Easement,"76971",PERM
Western Reserve Land Conservancy 9,Western Reserve Land Conservancy,Private,Non-Governmental Organization,"4",4 - no known mandate for biodiversity protection,4,XA,Closed,UNKE,Unknown Easement,"77073",PERM
Western Reserve Land Conservancy 91,Western Reserve Land Conservancy,Private,Non-Governmental Organization,"3",3 - managed for multiple uses - subject to extractive (e.g. mining or logging) or OHV use,20,XA,Closed,UNKE,Unknown Easement,"76907",PERM
Western Reserve Land Conservancy 92,Western Reserve Land Conservancy,Private,Non-Governmental Organization,"3",3 - managed for multiple uses - subject to extractive (e.g. mining or logging) or OHV use,73,XA,Closed,UNKE,Unknown Easement,"76811",PERM
Western Reserve Land Conservancy 95,Western Reserve Land Conservancy,Private,Non-Governmental Organization,"3",3 - managed for multiple uses - subject to extractive (e.g. mining or logging) or OHV use,2,XA,Closed,UNKE,Unknown Easement,"77000",PERM
Western Reserve Land Conservancy 96,Western Reserve Land Conservancy,Private,Non-Governmental Organization,"4",4 - no known mandate for biodiversity protection,3,XA,Closed,UNKE,Unknown Easement,"76978",PERM
Western Reserve Land Conservancy 99,Western Reserve Land Conservancy,Private,Non-Governmental Organization,"3",3 - managed for multiple uses - subject to extractive (e.g. mining or logging) or OHV use,31,XA,Closed,UNKE,Unknown Easement,"77036",PERM
Oda-Fai-2016-002,Ohio Department of Agriculture,Private,Other or Unknown State Land,"3",3 - managed for multiple uses - subject to extractive (e.g. mining or logging) or OHV use,110,XA,Closed,AGRE,Agricultural Easement,"1033693",PERM
Oda-Fai-2017-001,Ohio Department of Agriculture,Private,Other or Unknown State Land,"3",3 - managed for multiple uses - subject to extractive (e.g. mining or logging) or OHV use,118,XA,Closed,AGRE,Agricultural Easement,"1033700",PERM
Oda-Fai-2017-002,Ohio Department of Agriculture,Private,Other or Unknown State Land,"3",3 - managed for multiple uses - subject to extractive (e.g. mining or logging) or OHV use,157,XA,Closed,AGRE,Agricultural Easement,"1033674",PERM
Casella,Five Rivers MetroParks,Unknown,Regional Agency Land,"4",4 - no known mandate for biodiversity protection,1,UK,Unknown,RECE,Recreation or Education Easement,"10493838",PERM
Gilbert*,Five Rivers MetroParks,Unknown,Regional Agency Land,"4",4 - no known mandate for biodiversity protection,23,OA,Open Access,RECE,Recreation or Education Easement,"984957",PERM
Gray,Five Rivers MetroParks,Unknown,Regional Agency Land,"4",4 - no known mandate for biodiversity protection,10,OA,Open Access,RECE,Recreation or Education Easement,"984959",PERM
Hembree,Five Rivers MetroParks,Unknown,Regional Agency Land,"4",4 - no known mandate for biodiversity protection,3,OA,Open Access,RECE,Recreation or Education Easement,"984958",PERM
Markey,Five Rivers MetroParks,Unknown,Regional Agency Land,"4",4 - no known mandate for biodiversity protection,202,OA,Open Access,RECE,Recreation or Education Easement,"984956",PERM
Motzah,Five Rivers MetroParks,Unknown,Regional Agency Land,"4",4 - no known mandate for biodiversity protection,10,OA,Open Access,RECE,Recreation or Education Easement,"984965",PERM
Rion,Five Rivers MetroParks,Unknown,Regional Agency Land,"4",4 - no known mandate for biodiversity protection,2,OA,Open Access,RECE,Recreation or Education Easement,"984960",PERM
Schaeffer,Five Rivers MetroParks,Unknown,Regional Agency Land,"4",4 - no known mandate for biodiversity protection,89,OA,Open Access,RECE,Recreation or Education Easement,"984964",PERM
Sprude,Five Rivers MetroParks,Unknown,Regional Agency Land,"4",4 - no known mandate for biodiversity protection,5,OA,Open Access,RECE,Recreation or Education Easement,"984955",PERM
Village of Germantown,Five Rivers MetroParks,Unknown,Regional Agency Land,"4",4 - no known mandate for biodiversity protection,37,OA,Open Access,RECE,Recreation or Education Easement,"984961",PERM
Weber,Five Rivers MetroParks,Unknown,Regional Agency Land,"4",4 - no known mandate for biodiversity protection,11,OA,Open Access,RECE,Recreation or Education Easement,"984963",PERM
Woodhull Farm,Five Rivers MetroParks,Unknown,Regional Agency Land,"4",4 - no known mandate for biodiversity protection,339,OA,Open Access,RECE,Recreation or Education Easement,"984962",PERM
Amanns Conservation Easement,Hamilton County Park District,Unknown,Regional Agency Land,"4",4 - no known mandate for biodiversity protection,0,OA,Open Access,RECE,Recreation or Education Easement,"985374",PERM
Beekley Conservation Easement,Hamilton County Park District,Unknown,Regional Agency Land,"4",4 - no known mandate for biodiversity protection,19,OA,Open Access,RECE,Recreation or Education Easement,"985393",PERM
Blaney Conservation Easement,Hamilton County Park District,Unknown,Regional Agency Land,"4",4 - no known mandate for biodiversity protection,26,OA,Open Access,RECE,Recreation or Education Easement,"985372",PERM
Bradford Conservation Easement,Hamilton County Park District,Unknown,Regional Agency Land,"4",4 - no known mandate for biodiversity protection,25,OA,Open Access,RECE,Recreation or Education Easement,"985385",PERM
Cautley Preserve,Hamilton County Park District,Unknown,Regional Agency Land,"4",4 - no known mandate for biodiversity protection,8,OA,Open Access,RECE,Recreation or Education Easement,"985379",PERM
Clinton-Rosenthal Preserve,Hamilton County Park District,Unknown,Regional Agency Land,"4",4 - no known mandate for biodiversity protection,2,OA,Open Access,RECE,Recreation or Education Easement,"985377",PERM
Clinton-Rosenthal Preserve,Hamilton County Park District,Unknown,Regional Agency Land,"4",4 - no known mandate for biodiversity protection,2,OA,Open Access,RECE,Recreation or Education Easement,"985378",PERM
Duermit Conservation Easement,Hamilton County Park District,Unknown,Regional Agency Land,"4",4 - no known mandate for biodiversity protection,9,OA,Open Access,RECE,Recreation or Education Easement,"985376",PERM
Geier Conservation Easement,Hamilton County Park District,Unknown,Regional Agency Land,"4",4 - no known mandate for biodiversity protection,1,OA,Open Access,RECE,Recreation or Education Easement,"985371",PERM
Geier Conservation Easement,Hamilton County Park District,Unknown,Regional Agency Land,"4",4 - no known mandate for biodiversity protection,1,OA,Open Access,RECE,Recreation or Education Easement,"985375",PERM
Glenwood Gardens Bike Trail Easement,Hamilton County Park District,Unknown,Regional Agency Land,"4",4 - no known mandate for biodiversity protection,1,OA,Open Access,RECE,Recreation or Education Easement,"985394",PERM
Johnson Conservation Easement,Hamilton County Park District,Unknown,Regional Agency Land,"4",4 - no known mandate for biodiversity protection,11,OA,Open Access,RECE,Recreation or Education Easement,"985381",PERM
Moeller Conservation Easement,Hamilton County Park District,Unknown,Regional Agency Land,"4",4 - no known mandate for biodiversity protection,19,OA,Open Access,RECE,Recreation or Education Easement,"985392",PERM
Niehoff Conservation Easement,Hamilton County Park District,Unknown,Regional Agency Land,"4",4 - no known mandate for biodiversity protection,1,OA,Open Access,RECE,Recreation or Education Easement,"985380",PERM
Obermeyer Easement,Hamilton County Park District,Unknown,Regional Agency Land,"4",4 - no known mandate for biodiversity protection,7,OA,Open Access,RECE,Recreation or Education Easement,"985395",PERM
Richardson Forest Preserve Access Easement,Hamilton County Park District,Unknown,Regional Agency Land,"4",4 - no known mandate for biodiversity protection,1,OA,Open Access,RECE,Recreation or Education Easement,"985391",PERM
Shawnee Lookout Conservation Easement,Hamilton County Park District,Unknown,Regional Agency Land,"4",4 - no known mandate for biodiversity protection,926,OA,Open Access,RECE,Recreation or Education Easement,"985384",PERM
Turner Farm (Mitsui) Conservation Easement,Hamilton County Park District,Unknown,Regional Agency Land,"4",4 - no known mandate for biodiversity protection,58,OA,Open Access,RECE,Recreation or Education Easement,"985387",PERM
Walls Biketrail Easement,Hamilton County Park District,Unknown,Regional Agency Land,"4",4 - no known mandate for biodiversity protection,9,OA,Open Access,RECE,Recreation or Education Easement,"985373",PERM
Winton Woods Flood Easement,Hamilton County Park District,Unknown,Regional Agency Land,"4",4 - no known mandate for biodiversity protection,25,OA,Open Access,RECE,Recreation or Education Easement,"985389",PERM
Winton Woods Flood Easement,Hamilton County Park District,Unknown,Regional Agency Land,"4",4 - no known mandate for biodiversity protection,7,OA,Open Access,RECE,Recreation or Education Easement,"985390",PERM
Cuyahoga Valley National Park,Unknown Federal Government,Unknown,Other or Unknown Federal Land,"2",2 - managed for biodiversity - disturbance events suppressed,6,XA,Closed,CONE,Conservation Easement,"10495940",PERM
Cuyahoga Valley National Park,Unknown Federal Government,Unknown,Other or Unknown Federal Land,"2",2 - managed for biodiversity - disturbance events suppressed,0,XA,Closed,CONE,Conservation Easement,"10495941",PERM
Cuyahoga Valley National Park,Unknown Federal Government,Unknown,Other or Unknown Federal Land,"2",2 - managed for biodiversity - disturbance events suppressed,1,XA,Closed,CONE,Conservation Easement,"10501847",PERM
Cuyahoga Valley National Park,Unknown Federal Government,Unknown,Other or Unknown Federal Land,"2",2 - managed for biodiversity - disturbance events suppressed,7,XA,Closed,CONE,Conservation Easement,"10501848",PERM
Cuyahoga Valley National Park,Unknown Federal Government,Unknown,Other or Unknown Federal Land,"2",2 - managed for biodiversity - disturbance events suppressed,11,XA,Closed,CONE,Conservation Easement,"10501849",PERM
Cuyahoga Valley National Park,Unknown Federal Government,Unknown,Other or Unknown Federal Land,"2",2 - managed for biodiversity - disturbance events suppressed,1,XA,Closed,CONE,Conservation Easement,"10501850",PERM
Cuyahoga Valley National Park,Unknown Federal Government,Unknown,Other or Unknown Federal Land,"2",2 - managed for biodiversity - disturbance events suppressed,1,XA,Closed,CONE,Conservation Easement,"10501851",PERM
Cuyahoga Valley National Park,Unknown Federal Government,Unknown,Other or Unknown Federal Land,"2",2 - managed for biodiversity - disturbance events suppressed,1,XA,Closed,CONE,Conservation Easement,"10501852",PERM
Cuyahoga Valley National Park,Unknown Federal Government,Unknown,Other or Unknown Federal Land,"2",2 - managed for biodiversity - disturbance events suppressed,2,XA,Closed,CONE,Conservation Easement,"10501853",PERM
Cuyahoga Valley National Park,Unknown Federal Government,Unknown,Other or Unknown Federal Land,"2",2 - managed for biodiversity - disturbance events suppressed,3,XA,Closed,CONE,Conservation Easement,"10501854",PERM
Cuyahoga Valley National Park,Unknown Federal Government,Unknown,Other or Unknown Federal Land,"2",2 - managed for biodiversity - disturbance events suppressed,1,XA,Closed,CONE,Conservation Easement,"10501855",PERM
Cuyahoga Valley National Park,Unknown Federal Government,Unknown,Other or Unknown Federal Land,"2",2 - managed for biodiversity - disturbance events suppressed,1,XA,Closed,CONE,Conservation Easement,"10501856",PERM
Cuyahoga Valley National Park,Unknown Federal Government,Unknown,Other or Unknown Federal Land,"2",2 - managed for biodiversity - disturbance events suppressed,2,XA,Closed,CONE,Conservation Easement,"10501857",PERM
Cuyahoga Valley National Park,Unknown Federal Government,Unknown,Other or Unknown Federal Land,"2",2 - managed for biodiversity - disturbance events suppressed,1,XA,Closed,CONE,Conservation Easement,"10501858",PERM
Cuyahoga Valley National Park,Unknown Federal Government,Unknown,Other or Unknown Federal Land,"2",2 - managed for biodiversity - disturbance events suppressed,1,XA,Closed,CONE,Conservation Easement,"10501859",PERM
Cuyahoga Valley National Park,Unknown Federal Government,Unknown,Other or Unknown Federal Land,"2",2 - managed for biodiversity - disturbance events suppressed,1,XA,Closed,CONE,Conservation Easement,"10501860",PERM
Cuyahoga Valley National Park,Unknown Federal Government,Unknown,Other or Unknown Federal Land,"2",2 - managed for biodiversity - disturbance events suppressed,1,XA,Closed,CONE,Conservation Easement,"10501861",PERM
Cuyahoga Valley National Park,Unknown Federal Government,Unknown,Other or Unknown Federal Land,"2",2 - managed for biodiversity - disturbance events suppressed,62,XA,Closed,CONE,Conservation Easement,"10501862",PERM
Cuyahoga Valley National Park,Unknown Federal Government,Unknown,Other or Unknown Federal Land,"2",2 - managed for biodiversity - disturbance events suppressed,7,XA,Closed,CONE,Conservation Easement,"10501863",PERM
Cuyahoga Valley National Park,Unknown Federal Government,Unknown,Other or Unknown Federal Land,"2",2 - managed for biodiversity - disturbance events suppressed,21,XA,Closed,CONE,Conservation Easement,"10501864",PERM
Cuyahoga Valley National Park,Unknown Federal Government,Unknown,Other or Unknown Federal Land,"2",2 - managed for biodiversity - disturbance events suppressed,6,XA,Closed,CONE,Conservation Easement,"10501865",PERM
Cuyahoga Valley National Park,Unknown Federal Government,Unknown,Other or Unknown Federal Land,"2",2 - managed for biodiversity - disturbance events suppressed,12,XA,Closed,CONE,Conservation Easement,"10501866",PERM
Cuyahoga Valley National Park,Unknown Federal Government,Unknown,Other or Unknown Federal Land,"2",2 - managed for biodiversity - disturbance events suppressed,3,XA,Closed,CONE,Conservation Easement,"10501867",PERM
Cuyahoga Valley National Park,Unknown Federal Government,Unknown,Other or Unknown Federal Land,"2",2 - managed for biodiversity - disturbance events suppressed,3,XA,Closed,CONE,Conservation Easement,"10501868",PERM
Cuyahoga Valley National Park,Unknown Federal Government,Unknown,Other or Unknown Federal Land,"2",2 - managed for biodiversity - disturbance events suppressed,6,XA,Closed,CONE,Conservation Easement,"10501869",PERM
Cuyahoga Valley National Park,Unknown Federal Government,Unknown,Other or Unknown Federal Land,"2",2 - managed for biodiversity - disturbance events suppressed,3,XA,Closed,CONE,Conservation Easement,"10501870",PERM
Cuyahoga Valley National Park,Unknown Federal Government,Unknown,Other or Unknown Federal Land,"2",2 - managed for biodiversity - disturbance events suppressed,8,XA,Closed,CONE,Conservation Easement,"10501871",PERM
Cuyahoga Valley National Park,Unknown Federal Government,Unknown,Other or Unknown Federal Land,"2",2 - managed for biodiversity - disturbance events suppressed,34,XA,Closed,CONE,Conservation Easement,"10501872",PERM
Cuyahoga Valley National Park,Unknown Federal Government,Unknown,Other or Unknown Federal Land,"2",2 - managed for biodiversity - disturbance events suppressed,3,XA,Closed,CONE,Conservation Easement,"10501873",PERM
Cuyahoga Valley National Park,Unknown Federal Government,Unknown,Other or Unknown Federal Land,"2",2 - managed for biodiversity - disturbance events suppressed,6,XA,Closed,CONE,Conservation Easement,"10501874",PERM
Cuyahoga Valley National Park,Unknown Federal Government,Unknown,Other or Unknown Federal Land,"2",2 - managed for biodiversity - disturbance events suppressed,1,XA,Closed,CONE,Conservation Easement,"10501875",PERM
Cuyahoga Valley National Park,Unknown Federal Government,Unknown,Other or Unknown Federal Land,"2",2 - managed for biodiversity - disturbance events suppressed,3,XA,Closed,CONE,Conservation Easement,"10501876",PERM
Cuyahoga Valley National Park,Unknown Federal Government,Unknown,Other or Unknown Federal Land,"2",2 - managed for biodiversity - disturbance events suppressed,1,XA,Closed,CONE,Conservation Easement,"10501877",PERM
Cuyahoga Valley National Park,Unknown Federal Government,Unknown,Other or Unknown Federal Land,"2",2 - managed for biodiversity - disturbance events suppressed,1,XA,Closed,CONE,Conservation Easement,"10501878",PERM
Cuyahoga Valley National Park,Unknown Federal Government,Unknown,Other or Unknown Federal Land,"2",2 - managed for biodiversity - disturbance events suppressed,2,XA,Closed,CONE,Conservation Easement,"10501879",PERM
Cuyahoga Valley National Park,Unknown Federal Government,Unknown,Other or Unknown Federal Land,"2",2 - managed for biodiversity - disturbance events suppressed,1,XA,Closed,CONE,Conservation Easement,"10501880",PERM
Cuyahoga Valley National Park,Unknown Federal Government,Unknown,Other or Unknown Federal Land,"2",2 - managed for biodiversity - disturbance events suppressed,4,XA,Closed,CONE,Conservation Easement,"10501881",PERM
Cuyahoga Valley National Park,Unknown Federal Government,Unknown,Other or Unknown Federal Land,"2",2 - managed for biodiversity - disturbance events suppressed,1,XA,Closed,CONE,Conservation Easement,"10501882",PERM
Cuyahoga Valley National Park,Unknown Federal Government,Unknown,Other or Unknown Federal Land,"2",2 - managed for biodiversity - disturbance events suppressed,1,XA,Closed,CONE,Conservation Easement,"10501883",PERM
Cuyahoga Valley National Park,Unknown Federal Government,Unknown,Other or Unknown Federal Land,"2",2 - managed for biodiversity - disturbance events suppressed,1,XA,Closed,CONE,Conservation Easement,"10501884",PERM
Cuyahoga Valley National Park,Unknown Federal Government,Unknown,Other or Unknown Federal Land,"2",2 - managed for biodiversity - disturbance events suppressed,19,XA,Closed,CONE,Conservation Easement,"10501885",PERM
Cuyahoga Valley National Park,Unknown Federal Government,Unknown,Other or Unknown Federal Land,"2",2 - managed for biodiversity - disturbance events suppressed,1,XA,Closed,CONE,Conservation Easement,"10501886",PERM
Cuyahoga Valley National Park,Unknown Federal Government,Unknown,Other or Unknown Federal Land,"2",2 - managed for biodiversity - disturbance events suppressed,31,XA,Closed,CONE,Conservation Easement,"10501887",PERM
Cuyahoga Valley National Park,Unknown Federal Government,Unknown,Other or Unknown Federal Land,"2",2 - managed for biodiversity - disturbance events suppressed,2,XA,Closed,CONE,Conservation Easement,"10501888",PERM
Cuyahoga Valley National Park,Unknown Federal Government,Unknown,Other or Unknown Federal Land,"2",2 - managed for biodiversity - disturbance events suppressed,2,XA,Closed,CONE,Conservation Easement,"10501889",PERM
Cuyahoga Valley National Park,Unknown Federal Government,Unknown,Other or Unknown Federal Land,"2",2 - managed for biodiversity - disturbance events suppressed,1,XA,Closed,CONE,Conservation Easement,"10501890",PERM
Cuyahoga Valley National Park,Unknown Federal Government,Unknown,Other or Unknown Federal Land,"2",2 - managed for biodiversity - disturbance events suppressed,1,XA,Closed,CONE,Conservation Easement,"10501891",PERM
Cuyahoga Valley National Park,Unknown Federal Government,Unknown,Other or Unknown Federal Land,"2",2 - managed for biodiversity - disturbance events suppressed,1,XA,Closed,CONE,Conservation Easement,"10501892",PERM
Cuyahoga Valley National Park,Unknown Federal Government,Unknown,Other or Unknown Federal Land,"2",2 - managed for biodiversity - disturbance events suppressed,4,XA,Closed,CONE,Conservation Easement,"10501893",PERM
Cuyahoga Valley National Park,Unknown Federal Government,Unknown,Other or Unknown Federal Land,"2",2 - managed for biodiversity - disturbance events suppressed,1,XA,Closed,CONE,Conservation Easement,"10501894",PERM
Cuyahoga Valley National Park,Unknown Federal Government,Unknown,Other or Unknown Federal Land,"2",2 - managed for biodiversity - disturbance events suppressed,0,XA,Closed,CONE,Conservation Easement,"10501895",PERM
Cuyahoga Valley National Park,Unknown Federal Government,Unknown,Other or Unknown Federal Land,"2",2 - managed for biodiversity - disturbance events suppressed,25,XA,Closed,CONE,Conservation Easement,"10501896",PERM
Cuyahoga Valley National Park,Unknown Federal Government,Unknown,Other or Unknown Federal Land,"2",2 - managed for biodiversity - disturbance events suppressed,3,XA,Closed,CONE,Conservation Easement,"10501897",PERM
Cuyahoga Valley National Park,Unknown Federal Government,Unknown,Other or Unknown Federal Land,"2",2 - managed for biodiversity - disturbance events suppressed,3,XA,Closed,CONE,Conservation Easement,"10501898",PERM
Cuyahoga Valley National Park,Unknown Federal Government,Unknown,Other or Unknown Federal Land,"2",2 - managed for biodiversity - disturbance events suppressed,4,XA,Closed,CONE,Conservation Easement,"10501899",PERM
Cuyahoga Valley National Park,Unknown Federal Government,Unknown,Other or Unknown Federal Land,"2",2 - managed for biodiversity - disturbance events suppressed,53,XA,Closed,CONE,Conservation Easement,"10501900",PERM
Cuyahoga Valley National Park,Unknown Federal Government,Unknown,Other or Unknown Federal Land,"2",2 - managed for biodiversity - disturbance events suppressed,226,XA,Closed,CONE,Conservation Easement,"10501901",PERM
Cuyahoga Valley National Park,Unknown Federal Government,Unknown,Other or Unknown Federal Land,"2",2 - managed for biodiversity - disturbance events suppressed,2,XA,Closed,CONE,Conservation Easement,"10501902",PERM
Cuyahoga Valley National Park,Unknown Federal Government,Unknown,Other or Unknown Federal Land,"2",2 - managed for biodiversity - disturbance events suppressed,8,XA,Closed,CONE,Conservation Easement,"10501903",PERM
Cuyahoga Valley National Park,Unknown Federal Government,Unknown,Other or Unknown Federal Land,"2",2 - managed for biodiversity - disturbance events suppressed,2,XA,Closed,CONE,Conservation Easement,"10501904",PERM
Cuyahoga Valley National Park,Unknown Federal Government,Unknown,Other or Unknown Federal Land,"2",2 - managed for biodiversity - disturbance events suppressed,3,XA,Closed,CONE,Conservation Easement,"10501905",PERM
Cuyahoga Valley National Park,Unknown Federal Government,Unknown,Other or Unknown Federal Land,"2",2 - managed for biodiversity - disturbance events suppressed,1,XA,Closed,CONE,Conservation Easement,"10501906",PERM
Cuyahoga Valley National Park,Unknown Federal Government,Unknown,Other or Unknown Federal Land,"2",2 - managed for biodiversity - disturbance events suppressed,2,XA,Closed,CONE,Conservation Easement,"10501907",PERM
Cuyahoga Valley National Park,Unknown Federal Government,Unknown,Other or Unknown Federal Land,"2",2 - managed for biodiversity - disturbance events suppressed,10,XA,Closed,CONE,Conservation Easement,"10501908",PERM
Cuyahoga Valley National Park,Unknown Federal Government,Unknown,Other or Unknown Federal Land,"2",2 - managed for biodiversity - disturbance events suppressed,5,XA,Closed,CONE,Conservation Easement,"10501909",PERM
Cuyahoga Valley National Park,Unknown Federal Government,Unknown,Other or Unknown Federal Land,"2",2 - managed for biodiversity - disturbance events suppressed,1,XA,Closed,CONE,Conservation Easement,"10501910",PERM
Cuyahoga Valley National Park,Unknown Federal Government,Unknown,Other or Unknown Federal Land,"2",2 - managed for biodiversity - disturbance events suppressed,1,XA,Closed,CONE,Conservation Easement,"10501911",PERM
Cuyahoga Valley National Park,Unknown Federal Government,Unknown,Other or Unknown Federal Land,"2",2 - managed for biodiversity - disturbance events suppressed,0,XA,Closed,CONE,Conservation Easement,"10501912",PERM
Cuyahoga Valley National Park,Unknown Federal Government,Unknown,Other or Unknown Federal Land,"2",2 - managed for biodiversity - disturbance events suppressed,1,XA,Closed,CONE,Conservation Easement,"10501913",PERM
Cuyahoga Valley National Park,Unknown Federal Government,Unknown,Other or Unknown Federal Land,"2",2 - managed for biodiversity - disturbance events suppressed,4,XA,Closed,CONE,Conservation Easement,"10501914",PERM
Cuyahoga Valley National Park,Unknown Federal Government,Unknown,Other or Unknown Federal Land,"2",2 - managed for biodiversity - disturbance events suppressed,8,XA,Closed,CONE,Conservation Easement,"10501915",PERM
Cuyahoga Valley National Park,Unknown Federal Government,Unknown,Other or Unknown Federal Land,"2",2 - managed for biodiversity - disturbance events suppressed,19,XA,Closed,CONE,Conservation Easement,"10501916",PERM
Cuyahoga Valley National Park,Unknown Federal Government,Unknown,Other or Unknown Federal Land,"2",2 - managed for biodiversity - disturbance events suppressed,6,XA,Closed,CONE,Conservation Easement,"10501917",PERM
Cuyahoga Valley National Park,Unknown Federal Government,Unknown,Other or Unknown Federal Land,"2",2 - managed for biodiversity - disturbance events suppressed,3,XA,Closed,CONE,Conservation Easement,"10501918",PERM
Cuyahoga Valley National Park,Unknown Federal Government,Unknown,Other or Unknown Federal Land,"2",2 - managed for biodiversity - disturbance events suppressed,1,XA,Closed,CONE,Conservation Easement,"10501919",PERM
Cuyahoga Valley National Park,Unknown Federal Government,Unknown,Other or Unknown Federal Land,"2",2 - managed for biodiversity - disturbance events suppressed,1,XA,Closed,CONE,Conservation Easement,"10501920",PERM
Cuyahoga Valley National Park,Unknown Federal Government,Unknown,Other or Unknown Federal Land,"2",2 - managed for biodiversity - disturbance events suppressed,1,XA,Closed,CONE,Conservation Easement,"10501921",PERM
Cuyahoga Valley National Park,Unknown Federal Government,Unknown,Other or Unknown Federal Land,"2",2 - managed for biodiversity - disturbance events suppressed,1,XA,Closed,CONE,Conservation Easement,"10501922",PERM
Cuyahoga Valley National Park,Unknown Federal Government,Unknown,Other or Unknown Federal Land,"2",2 - managed for biodiversity - disturbance events suppressed,6,XA,Closed,CONE,Conservation Easement,"10501923",PERM
Cuyahoga Valley National Park,Unknown Federal Government,Unknown,Other or Unknown Federal Land,"2",2 - managed for biodiversity - disturbance events suppressed,12,XA,Closed,CONE,Conservation Easement,"10501924",PERM
Cuyahoga Valley National Park,Unknown Federal Government,Unknown,Other or Unknown Federal Land,"2",2 - managed for biodiversity - disturbance events suppressed,6,XA,Closed,CONE,Conservation Easement,"10501925",PERM
Cuyahoga Valley National Park,Unknown Federal Government,Unknown,Other or Unknown Federal Land,"2",2 - managed for biodiversity - disturbance events suppressed,2,XA,Closed,CONE,Conservation Easement,"10501926",PERM
Cuyahoga Valley National Park,Unknown Federal Government,Unknown,Other or Unknown Federal Land,"2",2 - managed for biodiversity - disturbance events suppressed,1,XA,Closed,CONE,Conservation Easement,"10501927",PERM
Cuyahoga Valley National Park,Unknown Federal Government,Unknown,Other or Unknown Federal Land,"2",2 - managed for biodiversity - disturbance events suppressed,0,XA,Closed,CONE,Conservation Easement,"10501928",PERM
Cuyahoga Valley National Park,Unknown Federal Government,Unknown,Other or Unknown Federal Land,"2",2 - managed for biodiversity - disturbance events suppressed,40,XA,Closed,CONE,Conservation Easement,"10501929",PERM
Cuyahoga Valley National Park,Unknown Federal Government,Unknown,Other or Unknown Federal Land,"2",2 - managed for biodiversity - disturbance events suppressed,3,XA,Closed,CONE,Conservation Easement,"10501930",PERM
Cuyahoga Valley National Park,Unknown Federal Government,Unknown,Other or Unknown Federal Land,"2",2 - managed for biodiversity - disturbance events suppressed,6,XA,Closed,CONE,Conservation Easement,"10501931",PERM
Cuyahoga Valley National Park,Unknown Federal Government,Unknown,Other or Unknown Federal Land,"2",2 - managed for biodiversity - disturbance events suppressed,2,XA,Closed,CONE,Conservation Easement,"10501932",PERM
Cuyahoga Valley National Park,Unknown Federal Government,Unknown,Other or Unknown Federal Land,"2",2 - managed for biodiversity - disturbance events suppressed,0,XA,Closed,CONE,Conservation Easement,"10501933",PERM
Cuyahoga Valley National Park,Unknown Federal Government,Unknown,Other or Unknown Federal Land,"2",2 - managed for biodiversity - disturbance events suppressed,1,XA,Closed,CONE,Conservation Easement,"10501934",PERM
Cuyahoga Valley National Park,Unknown Federal Government,Unknown,Other or Unknown Federal Land,"2",2 - managed for biodiversity - disturbance events suppressed,0,XA,Closed,CONE,Conservation Easement,"10501935",PERM
Cuyahoga Valley National Park,Unknown Federal Government,Unknown,Other or Unknown Federal Land,"2",2 - managed for biodiversity - disturbance events suppressed,46,XA,Closed,CONE,Conservation Easement,"10501936",PERM
Cuyahoga Valley National Park,Unknown Federal Government,Unknown,Other or Unknown Federal Land,"2",2 - managed for biodiversity - disturbance events suppressed,0,XA,Closed,CONE,Conservation Easement,"10501937",PERM
Cuyahoga Valley National Park,Unknown Federal Government,Unknown,Other or Unknown Federal Land,"2",2 - managed for biodiversity - disturbance events suppressed,0,XA,Closed,CONE,Conservation Easement,"10501938",PERM
Cuyahoga Valley National Park,Unknown Federal Government,Unknown,Other or Unknown Federal Land,"2",2 - managed for biodiversity - disturbance events suppressed,14,XA,Closed,CONE,Conservation Easement,"10501939",PERM
Cuyahoga Valley National Park,Unknown Federal Government,Unknown,Other or Unknown Federal Land,"2",2 - managed for biodiversity - disturbance events suppressed,0,XA,Closed,CONE,Conservation Easement,"10501940",PERM
Cuyahoga Valley National Park,Unknown Federal Government,Unknown,Other or Unknown Federal Land,"2",2 - managed for biodiversity - disturbance events suppressed,33,XA,Closed,CONE,Conservation Easement,"10501941",PERM
Cuyahoga Valley National Park,Unknown Federal Government,Unknown,Other or Unknown Federal Land,"2",2 - managed for biodiversity - disturbance events suppressed,7,XA,Closed,CONE,Conservation Easement,"10501942",PERM
Cuyahoga Valley National Park,Unknown Federal Government,Unknown,Other or Unknown Federal Land,"2",2 - managed for biodiversity - disturbance events suppressed,0,XA,Closed,CONE,Conservation Easement,"10501943",PERM
Hopewell Culture National Historical Park,Unknown Federal Government,Unknown,Other or Unknown Federal Land,"4",4 - no known mandate for biodiversity protection,0,XA,Closed,HCAE,Historic or Cultural Easement,"10501734",PERM
Hopewell Culture National Historical Park,Unknown Federal Government,Unknown,Other or Unknown Federal Land,"3",3 - managed for multiple uses - subject to extractive (e.g. mining or logging) or OHV use,8,XA,Closed,HCAE,Historic or Cultural Easement,"986616",PERM
Hopewell Culture National Historical Park,Unknown Federal Government,Unknown,Other or Unknown Federal Land,"4",4 - no known mandate for biodiversity protection,3,XA,Closed,HCAE,Historic or Cultural Easement,"986653",PERM
Perry's Victory and International Peace Memorial,Unknown Federal Government,Unknown,Other or Unknown Federal Land,"3",3 - managed for multiple uses - subject to extractive (e.g. mining or logging) or OHV use,0,XA,Closed,HCAE,Historic or Cultural Easement,"10495868",PERM
UNK easement,Unknown Federal Government,Unknown,Other or Unknown Federal Land,"4",4 - no known mandate for biodiversity protection,321,XA,Closed,UNKE,Unknown Easement,"10524351",PERM
Farm and Ranchland Protection Program Easement,Unknown Joint Holder,Unknown,Joint,"4",4 - no known mandate for biodiversity protection,222,XA,Closed,UNKE,Unknown Easement,"10524254",PERM
Farm and Ranchland Protection Program Easement,Unknown Joint Holder,Unknown,Joint,"4",4 - no known mandate for biodiversity protection,159,XA,Closed,UNKE,Unknown Easement,"10524255",PERM
Farm and Ranchland Protection Program Easement,Unknown Joint Holder,Unknown,Joint,"4",4 - no known mandate for biodiversity protection,134,XA,Closed,UNKE,Unknown Easement,"10524256",PERM
Farm and Ranchland Protection Program Easement,Unknown Joint Holder,Unknown,Joint,"4",4 - no known mandate for biodiversity protection,108,XA,Closed,UNKE,Unknown Easement,"10524257",PERM
Madison Easement,Unknown Local Government,Unknown,Other or Unknown Local Government,"4",4 - no known mandate for biodiversity protection,4,UK,Unknown,RECE,Recreation or Education Easement,"995962",PERM
Ristaneo,Unknown Local Government,Unknown,Other or Unknown Local Government,"4",4 - no known mandate for biodiversity protection,524,UK,Unknown,RECE,Recreation or Education Easement,"995963",PERM
Twin Valley Farms,Unknown Local Government,Unknown,Other or Unknown Local Government,"4",4 - no known mandate for biodiversity protection,243,UK,Unknown,RECE,Recreation or Education Easement,"995964",PERM
Sturgill,Unknown Local Government,Unknown,Other or Unknown Local Government,"4",4 - no known mandate for biodiversity protection,2,UK,Unknown,UNKE,Unknown Easement,"77379",PERM
Fritz,American Farmland Trust,Unknown,Non-Governmental Organization,"4",4 - no known mandate for biodiversity protection,82,XA,Closed,UNKE,Unknown Easement,"10522348",PERM
Schlacter,American Farmland Trust,Unknown,Non-Governmental Organization,"4",4 - no known mandate for biodiversity protection,179,XA,Closed,UNKE,Unknown Easement,"10522368",PERM
Yeiser Hurst,American Farmland Trust,Unknown,Non-Governmental Organization,"4",4 - no known mandate for biodiversity protection,427,XA,Closed,UNKE,Unknown Easement,"10522375",PERM
OH DoA Easement,Ohio Department of Agriculture,Unknown,Other or Unknown State Land,"4",4 - no known mandate for biodiversity protection,2,XA,Closed,UNKE,Unknown Easement,"10523684",PERM
OH DoA Easement,Ohio Department of Agriculture,Unknown,Other or Unknown State Land,"4",4 - no known mandate for biodiversity protection,30,XA,Closed,UNKE,Unknown Easement,"10523685",PERM
OH DoA Easement,Ohio Department of Agriculture,Unknown,Other or Unknown State Land,"4",4 - no known mandate for biodiversity protection,70,XA,Closed,UNKE,Unknown Easement,"10523686",PERM
OH DoA Easement,Ohio Department of Agriculture,Unknown,Other or Unknown State Land,"4",4 - no known mandate for biodiversity protection,114,XA,Closed,UNKE,Unknown Easement,"10523687",PERM
OH DoA Easement,Ohio Department of Agriculture,Unknown,Other or Unknown State Land,"4",4 - no known mandate for biodiversity protection,7,XA,Closed,UNKE,Unknown Easement,"10523688",PERM
OH DoA Easement,Ohio Department of Agriculture,Unknown,Other or Unknown State Land,"4",4 - no known mandate for biodiversity protection,4,XA,Closed,UNKE,Unknown Easement,"10523689",PERM
OH DoA Easement,Ohio Department of Agriculture,Unknown,Other or Unknown State Land,"4",4 - no known mandate for biodiversity protection,3,XA,Closed,UNKE,Unknown Easement,"10523690",PERM
OH DoA Easement,Ohio Department of Agriculture,Unknown,Other or Unknown State Land,"4",4 - no known mandate for biodiversity protection,44,XA,Closed,UNKE,Unknown Easement,"10523691",PERM
OH DoA Easement,Ohio Department of Agriculture,Unknown,Other or Unknown State Land,"4",4 - no known mandate for biodiversity protection,70,XA,Closed,UNKE,Unknown Easement,"10523692",PERM
OH DoA Easement,Ohio Department of Agriculture,Unknown,Other or Unknown State Land,"4",4 - no known mandate for biodiversity protection,107,XA,Closed,UNKE,Unknown Easement,"10523693",PERM
OH DoA Easement,Ohio Department of Agriculture,Unknown,Other or Unknown State Land,"4",4 - no known mandate for biodiversity protection,1,XA,Closed,UNKE,Unknown Easement,"10523694",PERM
OH DoA Easement,Ohio Department of Agriculture,Unknown,Other or Unknown State Land,"4",4 - no known mandate for biodiversity protection,186,XA,Closed,UNKE,Unknown Easement,"10523695",PERM
OH DoA Easement,Ohio Department of Agriculture,Unknown,Other or Unknown State Land,"4",4 - no known mandate for biodiversity protection,30,XA,Closed,UNKE,Unknown Easement,"10523696",PERM
OH DoA Easement,Ohio Department of Agriculture,Unknown,Other or Unknown State Land,"4",4 - no known mandate for biodiversity protection,30,XA,Closed,UNKE,Unknown Easement,"10523697",PERM
OH DoA Easement,Ohio Department of Agriculture,Unknown,Other or Unknown State Land,"4",4 - no known mandate for biodiversity protection,21,XA,Closed,UNKE,Unknown Easement,"10523698",PERM
OH DoA Easement,Ohio Department of Agriculture,Unknown,Other or Unknown State Land,"4",4 - no known mandate for biodiversity protection,7,XA,Closed,UNKE,Unknown Easement,"10523699",PERM
OH DoA Easement,Ohio Department of Agriculture,Unknown,Other or Unknown State Land,"4",4 - no known mandate for biodiversity protection,11,XA,Closed,UNKE,Unknown Easement,"10523700",PERM
OH DoA Easement,Ohio Department of Agriculture,Unknown,Other or Unknown State Land,"4",4 - no known mandate for biodiversity protection,0,XA,Closed,UNKE,Unknown Easement,"10523701",PERM
OH DoA Easement,Ohio Department of Agriculture,Unknown,Other or Unknown State Land,"4",4 - no known mandate for biodiversity protection,28,XA,Closed,UNKE,Unknown Easement,"10523702",PERM
OH DoA Easement,Ohio Department of Agriculture,Unknown,Other or Unknown State Land,"4",4 - no known mandate for biodiversity protection,10,XA,Closed,UNKE,Unknown Easement,"10523703",PERM
OH DoA Easement,Ohio Department of Agriculture,Unknown,Other or Unknown State Land,"4",4 - no known mandate for biodiversity protection,12,XA,Closed,UNKE,Unknown Easement,"10523704",PERM
OH DoA Easement,Ohio Department of Agriculture,Unknown,Other or Unknown State Land,"4",4 - no known mandate for biodiversity protection,21,XA,Closed,UNKE,Unknown Easement,"10523705",PERM
OH DoA Easement,Ohio Department of Agriculture,Unknown,Other or Unknown State Land,"4",4 - no known mandate for biodiversity protection,30,XA,Closed,UNKE,Unknown Easement,"10523706",PERM
OH DoA Easement,Ohio Department of Agriculture,Unknown,Other or Unknown State Land,"4",4 - no known mandate for biodiversity protection,77,XA,Closed,UNKE,Unknown Easement,"10523707",PERM
OH DoA Easement,Ohio Department of Agriculture,Unknown,Other or Unknown State Land,"4",4 - no known mandate for biodiversity protection,112,XA,Closed,UNKE,Unknown Easement,"10523708",PERM
OH DoA Easement,Ohio Department of Agriculture,Unknown,Other or Unknown State Land,"4",4 - no known mandate for biodiversity protection,104,XA,Closed,UNKE,Unknown Easement,"10523709",PERM
OH DoA Easement,Ohio Department of Agriculture,Unknown,Other or Unknown State Land,"4",4 - no known mandate for biodiversity protection,55,XA,Closed,UNKE,Unknown Easement,"10523710",PERM
OH DoA Easement,Ohio Department of Agriculture,Unknown,Other or Unknown State Land,"4",4 - no known mandate for biodiversity protection,45,XA,Closed,UNKE,Unknown Easement,"10523711",PERM
OH DoA Easement,Ohio Department of Agriculture,Unknown,Other or Unknown State Land,"4",4 - no known mandate for biodiversity protection,20,XA,Closed,UNKE,Unknown Easement,"10523712",PERM
OH DoA Easement,Ohio Department of Agriculture,Unknown,Other or Unknown State Land,"4",4 - no known mandate for biodiversity protection,71,XA,Closed,UNKE,Unknown Easement,"10523713",PERM
OH DoA Easement,Ohio Department of Agriculture,Unknown,Other or Unknown State Land,"4",4 - no known mandate for biodiversity protection,257,XA,Closed,UNKE,Unknown Easement,"10523714",PERM
OH DoA Easement,Ohio Department of Agriculture,Unknown,Other or Unknown State Land,"4",4 - no known mandate for biodiversity protection,21,XA,Closed,UNKE,Unknown Easement,"10523715",PERM
OH DoA Easement,Ohio Department of Agriculture,Unknown,Other or Unknown State Land,"4",4 - no known mandate for biodiversity protection,16,XA,Closed,UNKE,Unknown Easement,"10523716",PERM
OH DoA Easement,Ohio Department of Agriculture,Unknown,Other or Unknown State Land,"4",4 - no known mandate for biodiversity protection,27,XA,Closed,UNKE,Unknown Easement,"10523717",PERM
OH DoA Easement,Ohio Department of Agriculture,Unknown,Other or Unknown State Land,"4",4 - no known mandate for biodiversity protection,14,XA,Closed,UNKE,Unknown Easement,"10523718",PERM
OH DoA Easement,Ohio Department of Agriculture,Unknown,Other or Unknown State Land,"4",4 - no known mandate for biodiversity protection,10,XA,Closed,UNKE,Unknown Easement,"10523719",PERM
OH DoA Easement,Ohio Department of Agriculture,Unknown,Other or Unknown State Land,"4",4 - no known mandate for biodiversity protection,36,XA,Closed,UNKE,Unknown Easement,"10523720",PERM
OH DoA Easement,Ohio Department of Agriculture,Unknown,Other or Unknown State Land,"4",4 - no known mandate for biodiversity protection,26,XA,Closed,UNKE,Unknown Easement,"10523721",PERM
OH DoA Easement,Ohio Department of Agriculture,Unknown,Other or Unknown State Land,"4",4 - no known mandate for biodiversity protection,35,XA,Closed,UNKE,Unknown Easement,"10523722",PERM
OH DoA Easement,Ohio Department of Agriculture,Unknown,Other or Unknown State Land,"4",4 - no known mandate for biodiversity protection,18,XA,Closed,UNKE,Unknown Easement,"10523723",PERM
OH DoA Easement,Ohio Department of Agriculture,Unknown,Other or Unknown State Land,"4",4 - no known mandate for biodiversity protection,3,XA,Closed,UNKE,Unknown Easement,"10523724",PERM
OH DoA Easement,Ohio Department of Agriculture,Unknown,Other or Unknown State Land,"4",4 - no known mandate for biodiversity protection,1,XA,Closed,UNKE,Unknown Easement,"10523725",PERM
OH DoA Easement,Ohio Department of Agriculture,Unknown,Other or Unknown State Land,"4",4 - no known mandate for biodiversity protection,107,XA,Closed,UNKE,Unknown Easement,"10523726",PERM
OH DoA Easement,Ohio Department of Agriculture,Unknown,Other or Unknown State Land,"4",4 - no known mandate for biodiversity protection,157,XA,Closed,UNKE,Unknown Easement,"10523727",PERM
OH DoA Easement,Ohio Department of Agriculture,Unknown,Other or Unknown State Land,"4",4 - no known mandate for biodiversity protection,48,XA,Closed,UNKE,Unknown Easement,"10523728",PERM
OH DoA Easement,Ohio Department of Agriculture,Unknown,Other or Unknown State Land,"4",4 - no known mandate for biodiversity protection,10,XA,Closed,UNKE,Unknown Easement,"10523729",PERM
OH DoA Easement,Ohio Department of Agriculture,Unknown,Other or Unknown State Land,"4",4 - no known mandate for biodiversity protection,61,XA,Closed,UNKE,Unknown Easement,"10523730",PERM
OH DoA Easement,Ohio Department of Agriculture,Unknown,Other or Unknown State Land,"4",4 - no known mandate for biodiversity protection,80,XA,Closed,UNKE,Unknown Easement,"10523731",PERM
OH DoA Easement,Ohio Department of Agriculture,Unknown,Other or Unknown State Land,"4",4 - no known mandate for biodiversity protection,20,XA,Closed,UNKE,Unknown Easement,"10523732",PERM
OH DoA Easement,Ohio Department of Agriculture,Unknown,Other or Unknown State Land,"4",4 - no known mandate for biodiversity protection,19,XA,Closed,UNKE,Unknown Easement,"10523733",PERM
OH DoA Easement,Ohio Department of Agriculture,Unknown,Other or Unknown State Land,"4",4 - no known mandate for biodiversity protection,18,XA,Closed,UNKE,Unknown Easement,"10523734",PERM
OH DoA Easement,Ohio Department of Agriculture,Unknown,Other or Unknown State Land,"4",4 - no known mandate for biodiversity protection,195,XA,Closed,UNKE,Unknown Easement,"10523735",PERM
OH DoA Easement,Ohio Department of Agriculture,Unknown,Other or Unknown State Land,"4",4 - no known mandate for biodiversity protection,70,XA,Closed,UNKE,Unknown Easement,"10523736",PERM
OH DoA Easement,Ohio Department of Agriculture,Unknown,Other or Unknown State Land,"4",4 - no known mandate for biodiversity protection,195,XA,Closed,UNKE,Unknown Easement,"10523737",PERM
OH DoA Easement,Ohio Department of Agriculture,Unknown,Other or Unknown State Land,"4",4 - no known mandate for biodiversity protection,45,XA,Closed,UNKE,Unknown Easement,"10523738",PERM
OH DoA Easement,Ohio Department of Agriculture,Unknown,Other or Unknown State Land,"4",4 - no known mandate for biodiversity protection,62,XA,Closed,UNKE,Unknown Easement,"10523739",PERM
OH DoA Easement,Ohio Department of Agriculture,Unknown,Other or Unknown State Land,"4",4 - no known mandate for biodiversity protection,36,XA,Closed,UNKE,Unknown Easement,"10523740",PERM
OH DoA Easement,Ohio Department of Agriculture,Unknown,Other or Unknown State Land,"4",4 - no known mandate for biodiversity protection,204,XA,Closed,UNKE,Unknown Easement,"10523741",PERM
OH DoA Easement,Ohio Department of Agriculture,Unknown,Other or Unknown State Land,"4",4 - no known mandate for biodiversity protection,90,XA,Closed,UNKE,Unknown Easement,"10523742",PERM
OH DoA Easement,Ohio Department of Agriculture,Unknown,Other or Unknown State Land,"4",4 - no known mandate for biodiversity protection,136,XA,Closed,UNKE,Unknown Easement,"10523743",PERM
OH DoA Easement,Ohio Department of Agriculture,Unknown,Other or Unknown State Land,"4",4 - no known mandate for biodiversity protection,103,XA,Closed,UNKE,Unknown Easement,"10523744",PERM
OH DoA Easement,Ohio Department of Agriculture,Unknown,Other or Unknown State Land,"4",4 - no known mandate for biodiversity protection,48,XA,Closed,UNKE,Unknown Easement,"10523745",PERM
OH DoA Easement,Ohio Department of Agriculture,Unknown,Other or Unknown State Land,"4",4 - no known mandate for biodiversity protection,62,XA,Closed,UNKE,Unknown Easement,"10523746",PERM
OH DoA Easement,Ohio Department of Agriculture,Unknown,Other or Unknown State Land,"4",4 - no known mandate for biodiversity protection,107,XA,Closed,UNKE,Unknown Easement,"10523747",PERM
OH DoA Easement,Ohio Department of Agriculture,Unknown,Other or Unknown State Land,"4",4 - no known mandate for biodiversity protection,784,XA,Closed,UNKE,Unknown Easement,"10523748",PERM
OH DoA Easement,Ohio Department of Agriculture,Unknown,Other or Unknown State Land,"4",4 - no known mandate for biodiversity protection,15,XA,Closed,UNKE,Unknown Easement,"10523749",PERM
OH DoA Easement,Ohio Department of Agriculture,Unknown,Other or Unknown State Land,"4",4 - no known mandate for biodiversity protection,101,XA,Closed,UNKE,Unknown Easement,"10523750",PERM
OH DoA Easement,Ohio Department of Agriculture,Unknown,Other or Unknown State Land,"4",4 - no known mandate for biodiversity protection,73,XA,Closed,UNKE,Unknown Easement,"10523751",PERM
OH DoA Easement,Ohio Department of Agriculture,Unknown,Other or Unknown State Land,"4",4 - no known mandate for biodiversity protection,101,XA,Closed,UNKE,Unknown Easement,"10523752",PERM
OH DoA Easement,Ohio Department of Agriculture,Unknown,Other or Unknown State Land,"4",4 - no known mandate for biodiversity protection,45,XA,Closed,UNKE,Unknown Easement,"10523753",PERM
OH DoA Easement,Ohio Department of Agriculture,Unknown,Other or Unknown State Land,"4",4 - no known mandate for biodiversity protection,102,XA,Closed,UNKE,Unknown Easement,"10523754",PERM
OH DoA Easement,Ohio Department of Agriculture,Unknown,Other or Unknown State Land,"4",4 - no known mandate for biodiversity protection,188,XA,Closed,UNKE,Unknown Easement,"10523755",PERM
OH DoA Easement,Ohio Department of Agriculture,Unknown,Other or Unknown State Land,"4",4 - no known mandate for biodiversity protection,9,XA,Closed,UNKE,Unknown Easement,"10523756",PERM
OH DoA Easement,Ohio Department of Agriculture,Unknown,Other or Unknown State Land,"4",4 - no known mandate for biodiversity protection,16,XA,Closed,UNKE,Unknown Easement,"10523757",PERM
OH DoA Easement,Ohio Department of Agriculture,Unknown,Other or Unknown State Land,"4",4 - no known mandate for biodiversity protection,10,XA,Closed,UNKE,Unknown Easement,"10523758",PERM
OH DoA Easement,Ohio Department of Agriculture,Unknown,Other or Unknown State Land,"4",4 - no known mandate for biodiversity protection,31,XA,Closed,UNKE,Unknown Easement,"10523759",PERM
OH DoA Easement,Ohio Department of Agriculture,Unknown,Other or Unknown State Land,"4",4 - no known mandate for biodiversity protection,78,XA,Closed,UNKE,Unknown Easement,"10523760",PERM
OH DoA Easement,Ohio Department of Agriculture,Unknown,Other or Unknown State Land,"4",4 - no known mandate for biodiversity protection,150,XA,Closed,UNKE,Unknown Easement,"10523761",PERM
OH DoA Easement,Ohio Department of Agriculture,Unknown,Other or Unknown State Land,"4",4 - no known mandate for biodiversity protection,69,XA,Closed,UNKE,Unknown Easement,"10523762",PERM
OH DoA Easement,Ohio Department of Agriculture,Unknown,Other or Unknown State Land,"4",4 - no known mandate for biodiversity protection,67,XA,Closed,UNKE,Unknown Easement,"10523763",PERM
OH DoA Easement,Ohio Department of Agriculture,Unknown,Other or Unknown State Land,"4",4 - no known mandate for biodiversity protection,5,XA,Closed,UNKE,Unknown Easement,"10523764",PERM
OH DoA Easement,Ohio Department of Agriculture,Unknown,Other or Unknown State Land,"4",4 - no known mandate for biodiversity protection,36,XA,Closed,UNKE,Unknown Easement,"10523765",PERM
OH DoA Easement,Ohio Department of Agriculture,Unknown,Other or Unknown State Land,"4",4 - no known mandate for biodiversity protection,66,XA,Closed,UNKE,Unknown Easement,"10523766",PERM
OH DoA Easement,Ohio Department of Agriculture,Unknown,Other or Unknown State Land,"4",4 - no known mandate for biodiversity protection,52,XA,Closed,UNKE,Unknown Easement,"10523767",PERM
OH DoA Easement,Ohio Department of Agriculture,Unknown,Other or Unknown State Land,"4",4 - no known mandate for biodiversity protection,137,XA,Closed,UNKE,Unknown Easement,"10523768",PERM
OH DoA Easement,Ohio Department of Agriculture,Unknown,Other or Unknown State Land,"4",4 - no known mandate for biodiversity protection,51,XA,Closed,UNKE,Unknown Easement,"10523769",PERM
OH DoA Easement,Ohio Department of Agriculture,Unknown,Other or Unknown State Land,"4",4 - no known mandate for biodiversity protection,22,XA,Closed,UNKE,Unknown Easement,"10523770",PERM
OH DoA Easement,Ohio Department of Agriculture,Unknown,Other or Unknown State Land,"4",4 - no known mandate for biodiversity protection,51,XA,Closed,UNKE,Unknown Easement,"10523771",PERM
OH DoA Easement,Ohio Department of Agriculture,Unknown,Other or Unknown State Land,"4",4 - no known mandate for biodiversity protection,52,XA,Closed,UNKE,Unknown Easement,"10523772",PERM
OH DoA Easement,Ohio Department of Agriculture,Unknown,Other or Unknown State Land,"4",4 - no known mandate for biodiversity protection,17,XA,Closed,UNKE,Unknown Easement,"10523773",PERM
OH DoA Easement,Ohio Department of Agriculture,Unknown,Other or Unknown State Land,"4",4 - no known mandate for biodiversity protection,17,XA,Closed,UNKE,Unknown Easement,"10523774",PERM
OH DoA Easement,Ohio Department of Agriculture,Unknown,Other or Unknown State Land,"4",4 - no known mandate for biodiversity protection,17,XA,Closed,UNKE,Unknown Easement,"10523775",PERM
OH DoA Easement,Ohio Department of Agriculture,Unknown,Other or Unknown State Land,"4",4 - no known mandate for biodiversity protection,16,XA,Closed,UNKE,Unknown Easement,"10523776",PERM
OH DoA Easement,Ohio Department of Agriculture,Unknown,Other or Unknown State Land,"4",4 - no known mandate for biodiversity protection,5,XA,Closed,UNKE,Unknown Easement,"10523777",PERM
OH DoA Easement,Ohio Department of Agriculture,Unknown,Other or Unknown State Land,"4",4 - no known mandate for biodiversity protection,17,XA,Closed,UNKE,Unknown Easement,"10523778",PERM
OH DoA Easement,Ohio Department of Agriculture,Unknown,Other or Unknown State Land,"4",4 - no known mandate for biodiversity protection,22,XA,Closed,UNKE,Unknown Easement,"10523779",PERM
OH DoA Easement,Ohio Department of Agriculture,Unknown,Other or Unknown State Land,"4",4 - no known mandate for biodiversity protection,5,XA,Closed,UNKE,Unknown Easement,"10523780",PERM
OH DoA Easement,Ohio Department of Agriculture,Unknown,Other or Unknown State Land,"4",4 - no known mandate for biodiversity protection,110,XA,Closed,UNKE,Unknown Easement,"10523781",PERM
OH DoA Easement,Ohio Department of Agriculture,Unknown,Other or Unknown State Land,"4",4 - no known mandate for biodiversity protection,82,XA,Closed,UNKE,Unknown Easement,"10523782",PERM
OH DoA Easement,Ohio Department of Agriculture,Unknown,Other or Unknown State Land,"4",4 - no known mandate for biodiversity protection,0,XA,Closed,UNKE,Unknown Easement,"10523783",PERM
OH DoA Easement,Ohio Department of Agriculture,Unknown,Other or Unknown State Land,"4",4 - no known mandate for biodiversity protection,0,XA,Closed,UNKE,Unknown Easement,"10523784",PERM
OH DoA Easement,Ohio Department of Agriculture,Unknown,Other or Unknown State Land,"4",4 - no known mandate for biodiversity protection,1,XA,Closed,UNKE,Unknown Easement,"10523785",PERM
OH DoA Easement,Ohio Department of Agriculture,Unknown,Other or Unknown State Land,"4",4 - no known mandate for biodiversity protection,1,XA,Closed,UNKE,Unknown Easement,"10523786",PERM
OH DoA Easement,Ohio Department of Agriculture,Unknown,Other or Unknown State Land,"4",4 - no known mandate for biodiversity protection,71,XA,Closed,UNKE,Unknown Easement,"10523787",PERM
OH DoA Easement,Ohio Department of Agriculture,Unknown,Other or Unknown State Land,"4",4 - no known mandate for biodiversity protection,3,XA,Closed,UNKE,Unknown Easement,"10523788",PERM
OH DoA Easement,Ohio Department of Agriculture,Unknown,Other or Unknown State Land,"4",4 - no known mandate for biodiversity protection,3,XA,Closed,UNKE,Unknown Easement,"10523789",PERM
OH DoA Easement,Ohio Department of Agriculture,Unknown,Other or Unknown State Land,"4",4 - no known mandate for biodiversity protection,29,XA,Closed,UNKE,Unknown Easement,"10523790",PERM
OH DoA Easement,Ohio Department of Agriculture,Unknown,Other or Unknown State Land,"4",4 - no known mandate for biodiversity protection,139,XA,Closed,UNKE,Unknown Easement,"10523791",PERM
OH DoA Easement,Ohio Department of Agriculture,Unknown,Other or Unknown State Land,"4",4 - no known mandate for biodiversity protection,24,XA,Closed,UNKE,Unknown Easement,"10523792",PERM
OH DoA Easement,Ohio Department of Agriculture,Unknown,Other or Unknown State Land,"4",4 - no known mandate for biodiversity protection,2,XA,Closed,UNKE,Unknown Easement,"10523793",PERM
OH DoA Easement,Ohio Department of Agriculture,Unknown,Other or Unknown State Land,"4",4 - no known mandate for biodiversity protection,36,XA,Closed,UNKE,Unknown Easement,"10523794",PERM
OH DoA Easement,Ohio Department of Agriculture,Unknown,Other or Unknown State Land,"4",4 - no known mandate for biodiversity protection,67,XA,Closed,UNKE,Unknown Easement,"10523795",PERM
OH DoA Easement,Ohio Department of Agriculture,Unknown,Other or Unknown State Land,"4",4 - no known mandate for biodiversity protection,154,XA,Closed,UNKE,Unknown Easement,"10523796",PERM
OH DoA Easement,Ohio Department of Agriculture,Unknown,Other or Unknown State Land,"4",4 - no known mandate for biodiversity protection,34,XA,Closed,UNKE,Unknown Easement,"10523797",PERM
OH DoA Easement,Ohio Department of Agriculture,Unknown,Other or Unknown State Land,"4",4 - no known mandate for biodiversity protection,20,XA,Closed,UNKE,Unknown Easement,"10523798",PERM
OH DoA Easement,Ohio Department of Agriculture,Unknown,Other or Unknown State Land,"4",4 - no known mandate for biodiversity protection,5,XA,Closed,UNKE,Unknown Easement,"10523799",PERM
OH DoA Easement,Ohio Department of Agriculture,Unknown,Other or Unknown State Land,"4",4 - no known mandate for biodiversity protection,15,XA,Closed,UNKE,Unknown Easement,"10523800",PERM
OH DoA Easement,Ohio Department of Agriculture,Unknown,Other or Unknown State Land,"4",4 - no known mandate for biodiversity protection,38,XA,Closed,UNKE,Unknown Easement,"10523801",PERM
OH DoA Easement,Ohio Department of Agriculture,Unknown,Other or Unknown State Land,"4",4 - no known mandate for biodiversity protection,37,XA,Closed,UNKE,Unknown Easement,"10523802",PERM
OH DoA Easement,Ohio Department of Agriculture,Unknown,Other or Unknown State Land,"4",4 - no known mandate for biodiversity protection,21,XA,Closed,UNKE,Unknown Easement,"10523803",PERM
OH DoA Easement,Ohio Department of Agriculture,Unknown,Other or Unknown State Land,"4",4 - no known mandate for biodiversity protection,34,XA,Closed,UNKE,Unknown Easement,"10523804",PERM
OH DoA Easement,Ohio Department of Agriculture,Unknown,Other or Unknown State Land,"4",4 - no known mandate for biodiversity protection,39,XA,Closed,UNKE,Unknown Easement,"10523805",PERM
OH DoA Easement,Ohio Department of Agriculture,Unknown,Other or Unknown State Land,"4",4 - no known mandate for biodiversity protection,62,XA,Closed,UNKE,Unknown Easement,"10523806",PERM
OH DoA Easement,Ohio Department of Agriculture,Unknown,Other or Unknown State Land,"4",4 - no known mandate for biodiversity protection,80,XA,Closed,UNKE,Unknown Easement,"10523807",PERM
OH DoA Easement,Ohio Department of Agriculture,Unknown,Other or Unknown State Land,"4",4 - no known mandate for biodiversity protection,10,XA,Closed,UNKE,Unknown Easement,"10523808",PERM
OH DoA Easement,Ohio Department of Agriculture,Unknown,Other or Unknown State Land,"4",4 - no known mandate for biodiversity protection,264,XA,Closed,UNKE,Unknown Easement,"10523809",PERM
OH DoA Easement,Ohio Department of Agriculture,Unknown,Other or Unknown State Land,"4",4 - no known mandate for biodiversity protection,42,XA,Closed,UNKE,Unknown Easement,"10523810",PERM
OH DoA Easement,Ohio Department of Agriculture,Unknown,Other or Unknown State Land,"4",4 - no known mandate for biodiversity protection,14,XA,Closed,UNKE,Unknown Easement,"10523811",PERM
OH DoA Easement,Ohio Department of Agriculture,Unknown,Other or Unknown State Land,"4",4 - no known mandate for biodiversity protection,14,XA,Closed,UNKE,Unknown Easement,"10523812",PERM
OH DoA Easement,Ohio Department of Agriculture,Unknown,Other or Unknown State Land,"4",4 - no known mandate for biodiversity protection,44,XA,Closed,UNKE,Unknown Easement,"10523813",PERM
OH DoA Easement,Ohio Department of Agriculture,Unknown,Other or Unknown State Land,"4",4 - no known mandate for biodiversity protection,105,XA,Closed,UNKE,Unknown Easement,"10523814",PERM
OH DoA Easement,Ohio Department of Agriculture,Unknown,Other or Unknown State Land,"4",4 - no known mandate for biodiversity protection,6,XA,Closed,UNKE,Unknown Easement,"10523815",PERM
OH DoA Easement,Ohio Department of Agriculture,Unknown,Other or Unknown State Land,"4",4 - no known mandate for biodiversity protection,20,XA,Closed,UNKE,Unknown Easement,"10523816",PERM
OH DoA Easement,Ohio Department of Agriculture,Unknown,Other or Unknown State Land,"4",4 - no known mandate for biodiversity protection,40,XA,Closed,UNKE,Unknown Easement,"10523817",PERM
OH DoA Easement,Ohio Department of Agriculture,Unknown,Other or Unknown State Land,"4",4 - no known mandate for biodiversity protection,62,XA,Closed,UNKE,Unknown Easement,"10523818",PERM
OH DoA Easement,Ohio Department of Agriculture,Unknown,Other or Unknown State Land,"4",4 - no known mandate for biodiversity protection,140,XA,Closed,UNKE,Unknown Easement,"10523819",PERM
OH DoA Easement,Ohio Department of Agriculture,Unknown,Other or Unknown State Land,"4",4 - no known mandate for biodiversity protection,4,XA,Closed,UNKE,Unknown Easement,"10523820",PERM
OH DoA Easement,Ohio Department of Agriculture,Unknown,Other or Unknown State Land,"4",4 - no known mandate for biodiversity protection,9,XA,Closed,UNKE,Unknown Easement,"10523821",PERM
OH DoA Easement,Ohio Department of Agriculture,Unknown,Other or Unknown State Land,"4",4 - no known mandate for biodiversity protection,67,XA,Closed,UNKE,Unknown Easement,"10523822",PERM
OH DoA Easement,Ohio Department of Agriculture,Unknown,Other or Unknown State Land,"4",4 - no known mandate for biodiversity protection,7,XA,Closed,UNKE,Unknown Easement,"10523823",PERM
OH DoA Easement,Ohio Department of Agriculture,Unknown,Other or Unknown State Land,"4",4 - no known mandate for biodiversity protection,80,XA,Closed,UNKE,Unknown Easement,"10523824",PERM
OH DoA Easement,Ohio Department of Agriculture,Unknown,Other or Unknown State Land,"4",4 - no known mandate for biodiversity protection,0,XA,Closed,UNKE,Unknown Easement,"10523825",PERM
OH DoA Easement,Ohio Department of Agriculture,Unknown,Other or Unknown State Land,"4",4 - no known mandate for biodiversity protection,42,XA,Closed,UNKE,Unknown Easement,"10523826",PERM
OH DoA Easement,Ohio Department of Agriculture,Unknown,Other or Unknown State Land,"4",4 - no known mandate for biodiversity protection,80,XA,Closed,UNKE,Unknown Easement,"10523827",PERM
OH DoA Easement,Ohio Department of Agriculture,Unknown,Other or Unknown State Land,"4",4 - no known mandate for biodiversity protection,97,XA,Closed,UNKE,Unknown Easement,"10523828",PERM
OH DoA Easement,Ohio Department of Agriculture,Unknown,Other or Unknown State Land,"4",4 - no known mandate for biodiversity protection,0,XA,Closed,UNKE,Unknown Easement,"10523829",PERM
OH DoA Easement,Ohio Department of Agriculture,Unknown,Other or Unknown State Land,"4",4 - no known mandate for biodiversity protection,0,XA,Closed,UNKE,Unknown Easement,"10523830",PERM
OH DoA Easement,Ohio Department of Agriculture,Unknown,Other or Unknown State Land,"4",4 - no known mandate for biodiversity protection,24,XA,Closed,UNKE,Unknown Easement,"10523831",PERM
OH DoA Easement,Ohio Department of Agriculture,Unknown,Other or Unknown State Land,"4",4 - no known mandate for biodiversity protection,1,XA,Closed,UNKE,Unknown Easement,"10523832",PERM
OH DoA Easement,Ohio Department of Agriculture,Unknown,Other or Unknown State Land,"4",4 - no known mandate for biodiversity protection,1,XA,Closed,UNKE,Unknown Easement,"10523833",PERM
OH DoA Easement,Ohio Department of Agriculture,Unknown,Other or Unknown State Land,"4",4 - no known mandate for biodiversity protection,54,XA,Closed,UNKE,Unknown Easement,"10523834",PERM
OH DoA Easement,Ohio Department of Agriculture,Unknown,Other or Unknown State Land,"4",4 - no known mandate for biodiversity protection,335,XA,Closed,UNKE,Unknown Easement,"10523835",PERM
OH DoA Easement,Ohio Department of Agriculture,Unknown,Other or Unknown State Land,"4",4 - no known mandate for biodiversity protection,36,XA,Closed,UNKE,Unknown Easement,"10523836",PERM
OH DoA Easement,Ohio Department of Agriculture,Unknown,Other or Unknown State Land,"4",4 - no known mandate for biodiversity protection,19,XA,Closed,UNKE,Unknown Easement,"10523837",PERM
OH DoA Easement,Ohio Department of Agriculture,Unknown,Other or Unknown State Land,"4",4 - no known mandate for biodiversity protection,59,XA,Closed,UNKE,Unknown Easement,"10523838",PERM
OH DoA Easement,Ohio Department of Agriculture,Unknown,Other or Unknown State Land,"4",4 - no known mandate for biodiversity protection,56,XA,Closed,UNKE,Unknown Easement,"10523839",PERM
OH DoA Easement,Ohio Department of Agriculture,Unknown,Other or Unknown State Land,"4",4 - no known mandate for biodiversity protection,68,XA,Closed,UNKE,Unknown Easement,"10523840",PERM
OH DoA Easement,Ohio Department of Agriculture,Unknown,Other or Unknown State Land,"4",4 - no known mandate for biodiversity protection,121,XA,Closed,UNKE,Unknown Easement,"10523841",PERM
OH DoA Easement,Ohio Department of Agriculture,Unknown,Other or Unknown State Land,"4",4 - no known mandate for biodiversity protection,17,XA,Closed,UNKE,Unknown Easement,"10523842",PERM
OH DoA Easement,Ohio Department of Agriculture,Unknown,Other or Unknown State Land,"4",4 - no known mandate for biodiversity protection,81,XA,Closed,UNKE,Unknown Easement,"10523843",PERM
OH DoA Easement,Ohio Department of Agriculture,Unknown,Other or Unknown State Land,"4",4 - no known mandate for biodiversity protection,39,XA,Closed,UNKE,Unknown Easement,"10523844",PERM
OH DoA Easement,Ohio Department of Agriculture,Unknown,Other or Unknown State Land,"4",4 - no known mandate for biodiversity protection,39,XA,Closed,UNKE,Unknown Easement,"10523845",PERM
OH DoA Easement,Ohio Department of Agriculture,Unknown,Other or Unknown State Land,"4",4 - no known mandate for biodiversity protection,54,XA,Closed,UNKE,Unknown Easement,"10523846",PERM
OH DoA Easement,Ohio Department of Agriculture,Unknown,Other or Unknown State Land,"4",4 - no known mandate for biodiversity protection,7,XA,Closed,UNKE,Unknown Easement,"10523847",PERM
OH DoA Easement,Ohio Department of Agriculture,Unknown,Other or Unknown State Land,"4",4 - no known mandate for biodiversity protection,29,XA,Closed,UNKE,Unknown Easement,"10523848",PERM
OH DoA Easement,Ohio Department of Agriculture,Unknown,Other or Unknown State Land,"4",4 - no known mandate for biodiversity protection,48,XA,Closed,UNKE,Unknown Easement,"10523849",PERM
OH DoA Easement,Ohio Department of Agriculture,Unknown,Other or Unknown State Land,"4",4 - no known mandate for biodiversity protection,70,XA,Closed,UNKE,Unknown Easement,"10523850",PERM
OH DoA Easement,Ohio Department of Agriculture,Unknown,Other or Unknown State Land,"4",4 - no known mandate for biodiversity protection,80,XA,Closed,UNKE,Unknown Easement,"10523851",PERM
OH DoA Easement,Ohio Department of Agriculture,Unknown,Other or Unknown State Land,"4",4 - no known mandate for biodiversity protection,34,XA,Closed,UNKE,Unknown Easement,"10523852",PERM
OH DoA Easement,Ohio Department of Agriculture,Unknown,Other or Unknown State Land,"4",4 - no known mandate for biodiversity protection,26,XA,Closed,UNKE,Unknown Easement,"10523853",PERM
OH DoA Easement,Ohio Department of Agriculture,Unknown,Other or Unknown State Land,"4",4 - no known mandate for biodiversity protection,197,XA,Closed,UNKE,Unknown Easement,"10523854",PERM
OH DoA Easement,Ohio Department of Agriculture,Unknown,Other or Unknown State Land,"4",4 - no known mandate for biodiversity protection,39,XA,Closed,UNKE,Unknown Easement,"10523855",PERM
OH DoA Easement,Ohio Department of Agriculture,Unknown,Other or Unknown State Land,"4",4 - no known mandate for biodiversity protection,4,XA,Closed,UNKE,Unknown Easement,"10523856",PERM
OH DoA Easement,Ohio Department of Agriculture,Unknown,Other or Unknown State Land,"4",4 - no known mandate for biodiversity protection,134,XA,Closed,UNKE,Unknown Easement,"10523857",PERM
OH DoA Easement,Ohio Department of Agriculture,Unknown,Other or Unknown State Land,"4",4 - no known mandate for biodiversity protection,95,XA,Closed,UNKE,Unknown Easement,"10523858",PERM
OH DoA Easement,Ohio Department of Agriculture,Unknown,Other or Unknown State Land,"4",4 - no known mandate for biodiversity protection,25,XA,Closed,UNKE,Unknown Easement,"10523859",PERM
OH DoA Easement,Ohio Department of Agriculture,Unknown,Other or Unknown State Land,"4",4 - no known mandate for biodiversity protection,110,XA,Closed,UNKE,Unknown Easement,"10523860",PERM
OH DoA Easement,Ohio Department of Agriculture,Unknown,Other or Unknown State Land,"4",4 - no known mandate for biodiversity protection,41,XA,Closed,UNKE,Unknown Easement,"10523861",PERM
OH DoA Easement,Ohio Department of Agriculture,Unknown,Other or Unknown State Land,"4",4 - no known mandate for biodiversity protection,52,XA,Closed,UNKE,Unknown Easement,"10523862",PERM
OH DoA Easement,Ohio Department of Agriculture,Unknown,Other or Unknown State Land,"4",4 - no known mandate for biodiversity protection,15,XA,Closed,UNKE,Unknown Easement,"10523863",PERM
OH DoA Easement,Ohio Department of Agriculture,Unknown,Other or Unknown State Land,"4",4 - no known mandate for biodiversity protection,17,XA,Closed,UNKE,Unknown Easement,"10523864",PERM
OH DoA Easement,Ohio Department of Agriculture,Unknown,Other or Unknown State Land,"4",4 - no known mandate for biodiversity protection,30,XA,Closed,UNKE,Unknown Easement,"10523865",PERM
OH DoA Easement,Ohio Department of Agriculture,Unknown,Other or Unknown State Land,"4",4 - no known mandate for biodiversity protection,38,XA,Closed,UNKE,Unknown Easement,"10523866",PERM
OH DoA Easement,Ohio Department of Agriculture,Unknown,Other or Unknown State Land,"4",4 - no known mandate for biodiversity protection,118,XA,Closed,UNKE,Unknown Easement,"10523867",PERM
OH DoA Easement,Ohio Department of Agriculture,Unknown,Other or Unknown State Land,"4",4 - no known mandate for biodiversity protection,28,XA,Closed,UNKE,Unknown Easement,"10523868",PERM
OH DoA Easement,Ohio Department of Agriculture,Unknown,Other or Unknown State Land,"4",4 - no known mandate for biodiversity protection,81,XA,Closed,UNKE,Unknown Easement,"10523869",PERM
OH DoA Easement,Ohio Department of Agriculture,Unknown,Other or Unknown State Land,"4",4 - no known mandate for biodiversity protection,113,XA,Closed,UNKE,Unknown Easement,"10523870",PERM
OH DoA Easement,Ohio Department of Agriculture,Unknown,Other or Unknown State Land,"4",4 - no known mandate for biodiversity protection,6,XA,Closed,UNKE,Unknown Easement,"10523871",PERM
OH DoA Easement,Ohio Department of Agriculture,Unknown,Other or Unknown State Land,"4",4 - no known mandate for biodiversity protection,55,XA,Closed,UNKE,Unknown Easement,"10523872",PERM
OH DoA Easement,Ohio Department of Agriculture,Unknown,Other or Unknown State Land,"4",4 - no known mandate for biodiversity protection,51,XA,Closed,UNKE,Unknown Easement,"10523873",PERM
OH DoA Easement,Ohio Department of Agriculture,Unknown,Other or Unknown State Land,"4",4 - no known mandate for biodiversity protection,68,XA,Closed,UNKE,Unknown Easement,"10523874",PERM
OH DoA Easement,Ohio Department of Agriculture,Unknown,Other or Unknown State Land,"4",4 - no known mandate for biodiversity protection,116,XA,Closed,UNKE,Unknown Easement,"10523875",PERM
OH DoA Easement,Ohio Department of Agriculture,Unknown,Other or Unknown State Land,"4",4 - no known mandate for biodiversity protection,2,XA,Closed,UNKE,Unknown Easement,"10523876",PERM
OH DoA Easement,Ohio Department of Agriculture,Unknown,Other or Unknown State Land,"4",4 - no known mandate for biodiversity protection,0,XA,Closed,UNKE,Unknown Easement,"10523877",PERM
OH DoA Easement,Ohio Department of Agriculture,Unknown,Other or Unknown State Land,"4",4 - no known mandate for biodiversity protection,9,XA,Closed,UNKE,Unknown Easement,"10523878",PERM
OH DoA Easement,Ohio Department of Agriculture,Unknown,Other or Unknown State Land,"4",4 - no known mandate for biodiversity protection,1,XA,Closed,UNKE,Unknown Easement,"10523879",PERM
OH DoA Easement,Ohio Department of Agriculture,Unknown,Other or Unknown State Land,"4",4 - no known mandate for biodiversity protection,55,XA,Closed,UNKE,Unknown Easement,"10523880",PERM
OH DoA Easement,Ohio Department of Agriculture,Unknown,Other or Unknown State Land,"4",4 - no known mandate for biodiversity protection,15,XA,Closed,UNKE,Unknown Easement,"10523881",PERM
OH DoA Easement,Ohio Department of Agriculture,Unknown,Other or Unknown State Land,"4",4 - no known mandate for biodiversity protection,4,XA,Closed,UNKE,Unknown Easement,"10523882",PERM
OH DoA Easement,Ohio Department of Agriculture,Unknown,Other or Unknown State Land,"4",4 - no known mandate for biodiversity protection,95,XA,Closed,UNKE,Unknown Easement,"10523883",PERM
OH DoA Easement,Ohio Department of Agriculture,Unknown,Other or Unknown State Land,"4",4 - no known mandate for biodiversity protection,28,XA,Closed,UNKE,Unknown Easement,"10523884",PERM
OH DoA Easement,Ohio Department of Agriculture,Unknown,Other or Unknown State Land,"4",4 - no known mandate for biodiversity protection,29,XA,Closed,UNKE,Unknown Easement,"10523885",PERM
OH DoA Easement,Ohio Department of Agriculture,Unknown,Other or Unknown State Land,"4",4 - no known mandate for biodiversity protection,5,XA,Closed,UNKE,Unknown Easement,"10523886",PERM
OH DoA Easement,Ohio Department of Agriculture,Unknown,Other or Unknown State Land,"4",4 - no known mandate for biodiversity protection,24,XA,Closed,UNKE,Unknown Easement,"10523887",PERM
OH DoA Easement,Ohio Department of Agriculture,Unknown,Other or Unknown State Land,"4",4 - no known mandate for biodiversity protection,22,XA,Closed,UNKE,Unknown Easement,"10523888",PERM
OH DoA Easement,Ohio Department of Agriculture,Unknown,Other or Unknown State Land,"4",4 - no known mandate for biodiversity protection,1,XA,Closed,UNKE,Unknown Easement,"10523889",PERM
OH DoA Easement,Ohio Department of Agriculture,Unknown,Other or Unknown State Land,"4",4 - no known mandate for biodiversity protection,100,XA,Closed,UNKE,Unknown Easement,"10523890",PERM
OH DoA Easement,Ohio Department of Agriculture,Unknown,Other or Unknown State Land,"4",4 - no known mandate for biodiversity protection,55,XA,Closed,UNKE,Unknown Easement,"10523891",PERM
OH DoA Easement,Ohio Department of Agriculture,Unknown,Other or Unknown State Land,"4",4 - no known mandate for biodiversity protection,9,XA,Closed,UNKE,Unknown Easement,"10523892",PERM
OH DoA Easement,Ohio Department of Agriculture,Unknown,Other or Unknown State Land,"4",4 - no known mandate for biodiversity protection,2,XA,Closed,UNKE,Unknown Easement,"10523893",PERM
OH DoA Easement,Ohio Department of Agriculture,Unknown,Other or Unknown State Land,"4",4 - no known mandate for biodiversity protection,72,XA,Closed,UNKE,Unknown Easement,"10523894",PERM
OH DoA Easement,Ohio Department of Agriculture,Unknown,Other or Unknown State Land,"4",4 - no known mandate for biodiversity protection,51,XA,Closed,UNKE,Unknown Easement,"10523895",PERM
OH DoA Easement,Ohio Department of Agriculture,Unknown,Other or Unknown State Land,"4",4 - no known mandate for biodiversity protection,7,XA,Closed,UNKE,Unknown Easement,"10523896",PERM
OH DoA Easement,Ohio Department of Agriculture,Unknown,Other or Unknown State Land,"4",4 - no known mandate for biodiversity protection,20,XA,Closed,UNKE,Unknown Easement,"10523897",PERM
OH DoA Easement,Ohio Department of Agriculture,Unknown,Other or Unknown State Land,"4",4 - no known mandate for biodiversity protection,9,XA,Closed,UNKE,Unknown Easement,"10523898",PERM
OH DoA Easement,Ohio Department of Agriculture,Unknown,Other or Unknown State Land,"4",4 - no known mandate for biodiversity protection,13,XA,Closed,UNKE,Unknown Easement,"10523899",PERM
OH DoA Easement,Ohio Department of Agriculture,Unknown,Other or Unknown State Land,"4",4 - no known mandate for biodiversity protection,26,XA,Closed,UNKE,Unknown Easement,"10523900",PERM
OH DoA Easement,Ohio Department of Agriculture,Unknown,Other or Unknown State Land,"4",4 - no known mandate for biodiversity protection,1,XA,Closed,UNKE,Unknown Easement,"10523901",PERM
OH DoA Easement,Ohio Department of Agriculture,Unknown,Other or Unknown State Land,"4",4 - no known mandate for biodiversity protection,107,XA,Closed,UNKE,Unknown Easement,"10523902",PERM
OH DoA Easement,Ohio Department of Agriculture,Unknown,Other or Unknown State Land,"4",4 - no known mandate for biodiversity protection,220,XA,Closed,UNKE,Unknown Easement,"10523903",PERM
OH DoA Easement,Ohio Department of Agriculture,Unknown,Other or Unknown State Land,"4",4 - no known mandate for biodiversity protection,181,XA,Closed,UNKE,Unknown Easement,"10523904",PERM
OH DoA Easement,Ohio Department of Agriculture,Unknown,Other or Unknown State Land,"4",4 - no known mandate for biodiversity protection,88,XA,Closed,UNKE,Unknown Easement,"10523905",PERM
OH DoA Easement,Ohio Department of Agriculture,Unknown,Other or Unknown State Land,"4",4 - no known mandate for biodiversity protection,40,XA,Closed,UNKE,Unknown Easement,"10523906",PERM
OH DoA Easement,Ohio Department of Agriculture,Unknown,Other or Unknown State Land,"4",4 - no known mandate for biodiversity protection,80,XA,Closed,UNKE,Unknown Easement,"10523907",PERM
OH DoA Easement,Ohio Department of Agriculture,Unknown,Other or Unknown State Land,"4",4 - no known mandate for biodiversity protection,58,XA,Closed,UNKE,Unknown Easement,"10523908",PERM
OH DoA Easement,Ohio Department of Agriculture,Unknown,Other or Unknown State Land,"4",4 - no known mandate for biodiversity protection,57,XA,Closed,UNKE,Unknown Easement,"10523909",PERM
OH DoA Easement,Ohio Department of Agriculture,Unknown,Other or Unknown State Land,"4",4 - no known mandate for biodiversity protection,0,XA,Closed,UNKE,Unknown Easement,"10523910",PERM
OH DoA Easement,Ohio Department of Agriculture,Unknown,Other or Unknown State Land,"4",4 - no known mandate for biodiversity protection,127,XA,Closed,UNKE,Unknown Easement,"10523911",PERM
OH DoA Easement,Ohio Department of Agriculture,Unknown,Other or Unknown State Land,"4",4 - no known mandate for biodiversity protection,105,XA,Closed,UNKE,Unknown Easement,"10523912",PERM
OH DoA Easement,Ohio Department of Agriculture,Unknown,Other or Unknown State Land,"4",4 - no known mandate for biodiversity protection,131,XA,Closed,UNKE,Unknown Easement,"10523913",PERM
OH DoA Easement,Ohio Department of Agriculture,Unknown,Other or Unknown State Land,"4",4 - no known mandate for biodiversity protection,122,XA,Closed,UNKE,Unknown Easement,"10523914",PERM
OH DoA Easement,Ohio Department of Agriculture,Unknown,Other or Unknown State Land,"4",4 - no known mandate for biodiversity protection,2,XA,Closed,UNKE,Unknown Easement,"10523915",PERM
OH DoA Easement,Ohio Department of Agriculture,Unknown,Other or Unknown State Land,"4",4 - no known mandate for biodiversity protection,2,XA,Closed,UNKE,Unknown Easement,"10523916",PERM
OH DoA Easement,Ohio Department of Agriculture,Unknown,Other or Unknown State Land,"4",4 - no known mandate for biodiversity protection,4,XA,Closed,UNKE,Unknown Easement,"10523917",PERM
OH DoA Easement,Ohio Department of Agriculture,Unknown,Other or Unknown State Land,"4",4 - no known mandate for biodiversity protection,62,XA,Closed,UNKE,Unknown Easement,"10523918",PERM
OH DoA Easement,Ohio Department of Agriculture,Unknown,Other or Unknown State Land,"4",4 - no known mandate for biodiversity protection,62,XA,Closed,UNKE,Unknown Easement,"10523919",PERM
OH DoA Easement,Ohio Department of Agriculture,Unknown,Other or Unknown State Land,"4",4 - no known mandate for biodiversity protection,59,XA,Closed,UNKE,Unknown Easement,"10523920",PERM
OH DoA Easement,Ohio Department of Agriculture,Unknown,Other or Unknown State Land,"4",4 - no known mandate for biodiversity protection,64,XA,Closed,UNKE,Unknown Easement,"10523921",PERM
OH DoA Easement,Ohio Department of Agriculture,Unknown,Other or Unknown State Land,"4",4 - no known mandate for biodiversity protection,1,XA,Closed,UNKE,Unknown Easement,"10523922",PERM
OH DoA Easement,Ohio Department of Agriculture,Unknown,Other or Unknown State Land,"4",4 - no known mandate for biodiversity protection,52,XA,Closed,UNKE,Unknown Easement,"10523923",PERM
OH DoA Easement,Ohio Department of Agriculture,Unknown,Other or Unknown State Land,"4",4 - no known mandate for biodiversity protection,51,XA,Closed,UNKE,Unknown Easement,"10523924",PERM
OH DoA Easement,Ohio Department of Agriculture,Unknown,Other or Unknown State Land,"4",4 - no known mandate for biodiversity protection,51,XA,Closed,UNKE,Unknown Easement,"10523925",PERM
OH DoA Easement,Ohio Department of Agriculture,Unknown,Other or Unknown State Land,"4",4 - no known mandate for biodiversity protection,2,XA,Closed,UNKE,Unknown Easement,"10523926",PERM
OH DoA Easement,Ohio Department of Agriculture,Unknown,Other or Unknown State Land,"4",4 - no known mandate for biodiversity protection,0,XA,Closed,UNKE,Unknown Easement,"10523927",PERM
OH DoA Easement,Ohio Department of Agriculture,Unknown,Other or Unknown State Land,"4",4 - no known mandate for biodiversity protection,12,XA,Closed,UNKE,Unknown Easement,"10523928",PERM
OH DoA Easement,Ohio Department of Agriculture,Unknown,Other or Unknown State Land,"4",4 - no known mandate for biodiversity protection,79,XA,Closed,UNKE,Unknown Easement,"10523929",PERM
OH DoA Easement,Ohio Department of Agriculture,Unknown,Other or Unknown State Land,"4",4 - no known mandate for biodiversity protection,14,XA,Closed,UNKE,Unknown Easement,"10523930",PERM
OH DoA Easement,Ohio Department of Agriculture,Unknown,Other or Unknown State Land,"4",4 - no known mandate for biodiversity protection,87,XA,Closed,UNKE,Unknown Easement,"10523931",PERM
OH DoA Easement,Ohio Department of Agriculture,Unknown,Other or Unknown State Land,"4",4 - no known mandate for biodiversity protection,1,XA,Closed,UNKE,Unknown Easement,"10523932",PERM
OH DoA Easement,Ohio Department of Agriculture,Unknown,Other or Unknown State Land,"4",4 - no known mandate for biodiversity protection,70,XA,Closed,UNKE,Unknown Easement,"10523933",PERM
OH DoA Easement,Ohio Department of Agriculture,Unknown,Other or Unknown State Land,"4",4 - no known mandate for biodiversity protection,39,XA,Closed,UNKE,Unknown Easement,"10523934",PERM
OH DoA Easement,Ohio Department of Agriculture,Unknown,Other or Unknown State Land,"4",4 - no known mandate for biodiversity protection,20,XA,Closed,UNKE,Unknown Easement,"10523935",PERM
OH DoA Easement,Ohio Department of Agriculture,Unknown,Other or Unknown State Land,"4",4 - no known mandate for biodiversity protection,18,XA,Closed,UNKE,Unknown Easement,"10523936",PERM
OH DoA Easement,Ohio Department of Agriculture,Unknown,Other or Unknown State Land,"4",4 - no known mandate for biodiversity protection,5,XA,Closed,UNKE,Unknown Easement,"10523937",PERM
OH DoA Easement,Ohio Department of Agriculture,Unknown,Other or Unknown State Land,"4",4 - no known mandate for biodiversity protection,52,XA,Closed,UNKE,Unknown Easement,"10523938",PERM
OH DoA Easement,Ohio Department of Agriculture,Unknown,Other or Unknown State Land,"4",4 - no known mandate for biodiversity protection,79,XA,Closed,UNKE,Unknown Easement,"10523939",PERM
OH DoA Easement,Ohio Department of Agriculture,Unknown,Other or Unknown State Land,"4",4 - no known mandate for biodiversity protection,78,XA,Closed,UNKE,Unknown Easement,"10523940",PERM
OH DoA Easement,Ohio Department of Agriculture,Unknown,Other or Unknown State Land,"4",4 - no known mandate for biodiversity protection,69,XA,Closed,UNKE,Unknown Easement,"10523941",PERM
OH DoA Easement,Ohio Department of Agriculture,Unknown,Other or Unknown State Land,"4",4 - no known mandate for biodiversity protection,52,XA,Closed,UNKE,Unknown Easement,"10523942",PERM
OH DoA Easement,Ohio Department of Agriculture,Unknown,Other or Unknown State Land,"4",4 - no known mandate for biodiversity protection,48,XA,Closed,UNKE,Unknown Easement,"10523943",PERM
OH DoA Easement,Ohio Department of Agriculture,Unknown,Other or Unknown State Land,"4",4 - no known mandate for biodiversity protection,42,XA,Closed,UNKE,Unknown Easement,"10523944",PERM
OH DoA Easement,Ohio Department of Agriculture,Unknown,Other or Unknown State Land,"4",4 - no known mandate for biodiversity protection,78,XA,Closed,UNKE,Unknown Easement,"10523945",PERM
OH DoA Easement,Ohio Department of Agriculture,Unknown,Other or Unknown State Land,"4",4 - no known mandate for biodiversity protection,3,XA,Closed,UNKE,Unknown Easement,"10523946",PERM
OH DoA Easement,Ohio Department of Agriculture,Unknown,Other or Unknown State Land,"4",4 - no known mandate for biodiversity protection,0,XA,Closed,UNKE,Unknown Easement,"10523947",PERM
OH DoA Easement,Ohio Department of Agriculture,Unknown,Other or Unknown State Land,"4",4 - no known mandate for biodiversity protection,52,XA,Closed,UNKE,Unknown Easement,"10523948",PERM
OH DoA Easement,Ohio Department of Agriculture,Unknown,Other or Unknown State Land,"4",4 - no known mandate for biodiversity protection,40,XA,Closed,UNKE,Unknown Easement,"10523949",PERM
OH DoA Easement,Ohio Department of Agriculture,Unknown,Other or Unknown State Land,"4",4 - no known mandate for biodiversity protection,15,XA,Closed,UNKE,Unknown Easement,"10523950",PERM
OH DoA Easement,Ohio Department of Agriculture,Unknown,Other or Unknown State Land,"4",4 - no known mandate for biodiversity protection,50,XA,Closed,UNKE,Unknown Easement,"10523951",PERM
OH DoA Easement,Ohio Department of Agriculture,Unknown,Other or Unknown State Land,"4",4 - no known mandate for biodiversity protection,34,XA,Closed,UNKE,Unknown Easement,"10523952",PERM
OH DoA Easement,Ohio Department of Agriculture,Unknown,Other or Unknown State Land,"4",4 - no known mandate for biodiversity protection,34,XA,Closed,UNKE,Unknown Easement,"10523953",PERM
OH DoA Easement,Ohio Department of Agriculture,Unknown,Other or Unknown State Land,"4",4 - no known mandate for biodiversity protection,74,XA,Closed,UNKE,Unknown Easement,"10523954",PERM
OH DoA Easement,Ohio Department of Agriculture,Unknown,Other or Unknown State Land,"4",4 - no known mandate for biodiversity protection,33,XA,Closed,UNKE,Unknown Easement,"10523955",PERM
OH DoA Easement,Ohio Department of Agriculture,Unknown,Other or Unknown State Land,"4",4 - no known mandate for biodiversity protection,38,XA,Closed,UNKE,Unknown Easement,"10523956",PERM
OH DoA Easement,Ohio Department of Agriculture,Unknown,Other or Unknown State Land,"4",4 - no known mandate for biodiversity protection,72,XA,Closed,UNKE,Unknown Easement,"10523957",PERM
OH DoA Easement,Ohio Department of Agriculture,Unknown,Other or Unknown State Land,"4",4 - no known mandate for biodiversity protection,5,XA,Closed,UNKE,Unknown Easement,"10523958",PERM
OH DoA Easement,Ohio Department of Agriculture,Unknown,Other or Unknown State Land,"4",4 - no known mandate for biodiversity protection,69,XA,Closed,UNKE,Unknown Easement,"10523959",PERM
OH DoA Easement,Ohio Department of Agriculture,Unknown,Other or Unknown State Land,"4",4 - no known mandate for biodiversity protection,5,XA,Closed,UNKE,Unknown Easement,"10523960",PERM
OH DoA Easement,Ohio Department of Agriculture,Unknown,Other or Unknown State Land,"4",4 - no known mandate for biodiversity protection,93,XA,Closed,UNKE,Unknown Easement,"10523961",PERM
OH DoA Easement,Ohio Department of Agriculture,Unknown,Other or Unknown State Land,"4",4 - no known mandate for biodiversity protection,74,XA,Closed,UNKE,Unknown Easement,"10523962",PERM
OH DoA Easement,Ohio Department of Agriculture,Unknown,Other or Unknown State Land,"4",4 - no known mandate for biodiversity protection,49,XA,Closed,UNKE,Unknown Easement,"10523963",PERM
OH DoA Easement,Ohio Department of Agriculture,Unknown,Other or Unknown State Land,"4",4 - no known mandate for biodiversity protection,16,XA,Closed,UNKE,Unknown Easement,"10523964",PERM
OH DoA Easement,Ohio Department of Agriculture,Unknown,Other or Unknown State Land,"4",4 - no known mandate for biodiversity protection,23,XA,Closed,UNKE,Unknown Easement,"10523965",PERM
OH DoA Easement,Ohio Department of Agriculture,Unknown,Other or Unknown State Land,"4",4 - no known mandate for biodiversity protection,68,XA,Closed,UNKE,Unknown Easement,"10523966",PERM
OH DoA Easement,Ohio Department of Agriculture,Unknown,Other or Unknown State Land,"4",4 - no known mandate for biodiversity protection,92,XA,Closed,UNKE,Unknown Easement,"10523967",PERM
OH DoA Easement,Ohio Department of Agriculture,Unknown,Other or Unknown State Land,"4",4 - no known mandate for biodiversity protection,11,XA,Closed,UNKE,Unknown Easement,"10523968",PERM
OH DoA Easement,Ohio Department of Agriculture,Unknown,Other or Unknown State Land,"4",4 - no known mandate for biodiversity protection,12,XA,Closed,UNKE,Unknown Easement,"10523969",PERM
OH DoA Easement,Ohio Department of Agriculture,Unknown,Other or Unknown State Land,"4",4 - no known mandate for biodiversity protection,23,XA,Closed,UNKE,Unknown Easement,"10523970",PERM
OH DoA Easement,Ohio Department of Agriculture,Unknown,Other or Unknown State Land,"4",4 - no known mandate for biodiversity protection,19,XA,Closed,UNKE,Unknown Easement,"10523971",PERM
OH DoA Easement,Ohio Department of Agriculture,Unknown,Other or Unknown State Land,"4",4 - no known mandate for biodiversity protection,151,XA,Closed,UNKE,Unknown Easement,"10523972",PERM
OH DoA Easement,Ohio Department of Agriculture,Unknown,Other or Unknown State Land,"4",4 - no known mandate for biodiversity protection,0,XA,Closed,UNKE,Unknown Easement,"10523973",PERM
OH DoA Easement,Ohio Department of Agriculture,Unknown,Other or Unknown State Land,"4",4 - no known mandate for biodiversity protection,61,XA,Closed,UNKE,Unknown Easement,"10523974",PERM
OH DoA Easement,Ohio Department of Agriculture,Unknown,Other or Unknown State Land,"4",4 - no known mandate for biodiversity protection,10,XA,Closed,UNKE,Unknown Easement,"10523975",PERM
OH DoA Easement,Ohio Department of Agriculture,Unknown,Other or Unknown State Land,"4",4 - no known mandate for biodiversity protection,148,XA,Closed,UNKE,Unknown Easement,"10523976",PERM
OH DoA Easement,Ohio Department of Agriculture,Unknown,Other or Unknown State Land,"4",4 - no known mandate for biodiversity protection,387,XA,Closed,UNKE,Unknown Easement,"10523977",PERM
OH DoA Easement,Ohio Department of Agriculture,Unknown,Other or Unknown State Land,"4",4 - no known mandate for biodiversity protection,154,XA,Closed,UNKE,Unknown Easement,"10523978",PERM
OH DoA Easement,Ohio Department of Agriculture,Unknown,Other or Unknown State Land,"4",4 - no known mandate for biodiversity protection,31,XA,Closed,UNKE,Unknown Easement,"10523979",PERM
OH DoA Easement,Ohio Department of Agriculture,Unknown,Other or Unknown State Land,"4",4 - no known mandate for biodiversity protection,188,XA,Closed,UNKE,Unknown Easement,"10523980",PERM
OH DoA Easement,Ohio Department of Agriculture,Unknown,Other or Unknown State Land,"4",4 - no known mandate for biodiversity protection,123,XA,Closed,UNKE,Unknown Easement,"10523981",PERM
OH DoA Easement,Ohio Department of Agriculture,Unknown,Other or Unknown State Land,"4",4 - no known mandate for biodiversity protection,212,XA,Closed,UNKE,Unknown Easement,"10523982",PERM
OH DoA Easement,Ohio Department of Agriculture,Unknown,Other or Unknown State Land,"4",4 - no known mandate for biodiversity protection,57,XA,Closed,UNKE,Unknown Easement,"10523983",PERM
OH DoA Easement,Ohio Department of Agriculture,Unknown,Other or Unknown State Land,"4",4 - no known mandate for biodiversity protection,61,XA,Closed,UNKE,Unknown Easement,"10523984",PERM
OH DoA Easement,Ohio Department of Agriculture,Unknown,Other or Unknown State Land,"4",4 - no known mandate for biodiversity protection,43,XA,Closed,UNKE,Unknown Easement,"10523985",PERM
OH DoA Easement,Ohio Department of Agriculture,Unknown,Other or Unknown State Land,"4",4 - no known mandate for biodiversity protection,62,XA,Closed,UNKE,Unknown Easement,"10523986",PERM
OH DoA Easement,Ohio Department of Agriculture,Unknown,Other or Unknown State Land,"4",4 - no known mandate for biodiversity protection,81,XA,Closed,UNKE,Unknown Easement,"10523987",PERM
OH DoA Easement,Ohio Department of Agriculture,Unknown,Other or Unknown State Land,"4",4 - no known mandate for biodiversity protection,157,XA,Closed,UNKE,Unknown Easement,"10523988",PERM
OH DoA Easement,Ohio Department of Agriculture,Unknown,Other or Unknown State Land,"4",4 - no known mandate for biodiversity protection,171,XA,Closed,UNKE,Unknown Easement,"10523989",PERM
OH DoA Easement,Ohio Department of Agriculture,Unknown,Other or Unknown State Land,"4",4 - no known mandate for biodiversity protection,25,XA,Closed,UNKE,Unknown Easement,"10523990",PERM
OH DoA Easement,Ohio Department of Agriculture,Unknown,Other or Unknown State Land,"4",4 - no known mandate for biodiversity protection,133,XA,Closed,UNKE,Unknown Easement,"10523991",PERM
OH DoA Easement,Ohio Department of Agriculture,Unknown,Other or Unknown State Land,"4",4 - no known mandate for biodiversity protection,134,XA,Closed,UNKE,Unknown Easement,"10523992",PERM
OH DoA Easement,Ohio Department of Agriculture,Unknown,Other or Unknown State Land,"4",4 - no known mandate for biodiversity protection,69,XA,Closed,UNKE,Unknown Easement,"10523993",PERM
OH DoA Easement,Ohio Department of Agriculture,Unknown,Other or Unknown State Land,"4",4 - no known mandate for biodiversity protection,42,XA,Closed,UNKE,Unknown Easement,"10523994",PERM
OH DoA Easement,Ohio Department of Agriculture,Unknown,Other or Unknown State Land,"4",4 - no known mandate for biodiversity protection,29,XA,Closed,UNKE,Unknown Easement,"10523995",PERM
OH DoA Easement,Ohio Department of Agriculture,Unknown,Other or Unknown State Land,"4",4 - no known mandate for biodiversity protection,19,XA,Closed,UNKE,Unknown Easement,"10523996",PERM
OH DoA Easement,Ohio Department of Agriculture,Unknown,Other or Unknown State Land,"4",4 - no known mandate for biodiversity protection,35,XA,Closed,UNKE,Unknown Easement,"10523997",PERM
OH DoA Easement,Ohio Department of Agriculture,Unknown,Other or Unknown State Land,"4",4 - no known mandate for biodiversity protection,20,XA,Closed,UNKE,Unknown Easement,"10523998",PERM
OH DoA Easement,Ohio Department of Agriculture,Unknown,Other or Unknown State Land,"4",4 - no known mandate for biodiversity protection,169,XA,Closed,UNKE,Unknown Easement,"10523999",PERM
OH DoA Easement,Ohio Department of Agriculture,Unknown,Other or Unknown State Land,"4",4 - no known mandate for biodiversity protection,87,XA,Closed,UNKE,Unknown Easement,"10524000",PERM
OH DoA Easement,Ohio Department of Agriculture,Unknown,Other or Unknown State Land,"4",4 - no known mandate for biodiversity protection,5,XA,Closed,UNKE,Unknown Easement,"10524001",PERM
OH DoA Easement,Ohio Department of Agriculture,Unknown,Other or Unknown State Land,"4",4 - no known mandate for biodiversity protection,92,XA,Closed,UNKE,Unknown Easement,"10524002",PERM
OH DoA Easement,Ohio Department of Agriculture,Unknown,Other or Unknown State Land,"4",4 - no known mandate for biodiversity protection,83,XA,Closed,UNKE,Unknown Easement,"10524003",PERM
OH DoA Easement,Ohio Department of Agriculture,Unknown,Other or Unknown State Land,"4",4 - no known mandate for biodiversity protection,119,XA,Closed,UNKE,Unknown Easement,"10524004",PERM
OH DoA Easement,Ohio Department of Agriculture,Unknown,Other or Unknown State Land,"4",4 - no known mandate for biodiversity protection,123,XA,Closed,UNKE,Unknown Easement,"10524005",PERM
OH DoA Easement,Ohio Department of Agriculture,Unknown,Other or Unknown State Land,"4",4 - no known mandate for biodiversity protection,138,XA,Closed,UNKE,Unknown Easement,"10524006",PERM
OH DoA Easement,Ohio Department of Agriculture,Unknown,Other or Unknown State Land,"4",4 - no known mandate for biodiversity protection,52,XA,Closed,UNKE,Unknown Easement,"10524007",PERM
OH DoA Easement,Ohio Department of Agriculture,Unknown,Other or Unknown State Land,"4",4 - no known mandate for biodiversity protection,77,XA,Closed,UNKE,Unknown Easement,"10524008",PERM
OH DoA Easement,Ohio Department of Agriculture,Unknown,Other or Unknown State Land,"4",4 - no known mandate for biodiversity protection,100,XA,Closed,UNKE,Unknown Easement,"10524009",PERM
OH DoA Easement,Ohio Department of Agriculture,Unknown,Other or Unknown State Land,"4",4 - no known mandate for biodiversity protection,0,XA,Closed,UNKE,Unknown Easement,"10524010",PERM
OH DoA Easement,Ohio Department of Agriculture,Unknown,Other or Unknown State Land,"4",4 - no known mandate for biodiversity protection,39,XA,Closed,UNKE,Unknown Easement,"10524011",PERM
OH DoA Easement,Ohio Department of Agriculture,Unknown,Other or Unknown State Land,"4",4 - no known mandate for biodiversity protection,1,XA,Closed,UNKE,Unknown Easement,"10524012",PERM
Muskingum,Ohio State Government,Unknown,Other or Unknown State Land,"4",4 - no known mandate for biodiversity protection,434,RA,Restricted Access,FORE,Forest Stewardship Easement,"850067",PERM
Big Darby Creek Scenic River,Ohio Department of Natural Resources,Unknown,State Department of Natural Resources,"4",4 - no known mandate for biodiversity protection,7,UK,Unknown,UNKE,Unknown Easement,"936346",UNK
Olentangy Scenic River,Ohio Department of Natural Resources,Unknown,State Department of Natural Resources,"4",4 - no known mandate for biodiversity protection,4,UK,Unknown,UNKE,Unknown Easement,"936347",UNK
Upper Cuyahoga Scenic River,Ohio Department of Natural Resources,Unknown,State Department of Natural Resources,"4",4 - no known mandate for biodiversity protection,46,UK,Unknown,UNKE,Unknown Easement,"936348",UNK
Liberty Street Greenspace,Metropolitan Sewer District,City Land,City Land,"4",4 - no known mandate for biodiversity protection,3,OA,Open Access,OTHE,Other Easement,,
MacIvor Woods Nature Preserve,City of Marysville,City Land,City Land,"3",3 - managed for multiple uses - subject to extractive (e.g. mining or logging) or OHV use,55,UK,Unknown,FORE,Forest Stewardship Easement,,
Critchell Park,City of Milford and Little Miami Inc.,City Land,Joint,"2",2 - managed for biodiversity - disturbance events suppressed,1,OA,Open Access,CONE,Conservation Easement,,
Weber,Five Rivers MetroParks,City Land,City Land,"4",4 - no known mandate for biodiversity protection,11,OA,Open Access,RECE,Recreation or Education Easement,,
Amanns Conservation Easement,Hamilton County Park District,Unknown,Regional Agency Land,"4",4 - no known mandate for biodiversity protection,0,OA,Open Access,RECE,Recreation or Education Easement,,
Beekley Conservation Easement,Hamilton County Park District,Unknown,Regional Agency Land,"4",4 - no known mandate for biodiversity protection,19,OA,Open Access,RECE,Recreation or Education Easement,,
Blaney Conservation Easement,Hamilton County Park District,Unknown,Regional Agency Land,"4",4 - no known mandate for biodiversity protection,26,OA,Open Access,RECE,Recreation or Education Easement,,
Cautley Preserve,Hamilton County Park District,Unknown,Regional Agency Land,"4",4 - no known mandate for biodiversity protection,8,OA,Open Access,RECE,Recreation or Education Easement,,
Clinton-Rosenthal Preserve,Hamilton County Park District,Unknown,Regional Agency Land,"4",4 - no known mandate for biodiversity protection,5,OA,Open Access,RECE,Recreation or Education Easement,,
Duermit Conservation Easement,Hamilton County Park District,Unknown,Regional Agency Land,"4",4 - no known mandate for biodiversity protection,9,OA,Open Access,RECE,Recreation or Education Easement,,
Ettensohn Conservation Easement,Hamilton County Park District,Unknown,Regional Agency Land,"4",4 - no known mandate for biodiversity protection,9,OA,Open Access,RECE,Recreation or Education Easement,,
Geier Conservation Easement,Hamilton County Park District,Unknown,Regional Agency Land,"4",4 - no known mandate for biodiversity protection,1,OA,Open Access,RECE,Recreation or Education Easement,,
Glenwood Gardens Bike Trail Easement,Hamilton County Park District,Unknown,Regional Agency Land,"4",4 - no known mandate for biodiversity protection,1,OA,Open Access,RECE,Recreation or Education Easement,,
Johnson Conservation Easement,Hamilton County Park District,Unknown,Regional Agency Land,"4",4 - no known mandate for biodiversity protection,11,OA,Open Access,RECE,Recreation or Education Easement,,
Moeller Conservation Easement,Hamilton County Park District,Unknown,Regional Agency Land,"4",4 - no known mandate for biodiversity protection,19,OA,Open Access,RECE,Recreation or Education Easement,,
Niehoff Conservation Easement,Hamilton County Park District,Unknown,Regional Agency Land,"4",4 - no known mandate for biodiversity protection,1,OA,Open Access,RECE,Recreation or Education Easement,,
Richardson Forest Preserve Access Easement,Hamilton County Park District,Unknown,Regional Agency Land,"4",4 - no known mandate for biodiversity protection,1,OA,Open Access,RECE,Recreation or Education Easement,,
Walls Biketrail Easement,Hamilton County Park District,Unknown,Regional Agency Land,"4",4 - no known mandate for biodiversity protection,9,OA,Open Access,RECE,Recreation or Education Easement,,
Winton Woods Flood Easement,Hamilton County Park District,Unknown,Regional Agency Land,"4",4 - no known mandate for biodiversity protection,32,OA,Open Access,RECE,Recreation or Education Easement,,
Bald Knob Easement,,Private,Non-Governmental Organization,"2",2 - managed for biodiversity - disturbance events suppressed,76,UK,Unknown,CONE,Conservation Easement,,
Big Darby Creek,,Private,Non-Governmental Organization,"2",2 - managed for biodiversity - disturbance events suppressed,79,UK,Unknown,CONE,Conservation Easement,,
Big Darby Creek Easement,,Private,Non-Governmental Organization,"2",2 - managed for biodiversity - disturbance events suppressed,4,UK,Unknown,CONE,Conservation Easement,,
Buzzardroost Rock Easement,,Private,Non-Governmental Organization,"2",2 - managed for biodiversity - disturbance events suppressed,101,UK,Unknown,CONE,Conservation Easement,,
Edge Of Appalachia Easement,,Private,Non-Governmental Organization,"2",2 - managed for biodiversity - disturbance events suppressed,6,UK,Unknown,CONE,Conservation Easement,,
Morgan Swamp Easement,,Private,Non-Governmental Organization,"2",2 - managed for biodiversity - disturbance events suppressed,66,UK,Unknown,CONE,Conservation Easement,,
Ohio Brush Creek Easement,,Private,Non-Governmental Organization,"2",2 - managed for biodiversity - disturbance events suppressed,14,UK,Unknown,CONE,Conservation Easement,,
Ohio Brush Creek Easement,,Private,Non-Governmental Organization,"2",2 - managed for biodiversity - disturbance events suppressed,6,UK,Unknown,CONE,Conservation Easement,,
Ohio Brush Creek Easement,,Private,Non-Governmental Organization,"2",2 - managed for biodiversity - disturbance events suppressed,2,UK,Unknown,CONE,Conservation Easement,,
Ohio Brush Creek Easement,,Private,Non-Governmental Organization,"2",2 - managed for biodiversity - disturbance events suppressed,3,UK,Unknown,CONE,Conservation Easement,,
Ohio Brush Creek Easement,,Private,Non-Governmental Organization,"2",2 - managed for biodiversity - disturbance events suppressed,5,UK,Unknown,CONE,Conservation Easement,,
Ohio Brush Creek Easement,,Private,Non-Governmental Organization,"2",2 - managed for biodiversity - disturbance events suppressed,2,UK,Unknown,CONE,Conservation Easement,,
Ohio Brush Creek Easement,,Private,Non-Governmental Organization,"2",2 - managed for biodiversity - disturbance events suppressed,19,UK,Unknown,CONE,Conservation Easement,,
Walden Ii Site Easement,,Private,Non-Governmental Organization,"2",2 - managed for biodiversity - disturbance events suppressed,54,UK,Unknown,CONE,Conservation Easement,,
"Wilderness, The Easement",,Private,Non-Governmental Organization,"2",2 - managed for biodiversity - disturbance events suppressed,156,UK,Unknown,CONE,Conservation Easement,,
"Wilderness, The Easement",,Private,Non-Governmental Organization,"2",2 - managed for biodiversity - disturbance events suppressed,66,UK,Unknown,CONE,Conservation Easement,,
