OBJECTID,Type,Name,Jurisdiction,County,Sub_Type,Status,Acres,Label,ParkID,Updated,Source,Label_major,Label_5acreplus,GlobalID,Created,Shape__Area,Shape__Length
24344,CEMETERY,5,Howard,KNO,CEM,Public,1.05614153,Zion Cemetery,,7/1/2025 16:11,,,,849a74fa-462d-4299-8ff0-7e867a4417a4,7/1/2025 16:11,46005.5249,858.3938742
22899,CEMETERY,16th Road Southwest Cemetery,Township,FAI,CEM,Public,0.63441504,16th Road Southwest Cemetery,,7/1/2025 16:11,Fairfield County,,,cf51f178-a0d0-4d16-9c86-9499da4b3054,7/1/2025 16:11,27635.11932,790.9496076
24527,GREEN SPACE,20' PLANTING STRIP,Columbus,FRA,NOS,Public,0.209465,,,7/1/2025 16:11,Fanklin Co Parks,,,3f2bcaea-763a-4a57-887e-dedf123633f1,7/1/2025 16:11,9124.295666,1010.178941
24535,GREEN SPACE,20' PLANTING STRIP,Columbus,FRA,NOS,Public,1.00636369,,,7/1/2025 16:11,Fanklin Co Parks,,,c9cb9b17-6b0b-40b9-a7ed-ee5b0e0276a2,7/1/2025 16:11,43837.2023,4498.675106
24592,GREEN SPACE,20' PLANTING STRIP,Columbus,FRA,NOS,Public,0.60518141,,,7/1/2025 16:11,Fanklin Co Parks,,,4214b05b-a527-441a-b9fc-dbb7f135ac02,7/1/2025 16:11,26361.70259,2750.837288
24593,GREEN SPACE,20' PLANTING STRIP,Columbus,FRA,NOS,Public,0.45408907,,,7/1/2025 16:11,Fanklin Co Parks,,,fe33c55b-8f98-4f7b-b181-16ff0de01072,7/1/2025 16:11,19780.1199,2049.8175
24603,GREEN SPACE,20' PLANTING STRIP,Columbus,FRA,NOS,Public,0.06230815,,,7/1/2025 16:11,Fanklin Co Parks,,,a13b106f-c599-4418-868b-20fdac5d0877,7/1/2025 16:11,2714.142968,302.8313208
24619,GREEN SPACE,20' PLANTING STRIP,Columbus,FRA,NOS,Public,0.4209885,,,7/1/2025 16:11,Fanklin Co Parks,,,018238a1-bc48-449a-b603-ed1e28bd4259,7/1/2025 16:11,18338.25896,1865.236387
24623,GREEN SPACE,20' PLANTING STRIP,Columbus,FRA,NOS,Public,0.2606106,,,7/1/2025 16:11,Fanklin Co Parks,,,a631861c-454f-4267-85b6-3deda7f76cf7,7/1/2025 16:11,11352.19798,1165.87436
24533,GREEN SPACE,20' PLANTNG STRIP,Columbus,FRA,NOS,Public,0.31455987,,,7/1/2025 16:11,Fanklin Co Parks,,,3035e4e8-5244-4aac-87bb-a027775c8667,7/1/2025 16:11,13702.22813,1405.477979
24882,GREEN SPACE,5th Street Open Space,Buckeye Lake,LIC,NOS,Public,0.26768344,,,7/1/2025 16:11,MORPC Standardized ELU 2021,,,ddd74cf2-d5c2-4d04-a543-6b9d1de7f6ee,7/1/2025 16:11,11660.29089,433.4021421
24604,GREEN SPACE,6' PLANTING AREA,Columbus,FRA,NOS,Public,0.04069017,,,7/1/2025 16:11,Fanklin Co Parks,,,8b3bbb76-9cbd-4ad6-a6a2-8ece49d289fe,7/1/2025 16:11,1772.463867,553.8805198
24745,GREEN SPACE,6TH AVE STREET ISLANDS,Columbus,FRA,NOS,Public,0.15846629,,,7/1/2025 16:11,Columbus Park Boundaries,,,1bf1fd01-22c1-48da-8bab-0aab45653f9f,7/1/2025 16:11,6902.79126,417.2993007
24748,GREEN SPACE,6TH ST STREET ISLANDS,Columbus,FRA,NOS,Public,0.18481847,,,7/1/2025 16:11,Columbus Park Boundaries,,,85344cf4-0d49-4be4-aadb-46c3c6f97847,7/1/2025 16:11,8050.692993,981.8284227
24744,GREEN SPACE,7TH AVE STREET ISLANDS,Columbus,FRA,NOS,Public,0.15868073,,,7/1/2025 16:11,Columbus Park Boundaries,,,c3742e06-1602-46d9-8e16-b14bb0b3ff44,7/1/2025 16:11,6912.13269,417.4947587
25868,CEMETERY,A R Duvall Cemetery,Township,PIC,CEM,Private,0.13600536,A R Duvall Cemetery,,7/1/2025 16:11,Google Maps,,,0e8d5b1c-731c-4407-b32a-59de84e8885a,7/1/2025 16:11,5924.393433,311.4381841
22712,PARK,A.W. Marion State Park,Township,PIC,STATE,Public,458.2852853,A.W. Marion State Park,3,7/1/2025 16:11,ODNR,A.W. Marion State Park,A.W. Marion State Park,8a38c268-ca04-4879-8b18-ed8d68db9f5c,7/1/2025 16:11,19962907.03,26582.45939
22611,PARK,Abbie Trails Park,Columbus,FRA,PRES,Public,31.81041483,Abbie Trails Park,73,7/1/2025 16:11,Columbus,,,4f9d1ac2-c320-4deb-894f-eadc18a355c9,7/1/2025 16:11,1385661.67,7048.34239
22156,PARK,Academy Park,Gahanna,FRA,R,Public,115.1629824,Academy Park,4,7/1/2025 16:11,Gahanna,Academy Park,Academy Park,f64240b8-d780-42b4-beeb-0b5896d21427,7/1/2025 16:11,5016499.511,18490.84124
23899,PARK,Academy Park,Columbus,FRA,C,Public,19.62413567,Academy Park,,7/1/2025 16:11,Columbus,Academy Park,Academy Park,79cf481f-61de-4af6-8acc-95572469aa74,7/1/2025 16:11,854827.3495,5375.448606
25384,PARK,Ackerman Nature Preserve,Fredericktown,KNO,PR,Public,45.27421584,Ackerman Nature Preserve,,7/1/2025 16:11,Google Maps,,Ackerman Nature Preserve,effb2e5f-cc24-478a-837b-8806cc1c0a2c,7/1/2025 16:11,1972144.842,5784.142714
25610,CEMETERY,Ackley Cemetery,Township,ROS,CEM,Private,0.11273136,Ackley Cemetery,,7/1/2025 16:11,Google Maps,,,2cd5c4ea-44bf-49df-94df-2117cc65c2e4,7/1/2025 16:11,4910.578247,299.3267258
24874,RECREATION,Adams Lane Southwest Park,Pataskala,LIC,REC,Public,9.27340673,Adams Lane Southwest Park,,7/1/2025 16:11,MORPC Standardized ELU 2021,,,ad84194a-5e6e-429a-b39b-9434b41439d6,7/1/2025 16:11,403949.5973,3394.601921
25614,CEMETERY,Adelphi Cemetery,Adelphi,ROS,CEM,Public,0.75898148,Adelphi Cemetery,,7/1/2025 16:11,Google Maps,,,0eff4e92-f17d-4462-868c-f20832a7d394,7/1/2025 16:11,33061.23303,732.7870311
25615,PARK,Adelphi Park and Shelter House ,Adelphi,ROS,C,Public,0.45673766,Adelphi Park and Shelter House,,7/1/2025 16:11,Google Maps,,,f20a5dcc-e2fb-4c92-91fc-a9d4135ae440,7/1/2025 16:11,19895.49249,569.5427064
23956,GREEN SPACE,Adena Pointe Open Space,Marysville,UNI,NOS,Public,3.71356436,,,7/1/2025 16:11,,,,917748f5-c9b1-4c65-b1ac-a0e77f511aa1,7/1/2025 16:11,161762.8638,2947.124994
23180,PARK,Adena State Memorial,Chillicothe,ROS,STATE,Public,304.0265069,Adena State Memorial,,7/1/2025 16:11,Earthworks,Adena State Memorial,Adena State Memorial,203021a7-cf06-4b7c-a181-e9d224bcd225,7/1/2025 16:11,13243394.64,22363.49422
22497,PARK,Agler Road Parkway,Gahanna,FRA,NOS,Public,6.9435742,Agler Road Parkway,6,7/1/2025 16:11,Gahanna,,,6beba9e9-fde2-4744-bcdb-1fe122c2d3da,7/1/2025 16:11,302462.092,9285.536846
25280,CEMETERY,Agosta Cemetery,New Bloomington,MAR,CEM,Public,4.277358,Agosta Cemetery,,7/1/2025 16:11,Google Maps,,,e5ea5abc-e939-4294-bdae-b1ae72ec10ce,7/1/2025 16:11,186321.7146,2397.830948
25281,CEMETERY,Agosta Cemetery,New Bloomington,MAR,CEM,Public,4.19223508,Agosta Cemetery,,7/1/2025 16:11,Google Maps,,,f11f5380-8ca5-4659-8358-bc6b25169df3,7/1/2025 16:11,182613.76,1724.964461
22255,GOLF,Airport Golf Course,Columbus,FRA,GOLF,Public,134.579695,Airport Golf Course,7,7/1/2025 16:11,Columbus,,Airport Golf Course,223f419e-25ac-49bd-9e2c-3f87202999c7,7/1/2025 16:11,5862291.515,10740.51116
23225,PARK,Albany Crossing Park,Columbus,FRA,N,Public,11.09383451,Albany Crossing Park,,7/1/2025 16:11,Columbus,,Albany Crossing Park,be01d152-eda8-4649-8eba-82bda99bdc1f,7/1/2025 16:11,483247.4313,2980.909996
23690,PARK,Albany Crossing Wetlands,Columbus,FRA,CON,Public,6.96946497,Albany Crossing Wetlands,,7/1/2025 16:11,,,Albany Crossing Wetlands,aa7148aa-c96b-44ff-b44e-9771966ae914,7/1/2025 16:11,303589.8942,2790.347254
22393,PARK,Aldersgate Park,Township,UNI,C,Public,14.7442338,Aldersgate Park,8,7/1/2025 16:11,Union County, ,Aldersgate Park,4f81377a-c6ab-4570-af10-fa4910abe551,7/1/2025 16:11,642258.8253,4658.075369
25139,CEMETERY,Alexander Cemetery,Township,LOG,CEM,Public,0.22221452,Alexander Cemetery,,7/1/2025 16:11,Google Maps,,,8b85e8f1-849a-4290-a928-c1ba9a5be38a,7/1/2025 16:11,9679.664551,408.8529558
25140,CEMETERY,Alexander Cemetery,Township,LOG,CEM,Public,0.40094277,Alexander Cemetery,,7/1/2025 16:11,Google Maps,,,6e78d10e-5881-4ad9-84f2-c324b8c0f8ff,7/1/2025 16:11,17465.06677,624.7842285
24227,PARK,Alexander Park,Columbus,FRA,C,Public,2.77852384,Alexander Park,,7/1/2025 16:11,,,,43f6d075-bb43-47ea-bc5d-9360aaddcec2,7/1/2025 16:11,121032.498,1543.37403
23893,PARK,Alexander/Aep Park,Columbus,FRA,R,Public,0.66499464,AEP Park,,7/1/2025 16:11,columbus,,,8006e02a-b81f-4218-a74a-5b3e7b5a0d81,7/1/2025 16:11,28967.16675,881.1857105
25827,CEMETERY,Alkire Cemetery,Township,PIC,CEM,Private,0.57709285,Alkire Cemetery,,7/1/2025 16:11,Google Maps,,,f7dec5a8-ac1d-4bd1-9ba3-91e3ec536598,7/1/2025 16:11,25138.16455,824.8623536
25844,CEMETERY,Alkire Cemetery,Township,PIC,CEM,Private,0.27697521,Alkire Cemetery,,7/1/2025 16:11,Google Maps,,,9bf7153c-140e-4419-a85c-de9c91005d97,7/1/2025 16:11,12065.03992,439.6923586
22443,PARK,Alkire Lakes Park,Columbus,FRA,C,Public,5.82604509,Alkire Lakes Park,10,7/1/2025 16:11,Columbus, ,Alkire Lakes Park,6a9628ea-ea2d-4909-8d9a-5403e41dfae1,7/1/2025 16:11,253782.5242,3114.87718
22442,PARK,Alkire Road Park,Columbus,FRA,C,Public,15.63720372,Alkire Road Park,11,7/1/2025 16:11,Columbus, ,Alkire Road Park,7aee53cb-3715-44fe-a5b4-047dc36ba6c5,7/1/2025 16:11,681156.5939,4267.094707
23256,CEMETERY,All Saints Evangelical Lutheran Church Columbarium,Worthington,FRA,CEM,Public,2.34845684,All Saints Evangelical Lutheran Church Columbarium,,7/1/2025 16:11,FCA,,,5bda9750-5b5a-45bb-9766-8077118ebd38,7/1/2025 16:11,102298.7802,1289.584084
23182,PARK,Allen Township Park,Township,UNI,N,Public,20.47112228,Allen Township Park,,7/1/2025 16:11,Union County,,Allen Township Park,453a840d-3b75-40e8-b911-72a789b14e4e,7/1/2025 16:11,891722.0863,3773.857053
22615,PARK,Alley Park,Township,FAI,R,Public,339.2866002,Alley Park,12,7/1/2025 16:11,Fairfield County,Alley Park,Alley Park,41869562-13b3-44a9-971f-638a4ff34b43,7/1/2025 16:11,14779324.3,19179.5652
22157,PARK,Alt Field,Hilliard,FRA,N,Public,1.48487171,Alt Field,14,7/1/2025 16:11,Hilliard, ,,8a8b8743-c997-4772-b1f6-9e1a301c62b8,7/1/2025 16:11,64681.01111,1173.500765
22636,PARK,Alt Park,Baltimore,FAI,R,Public,124.8001433,Alt Park,13,7/1/2025 16:11,Fairfield County,Alt Park,Alt Park,56af2da9-a82a-4498-a163-2ed832bad9ea,7/1/2025 16:11,5436294.242,9977.985649
23055,CEMETERY,Alton,Township,FRA,CEM,Public,13.68106816,Alton,,7/1/2025 16:11,,,Alton,22b43357-80e5-458f-b7dd-d458441655b3,7/1/2025 16:11,595947.3291,3257.909425
23056,CEMETERY,Alton Methodist Episcopal,Township,FRA,CEM,Public,0.82550235,Alton Methodist Episcopal,,7/1/2025 16:11,,,,4e46eaaa-9966-4dd5-b6fb-b9c8a2d41894,7/1/2025 16:11,35958.88245,766.7312718
22098,PARK,Alton Road Parkland,Township,FRA,PRES,Public,58.67247567,Alton Road Parkland,15,7/1/2025 16:11,Columbus,,,3fe65a11-6aa4-4f88-9b0d-ec43240bb863,7/1/2025 16:11,2555773.04,9349.984101
23218,PARK,Alum Creek Agler Parkland Coh,Columbus,FRA,CON,Public,0.78494552,Agler Parkland,,7/1/2025 16:11,Columbus,,,356d7a51-ec21-4336-b2a2-fafe01d24e45,7/1/2025 16:11,34192.22693,874.4849573
23433,PARK,Alum Creek Dr N Of Livingston Ave,Columbus,FRA,N,Public,4.4450169,Alum Creek Dr N of Livingston Ave,,7/1/2025 16:11,Columbus,,,36e13921-fabf-4eb5-858d-0c5111662c71,7/1/2025 16:11,193624.9363,2995.987433
23216,PARK,Alum Creek Freeland Parkland Coh,Columbus,FRA,N,Public,3.54512079,Freeland Parkland,,7/1/2025 16:11,Columbus,,,d5d46aa0-8009-45aa-b59f-79b6b88f086b,7/1/2025 16:11,154425.4615,1722.508894
23215,PARK,Alum Creek Koch Parkland Coh,Columbus,FRA,CON,Public,7.45228323,Koch Parkland,,7/1/2025 16:11,Columbus,,Koch Parkland,bbe0e9a3-4a34-4c82-b9aa-d7d23cf12a92,7/1/2025 16:11,324621.4572,2552.845258
23214,PARK,Alum Creek Miller Parkland,Columbus,FRA,N,Public,15.11101233,Miller Parkland,,7/1/2025 16:11,Columbus,,Miller Parkland,27a40633-1304-4407-905d-7cb55db5d563,7/1/2025 16:11,658235.697,3401.168245
24251,PARK,Alum Creek North Tributary Parkland,Columbus,FRA,CON,Public,5.10853122,Alum Creek North Tributary Parkland,,7/1/2025 16:11,Columbus,,Alum Creek North Tributary Parkland,8c3e5837-3ddf-4065-9d50-933715a38516,7/1/2025 16:11,222527.6199,2779.033058
24627,PARK,Alum Creek North Tributary Parkland,Township,FRA,N,Public,1.22118076,Alum Creek North Tributary Parkland,,7/1/2025 16:11,Franklin Co Parks,,,b1e3188c-c027-4fe6-bf35-b9c7a37c516d,7/1/2025 16:11,53194.63416,1410.24575
22013,PARK,Alum Creek Park,Columbus,FRA,N,Public,4.57434895,Alum Creek Park,17,7/1/2025 16:11,Columbus, , ,d69a2b4a-ac31-4de7-8c1b-0da16b367eb4,7/1/2025 16:11,199258.6404,1791.932424
22699,PARK,Alum Creek Park North,Westerville,FRA,R,Public,44.33360926,Alum Creek Park North,19,7/1/2025 16:11,Westerville,Alum Creek Park North,Alum Creek Park North,b20e9776-0be1-460e-ad77-69792cc06c89,7/1/2025 16:11,1931172.019,8906.900151
24793,PARK,Alum Creek Park North,Westerville,FRA,C,Public,9.39151995,Alum Creek Park North,,7/1/2025 16:11,MORPC Standardized ELU 2021,,Alum Creek Park North,f5e4874f-7565-4810-a3ee-319956577ae1,7/1/2025 16:11,409094.6089,3870.008072
21991,PARK,Alum Creek Park South,Westerville,FRA,R,Public,34.60334781,Alum Creek Park South,20,7/1/2025 16:11,Westerville,Alum Creek Park South,Alum Creek Park South,3097b1a1-7f06-4fb8-ba3d-a5ad8e2f5e9c,7/1/2025 16:11,1507321.831,6735.954288
23572,PARK,Alum Creek Park South,Westerville,FRA,NOS,Public,6.37995706,Alum Creek Park South,,7/1/2025 16:11,Westerville,,,0418dbab-42e1-4e2f-ad10-3358602985d5,7/1/2025 16:11,277910.9299,2921.593177
22447,PARK,Alum Creek Parkland,Columbus,FRA,PRES,Public,12.16733068,Alum Creek Parkland,18,7/1/2025 16:11,Columbus,,,32000e49-9e28-43cc-a788-76ac9ced26df,7/1/2025 16:11,530008.924,3756.750818
22314,PARK,Alum Creek State Park,Township,DEL,R,Public,285.3600889,Alum Creek State Park,21,7/1/2025 16:11,DALIS,Alum Creek State Park,Alum Creek State Park,33eb1b65-48f4-46bc-8cfc-8a571bd9ce01,7/1/2025 16:11,12430285.47,28537.48751
23605,PARK,Alum Creek State Park,Township,DEL,R,Public,84.57557754,Alum Creek State Park,21,7/1/2025 16:11,DALIS,Alum Creek State Park,Alum Creek State Park,ba1a7d20-303b-4197-9114-f5e40ddf5f39,7/1/2025 16:11,3684112.158,11963.78725
23607,PARK,Alum Creek State Park,Township,DEL,STATE,Public,8100.840735,Alum Creek State Park,,7/1/2025 16:11,ODNR,Alum Creek State Park,Alum Creek State Park,d869dbd4-eee1-4c5b-9726-7222f811a382,7/1/2025 16:11,352872622.4,258532.151
22982,CEMETERY,Alum Creek State Park Cemetery,Township,DEL,CEM,Public,0.55585011,Alum Creek State Park Cemetery,,7/1/2025 16:11,DALIS,,,c546d378-443d-4dcf-b904-700c2505b1d1,7/1/2025 16:11,24212.83081,634.8841867
22512,PARK,Alum Creek Trail,Westerville,DEL,N,Public,2.95472646,Alum Creek Trail,585,7/1/2025 16:11,Westerville, ,,2edbdce4-48b4-4389-b3cb-af5fea57ef89,7/1/2025 16:11,128707.8846,2026.449397
23267,PARK,Alum Creek Trail,Columbus,FRA,M,Public,2.27366195,Alum Creek Trail,,7/1/2025 16:11,Metro Parks,,,f40a6722-97eb-4a16-806c-619ab3e5a8ca,7/1/2025 16:11,99040.71448,2329.946887
23268,PARK,Alum Creek Trail,Columbus,FRA,M,Public,1.84085956,Alum Creek Trail,,7/1/2025 16:11,Metro Parks,,,5d7ee019-f3ce-4050-80bc-fe1dccc3baed,7/1/2025 16:11,80187.86841,4116.208189
23269,PARK,Alum Creek Trail,Columbus,FRA,M,Public,0.83904044,Alum Creek Trail,,7/1/2025 16:11,Metro Parks,,,f0a11b2a-78b0-4826-bb7b-ac5338017f7f,7/1/2025 16:11,36548.60144,2619.348259
23270,PARK,Alum Creek Trail,Columbus,FRA,M,Public,1.03279157,Alum Creek Trail,,7/1/2025 16:11,Metro Parks,,,65d88bf6-6bcf-47ec-bd7e-1ffbb3550cba,7/1/2025 16:11,44988.40088,940.720065
22452,PARK,Alum Creek/Cooper Rd Parkland Coh,Columbus,FRA,CON,Public,9.34008024,Alum Creek/Cooper Rd Parkland COH,789,7/1/2025 16:11,Columbus, ,Alum Creek/Cooper Rd Parkland COH,63da19d1-d04c-4a7e-ac4f-a38ea34050b3,7/1/2025 16:11,406853.8953,3505.505462
23434,PARK,Alum Creek/Handford Parkland,Columbus,FRA,N,Public,0.64918666,Alum Creek/Handford Parkland,,7/1/2025 16:11,Columbus,,,66696c74-c805-4533-ac21-bc5c56fc5743,7/1/2025 16:11,28278.57068,1062.344656
23212,PARK,Alum Creek/Holtzman Parkland,Columbus,FRA,CON,Public,2.2757097,Alum Creek/Holtzman Parkland,,7/1/2025 16:11,Columbus,,,2d81ab17-d266-4c5f-99c1-5ecd635614c1,7/1/2025 16:11,99129.91467,1848.363665
23231,PARK,Alum Creek/Innis Parkland Coh,Columbus,FRA,CON,Public,1.53885948,Alum Creek/Innis Parkland,,7/1/2025 16:11,Columbus,,,1bebabde-38da-4cc4-bc8a-7fe906aaf9b2,7/1/2025 16:11,67032.71887,1112.976413
22884,CEMETERY,Amanda Clearport Road Southwest Cemetery,Township,FAI,CEM,Public,0.40587375,Amanda Clearport Road Southwest Cemetery,,7/1/2025 16:11,Fairfield County,,,f4f5226d-1369-49bd-ba80-1ddbc4a16267,7/1/2025 16:11,17679.86011,531.961535
23968,CEMETERY,Amanda Township Cemetery,Township,FAI,CEM,Public,20.45627794,Amanda Township Cemetery,,7/1/2025 16:11,,,,995fd69f-db38-4637-828a-ce46e6d9afc2,7/1/2025 16:11,891075.4669,3948.765516
22158,PARK,Ambassador Commons Park,Gahanna,FRA,N,Public,1.32469339,Ambassador Commons Park,22,7/1/2025 16:11,Gahanna, ,,1ecadf37-8af4-4e44-8ef2-bc7980403947,7/1/2025 16:11,57703.64453,1058.735004
21997,PARK,Amberleigh,Dublin,FRA,N,Public,4.10498259,Amberleigh,23,7/1/2025 16:11,Dublin, ,,64fd0ad6-50bd-4317-bfa9-403f0b4048d0,7/1/2025 16:11,178812.9836,2698.016777
22608,PARK,Amberleigh Community Park,Dublin,FRA,C,Public,23.11549881,Amberleigh Community Park,24,7/1/2025 16:11,Dublin, ,Amberleigh Community Park,3855dcb7-de0a-4ebc-bc2b-25b63dcb3285,7/1/2025 16:11,1006911.128,5657.662723
21934,GREEN SPACE,Amberleigh Open Space,Dublin,FRA,NOS,Public,6.63880956,,0,7/1/2025 16:11,Dublin,,,a2a1c432-27cd-4716-a5cb-5b9f081f6bfe,7/1/2025 16:11,289186.5442,5889.737936
21935,GREEN SPACE,Amberleigh Open Space,Dublin,FRA,NOS,Public,0.57433024,,448,7/1/2025 16:11,Dublin,,,cdbde2ff-0728-4dcf-a425-c08f3cf90f74,7/1/2025 16:11,25017.82532,722.0485971
24750,GREEN SPACE,AMBLESIDE STREET ISLAND,Columbus,FRA,NOS,Public,0.14346222,,,7/1/2025 16:11,Columbus Park Boundaries,,,bfc22f44-1ffa-4d98-905a-911f550ac99f,7/1/2025 16:11,6249.213867,493.3185351
22037,PARK,American Addition Park,Columbus,FRA,C,Public,4.6733763,American Addition Park,25,7/1/2025 16:11,Columbus, ,American Addition Park,0b57746b-5e9a-4ed9-9fbd-f9fc236e7505,7/1/2025 16:11,203572.2717,2126.202032
25035,RECREATION,American Legion Ball Field,Township,FAI,REC,Public ,2.48463575,American Legion Ball Park,,7/1/2025 16:11,MORPC Standardized ELU 2021,,,85f9279c-e6af-41f5-9d1f-518276b5634b,7/1/2025 16:11,108230.7334,1758.38222
22389,PARK,American Legion Memorial Park,Marysville,UNI,R,Public,23.07608697,American Legion Memorial Park,26,7/1/2025 16:11,Union County,American Legion Memorial Park,American Legion Memorial Park,bef9247a-e8b2-4263-8eae-267922add0af,7/1/2025 16:11,1005194.348,4288.123549
24853,PARK,Amick Reservoir,Township,MRW,C,Public,52.5288204,Amick Reservoir,,7/1/2025 16:11,MORPC Standardized ELU 2021,,Amick Reservoir,ab3ae41c-1f37-44d2-815c-6857d15931a4,7/1/2025 16:11,2288155.417,7255.655123
24854,PARK,Amick Reservoir,Township,MRW,C,Public,79.00180163,Amick Reservoir,,7/1/2025 16:11,MORPC Standardized ELU 2021,,Amick Reservoir,a9e803c7-0a54-42af-9dcf-9d922e119b5b,7/1/2025 16:11,3441318.479,7885.959668
24855,PARK,Amick Reservoir,Township,MRW,C,Public,15.91578764,Amick Reservoir,,7/1/2025 16:11,MORPC Standardized ELU 2021,,Amick Reservoir,deef34f7-961d-4115-b406-2fc11abcc864,7/1/2025 16:11,693291.7095,4568.065698
24856,PARK,Amick Reservoir,Township,MRW,C,Public,61.03536145,Amick Reservoir,,7/1/2025 16:11,MORPC Standardized ELU 2021,,Amick Reservoir,37e6bb4d-1988-49ef-b699-99d43ef7b65b,7/1/2025 16:11,2658700.345,7358.489891
25916,CEMETERY,Amish Cemetery,Township,FAI,CEM,Private,0.1806769,Amish Cemetery ,,7/1/2025 16:11,Google Maps,,,89e24676-36df-40b5-84fd-56565f1fe9ac,7/1/2025 16:11,7870.285522,362.6314504
25413,CEMETERY,Amity Cemetery,Township,KNO,CEM,Public,0.95954121,Amity Cemetery,,7/1/2025 16:11,Google Maps,,,aed0e32a-d8a3-4199-8207-3adfc5cadc9f,7/1/2025 16:11,41797.61523,819.6699586
25414,CEMETERY,Amity Cemetery,Township,KNO,CEM,Public,1.38186266,Amity Cemetery,,7/1/2025 16:11,Google Maps,,,92ba0bb0-cedf-43c2-a3ad-c7554114dee9,7/1/2025 16:11,60193.93762,1011.677128
25415,CEMETERY,Amity Cemetery,Township,KNO,CEM,Public,0.97377605,Amity Cemetery,,7/1/2025 16:11,Google Maps,,,25458e63-1725-442b-bdbd-d7961e1f3f0c,7/1/2025 16:11,42417.68469,826.2109653
25416,CEMETERY,Amity Cemetery,Township,KNO,CEM,Public,1.73595791,Amity Cemetery,,7/1/2025 16:11,Google Maps,,,a7782fe4-1fb2-4343-8df1-4ea1489cb5b8,7/1/2025 16:11,75618.32629,1352.629467
22159,PARK,Amlin Crossing Park,Township,FRA,N,Public,3.22121494,Amlin Crossing Park,27,7/1/2025 16:11,, ,,6fbec35f-005f-4898-b414-f25ceac0ba1b,7/1/2025 16:11,140316.1229,1670.176885
22938,CEMETERY,Amrine Cemetery,Township,UNI,CEM,Public,1.68837505,Amrine Cemetery,,7/1/2025 16:11,Union County,,,3d5c9ea6-7e60-4974-9f6c-3e5d57605459,7/1/2025 16:11,73545.61743,1103.897802
22038,PARK,Amvet Village Park,Columbus,FRA,N,Public,2.51640809,Amvet Village Park,28,7/1/2025 16:11,Columbus, ,,c1882239-8bea-4590-8539-a6fb4924e59f,7/1/2025 16:11,109614.7366,1999.973664
25467,CEMETERY,Anderson Cemetery,Township,FAY,CEM,Private,0.05313928,Anderson Cemetery,,7/1/2025 16:11,Google Maps,,,be01ddaa-d90d-48e1-9e4a-e07d02cc228f,7/1/2025 16:11,2314.746948,199.2323242
23895,PARK,Anderson Farms Parkland,Columbus,FRA,CON,Public,22.40112766,Anderson Farms Parkland,,7/1/2025 16:11,Columbus,,Anderson Farms Parkland,11edabd7-ea08-4214-8994-8ed079db99b7,7/1/2025 16:11,975793.121,6919.283885
23695,PARK,Anheuser-Busch Sports Park,Columbus,FRA,C,Public,53.85405364,Anheuser-Busch Sports Park,,7/1/2025 16:11,Columbus,Anheuser-Busch Sports Park,Anheuser-Busch Sports Park,139a1a1b-b306-4f48-a5c7-cd30820ad6a4,7/1/2025 16:11,2345882.576,6948.19569
23333,CEMETERY,Ankenytown Cemetery,Township,KNO,CEM,Public,3.98834678,Ankenytown Cemetery,,7/1/2025 16:11,Knox,,,35173529-cdd4-4e0b-b614-4d347ff9861b,7/1/2025 16:11,173732.3859,1972.231376
24363,PARK,Annhurst Road Open Space,Township,FRA,SPU,Public,4.36218124,Annhurst Road Open Space,,7/1/2025 16:11,FCA,,,672abaa5-66bf-4256-8932-497f2b31d07e,7/1/2025 16:11,190016.615,7675.850241
25326,PARK,Anselment Memorial Park,Township,MAR,C,Public,7.32398768,Anselment Memorial Park,,7/1/2025 16:11,Google Maps,,Anselment Memorial Park,050a8285-08b9-4b2a-b08f-ed2c997fe86e,7/1/2025 16:11,319032.9032,2505.945209
22674,PARK,Anthony Kinslow Memorial Park,Sunbury,DEL,N,Public,10.48187954,Anthony Kinslow Memorial Park,30,7/1/2025 16:11,DALIS,,Anthony Kinslow Memorial Park,fe9bfae8-2a08-48e3-8a61-72039acff360,7/1/2025 16:11,456590.6729,3781.712899
24149,CEMETERY,Antioch Cemetery,Logan,HOC,CEM,Public,1.45114953,Antioch Cemetery,,7/1/2025 16:11,orthos/google maps,,,16c98025-3089-4e84-8be0-7ba79849dd7e,7/1/2025 16:11,63212.07324,1091.071078
22424,PARK,Antrim Park,Columbus,FRA,R,Public,122.5845815,Antrim Park,31,7/1/2025 16:11,Columbus,Antrim Park,Antrim Park,928d7e21-d35d-40f8-a7b8-143f425ba816,7/1/2025 16:11,5339784.369,14337.45446
26017,PARK,Appalachia Ohio Allianace Preserves,Township,PIC,PR,Public,85.09865977,Appalachia Ohio Alliance Preserves,,7/1/2025 16:11,Pickaway Ohio GIS,,Appalachia Ohio Alliance Preserves,d63b5cf3-5de2-4204-89fa-f2093fce0887,7/1/2025 16:11,3706897.62,9969.31445
26018,PARK,Appalachia Ohio Allianace Preserves,Township,PIC,PR,Public,53.33340538,Appalachia Ohio Alliance Preserves,,7/1/2025 16:11,Pickaway Ohio GIS,,Appalachia Ohio Alliance Preserves,34ee6c38-1bc2-48d5-8c62-bc071c955e5b,7/1/2025 16:11,2323203.137,6393.923674
26019,PARK,Appalachia Ohio Allianace Preserves,Township,PIC,PR,Public,116.9594879,Appalachia Ohio Alliance Preserves,,7/1/2025 16:11,Pickaway Ohio GIS,,Appalachia Ohio Alliance Preserves,7964a317-97f1-4b2b-8ace-e70e34eb5ed1,7/1/2025 16:11,5094755.293,12148.07936
26020,PARK,Appalachia Ohio Allianace Preserves,Township,PIC,PR,Public,67.99340541,Appalachia Ohio Alliance Preserves,,7/1/2025 16:11,Pickaway Ohio GIS,,Appalachia Ohio Alliance Preserves,328cdcc9-1edc-4097-9760-430c965d6654,7/1/2025 16:11,2961792.74,7314.261726
26021,PARK,Appalachia Ohio Allianace Preserves,Township,PIC,PR,Public,48.19199235,Appalachia Ohio Alliance Preserves,,7/1/2025 16:11,Pickaway Ohio GIS,,Appalachia Ohio Alliance Preserves,1cecd76a-c7d7-48e8-9063-b943bb480735,7/1/2025 16:11,2099243.187,11334.86506
26022,PARK,Appalachia Ohio Allianace Preserves,Township,PIC,PR,Public,274.8227017,Appalachia Ohio Alliance Preserves,,7/1/2025 16:11,Pickaway Ohio GIS,,Appalachia Ohio Alliance Preserves,35689e00-f613-4b82-8697-500b1f82adb9,7/1/2025 16:11,11971276.89,14538.19947
24028,PARK,Appalachia Ohio Alliance Preserves,Township,PIC,PR,Public,69.22939689,Appalachia Ohio Alliance Preserves,,7/1/2025 16:11,Pickaway County,,Appalachia Ohio Alliance Preserves,d048c5a0-7710-4f6c-afc1-3e25a857cd9f,7/1/2025 16:11,3015632.529,7139.5231
24029,PARK,Appalachia Ohio Alliance Preserves,Township,PIC,PR,Public,399.9117828,Appalachia Ohio Alliance Preserves,,7/1/2025 16:11,Pickaway County,Appalachia Ohio Alliance Preserves,Appalachia Ohio Alliance Preserves,9cd59aea-c98b-4a6b-a564-cb6b05fbc3d1,7/1/2025 16:11,17420157.26,30601.85757
24030,PARK,Appalachia Ohio Alliance Preserves,Township,PIC,PR,Public,294.2780679,Appalachia Ohio Alliance Preserves,,7/1/2025 16:11,Pickaway County,Appalachia Ohio Alliance Preserves,Appalachia Ohio Alliance Preserves,1c0a1de7-47b1-47e0-9493-9ffd01cc9b07,7/1/2025 16:11,12818752.64,19773.08959
24031,PARK,Appalachia Ohio Alliance Preserves,Township,PIC,PR,Public,31.29029389,Appalachia Ohio Alliance Preserves,,7/1/2025 16:11,Pickaway County,,Appalachia Ohio Alliance Preserves,c2c892f8-665e-4c92-8f48-da9ca9758f14,7/1/2025 16:11,1363005.202,6375.302259
24032,PARK,Appalachia Ohio Alliance Preserves,Township,PIC,PR,Public,110.5433329,Appalachia Ohio Alliance Preserves,,7/1/2025 16:11,Pickaway County,Appalachia Ohio Alliance Preserves,Appalachia Ohio Alliance Preserves,c3bbef04-dea5-4f24-a175-9f24e2211276,7/1/2025 16:11,4815267.579,14190.55011
24033,PARK,Appalachia Ohio Alliance Preserves,Township,PIC,PR,Public,15.72360543,Appalachia Ohio Alliance Preserves,,7/1/2025 16:11,Pickaway County,,Appalachia Ohio Alliance Preserves,5683c4ff-6955-4569-b179-064ef9d824ed,7/1/2025 16:11,684920.2527,4101.356821
24034,PARK,Appalachia Ohio Alliance Preserves,Township,PIC,PR,Public,7.94767737,Appalachia Ohio Alliance Preserves,,7/1/2025 16:11,Pickaway County,,Appalachia Ohio Alliance Preserves,558dd481-e152-449f-aba3-e61dbc4bf5c8,7/1/2025 16:11,346200.8263,3140.542248
24035,PARK,Appalachia Ohio Alliance Preserves,Township,PIC,PR,Public,36.58385344,Appalachia Ohio Alliance Preserves,,7/1/2025 16:11,Pickaway County,,Appalachia Ohio Alliance Preserves,bf66cd40-6193-48be-9bdf-cce51bf73bf5,7/1/2025 16:11,1593592.656,6208.476244
24036,PARK,Appalachia Ohio Alliance Preserves,Township,PIC,PR,Public,26.8716562,Appalachia Ohio Alliance Preserves,,7/1/2025 16:11,Pickaway County,,Appalachia Ohio Alliance Preserves,d6400aea-5f01-4805-8500-e0f80d40f248,7/1/2025 16:11,1170529.344,5424.094147
24037,PARK,Appalachia Ohio Alliance Preserves,Township,PIC,PR,Public,5.58044084,Appalachia Ohio Alliance Preserves,,7/1/2025 16:11,Pickaway County,,Appalachia Ohio Alliance Preserves,2d651a1b-c7bd-464d-ab4b-8834237c4874,7/1/2025 16:11,243084.003,1973.267005
24038,PARK,Appalachia Ohio Alliance Preserves,Township,PIC,PR,Public,118.5832249,Appalachia Ohio Alliance Preserves,,7/1/2025 16:11,Pickaway County,Appalachia Ohio Alliance Preserves,Appalachia Ohio Alliance Preserves,8c2e466f-6aaf-48f1-85bd-dc46ca0fca3a,7/1/2025 16:11,5165485.275,10272.11269
24039,PARK,Appalachia Ohio Alliance Preserves,Township,PIC,PR,Public,70.16877969,Appalachia Ohio Alliance Preserves,,7/1/2025 16:11,Pickaway County,,Appalachia Ohio Alliance Preserves,a508658a-238a-447e-9379-769893bcb22d,7/1/2025 16:11,3056552.043,7172.443685
26015,PARK,Appalachia Ohio Alliance Preserves,Township,PIC,PR,Public,53.96261538,Appalachia Ohio Alliance Preserve,,7/1/2025 16:11,Pickaway Ohio GIS,,Appalachia Ohio Alliance Preserve,a9c275ef-8c20-4d25-b511-f7fbf9061eff,7/1/2025 16:11,2350611.527,6682.877177
26016,PARK,Appalachia Ohio Alliance Preserves,Township,PIC,PR,Public,99.01134715,Appalachia Ohio Alliance Preserves,,7/1/2025 16:11,Pickaway Ohio GIS,,Appalachia Ohio Alliance Preserves,06e50303-9135-4fbf-b5dd-68dca3903e2d,7/1/2025 16:11,4312934.281,11956.36709
25412,GOLF,Apple Valley Golf Course,Township,KNO,GOLF,Public,194.1875062,Apple Valley Golf Course,,7/1/2025 16:11,Google Maps,,,f190eff8-8301-410c-af93-7dfdea184aa2,7/1/2025 16:11,8458807.772,15194.09023
25675,PARK,Aqueduct Park Trail,Logan,HOC,C,Public,3.89056806,Aqueduct Park Trail,,7/1/2025 16:11,Google Maps,,,a08bb14d-e1ba-4f8d-95c6-08e6f0f75fb4,7/1/2025 16:11,169473.1444,3217.477842
25676,PARK,Aqueduct Park Trail,Logan,HOC,C,Public,1.3989725,Aqueduct Park Trail,,7/1/2025 16:11,Google Maps,,,f4d1a10a-0d12-4344-aa0b-b69db6f802e6,7/1/2025 16:11,60939.24231,1687.267392
25677,PARK,Aqueduct Park Trail,Logan,HOC,C,Public,1.94608205,Aqueduct Park Trail,,7/1/2025 16:11,Google Maps,,,77ccc4ef-38d3-4f42-9c77-62a75ee020b5,7/1/2025 16:11,84771.33423,2218.885217
25678,PARK,Aqueduct Park Trail,Logan,HOC,C,Public,0.6327772,Aqueduct Park Trail,,7/1/2025 16:11,Google Maps,,,7fb4b268-ab51-4069-94ed-c5c69de58b1d,7/1/2025 16:11,27563.77478,1162.586124
22253,PARK,Arbor Park,Powell,DEL,C,Public,8.28357027,Arbor Park,32,7/1/2025 16:11,DALIS, ,Arbor Park,233a6d67-2ca5-4079-9443-a54161815c94,7/1/2025 16:11,360832.3208,3495.15906
23853,PARK,Arbutus Avenue Open Space,Grove City,FRA,NOS,Public,0.74501029,Arbutus Avenue Open Space,,7/1/2025 16:11,Grove City,,,9ea78658-092a-433c-8064-d8bda2f287d8,7/1/2025 16:11,32452.64807,727.8884083
25481,CEMETERY,Archer Cemetery,Township,FAY,CEM,Private,0.15297995,Archer Cemetery,,7/1/2025 16:11,Google Maps,,,40839fdb-17a5-4a5f-9457-f0c586be617b,7/1/2025 16:11,6663.806885,328.4865735
24177,RECREATION,Area 51 Disc Golf Course,Obetz,FRA,REC,Public,31.49400807,Area 51 Disc Golf Course,,7/1/2025 16:11,Obetz,,Area 51 Disc Golf Course,67e5ab66-102e-480d-aa72-be01c08bcdb8,7/1/2025 16:11,1371878.992,6179.342819
22099,PARK,Argus Park,Columbus,FRA,N,Public,1.74084588,Argus Park,33,7/1/2025 16:11,Columbus, ,,784ed653-c5a6-49ff-8bb9-521213d86673,7/1/2025 16:11,75831.24695,1601.900379
24918,PARK,Ariel-Foundation Park,Mount Vernon,KNO,C,Public,0.00750267,Ariel-Foundation Park,,7/1/2025 16:11,MORPC Standardized ELU 2021,,,93e71187-129e-4bc7-a87b-0e84b984f1c9,7/1/2025 16:11,326.8165283,132.9938181
24919,PARK,Ariel-Foundation Park,Mount Vernon,KNO,C,Public,0.17688473,Ariel-Foundation Park,,7/1/2025 16:11,MORPC Standardized ELU 2021,,,1fe67741-f0aa-4eeb-88f0-c29e89ceda80,7/1/2025 16:11,7705.098633,353.2681333
24920,PARK,Ariel-Foundation Park,Mount Vernon,KNO,C,Public,1.477523,Ariel-Foundation Park,,7/1/2025 16:11,MORPC Standardized ELU 2021,,,0814196d-1d1a-4fd0-a814-15ff987991be,7/1/2025 16:11,64360.90222,1015.122995
24921,PARK,Ariel-Foundation Park,Mount Vernon,KNO,C,Public,7.63440778,Ariel-Foundation Park,,7/1/2025 16:11,MORPC Standardized ELU 2021,,Ariel-Foundation Park,41264722-0d2c-4f92-8327-c45c62a811a7,7/1/2025 16:11,332554.8029,2819.136231
24922,PARK,Ariel-Foundation Park,Mount Vernon,KNO,C,Public,1.51549889,Ariel-Foundation Park,,7/1/2025 16:11,MORPC Standardized ELU 2021,,,d76550df-4323-4bb8-b9f1-5780165435ba,7/1/2025 16:11,66015.13159,1034.34193
24923,PARK,Ariel-Foundation Park,Mount Vernon,KNO,C,Public,20.56764536,Ariel-Foundation Park,,7/1/2025 16:11,MORPC Standardized ELU 2021,,Ariel-Foundation Park,c8356a73-0a35-4271-91fe-5f73a0b44b9c,7/1/2025 16:11,895926.6322,4741.909162
24924,PARK,Ariel-Foundation Park,Mount Vernon,KNO,C,Public,12.62206476,Ariel-Foundation Park,,7/1/2025 16:11,MORPC Standardized ELU 2021,,Ariel-Foundation Park,02887f11-8812-4d08-a50d-8c29a4406f2b,7/1/2025 16:11,549817.1415,3848.542777
24925,PARK,Ariel-Foundation Park,Mount Vernon,KNO,C,Public,10.71881574,Ariel-Foundation Park,,7/1/2025 16:11,MORPC Standardized ELU 2021,,Ariel-Foundation Park,8bce648d-fd40-4ebc-9009-0a2818423322,7/1/2025 16:11,466911.6136,3653.937621
24926,PARK,Ariel-Foundation Park,Mount Vernon,KNO,C,Public,1.80408026,Ariel-Foundation Park,,7/1/2025 16:11,MORPC Standardized ELU 2021,,,e4187caf-e11b-429b-912e-d14812ed7620,7/1/2025 16:11,78585.7356,1089.410049
24927,PARK,Ariel-Foundation Park,Mount Vernon,KNO,C,Public,1.66549715,Ariel-Foundation Park,,7/1/2025 16:11,MORPC Standardized ELU 2021,,,511a4ef1-61f6-4653-8510-2a867681e17b,7/1/2025 16:11,72549.05603,1082.045301
24928,PARK,Ariel-Foundation Park,Mount Vernon,KNO,C,Public,1.78688698,Ariel-Foundation Park,,7/1/2025 16:11,MORPC Standardized ELU 2021,,,a429c525-85b6-40da-baf1-ded3efc183b5,7/1/2025 16:11,77836.79688,1315.827412
24929,PARK,Ariel-Foundation Park,Mount Vernon,KNO,C,Public,0.42499068,Ariel-Foundation Park,,7/1/2025 16:11,MORPC Standardized ELU 2021,,,efedd086-94fd-4d8a-8812-75f0e56f34e5,7/1/2025 16:11,18512.59399,576.9767865
24930,PARK,Ariel-Foundation Park,Mount Vernon,KNO,C,Public,0.38783111,Ariel-Foundation Park,,7/1/2025 16:11,MORPC Standardized ELU 2021,,,d3fa49ec-2362-47ec-9c19-8c8ccda48239,7/1/2025 16:11,16893.92322,650.4054658
24931,PARK,Ariel-Foundation Park,Mount Vernon,KNO,C,Public,1.23491372,Ariel-Foundation Park,,7/1/2025 16:11,MORPC Standardized ELU 2021,,,c03e0711-257d-44f6-ab0b-896f537a9b80,7/1/2025 16:11,53792.84192,985.6908646
24932,PARK,Ariel-Foundation Park,Mount Vernon,KNO,C,Public,0.92307734,Ariel-Foundation Park,,7/1/2025 16:11,MORPC Standardized ELU 2021,,,67fa18df-3c47-4ccd-91fd-1ab90c95721e,7/1/2025 16:11,40209.24866,1431.455435
24933,PARK,Ariel-Foundation Park,Mount Vernon,KNO,C,Public,1.73335668,Ariel-Foundation Park,,7/1/2025 16:11,MORPC Standardized ELU 2021,,,5fa5504b-8918-4c59-af9f-eddaa4576551,7/1/2025 16:11,75505.0166,1578.081521
24934,PARK,Ariel-Foundation Park,Mount Vernon,KNO,C,Public,1.12847751,Ariel-Foundation Park,,7/1/2025 16:11,MORPC Standardized ELU 2021,,,dd0de856-4846-41ce-b55c-b6ae0656b51a,7/1/2025 16:11,49156.4801,1646.995453
24935,PARK,Ariel-Foundation Park,Mount Vernon,KNO,C,Public,0.53514185,Ariel-Foundation Park,,7/1/2025 16:11,MORPC Standardized ELU 2021,,,77b45d2b-d16a-466d-b480-ad3aae24f4a6,7/1/2025 16:11,23310.77917,924.8969406
24936,PARK,Ariel-Foundation Park,Mount Vernon,KNO,C,Public,0.59160582,Ariel-Foundation Park,,7/1/2025 16:11,MORPC Standardized ELU 2021,,,0914e1ac-3db9-447e-bc2d-4a7c138714b3,7/1/2025 16:11,25770.34924,938.9354555
24937,PARK,Ariel-Foundation Park,Mount Vernon,KNO,C,Public,0.32878425,Ariel-Foundation Park,,7/1/2025 16:11,MORPC Standardized ELU 2021,,,42932d47-05c4-40e2-82e9-c3d2b1672b19,7/1/2025 16:11,14321.84167,1383.644042
24938,PARK,Ariel-Foundation Park,Mount Vernon,KNO,C,Public,0.5704322,Ariel-Foundation Park,,7/1/2025 16:11,MORPC Standardized ELU 2021,,,35826959-04d0-4bad-8378-292f615241cb,7/1/2025 16:11,24848.02722,1201.225621
24939,PARK,Ariel-Foundation Park,Mount Vernon,KNO,C,Public,0.02570592,Ariel-Foundation Park,,7/1/2025 16:11,MORPC Standardized ELU 2021,,,6683428e-dda5-446e-bd61-2ffc4c2f8eef,7/1/2025 16:11,1119.749756,188.1776403
24940,PARK,Ariel-Foundation Park,Mount Vernon,KNO,C,Public,0.01444471,Ariel-Foundation Park,,7/1/2025 16:11,MORPC Standardized ELU 2021,,,c80d4165-f6bd-4926-9f9a-e91c093f5ce8,7/1/2025 16:11,629.2119141,238.2412929
24941,PARK,Ariel-Foundation Park,Mount Vernon,KNO,C,Public,9.20318466,Ariel-Foundation Park,,7/1/2025 16:11,MORPC Standardized ELU 2021,,Ariel-Foundation Park,4cc16902-4793-4f88-8738-e3b1fc66742a,7/1/2025 16:11,400890.7239,2815.806276
24942,PARK,Ariel-Foundation Park,Mount Vernon,KNO,C,Public,3.13549262,Ariel-Foundation Park,,7/1/2025 16:11,MORPC Standardized ELU 2021,,,f8295f4f-0c6d-436b-9384-51c2fd05ec2f,7/1/2025 16:11,136582.0587,1667.085107
24943,PARK,Ariel-Foundation Park,Mount Vernon,KNO,C,Public,62.64213453,Ariel-Foundation Park,,7/1/2025 16:11,MORPC Standardized ELU 2021,,Ariel-Foundation Park,38c61398-70fb-4966-b5d9-52fb2836383e,7/1/2025 16:11,2728691.38,7473.34428
24944,PARK,Ariel-Foundation Park,Mount Vernon,KNO,C,Public,9.74915975,Ariel-Foundation Park,,7/1/2025 16:11,MORPC Standardized ELU 2021,,Ariel-Foundation Park,67f52049-f0a2-41fc-9ae2-a52307bbc736,7/1/2025 16:11,424673.3986,2780.696476
23414,PARK,Armenian Estates Open Space,Genoa Twp,DEL,C,Public,33.58432315,Armenian Estates Open Space,,7/1/2025 16:11,Genoa Twp,,Armenian Estates Open Space,bb7b8029-804b-49d8-90c9-ee05da36e8c0,7/1/2025 16:11,1462933.116,4998.685
23754,CEMETERY,Armstrong Cemetery,Township,MRW,CEM,Public,0.2499859,Armstrong Cemetery,,7/1/2025 16:11,parcels,,,af5aa3b0-94f4-4f4e-8451-e0fba7d711b9,7/1/2025 16:11,10889.38562,421.7014734
24166,CEMETERY,Armstrong Cemetery,Quincy,LOG,CEM,Public,0.78140637,Armstrong Cemetery,,7/1/2025 16:11,Logan County Parcels,,,4fd51fd7-a043-460d-a379-eb674beb64a4,7/1/2025 16:11,34038.06165,878.1155988
25668,CEMETERY,Armstrong Cemetery,Township,HOC,CEM,Private,0.64091421,Armstrong Cemetery,,7/1/2025 16:11,Google Maps,,,e762818a-60d1-47f4-8c0e-9b8d5bd84970,7/1/2025 16:11,27918.22278,704.6066722
22289,GOLF,Arrowhead Golf Course,Galena,DEL,GOLF,Public,84.16913702,Arrowhead Golf Course,34,7/1/2025 16:11,,,Arrowhead Golf Course,208c481a-ca7c-4638-a4ce-bc7e01004171,7/1/2025 16:11,3666407.608,8207.167672
24103,PARK,Artheusa Springs Park,New Lexington,PER,R,Public,259.163454,Artheusa Springs Park,,7/1/2025 16:11,perrycountyohio.net,Artheusa Springs Park,Artheusa Springs Park,1f6d57fc-1c14-446d-86ec-dcfe91d3eaab,7/1/2025 16:11,11289160.06,30663.13431
22855,CEMETERY,Asbury Cemetery,Lancaster,FAI,CEM,Public,0.55504662,Asbury Cemetery,,7/1/2025 16:11,Fairfield County,,,5673c89d-4a0a-4f7b-804d-836de1225c4a,7/1/2025 16:11,24177.83069,692.4446531
22931,CEMETERY,Asbury Cemetery,Township,UNI,CEM,Public,0.79339095,Asbury Cemetery,,7/1/2025 16:11,Union County,,,af85bef3-b7dd-447e-9c12-0cfe1c6894ef,7/1/2025 16:11,34560.1095,743.9795439
25786,CEMETERY,Asbury Cemetery,Township,PER,CEM,Public,0.99915258,Asbury Cemetery,,7/1/2025 16:11,Google Maps,,,57795059-fdca-42d0-828f-e8a1424d3cdc,7/1/2025 16:11,43523.08655,857.9999228
25448,CEMETERY,Asbury Chapel Cemetery,Township,FAY,CEM,Public,1.35177069,Asbury Chapel Cemetery,,7/1/2025 16:11,Google Maps,,,6af51737-21fb-42ba-8e84-b5bbeacdbcb9,7/1/2025 16:11,58883.13098,979.0299499
23790,GREEN SPACE,Asbury Heights Open Space,Township,FRA,NOS,Public,5.07363604,,,7/1/2025 16:11,parcels,,,bf6b41d2-4d79-4e72-b259-b5ec836deebf,7/1/2025 16:11,221007.5862,2277.72627
22754,CEMETERY,Asbury Methodist Episcopal,Township,FRA,CEM,Public,3.78572329,Asbury Methodist Episcopal,,7/1/2025 16:11,,,,bec2f952-e73f-4e0a-80ca-f3e219ae495e,7/1/2025 16:11,164906.1064,1717.860527
24108,PARK,Ash Cave ,Logan ,HOC,R,Public,601.6937279,Ash Cave ,,7/1/2025 16:11,Hocking Parcels,Ash Cave ,Ash Cave ,8ebbbb79-b431-45b7-8216-351ea9ab2b16,7/1/2025 16:11,26209778.78,37096.21157
24211,PARK,Ashbrook Road Open Space,Canal Winchester,FRA,PRES,Public,42.64389432,Ashbrook Road Open Space,,7/1/2025 16:11,,,,fe89118e-7870-4f87-99be-758bbb92efb7,7/1/2025 16:11,1857568.036,9302.63223
25043,PARK,Ashbrook Road Open Space,Canal Winchester,FRA,PRES,Public,1.26549448,Ashbrook Road Open Space,,7/1/2025 16:11,MORPC Standardized ELU 2021,,,cb9fb8a1-352a-4658-914e-5de794a4c3b1,7/1/2025 16:11,55124.93965,1177.432015
22147,PARK,Ashburnham Park,Gahanna,FRA,C,Public,5.19198783,Ashburnham Park,35,7/1/2025 16:11,Gahanna, ,Ashburnham Park,db5484ac-33d3-4a22-8c37-e7eda04cd727,7/1/2025 16:11,226162.99,2211.236047
25042,PARK,Ashley Creek Playground and Tennis Court,Township,FAI,N,Public,2.05946895,Ashley Creek Playground and Tennis Court,,7/1/2025 16:11,MORPC Standardized ELU 2021,,,c19033a2-4165-43ce-ba86-7e34fe21f0ba,7/1/2025 16:11,89710.4679,1262.454984
22355,RECREATION,Ashley Swimming Pool,Township,DEL,SPU,Public,14.00406909,Ashley Swimming pool,36,7/1/2025 16:11,DALIS, ,Ashley Swimming pool,1d3e96da-fe55-4f8a-a02b-2bd8217a479b,7/1/2025 16:11,610017.2494,3068.074317
22308,PARK,Ashville Community Park,Ashville,PIC,C,Public,10.12074331,Ashville Community Park,594,7/1/2025 16:11,, ,Ashville Community Park,db3b48e5-02ef-422a-b445-2f62d8519e26,7/1/2025 16:11,440859.5786,2657.474725
24023,PARK,Ashville West Side Park,Ashville,PIC,N,Public,0.56886641,Ashville West Side Park,,7/1/2025 16:11,Pickaway County,,,22cc3f69-a40d-4de9-adce-116430fbf130,7/1/2025 16:11,24779.8208,633.9999774
21989,PARK,Astronaut Grove,Westerville,FRA,N,Public,2.88800559,Astronaut Grove,37,7/1/2025 16:11,Westerville, ,Astronaut Grove,32efa57a-3bf6-49c0-80bb-27d9f42e37e8,7/1/2025 16:11,125801.5232,1432.649844
25538,CEMETERY,Ater Cemetery,Township,ROS,CEM,Public,0.73253267,Ater Cemetery,,7/1/2025 16:11,Google Maps,,,491ea2ec-cd9a-4dea-bc9d-77dc239c15c4,7/1/2025 16:11,31909.12323,702.0236466
23193,RECREATION,Athletic Field,Columbus,FRA,REC,Public,55.61364243,Athletic Field,,7/1/2025 16:11,Orthos,,,b4c2316b-d5ff-4e38-9849-fbe3cfbfc4f8,7/1/2025 16:11,2422530.264,6471.446738
22075,PARK,Audubon Park,Columbus,FRA,C,Public,7.3448778,Audubon Park,38,7/1/2025 16:11,Columbus, ,Audubon Park,d6fd64a9-090a-48a2-bd2f-781053a95bc2,7/1/2025 16:11,319942.8767,2263.46388
25888,CEMETERY,Augustus Cemetery,Township,FAI,CEM,Private,0.29311194,Augustus Cemetery,,7/1/2025 16:11,Google Maps,,,10b9461b-77a3-4a3b-b7ec-a73b7e1bf004,7/1/2025 16:11,12767.95618,487.9995057
23749,CEMETERY,Autin Cemetery,Township,MRW,CEM,Public,0.23522908,Autin Cemetery,,7/1/2025 16:11,parcels,,,55c27fad-adb3-4317-8fe3-76d7dfc2e7ac,7/1/2025 16:11,10246.57886,464.9587945
22160,PARK,Avalon Park,Columbus,FRA,N,Public,1.76752347,Avalon Park,39,7/1/2025 16:11,Columbus, ,,f11f5533-b119-4b33-aa0d-e45bf4e968a0,7/1/2025 16:11,76993.32239,1785.863029
22686,PARK,Avery Park,Dublin,FRA,C,Public,84.23659934,Avery Park,40,7/1/2025 16:11,Dublin,Avery Park,Avery Park,e8520d08-a68b-4ea8-b473-3314e2aa4e71,7/1/2025 16:11,3669346.267,9412.097503
21942,GREEN SPACE,"Avery Road Open Space """"B""""",Dublin,FRA,NOS,Public,3.12302371,,557,7/1/2025 16:11,Dublin,,,241559fe-9b74-4d4a-97a7-8971445b8840,7/1/2025 16:11,136038.9131,2085.124573
24128,PARK,Avondale State Wildlife Area,Roseville,PER,W,Public,1231.347965,Avondale State Wildlife Area,,7/1/2025 16:11,google maps/orthos,Avondale State Wildlife Area,Avondale State Wildlife Area,412c1ba3-4f6c-4f4d-a5bd-7ca74d2bc5bd,7/1/2025 16:11,53637517.34,44715.8065
23293,CEMETERY,B & B Golf Inc,Township,KNO,CEM,Public,1.46942761,B & B Golf Inc,,7/1/2025 16:11,Knox,,B & B Golf Inc,61f10ed9-7c34-4c0f-aa68-09217307b121,7/1/2025 16:11,64008.26648,1163.386007
25516,CEMETERY,Bainbridge Cemetery,Bainbridge ,ROS,CEM,Public,2.06078717,Bainbridge Cemetery,,7/1/2025 16:11,Google Maps,,,f529c905-223b-4f19-b394-4fa5fc23b2e2,7/1/2025 16:11,89767.8891,1242.22681
25517,CEMETERY,Bainbridge Cemetery,Bainbridge,ROS,CEM,Public,5.84663086,Bainbridge Cemetery,,7/1/2025 16:11,Google Maps,,,2f14f188-9a9b-4016-9bb9-4eff56c0c817,7/1/2025 16:11,254679.2402,2444.020948
25518,CEMETERY,Bainbridge Cemetery,Bainbridge,ROS,CEM,Public,3.44093067,Bainbridge Cemetery,,7/1/2025 16:11,Google Maps,,,029af09b-debe-4188-aecf-ec4381074abc,7/1/2025 16:11,149886.9398,1549.615928
25409,CEMETERY,Baker-Barker-Patterson Cemetery,Township,KNO,CEM,Public,0.1072756,Baker-Barker-Patterson Cemetery,,7/1/2025 16:11,Google Maps,,,a37fde61-4102-4769-b103-a62c8582ae1f,7/1/2025 16:11,4672.925171,280.0996485
23480,PARK,Baldauf Park,Marion,MAR,C,Public,0.97160939,Baldauf Park,,7/1/2025 16:11,Marion County,,,3f40d887-a72f-4a7c-89a3-acbaf145312f,7/1/2025 16:11,42323.30457,829.531415
25341,CEMETERY,Baldwin Cemetery,Township,MRW,CEM,Private,0.18082805,Baldwin Cemetery,,7/1/2025 16:11,Google Maps,,,1d8e152b-2e5a-4085-a29e-42d249ff0003,7/1/2025 16:11,7876.869751,355.436171
24792,GREEN SPACE,Bale Kenyon Road Open Space,Township,DEL,NOS,Public,57.81151161,,,7/1/2025 16:11,MORPC Standardized ELU 2021,,,3171760b-c5bf-4ea2-829f-f2776a220a77,7/1/2025 16:11,2518269.446,7972.201031
22004,PARK,Balgriffin Park,Dublin,FRA,C,Public,15.11498367,Balgriffin Park,41,7/1/2025 16:11,Dublin, ,Balgriffin Park,8bb6c717-5cb1-4e71-8d38-c012bda88fdc,7/1/2025 16:11,658408.6885,5519.275527
23612,GREEN SPACE,Ballantrae Open Space,Dublin,FRA,NOS,Public,2.74766548,,,7/1/2025 16:11,Dublin,,,46e51528-a239-4d2f-923a-4294f50264a5,7/1/2025 16:11,119688.3085,2338.975158
23715,PARK,"Ballantrae Open Space """"H""""",Dublin,FRA,NOS,Public,0.32525652,"Ballantrae Open Space """"H""""",,7/1/2025 16:11,Dublin,,,6edf13b2-3cbb-4b5f-87c7-09b8dc9e68e2,7/1/2025 16:11,14168.17456,521.1765923
23714,GREEN SPACE,"Ballantrae Open Space """"I""""",Dublin,FRA,NOS,Public,0.81897975,,,7/1/2025 16:11,Dublin,,,33599514-03c2-4dd3-9ad6-416ccd854b2b,7/1/2025 16:11,35674.75977,774.3388078
23713,PARK,"Ballantrae Open Space """"J""""",Dublin,FRA,NOS,Public,0.16943269,"Ballantrae Open Space """"J""""",,7/1/2025 16:11,Dublin,,,b8a7e9ee-2220-4494-97fe-c922b6e43599,7/1/2025 16:11,7380.487671,327.3345393
23711,PARK,"Ballantrae Open Space """"L""""",Dublin,FRA,NOS,Public,0.55326889,"Ballantrae Open Space """"L""""",,7/1/2025 16:11,Dublin,,,5e45720b-8ea2-49dd-86e8-dc37aa2fd97b,7/1/2025 16:11,24100.39124,615.1848447
23709,PARK,"Ballantrae Open Space """"M""""",Dublin,FRA,NOS,Public,0.29354997,"Ballantrae Open Space """"M""""",,7/1/2025 16:11,Dublin,,,8fa927ef-cf54-49f0-8191-9e448ee795b0,7/1/2025 16:11,12787.03601,520.4916635
23710,PARK,"Ballantrae Open Space """"O""""",Dublin,FRA,NOS,Public,0.36615901,"Ballantrae Open Space """"O""""",,7/1/2025 16:11,Dublin,,,0ebcf90f-adff-434f-8b61-4347d0754b52,7/1/2025 16:11,15949.88672,548.4660837
23708,PARK,"Ballantrae Open Space """"R""""",Dublin,FRA,NOS,Public,0.47727909,"Ballantrae Open Space """"R""""",,7/1/2025 16:11,Dublin,,,069d9811-f953-4d27-a296-c877cb2dce0b,7/1/2025 16:11,20790.27747,549.0518397
23666,GREEN SPACE,"Ballantrae Open Space """"S""""",Dublin,FRA,NOS,Public,3.83518848,,,7/1/2025 16:11,Dublin,,,88e1fee6-66ad-4d1e-beea-4450f3cd73c6,7/1/2025 16:11,167060.8103,2910.232289
23707,PARK,"Ballantrae Open Space """"W""""",Dublin,FRA,NOS,Public,0.34879547,"Ballantrae Open Space """"W""""",,7/1/2025 16:11,Dublin,,,e5ba4450-681f-4e80-89d0-8b847685016c,7/1/2025 16:11,15193.5293,647.5958499
23706,GREEN SPACE,"Ballantrae Open Space """"Y""""",Dublin,FRA,NOS,Public,0.82313094,,,7/1/2025 16:11,Dublin,,,c3f53c5e-5247-4b0b-a823-d04447932f89,7/1/2025 16:11,35855.58313,1050.139155
23945,PARK,Ballard Park ,Williamsport,PIC,REC,Public,22.96634033,Ballard Park,,7/1/2025 16:11,parcels,,Ballard Park,dbf48eea-20c9-40a7-9977-65045b553d55,7/1/2025 16:11,1000413.785,4856.214001
26023,PARK,Ballard Park ,Williamsport,PIC,REC,Public,12.76447976,Ballard Park,,7/1/2025 16:11,Pickaway Ohio GIS,,Ballard Park,e7ac5ec2-20b3-43fc-a63b-bc55e3c081c7,7/1/2025 16:11,556020.7383,5118.013518
26024,PARK,Ballard Park ,Williamsport,PIC,REC,Public,0.64883654,Ballard Park,,7/1/2025 16:11,Pickaway Ohio GIS,,,cd716597-6c0e-4659-a529-1d54e97226eb,7/1/2025 16:11,28263.31958,612.0665518
26025,PARK,Ballard Park ,Williamsport,PIC,REC,Public,0.64883654,Ballard Park,,7/1/2025 16:11,Pickaway Ohio GIS,,,558a4be2-55d3-4c12-b18b-a0d23e7ce548,7/1/2025 16:11,28263.31958,612.0665518
26026,PARK,Ballard Park ,Williamsport,PIC,REC,Public,38.69659228,Ballard Park,,7/1/2025 16:11,Pickaway Ohio GIS,,Ballard Park,6dedb2dc-0f0c-4052-bc96-9ba47605726a,7/1/2025 16:11,1685623.56,8776.546162
26027,PARK,Ballard Park ,Williamsport,PIC,REC,Public,0.65158833,Ballard Park,,7/1/2025 16:11,Pickaway Ohio GIS,,,f605be16-00d6-4717-b9bd-dd11bf06f5e0,7/1/2025 16:11,28383.18768,613.3631879
26028,PARK,Ballard Park ,Williamsport,PIC,REC,Public,0.65158833,Ballard Park,,7/1/2025 16:11,Pickaway Ohio GIS,,,e29ed975-1451-42a4-bf8f-a1442c99d5a6,7/1/2025 16:11,28383.18768,613.3631879
26029,PARK,Ballard Park ,Williamsport,PIC,REC,Public,0.08972879,Ballard Park,,7/1/2025 16:11,Pickaway Ohio GIS,,,d35edcfe-7742-4a98-9158-d2c873f6922f,7/1/2025 16:11,3908.585876,431.5121012
22154,PARK,Ballentree Community Park,Dublin,FRA,C,Public,24.87157181,Ballentree Community Park,42,7/1/2025 16:11,Dublin, ,Ballentree Community Park,d58fe95f-bc78-44c8-baf9-1f77972fe0ea,7/1/2025 16:11,1083405.668,5305.397539
22239,PARK,Ballentree Community Park,Dublin,FRA,C,Public,17.07411411,Ballentree Community Park,42,7/1/2025 16:11,Dublin, ,Ballentree Community Park,e68b4024-b3a8-4789-a71c-af1c6a020625,7/1/2025 16:11,743748.4106,5716.537133
23081,CEMETERY,Baptist (Primitive),Township,FRA,CEM,Public,0.68608545,Baptist (Primitive),,7/1/2025 16:11,,,,6b135352-0616-4372-b7aa-5ac1d52b6369,7/1/2025 16:11,29885.88208,822.5233127
22835,CEMETERY,Baptist Cemetery,Township,FAI,CEM,Public,2.49582257,Baptist Cemetery,,7/1/2025 16:11,Fairfield County,,,a24befd2-e1ce-45bd-b8ad-1a01795a4388,7/1/2025 16:11,108718.0314,1610.527765
23991,CEMETERY,Baptist Ch Cemetery Tr,Township,LIC,CEM,Public,2.70344151,Baptist Ch Cemetery Tr,,7/1/2025 16:11,Licking Co Parcels,,,434ecb5e-4943-416f-b6f9-b0ced28aed1d,7/1/2025 16:11,117761.9122,1417.636098
22709,PARK,Barack Recreation,Columbus,FRA,C,Public,0.46007803,Barack Recreation,,7/1/2025 16:11,FCA,,,b24d6121-5303-4af9-8d80-4497a51f3217,7/1/2025 16:11,20040.99915,705.2937065
25852,PARK,Bark Park,South Bloomfield ,PIC,C,Public,7.36971989,Bark Park,,7/1/2025 16:11,Google Maps,,Bark Park,2780de84-8b99-4f11-a8c7-ca6d950063f0,7/1/2025 16:11,321024.9983,2827.653813
23999,CEMETERY,Barnes Cemetery,Township,LIC,CEM,Public,4.07173665,Barnes Cemetery,,7/1/2025 16:11,Licking Co Parcels,,,d82affac-459a-47fc-a5ce-04e59c7c6ca8,7/1/2025 16:11,177364.848,2347.674568
23209,PARK,Barnett Park,Columbus,FRA,C,Public,12.40587903,Barnett Park,,7/1/2025 16:11,Columbus,,Barnett Park,a782edf2-63ce-4725-84f9-f0b041da484f,7/1/2025 16:11,540400.0906,3339.198059
22394,PARK,Barrhaven Park,Marysville,UNI,N,Public,3.90284948,Barrhaven Park,46,7/1/2025 16:11,Union County, ,,f12cba17-9a74-4ce6-831b-264dfbf3f684,7/1/2025 16:11,170008.1232,1987.52326
24026,PARK,Barthelmas Park,Circleville,PIC,C,Public,7.21655151,Barthelmas Park,,7/1/2025 16:11,Pickaway County,,Barthelmas Park,8cfb51fa-e801-44e2-a9d1-896bfbaec044,7/1/2025 16:11,314352.9838,3008.10949
23944,PARK,Barthelmas Park ,Circleville,PIC,REC,Public,23.99114705,Barthelmas Park ,,7/1/2025 16:11,orthos,,Barthelmas Park ,2751c256-a493-4185-a362-bd54a3d8044a,7/1/2025 16:11,1045054.366,5446.635349
24040,PARK,Bartley Preserve,Township,PIC,PR,Public,93.31880173,Bartley Preserve,,7/1/2025 16:11,Pickaway County,,Bartley Preserve,dc023999-82ef-4e61-816a-89f7e61f5ab1,7/1/2025 16:11,4064967.004,10264.9166
26030,PARK,Bartley Preserve,Township,PIC,PR,Public,20.39257247,Bartley Preserve,,7/1/2025 16:11,Pickaway Ohio GIS,,Bartley Preserve,5293b49c-9e0a-42e0-a5ff-7596f39f94fb,7/1/2025 16:11,888300.4566,5329.36665
24169,RECREATION,Baseball Field,Bellefontaine,LOG,REC,Public,12.34199267,Baseball field,,7/1/2025 16:11,Logan County Parcels,,Baseball field,5a0fba5a-245c-49e5-879c-61289451629f,7/1/2025 16:11,537617.2002,4132.571858
22270,PARK,Basil,Baltimore,FAI,N,Public,1.14593534,Basil,519,7/1/2025 16:11,Fairfield County, ,,59e488d4-33f8-404d-83e5-8b398a2e464c,7/1/2025 16:11,49916.94348,897.6804107
25438,PARK,Bat Nest Park,Township,KNO,C,Public,41.58930122,Bat Nest Park,,7/1/2025 16:11,Google Maps,,Bat Nest Park,71f65865-092e-43a6-8de4-c1bc483575c2,7/1/2025 16:11,1811629.961,6070.904699
25439,PARK,Bat Nest Park,Township,KNO,C,Public,29.39494685,Bat Nest Park,,7/1/2025 16:11,Google Maps,,Bat Nest Park,28fecfc9-eae2-4f8b-b6b0-d3e7aaefd189,7/1/2025 16:11,1280443.885,5142.643056
25440,PARK,Bat Nest Park,Township,KNO,C,Public,29.43945982,Bat Nest Park,,7/1/2025 16:11,Google Maps,,Bat Nest Park,d21c0520-bf66-4a9b-ac64-78d6caddd997,7/1/2025 16:11,1282382.87,5474.806512
23857,PARK,Battelle Darby Creek Metro Park,Metro Parks,FRA,M,Public,7001.565186,Battelle Darby Creek Metro Park,,7/1/2025 16:11,Metro Parks,Battelle Darby Creek Metro Park,Battelle Darby Creek Metro Park,9d58eb42-bff6-4673-ad9c-c0153566f3a1,7/1/2025 16:11,304988179.5,369064.3009
24224,PARK,Battelle Riverfront Park,Columbus,FRA,R,Public,10.04812855,Battelle Riverfront Park,,7/1/2025 16:11,,,Battelle Riverfront Park,1864b38d-0e9c-4e0b-a9c5-1c13e26c2e74,7/1/2025 16:11,437696.4799,3111.731239
22831,CEMETERY,Baugher Cemetery,Township,FAI,CEM,Public,1.52472994,Brandt Road Northwest Cemetery,,7/1/2025 16:11,Fairfield County,,,9a757a7a-d283-4b44-ad83-8bad6e3f0fed,7/1/2025 16:11,66417.23608,1070.311237
22929,CEMETERY,Baughn Cemetery,Township,UNI,CEM,Public,1.49445736,Baughn Cemetery,,7/1/2025 16:11,Union County,,,827b0cb2-a619-4529-b3f7-1bba367c47aa,7/1/2025 16:11,65098.56238,1161.890092
25540,CEMETERY,Baum Hill Cemetery,Township,ROS,CEM,Public,2.19111034,Baum Hill Cemetery,,7/1/2025 16:11,Google Maps,,,e9a2c37d-f3bd-4382-8ffe-25338e66e4d8,7/1/2025 16:11,95444.76666,1342.703039
25785,CEMETERY,Beach Grove Cemetery,Township,PER,CEM,Public,4.99822357,Beach Grove Cemetery,,7/1/2025 16:11,Google Maps,,,0b379931-4cd9-44eb-ba0c-5bceb186401a,7/1/2025 16:11,217722.6188,2155.903529
22500,PARK,Beacon Fields,Hilliard,FRA,C,Public,2.78177239,Beacon Fields,49,7/1/2025 16:11,Hilliard, ,Beacon Fields,4c4cddf6-f3f2-4d73-a62a-0f68ef35216f,7/1/2025 16:11,121174.0055,1545.716457
22932,CEMETERY,Bear Swamp Road Cemetery,Township,UNI,CEM,Public,0.07315518,Bear Swamp Road Cemetery,,7/1/2025 16:11,Union County,,,9394ef68-22a2-42ee-be18-97472d3b24b8,7/1/2025 16:11,3186.639526,241.7490714
24236,PARK,Beatty Park,Columbus,FRA,C,Public,2.81899661,Beatty Park,,7/1/2025 16:11,,,,81c4e020-1ad6-45c5-9e13-311555a988ee,7/1/2025 16:11,122795.4923,1505.423094
25904,RECREATION,Beavers Field,Township,FAI,REC,Public,28.59518542,Beavers Field,,7/1/2025 16:11,Google Maps,,,22d8b04a-f3d5-4af5-a3e4-3b012ddaa546,7/1/2025 16:11,1245606.277,5201.867889
23050,CEMETERY,Beckett Cemetery,Township,PIC,CEM,Public,4.13519403,Beckett Cemetery,,7/1/2025 16:11,,,,5c01a428-cc07-4abd-b244-c43a71b370ed,7/1/2025 16:11,180129.0522,1913.488583
21985,PARK,Beechcroft Park,Columbus,FRA,N,Public,4.65772714,Beechcroft Park,19,7/1/2025 16:11,Columbus, ,Beechcroft Park,31975e2c-c7a7-4cac-9fb8-cd6cad812c72,7/1/2025 16:11,202890.5938,1840.523776
22161,PARK,Beechwold Park,Columbus,FRA,N,Public,3.23252356,Beechwold Park,52,7/1/2025 16:11,Columbus, ,,0a943670-6c2d-454b-b5d3-4d96cc2e1538,7/1/2025 16:11,140808.7269,3659.664055
23694,PARK,Beechwold Park,Columbus,FRA,C,Public,8.18284645,Beechwold Park,,7/1/2025 16:11,Columbus,,Beechwold Park,2591604c-7c29-49a8-834d-8269ad2e65ab,7/1/2025 16:11,356444.7913,5429.443629
22248,PARK,Beechwood Park,Township,DEL,C,Public,12.40772434,Beechwood Park,53,7/1/2025 16:11,DALIS, ,Beechwood Park,ea6edfab-0a83-419b-b925-1a666d49187b,7/1/2025 16:11,540480.4723,3528.877482
24697,GREEN SPACE,BEECHWOOD PLAY AREA,Whitehall,FRA,NOS,Public,0.33371265,,,7/1/2025 16:11,Frankiln Co Parks,,,a4663f23-fe3c-47cb-9949-5111b0d08e2a,7/1/2025 16:11,14536.52319,787.8844031
22356,PARK,Belle Ave Park,Delaware City,DEL,N,Public,2.17005546,Belle Ave Park,54,7/1/2025 16:11,Delaware City, ,,ea8a8961-aa7d-43a4-8a27-a3a91c14fe3d,7/1/2025 16:11,94527.6156,1236.165716
25228,CEMETERY,Bellefontaine Cemetery,Bellefontaine,LOG,CEM,Public,10.07560966,Bellefontaine Cemetery,,7/1/2025 16:11,Google Maps,,,47a6b0a4-f516-4afd-bb68-3198e3b94acf,7/1/2025 16:11,438893.5565,4083.266879
25229,CEMETERY,Bellefontaine Cemetery,Bellefontaine,LOG,CEM,Public,18.73517551,Bellefontaine Cemetery,,7/1/2025 16:11,Google Maps,,,c409e416-faf5-4d20-8b08-f0801db8aabc,7/1/2025 16:11,816104.2455,4451.102264
25617,CEMETERY,Belleview Cemetery,Adelphi,ROS,CEM,Public,0.46921122,Belleview Cemetery,,7/1/2025 16:11,Google Maps,,,099eecdd-3197-48d2-aea4-ca4b32cf09c2,7/1/2025 16:11,20438.8407,575.6002518
25618,CEMETERY,Belleview Cemetery,Adelphi,ROS,CEM,Public,0.53492428,Belleview Cemetery,,7/1/2025 16:11,Google Maps,,,9bb35293-c73b-4705-aee3-43d32ca61fb5,7/1/2025 16:11,23301.30164,611.4041125
23304,RECREATION,Bellpointe Ball Park,Township,DEL,REC,Public,1.38123659,Bellpointe Ball Park,,7/1/2025 16:11,DALIS,,,88ed18fa-3f42-4394-9eb6-b8264ec32c62,7/1/2025 16:11,60166.66626,1033.998295
23674,PARK,Belvedere Park,Dublin,FRA,N,Public,2.61728815,Belvedere Park,,7/1/2025 16:11,Dublin,,,3ae31a7a-e270-4ac7-a272-da45a1929109,7/1/2025 16:11,114009.0725,1287.834046
24301,GREEN SPACE,Belvedere/Shannon Glen Open Space,Dublin,FRA,NOS,Public,4.19561516,,,7/1/2025 16:11,Dublin,,,82ad4fda-512b-4619-8383-4bb9ae6d08f1,7/1/2025 16:11,182760.9965,2677.640499
24302,GREEN SPACE,Belvedere/Shannon Glen Open Space,Dublin,UNI,NOS,Public,2.09836623,,,7/1/2025 16:11,Dublin,,,23603de8-6dde-4e89-a12c-32dfd6605e8c,7/1/2025 16:11,91404.83252,1629.778522
24303,GREEN SPACE,Belvedere/Shannon Glen Open Space,Dublin,FRA,NOS,Public,1.31797467,,,7/1/2025 16:11,Dublin,,,c49fdb57-013c-4f80-a50f-8d3a837ae524,7/1/2025 16:11,57410.97754,1392.392745
24307,GREEN SPACE,Belvedere/Shannon Glen Open Space,Dublin,FRA,NOS,Public,0.37919621,,,7/1/2025 16:11,Dublin,,,4b91f6bb-4200-440c-94bf-2361bceb2393,7/1/2025 16:11,16517.78687,492.9614979
22508,PARK,Ben Hanby Park,Westerville,FRA,N,Public,0.12703245,Ben Hanby Park,55,7/1/2025 16:11,Westerville, ,,2753c2f0-a702-443c-b2e9-eb632c520986,7/1/2025 16:11,5533.533569,335.7286982
25515,CEMETERY,Benner Cemetery,Township,ROS,CEM,Private,0.78093468,Benner Cemetery,,7/1/2025 16:11,Google Maps,,,b3329059-37e6-4b3a-a9c6-39472e30f969,7/1/2025 16:11,34017.51477,776.9893247
26041,PARK,Bennett Farm,Powell ,DEL,PRES,Public,32.174,Bennett Farm,,7/1/2025 16:11,Columbus Dispatch,,,1f9d8f34-8bf2-4f63-879e-a8c112a8ee99,7/1/2025 16:11,1403607.835,4976.726574
22343,GOLF,Bent Tree Golf Course,Township,DEL,GOLF,Public,149.6390082,Bent Tree Golf Course,56,7/1/2025 16:11,,,Bent Tree Golf Course,96b627f8-6ed7-4147-a8fa-c557171b15f7,7/1/2025 16:11,6518275.198,17068.54378
22570,GOLF,Bent Tree Golf Course,Township,DEL,GOLF,Public,231.9997716,Bent Tree Golf Course,56,7/1/2025 16:11,,,Bent Tree Golf Course,6c9edea4-2fa4-435c-9f86-3cf68cb1b67b,7/1/2025 16:11,10105910.05,22654.24145
22571,GOLF,Bent Tree Golf Course,Township,DEL,GOLF,Public,30.84432581,Bent Tree Golf Course,56,7/1/2025 16:11,,,Bent Tree Golf Course,6781a62e-2efc-46dc-902a-b83be01f2a86,7/1/2025 16:11,1343578.832,5543.395386
23026,CEMETERY,Berkshire,Township,DEL,CEM,Public,15.71113756,Berkshire,,7/1/2025 16:11,,,Berkshire,912dbdf3-8a45-4f34-9e92-e874e22e4753,7/1/2025 16:11,684377.152,3538.891014
24342,CEMETERY,Berlin Methodist Episcopal Cemetery,Township,KNO,CEM,Public,1.65386337,Berlin Methodist Episcopal Cemetery,,7/1/2025 16:11,,,,bfaef60b-9044-4fbc-914e-0e5c8e16c069,7/1/2025 16:11,72042.28796,1079.013856
23014,CEMETERY,Berlin Twp Cemetery,Township,DEL,CEM,Public,20.16162204,Berlin Twp Cemetery,,7/1/2025 16:11,,,Berlin Twp Cemetery,147e96fe-783c-48e4-a5ec-75ba7edde742,7/1/2025 16:11,878240.256,4093.758078
23701,PARK,Berliner Sports Park,Columbus,FRA,R,Public,228.5858354,Berliner Sports Park,146,7/1/2025 16:11,Columbus,Berliner Sports Park,Berliner Sports Park,fa630ffe-1a3f-4804-b9a7-308999dbabb0,7/1/2025 16:11,9957198.99,22418.90555
25317,CEMETERY,Berringer Cemetery,Township,MAR,CEM,Private,0.67645525,Berrington Cemetery,,7/1/2025 16:11,Google Maps,,,1a76621b-1a34-4710-ab0d-64b61ef60e9f,7/1/2025 16:11,29466.39038,1284.754001
25628,CEMETERY,Berry Cemetery,Township,HOC,CEM,Private,0.54633773,Berry Cemetery,,7/1/2025 16:11,Google Maps,,,09a6f3f5-8947-4b30-8b61-41034b63643b,7/1/2025 16:11,23798.4718,650.8972792
22100,PARK,Berwick Park,Columbus,FRA,NOS,Public,4.36936588,Berwick Park,58,7/1/2025 16:11,Columbus,,,61d12eb2-52ad-4786-aec2-09b86fc13a46,7/1/2025 16:11,190329.5778,2204.415193
26031,Park,Berwick Park,Columbus,FRA,C,Public,9.1038887,Berwick Park,,7/1/2025 16:11,Columbus GIS,,Berwick Park,4fa32e69-3bb3-4447-b798-e62f9a6ab952,7/1/2025 16:11,396565.3916,5116.687166
22730,CEMETERY,Beth Jacob (New Jewish),Columbus,FRA,CEM,Public,36.79943045,Beth Jacob (New Jewish),,7/1/2025 16:11,,,Beth Jacob (New Jewish),f60f53a1-63ed-4fb1-a352-d7bd62feb2ce,7/1/2025 16:11,1602983.19,5252.053828
25623,CEMETERY,Bethany Cemetery,Township,HOC,CEM,Public,5.21285637,Bethany Cemetery,,7/1/2025 16:11,Google Maps,,,d2743299-b671-4e1c-87e5-3253cbe45f13,7/1/2025 16:11,227072.0237,1928.786614
25876,CEMETERY,Bethany Cemetery,Township,PIC,CEM,Private,0.41341663,Bethany Cemetery,,7/1/2025 16:11,Google Maps,,,5f98738d-387c-4017-ac59-19de52d177d2,7/1/2025 16:11,18008.42834,547.7814834
22811,CEMETERY,Bethel Cemetery,Township,FAI,CEM,Public,0.96225587,Bethel Cemetery,,7/1/2025 16:11,Fairfield County,,,8a193cd8-cd15-4cea-b1aa-a2e74373d296,7/1/2025 16:11,41915.8656,1501.216128
22868,CEMETERY,Bethel Cemetery,Township,FAI,CEM,Public,1.94268806,Bethel Cemetery,,7/1/2025 16:11,Fairfield County,,,925fa85e-8725-4a6b-80a4-c9df2a0d10f6,7/1/2025 16:11,84623.49219,1181.742051
23060,CEMETERY,Bethel Cemetery,Township,MAD,CEM,Public,8.69419609,Bethel Cemetery,,7/1/2025 16:11,,,,d762c424-b97a-40f6-a111-6ed3454ace44,7/1/2025 16:11,378719.1818,2513.562908
25336,CEMETERY,Bethel Cemetery,Township,MRW,CEM,Public,2.34332226,Bethel Cemetery,,7/1/2025 16:11,Google Maps,,,f38c0c84-bd01-42cd-a80f-7bf5325e5711,7/1/2025 16:11,102075.1174,1511.564392
25362,CEMETERY,Bethel Cemetery,Township,MRW,CEM,Public,1.28093973,Bethel Cemetery,,7/1/2025 16:11,Google Maps,,,47392555-df1e-45bb-a45e-a5c7db131e07,7/1/2025 16:11,55797.73474,995.8311346
25747,CEMETERY,Bethel Cemetery,Township,PER,CEM,Public,0.9396205,Bethel Cemetery,,7/1/2025 16:11,Google Maps,,,447dc30f-cefa-4cfe-b4e9-e5d75259e197,7/1/2025 16:11,40929.86914,810.3050815
25777,CEMETERY,Bethel Cemetery,Township,PER,CEM,Public,5.44070328,Bethel Cemetery,,7/1/2025 16:11,Google Maps,,,a7c1e649-e545-4690-b881-bf5b59c48206,7/1/2025 16:11,236997.0352,2037.958623
25819,CEMETERY,Bethel Cemetery,Township,PER,CEM,Private,0.20932219,Bethel Cemetery,,7/1/2025 16:11,Google Maps,,,cc03bc23-fe73-4a88-b0b1-c069b5404b54,7/1/2025 16:11,9118.074341,436.3535866
23171,PARK,Betsch Fen Nature Preserve,Township,ROS,PR,Public,89.47486879,Betsch Fen Nature Preserve,,7/1/2025 16:11,ODNR,,Betsch Fen Nature Preserve,5278dd5d-f2d8-4b33-920c-8aab36f80e55,7/1/2025 16:11,3897525.284,8298.259509
22825,CEMETERY,Betzer,Township,FAI,CEM,Public,1.90279042,Betzer,,7/1/2025 16:11,Fairfield County,,,b2792688-0909-4bfb-bd5c-175837329b4b,7/1/2025 16:11,82885.55054,1529.77591
22826,CEMETERY,Betzer,Township,FAI,CEM,Public,1.70980017,Betzer,,7/1/2025 16:11,Fairfield County,,,a6f0bec4-69c0-4530-a384-3de5001caecb,7/1/2025 16:11,74478.89539,1113.266909
22827,CEMETERY,Betzer,Township,FAI,CEM,Public,1.54511645,Betzer,,7/1/2025 16:11,Fairfield County,,,35586893-ad92-481a-9442-cd1477e35a01,7/1/2025 16:11,67305.27246,1805.985854
22828,CEMETERY,Betzer,Township,FAI,CEM,Public,4.15675565,Betzer,,7/1/2025 16:11,Fairfield County,,,cb32e38a-ed25-4001-a7b3-36d8c0a87f0c,7/1/2025 16:11,181068.2765,2463.058135
22829,CEMETERY,Betzer,Township,FAI,CEM,Public,0.59766511,Betzer,,7/1/2025 16:11,Fairfield County,,,0c5333ef-771f-44b9-88d3-98c77a45fe53,7/1/2025 16:11,26034.29236,658.3070592
22675,PARK,Bevelhymer Park,New Albany,FRA,R,Public,142.545831,Bevelhymer Park,59,7/1/2025 16:11,,Bevelhymer Park,Bevelhymer Park,ae754218-c6a7-4ff5-b080-f5bf9ab1ca41,7/1/2025 16:11,6209296.399,13143.10881
25071,PARK,Bexley Community Garden & Schneider Park,Bexley,FRA,C,Public,0.73333625,Bexley Community Garden & Schneider Park,,7/1/2025 16:11,MORPC Standardized ELU 2021,,,d48b9394-a60e-4ef0-a060-10cbd70c5864,7/1/2025 16:11,31944.12708,1285.228581
25072,PARK,Bexley Community Garden & Schneider Park,Bexley,FRA,C,Public,1.67268412,Bexley Community Garden & Schneider Park,,7/1/2025 16:11,MORPC Standardized ELU 2021,,,2637d8d9-8591-4bd4-ad40-0905ff0d652e,7/1/2025 16:11,72862.12073,1739.265308
25073,PARK,Bexley Community Garden & Schneider Park,Bexley,FRA,C,Public,0.67146016,Bexley Community Garden & Schneider Park,,7/1/2025 16:11,MORPC Standardized ELU 2021,,,56e600d3-8f59-4194-abc1-8bab4ffd05c9,7/1/2025 16:11,29248.80493,1215.577573
25074,PARK,Bexley Community Garden & Schneider Park,Bexley,FRA,C,Public,0.70990495,Bexley Community Garden & Schneider Park,,7/1/2025 16:11,MORPC Standardized ELU 2021,,,c958e4bb-7d70-4976-a330-eabb4e4bcadd,7/1/2025 16:11,30923.45935,1251.686483
25917,CEMETERY,Bibler Cemetery,Township,FAI,CEM,Private,0.01034785,Bibler Cemetery,,7/1/2025 16:11,Google Maps,,,4520364e-4b8f-4dc0-a0a7-b96a83481efc,7/1/2025 16:11,450.7525635,85.14278152
24414,PARK,Bibler Lock Park,Township,FAI,N,Public,23.10279052,Bibler Lock Park,,7/1/2025 16:11,Fai Co,,Bibler Lock Park,e38e1b36-07f3-4656-b539-f9f400ec185a,7/1/2025 16:11,1006357.555,18116.64167
24220,PARK,Bicentennial/Galbreath Park,Columbus,FRA,R,Public,7.36163068,Bicentennial Park,,7/1/2025 16:11,,,Bicentennial Park,a8dca4ab-1707-45fe-b977-40259a8c2d9a,7/1/2025 16:11,320672.6326,2401.644003
22787,CEMETERY,Bickel Cemetery,Township,FAI,CEM,Public,1.99987713,Bickel Cemetery,,7/1/2025 16:11,Fairfield County,,,ff81c8ce-1ffc-4f2f-b37e-cb128591bae6,7/1/2025 16:11,87114.64832,1188.001181
22789,CEMETERY,Bickel Church Road Lake Road Northeast Cemetery,Township,FAI,CEM,Public,0.74799891,Bickel Church Road Lake Road Northeast Cemetery,,7/1/2025 16:11,Fairfield County,,,67c7f545-c09e-40a6-87e5-51f13aa72a7a,7/1/2025 16:11,32582.8324,774.8395439
23082,CEMETERY,Bickett-Richards,Upper Arlington,FRA,CEM,Public,0.15330843,Bickett-Richards,,7/1/2025 16:11,,,,82e7a36b-76f4-4476-8546-08a66606ed96,7/1/2025 16:11,6678.115234,328.8868491
24243,PARK,Bide-A-Wee Park Street Islands,Columbus,FRA,N,Public,0.95075381,Bide-a-wee Park Street Island,,7/1/2025 16:11,Columbus,,,83b565a1-8235-4c1f-8d06-850ca07ed7bd,7/1/2025 16:11,41414.83606,2013.571934
23011,CEMETERY,Bierce Cemetery,Delaware,DEL,CEM,Public,0.34224117,Bierce Cemetery,,7/1/2025 16:11,,,,62fd207c-1fb4-4f56-940e-f1b0430d5d93,7/1/2025 16:11,14908.02551,536.2038521
25546,CEMETERY,Biers Cemetery,Township,ROS,CEM,Private,0.22695341,Biers Cemetery,,7/1/2025 16:11,Google Maps,,,33091e0b-b249-4054-89cc-5ed6925d5c51,7/1/2025 16:11,9886.090576,402.911563
23162,PARK,Big Darby - Terra Nova,Township,UNI,C,Public,25.52999477,Big Darby - Terra Nova,,7/1/2025 16:11,ODNR,,Big Darby - Terra Nova,b4a0dd7f-51d7-4a38-9898-cf3e40125a84,7/1/2025 16:11,1112086.572,5720.141291
25833,PARK,Big Darby Creek Access,Township,PIC,R,Public,0.79704938,Big Darby Creek Access,,7/1/2025 16:11,Google Maps,,,27865924-1291-4cc4-bfc7-c9444b2a9173,7/1/2025 16:11,34719.47095,1936.704976
24987,GREEN SPACE,Big Darby Creek Scenic River,Township,LOG,PR,Public,30.75647502,,,7/1/2025 16:11,ODNR Lands,,,6d80822f-d7fd-4181-8a9f-19dbb232bcd2,7/1/2025 16:11,1339752.052,5336.02674
24093,PARK,Big Darby Headwaters Nature Preserve ,East Liberty,LOG,PR,Public,89.45951253,Big Darby Headwaters Nature Preserve ,,7/1/2025 16:11,google maps,,Big Darby Headwaters Nature Preserve ,a524aef4-acfc-4a14-ac13-7209bb001a1c,7/1/2025 16:11,3896856.366,7834.510242
23163,PARK,Big Darby Scenic River,Township,UNI,C,Public,45.93914315,Big Darby Scenic River,,7/1/2025 16:11,ODNR,,Big Darby Scenic River,20bee53b-280d-41b1-907f-756fe4f03b05,7/1/2025 16:11,2001109.076,7645.685448
23125,GREEN SPACE,Big Darby Scenic River - Yutzy,Township,MAD,PR,Private,18.92192703,,,7/1/2025 16:11,ODNR,,,f9eeb95b-c755-4d13-91aa-d845dc71cb26,7/1/2025 16:11,824239.1414,3641.862683
23677,PARK,Big Island,Township,MAR,CON,Public,298.6017874,Big Island,,7/1/2025 16:11,ODNR,Big Island,Big Island,ee5d6649-5355-49a0-b084-ebe869e1c292,7/1/2025 16:11,13007093.86,28647.56352
23357,PARK,Big Island Wildlife Area,Township,MAR,W,Public,15.781772,Big Island Wildlife Area,,7/1/2025 16:11,ODNR,,Big Island Wildlife Area,3910113d-1971-4626-8325-3961a3ff7a52,7/1/2025 16:11,687453.9882,4599.658312
23479,PARK,Big Island Wildlife Area,Township,MAR,W,Public,4.21542564,Big Island Widlife Area,,7/1/2025 16:11,Marion County,,,cd81b598-c1de-4bc9-8a47-6a93f05d715e,7/1/2025 16:11,183623.941,1956.754993
23505,PARK,Big Island Wildlife Area,Township,MAR,W,Public,12.02846437,Big Island Wildlife Area,,7/1/2025 16:11,Marion County,,Big Island Wildlife Area,4aac2909-66dc-421b-ab05-664f2a672ed7,7/1/2025 16:11,523959.9082,10678.04165
23506,PARK,Big Island Wildlife Area,Township,MAR,W,Public,12.12798351,Big Island Wildlife Area,,7/1/2025 16:11,Marion County,,Big Island Wildlife Area,63171515-1337-43ee-abd8-9962599e3807,7/1/2025 16:11,528294.9613,10790.94903
23507,PARK,Big Island Wildlife Area,Township,MAR,W,Public,12.00305283,Big Island Widlife Area,,7/1/2025 16:11,Marion County,,Big Island Widlife Area,2651947a-6d07-4286-adc0-ce74c041e29d,7/1/2025 16:11,522852.9812,5629.759271
23508,PARK,Big Island Wildlife Area,Township,MAR,W,Public,6.00883734,Big Island Wildlife Area,,7/1/2025 16:11,Marion County,,Big Island Wildlife Area,35556191-e3de-4b6f-89ea-d344de9e6aa4,7/1/2025 16:11,261744.9545,5435.923152
23509,PARK,Big Island Wildlife Area,Township,MAR,W,Public,11.83461865,Big Island Widlife Area,,7/1/2025 16:11,Marion County,,Big Island Widlife Area,af207e52-41ba-4662-85a3-43a736af3215,7/1/2025 16:11,515515.9884,10600.4761
23510,PARK,Big Island Wildlife Area,Township,MAR,C,Public,17.98175184,Big Island Wildlife Area,,7/1/2025 16:11,Marion County,,Big Island Wildlife Area,7a7219c6-2084-4c77-8e53-591a08698cf0,7/1/2025 16:11,783285.1102,11496.84677
23511,PARK,Big Island Wildlife Area,Township,MAR,C,Public,17.16783862,Big Island Wildlife Area,,7/1/2025 16:11,Marion County,,Big Island Wildlife Area,1b13ccec-4dd7-452c-b74c-00f9caa376ed,7/1/2025 16:11,747831.0507,11782.4806
23512,PARK,Big Island Wildlife Area,Township,MAR,W,Public,13.68649141,Big Island Wildlife Area,,7/1/2025 16:11,Marion County,,Big Island Wildlife Area,c7618e52-e07f-4076-a533-f3485fd2a117,7/1/2025 16:11,596183.5656,12071.23415
23513,PARK,Big Island Wildlife Area,Township,MAR,W,Public,11.24068355,Big Island Wildlife Area,,7/1/2025 16:11,Marion County,,Big Island Wildlife Area,794547a7-b518-4e23-8fba-9602426af5f2,7/1/2025 16:11,489644.1753,10994.58462
23514,PARK,Big Island Wildlife Area,Township,MAR,W,Public,3.0607663,Big Island Widlife Area,,7/1/2025 16:11,Marion County,,,dae9862e-fd2e-4023-a86d-861ab5479e0d,7/1/2025 16:11,133326.98,2867.28364
23515,PARK,Big Island Wildlife Area,Township,MAR,W,Public,2.81005847,Big Island Wildlife Area,,7/1/2025 16:11,Marion County,,,687e28fa-e88c-461f-8bdd-2c8bc823baee,7/1/2025 16:11,122406.1471,2745.070235
23516,PARK,Big Island Wildlife Area,Township,MAR,W,Public,5.98533315,Big Island Wildlife Area,,7/1/2025 16:11,Marion County,,Big Island Wildlife Area,1e554bcd-93e3-4bee-be6b-2b56fd6f909c,7/1/2025 16:11,260721.1125,5409.039091
23517,PARK,Big Island Wildlife Area,Township,MAR,W,Public,12.2618131,Big Island Widlife Area,,7/1/2025 16:11,Marion County,,Big Island Widlife Area,253d07f6-5e8d-4f5f-818a-01fb0ca0cf3d,7/1/2025 16:11,534124.5781,10881.3378
23518,PARK,Big Island Wildlife Area,Township,MAR,W,Public,6.33070474,Big Island Wildlife Area,,7/1/2025 16:11,Marion County,,Big Island Wildlife Area,f70f809e-e6fc-48c5-b38e-dfd8d8bf16d4,7/1/2025 16:11,275765.4988,5469.321385
23519,PARK,Big Island Wildlife Area,Township,MAR,W,Public,6.29321727,Big Island Widlife Area,,7/1/2025 16:11,Marion County,,Big Island Widlife Area,d7b94648-5937-42d0-9885-3303e6b0a44a,7/1/2025 16:11,274132.5443,5469.021229
23520,PARK,Big Island Wildlife Area,Township,MAR,W,Public,28.4132098,Big Island Wildlife Area,,7/1/2025 16:11,Marion County,,Big Island Wildlife Area,956eb18e-45f8-46b2-bb92-f2369e9c92e6,7/1/2025 16:11,1237679.419,11034.8019
23521,PARK,Big Island Wildlife Area,Township,MAR,W,Public,4.21542564,Big Island Wildlife Area,,7/1/2025 16:11,Marion County,,,66fd58f8-7382-43b9-82a4-81c3e57cd5fe,7/1/2025 16:11,183623.941,1956.754993
23522,PARK,Big Island Wildlife Area,Township,MAR,W,Public,10.41035364,Big Island Wildlife Area,,7/1/2025 16:11,Marion County,,Big Island Wildlife Area,69971857-44bb-4264-b582-58cc7d9bbfd3,7/1/2025 16:11,453475.0044,3631.782797
24406,PARK,Big Island Wildlife Area,Township,MAR,W,Public,6429.559992,Big Island Wildlife Area,,7/1/2025 16:11,ODNR,Big Island Wildlife Area,Big Island Wildlife Area,5ba6fec0-486e-4ee5-8118-e896869e8c59,7/1/2025 16:11,280071633.2,279198.3678
24476,PARK,Big Island Wildlife Area,Township,MAR,W,Public,415.3661445,Big Island Wildlife Area,,7/1/2025 16:11,ODNR,Big Island Wildlife Area,Big Island Wildlife Area,4f055dca-45d7-4e9d-b3ea-5496a3029c1f,7/1/2025 16:11,18093349.26,33587.27941
23449,PARK,Big Run Park,Columbus,FRA,R,Public,272.9044352,Big Run Park,61,7/1/2025 16:11,Columbus,Big Run Park,Big Run Park,98bf9865-7ee9-4794-8883-d299e15f4e77,7/1/2025 16:11,11887717.2,24880.05776
23460,PARK,Big Walnut - Ottowa Parkland,Columbus,FRA,CON,Public,1.38744576,Big Walnut - Ottowa Parkland,,7/1/2025 16:11,Columbus,,,0be899bb-42bf-4f5d-8cfe-bbe4c886109c,7/1/2025 16:11,60437.13733,1438.984046
23869,PARK,Big Walnut Amberfield Parkland,Columbus,FRA,CON,Public,6.02562151,Big Walnut Amberfield Parkland,573,7/1/2025 16:11,Columbus, ,Big Walnut Amberfield Parkland,664aad05-80ba-4f6b-adf7-786a8bf1d776,7/1/2025 16:11,262476.0729,2270.536344
22287,PARK,Big Walnut Community Trail,Sunbury,DEL,N,Public,1.36821525,Big Walnut Community Trail,529,7/1/2025 16:11,DALIS, ,,dfbb3a2c-0272-4d19-8247-41386f1ba795,7/1/2025 16:11,59599.45605,1709.629717
22288,PARK,Big Walnut Community Trail,Township,DEL,N,Public,4.6122343,Big Walnut Community Trail,530,7/1/2025 16:11,DALIS, , ,b2fbaa7a-f89e-4323-bdfd-72ec6b03daf4,7/1/2025 16:11,200908.9255,5755.269281
24783,GREEN SPACE,Big Walnut Conservation Club ,Township,DEL,CON,Private,44.44476363,,,7/1/2025 16:11,MORPC Standardized ELU 2021,,,fe4cd046-6e05-432c-9d77-22bac6a49392,7/1/2025 16:11,1936013.903,8419.627475
23430,PARK,Big Walnut Corridor,Columbus,FRA,CON,Public,10.25440321,Big Walnut Corridor,,7/1/2025 16:11,Columbus,,Big Walnut Corridor,53f965d2-8bdf-4d01-a778-c3fb62717c07,7/1/2025 16:11,446681.8037,2888.714171
22282,GOLF,Big Walnut Golf Course,Township,DEL,GOLF,Public,16.82266343,Big Walnut Golf Course,63,7/1/2025 16:11,,,Big Walnut Golf Course,3edfee97-805c-4a05-9b64-66e69eedcd05,7/1/2025 16:11,732795.2189,3894.676449
22283,GOLF,Big Walnut Golf Course,Township,DEL,GOLF,Public,26.00533628,Big Walnut Golf Course,63,7/1/2025 16:11,,,Big Walnut Golf Course,a37dd45a-2a27-4f9e-8dc5-7286c2e2e4e0,7/1/2025 16:11,1132792.448,4372.180055
22592,PARK,Big Walnut Greenway,Columbus,FRA,M,Public,40.42474275,Big Walnut Greenway,573,7/1/2025 16:11,Metro Parks, ,Big Walnut Greenway,5b182ae0-1667-44a7-b140-b41d6c1fde11,7/1/2025 16:11,1760901.794,6346.306286
23462,PARK,Big Walnut Greenway,Columbus,FRA,M,Public,35.16052282,Big Walnut Greenway,358,7/1/2025 16:11,Metro Parks,,Big Walnut Greenway,9900faf7-632d-4fdf-b835-2b4c3c97d1c0,7/1/2025 16:11,1531592.374,15773.40327
24089,PARK,Big Walnut Greenway,Township,FRA,M,Public,153.6960422,Big Walnut Greenway,,7/1/2025 16:11,Metro Parks,,Big Walnut Greenway,776c5854-c859-4ae3-87c0-0b0b6315ea10,7/1/2025 16:11,6694999.599,18271.31847
22457,PARK,Big Walnut Park,Columbus,FRA,R,Public,23.00158936,Big Walnut Park,64,7/1/2025 16:11,Columbus,Big Walnut Park,Big Walnut Park,2d112306-6af2-4a58-aa02-7b7d8025b522,7/1/2025 16:11,1001949.233,7259.086607
22459,PARK,Big Walnut Park,Columbus,FRA,R,Public,116.1716275,Big Walnut Park,64,7/1/2025 16:11,Columbus,Big Walnut Park,Big Walnut Park,68ae5b5a-36c5-406c-a54b-f0f84f65f107,7/1/2025 16:11,5060436.094,12533.01967
22513,PARK,Big Walnut Trail,Westerville,DEL,C,Public,5.29293766,Big Walnut Trail,586,7/1/2025 16:11,Westerville, ,Big Walnut Trail,48690e8c-8a56-408f-9513-210df1a9f546,7/1/2025 16:11,230560.3646,4342.986365
22514,PARK,Big Walnut Trail,Westerville,DEL,C,Public,18.47159006,Big Walnut Trail,587,7/1/2025 16:11,Westerville, ,Big Walnut Trail,c524a3b8-e24f-4490-9a7b-ba5ed735e5fb,7/1/2025 16:11,804622.4628,4954.50126
22515,PARK,Big Walnut Trail,Westerville,DEL,C,Public,5.86187227,Big Walnut Trail,588,7/1/2025 16:11,Westerville, ,Big Walnut Trail,26bd9b4c-f68d-4326-bf21-3167621a8257,7/1/2025 16:11,255343.1565,4219.3854
23591,PARK,Big Walnut-Edgewater Parkland Coh,Columbus,FRA,CON,Public,40.52722112,Big Walnut-Edgewater Parkland Coh,,7/1/2025 16:11,Columbus,,Big Walnut-Edgewater Parkland Coh,ab1cad95-af13-4767-a78d-285619037fc0,7/1/2025 16:11,1765365.751,7534.953744
22593,PARK,Big Walnut-Noe Bixby Parkland,Columbus,FRA,PRES,Public,3.29421465,Big Walnut-Noe Bixby Parkland,574,7/1/2025 16:11,Columbus,,,58b57783-e102-412c-b204-c48a32ce01f4,7/1/2025 16:11,143495.9902,1802.235167
23198,PARK,Big Walnut-Williams Rd Coh,Columbus,FRA,CON,Public,5.70071393,Clean Ohio Parkland,,7/1/2025 16:11,Columbus,,Clean Ohio Parkland,a5c97c22-b21c-4e63-aef0-08231f4ffdae,7/1/2025 16:11,248323.0989,2408.786124
23030,CEMETERY,Bigelow Cemetery,Plain City,MAD,CEM,Public,0.33039026,Bigelow Cemetery,,7/1/2025 16:11,,,,4fbf8c78-cf21-445a-a789-8c6334b37b4b,7/1/2025 16:11,14391.79993,573.6094893
23031,CEMETERY,Bigelow Cemetery,Plain City,MAD,CEM,Public,0.03819463,Bigelow Cemetery,,7/1/2025 16:11,,,,d43d55f5-1fdd-410c-801e-8b222e58e3ca,7/1/2025 16:11,1663.757813,180.7071223
24996,CEMETERY,Bigelow Cemetery,Township,MAD,CEM,Public,0.54601961,Bigelow Cemetery,,7/1/2025 16:11,ODNR Lands,,,9f2b1238-9061-4659-9517-9529fd9eae7b,7/1/2025 16:11,23784.61438,627.0982481
22528,GREEN SPACE,Bilingsly Basin,Columbus,FRA,NOS,Public,4.32489802,,65,7/1/2025 16:11,,,,659556e9-180f-45c9-a019-fe8a20e4c431,7/1/2025 16:11,188392.5577,2194.379013
23986,CEMETERY,Bishop Of The Diocese Of Co,Township,LIC,CEM,Public,3.01403459,Bishop Of The Diocese Of Co,,7/1/2025 16:11,Licking Co Parcels,,,bc23b666-4f76-4bc9-a7ab-13d8562739c8,7/1/2025 16:11,131291.3468,1480.251495
23982,CEMETERY,Bishop Of The Diocese Of Columbus,Heath,LIC,CEM,Public,9.28214192,Bishop Of The Diocese Of Columbus,,7/1/2025 16:11,Licking Co Parcels,,Bishop Of The Diocese Of Columbus,56b8baae-9a31-4ee0-9c59-959a252dae03,7/1/2025 16:11,404330.1023,3402.80712
24005,CEMETERY,Bishop Of The Diocese Of Columbus,Township,LIC,CEM,Public,11.05230629,Bishop Of The Diocese Of Columbus,,7/1/2025 16:11,Licking Co Parcels,,Bishop Of The Diocese Of Columbus,bc818f6c-eccd-40d9-855c-ce59f3c02348,7/1/2025 16:11,481438.462,2779.148143
24006,CEMETERY,Bishop Of The Diocese Of Columbus,Township,LIC,CEM,Public,30.8328062,Bishop Of The Diocese Of Columbus,,7/1/2025 16:11,Licking Co Parcels,,Bishop Of The Diocese Of Columbus,ab0cf97a-567c-4006-b00f-c5ccf5f6ac1e,7/1/2025 16:11,1343077.038,5479.565372
22587,GREEN SPACE,Bishop'S Crossing Open Space,Dublin,UNI,NOS,Public,5.54893932,,66,7/1/2025 16:11,Dublin,,,b6cc1baf-2a65-4a74-9192-53b111b7f4c1,7/1/2025 16:11,241711.7952,2648.699795
22588,PARK,Bishop'S Crossing Parkland,Dublin,UNI,NOS,Public,2.09706698,Bishop'S Crossing Parkland,66,7/1/2025 16:11,Dublin,,,826b35bf-cd37-4345-a605-f2472da6bcac,7/1/2025 16:11,91348.23523,2326.243846
22687,PARK,Bishop'S Run Open Space,Dublin,UNI,NOS,Public,7.49248116,Bishop'S Run Open Space,67,7/1/2025 16:11,Dublin,,,1376c114-074b-48f3-a353-07c829c1b93c,7/1/2025 16:11,326372.4803,4287.306768
25026,PARK,Bison Hollow State Nature Preserve,Township,HOC,PR,Public,161.5077076,Bison Hollow State Nature Preserve,,7/1/2025 16:11,ODNR Lands,,Bison Hollow State Nature Preserve,b77362e6-6ece-40c2-a969-a7af2a165ce9,7/1/2025 16:11,7035275.744,14616.92285
22250,PARK,Black Oak Park,Powell,DEL,N,Public,2.60992511,Black Oak Park,69,7/1/2025 16:11,DALIS, ,,16c94bf4-a512-454a-9ac4-0612dbf71a9f,7/1/2025 16:11,113688.3379,2244.593492
23771,GREEN SPACE,Black Willow Drive Open Space,Township,FRA,NOS,Public,3.74655805,,,7/1/2025 16:11,,,,59bc3ac3-f6e2-4724-ade4-86745b701ee9,7/1/2025 16:11,163200.0685,1948.497872
23221,PARK,Blackburn Park,Columbus,FRA,C,Public,5.49784954,Blackburn Park,,7/1/2025 16:11,Columbus,,Blackburn Park,23d0458f-e663-41b6-a537-87e300e18c1a,7/1/2025 16:11,239486.3263,3450.775786
23603,PARK,Blackhand Gorge State Park,Township,LIC,STATE,Public,972.2216032,Blackhand Gorge State Park,,7/1/2025 16:11,ODNR,Blackhand Gorge State Park,Blackhand Gorge State Park,65bc21fb-5b99-4d02-a56c-1e7d47c1fcfd,7/1/2025 16:11,42349973.03,82471.07472
22291,GOLF,Blackhawk Golf Course,Township,DEL,GOLF,Public,155.6029102,Blackhawk Golf Course,71,7/1/2025 16:11,,,Blackhawk Golf Course,d6d2aec5-960b-4732-86ee-4a64d1a29773,7/1/2025 16:11,6778062.767,15568.54657
22605,PARK,Blacklick Creek Greenway Trail,Columbus,FRA,M,Public,67.76728611,Blacklick Creek Greenway Trail,73,7/1/2025 16:11,Metro Parks, Blacklick Creek Greenway Trail,Blacklick Creek Greenway Trail,351fcd9a-49fb-4e7c-b483-b0742403cb82,7/1/2025 16:11,2951942.983,7226.790278
22606,PARK,Blacklick Creek Greenway Trail,Columbus,FRA,M,Public,65.90771296,Blacklick Creek Greenway Trail,73,7/1/2025 16:11,Metro Parks,Blacklick Creek Greenway Trail,Blacklick Creek Greenway Trail,0a77c028-0f44-4080-8317-a83704614189,7/1/2025 16:11,2870939.976,8653.203591
22690,PARK,Blacklick Creek Greenway Trail,Columbus,FRA,M,Public,167.067826,Blacklick Creek Greenway Trail,73,7/1/2025 16:11,Metro Parks,Blacklick Creek Greenway Trail,Blacklick Creek Greenway Trail,f2bda9b3-58c1-4219-817d-b70e7c7bf45e,7/1/2025 16:11,7277474.5,22987.16661
23275,PARK,Blacklick Creek Greenway Trail,Metro Parks,FRA,M,Public,1.41312987,Blacklick Creek Greenway Trail,,7/1/2025 16:11,Metro Parks,,,48b0aaeb-bccd-4aee-9467-8df32f2db9a2,7/1/2025 16:11,61555.93701,3154.359854
23859,PARK,Blacklick Creek Greenway Trail,Metro Parks,FRA,M,Public,39.26763879,Blacklick Creek Greenway Trail,,7/1/2025 16:11,Metro Parks,,Blacklick Creek Greenway Trail,81a74359-c180-4aa7-961a-d0b8f1cdb790,7/1/2025 16:11,1710498.346,11347.09704
23861,PARK,Blacklick Creek Greenway Trail,Township,FRA,M,Public,1.0674679,Blacklick Creek Greenway Trail,,7/1/2025 16:11,Metro Parks,,,240214b0-8df3-4b8b-9662-9dc11bdf3140,7/1/2025 16:11,46498.90173,1444.066368
23865,PARK,Blacklick Creek Metro Park,Metro Parks,FRA,M,Public,1.61176267,Blacklick Creek Metro Park,,7/1/2025 16:11,Metro Parks,,,192e0869-08bd-40b7-8a76-9d34675f8909,7/1/2025 16:11,70208.38196,4745.135892
22477,PARK,Blacklick Park,Groveport,FRA,C,Public,10.7778846,Blacklick Park,72,7/1/2025 16:11,, ,Blacklick Park,cc295902-255e-4738-8ddd-81f42ae46c21,7/1/2025 16:11,469484.653,4301.453589
22565,PARK,Blacklick Ridge Community Park Open Space,Blacklick,FRA,PRES,Public,29.68144813,Blacklick Ridge Community Park Open Space,571,7/1/2025 16:11,Jefferson Twp,,,cb09dd5f-e21c-4874-a0b7-df94a81fb682,7/1/2025 16:11,1292923.88,10096.38144
22566,PARK,Blacklick Ridge Community Park Open Space,Blacklick,FRA,NOS,Public,6.27071068,Blacklick Ridge Community Park Open Space,572,7/1/2025 16:11,Jefferson Twp,,,644ebada-84bc-42fa-9742-ce810814d21e,7/1/2025 16:11,273152.1569,3159.382978
22101,PARK,Blacklick Ridge Park,Township,FRA,C,Public,17.2070331,Blacklick Ridge Park,74,7/1/2025 16:11,Jefferson Twp, ,Blacklick Ridge Park,6e47c87d-42d5-475d-9614-de03ed80a477,7/1/2025 16:11,749538.3616,4707.856612
22247,GOLF,Blacklick Woods Golf Course,Reynoldsburg,FRA,GOLF,Public,224.6150482,Blacklick Woods Golf Course,75,7/1/2025 16:11,Metro Parks,,Blacklick Woods Golf Course,6579a634-776f-4efc-9f1e-b93b0e1d7531,7/1/2025 16:11,9784231.5,14308.04493
23242,GOLF,Blacklick Woods Golf Course,Reynoldsburg,FAI,M,Public,33.84355606,Blacklick Woods Golf Course,76,7/1/2025 16:11,Metro Parks, ,Blacklick Woods Golf Course,1566d60d-2e58-4448-bcac-f429b94316e4,7/1/2025 16:11,1474225.302,6857.679132
22155,PARK,Blacklick Woods Metro Park,Reynoldsburg,FAI,M,Public,225.3054606,Blacklick Woods Metro Park,76,7/1/2025 16:11,Metro Parks,Blacklick Woods Metro Park,Blacklick Woods Metro Park,8d29899f-b53a-4c5a-bbe1-f1c9aa6b6e20,7/1/2025 16:11,9814305.863,16591.02257
22163,PARK,Blacklick Woods Metro Park,Reynoldsburg,FRA,M,Public,152.7674953,Blacklick Woods Metro Park,76,7/1/2025 16:11,Metro Parks,Blacklick Woods Metro Park,Blacklick Woods Metro Park,09397ee9-624f-4f87-86c6-2c8c0c9b80cb,7/1/2025 16:11,6654552.095,13888.02308
23273,PARK,Blacklick Woods Metro Park,Metro Parks,FRA,M,Public,7.55075035,Blacklick Woods Metro Park,,7/1/2025 16:11,Metro Parks,,Blacklick Woods Metro Park,43427839-faa9-4653-a459-f4de6dc5038f,7/1/2025 16:11,328910.6853,5066.685262
23319,CEMETERY,Bladensburg Cemetery Ass'N,Township,KNO,CEM,Public,6.0323018,Bladensburg Cemetery Ass'N,,7/1/2025 16:11,Knox,,Bladensburg Cemetery Ass'N,d93306cd-a962-4c94-9b09-b732db79521d,7/1/2025 16:11,262767.0663,2575.336277
24114,PARK,Blair Casey Park,Bellefontaine,LOG,N,Public,3.63765125,Blair Casey Park,,7/1/2025 16:11,Logan Parcel Data,,,49730448-936e-48c3-a64c-c02019641c95,7/1/2025 16:11,158456.0883,2663.752109
23032,CEMETERY,Blair Cemetery,Township,MAD,CEM,Public,0.67628898,Blair Cemetery,,7/1/2025 16:11,,,,a8dcd895-063b-40ee-bca0-e7ad2f6f565a,7/1/2025 16:11,29459.14783,724.9404765
22535,PARK,Blendon Woods Metro Park,Columbus,FRA,M,Public,649.1131152,Blendon Woods Metro Park,77,7/1/2025 16:11,Metro Parks,Blendon Woods Metro Park,Blendon Woods Metro Park,165b68af-e915-4b12-9246-a049790456c6,7/1/2025 16:11,28275367.3,27207.11374
22847,CEMETERY,Bloom Twp,Township,FAI,CEM,Public,2.25176783,Bloom Twp,,7/1/2025 16:11,Fairfield County,,,8eac5218-22bf-4a1a-8ff8-bdbac03b2db7,7/1/2025 16:11,98087.00671,1281.110551
22848,CEMETERY,Bloom Twp,Township,FAI,CEM,Public,1.37228699,Bloom Twp,,7/1/2025 16:11,Fairfield County,,,262fc43d-9d28-4fcd-9a2f-a8ee83e8d2eb,7/1/2025 16:11,59776.82117,1080.22749
25359,CEMETERY,Bloomfield Cemetery,Township,MRW,CEM,Public,3.74715926,Bloomfield Cemetery,,7/1/2025 16:11,Google Maps,,,a0042ea0-8d3b-4770-bfff-3c5458b5d419,7/1/2025 16:11,163226.2574,1826.654443
25360,CEMETERY,Bloomfield Cemetery,Township,MRW,CEM,Public,8.08196944,Bloomfield Cemetery,,7/1/2025 16:11,Google Maps,,,97588368-9590-455a-810b-19a4e9c40a7c,7/1/2025 16:11,352050.589,2427.037589
25361,CEMETERY,Bloomfield Cemetery,Township,MRW,CEM,Public,4.2049746,Bloomfield Cemetery,,7/1/2025 16:11,Google Maps,,,68a9466c-ab46-447b-a6df-97cd6161845c,7/1/2025 16:11,183168.6936,2961.885197
25357,CEMETERY,Blooming Grove Cemetery,Township,MRW,CEM,Public,3.20066324,Blooming Grove Cemetery,,7/1/2025 16:11,Google Maps,,,86c7e318-82ae-4318-b1ce-2dd7c1bfe819,7/1/2025 16:11,139420.8906,1632.214509
25482,CEMETERY,Bloomingburg Cemetery,Bloomingburg,FAY,CEM,Public,13.65084979,Bloomingburg Cemetery,,7/1/2025 16:11,Google Maps,,,c0ebed7f-ea9c-4365-89ce-321e8a84c3d7,7/1/2025 16:11,594631.0169,3515.208258
22973,CEMETERY,Blue Church Cemetery,Township,DEL,CEM,Public,2.87548771,East Liberty Cemetery,,7/1/2025 16:11,,,,d94cb963-817e-44a3-8ecd-d3882d1e80ed,7/1/2025 16:11,125256.245,1473.698648
25223,CEMETERY,Blue Jacket Cemetery,Township,LOG,CEM,Public,0.41202578,Blue Jacket Cemetery,,7/1/2025 16:11,Google Maps,,,f08de255-94d5-42e1-8ed1-253eeae69e6d,7/1/2025 16:11,17947.84277,578.7283282
24117,PARK,Blue Jacket Park ,Bellefontaine,LOG,C,Public,23.80381007,Blue Jacket Park ,,7/1/2025 16:11,Logan County Parcels,,Blue Jacket Park ,d778252f-9d8b-4b9c-9c7f-d62ecfb09fe0,7/1/2025 16:11,1036893.966,4392.15048
22357,PARK,Blue Limestone Park,Delaware City,DEL,C,Public,17.67814756,Blue Limestone Park,79,7/1/2025 16:11,Delaware City, ,Blue Limestone Park,70bc6128-901b-4127-b5df-71aec3d18c89,7/1/2025 16:11,770060.1074,4762.606537
24908,GREEN SPACE,Blue Stone Court Open Space,Township,LIC,NOS,Public,0.24168182,,,7/1/2025 16:11,MORPC Standardized ELU 2021,,,13533a44-a9a2-4c46-86f3-5f90d08aa88d,7/1/2025 16:11,10527.66028,919.5743
23837,PARK,Bluegill Pond,Grove City,FRA,NOS,Public,5.01887809,Bluegill Pond,,7/1/2025 16:11,Grove city,,,408e8c88-12cd-4a82-a315-91df49982237,7/1/2025 16:11,218622.329,2491.92025
22933,CEMETERY,Blues Creek Cemetery,Township,UNI,CEM,Public,0.47231976,Blues Creek Cemetery,,7/1/2025 16:11,Union County,,,072d5768-a79f-42c9-917b-cd8a4c55f23a,7/1/2025 16:11,20574.24878,617.1674102
22323,GOLF,Blues Creek Golf Course,Township,UNI,GOLF,Public,130.4572157,Blues Creek Golf Course,80,7/1/2025 16:11,Union County,,Blues Creek Golf Course,4ab9faf9-3782-480a-aea6-1d8638b3e572,7/1/2025 16:11,5682716.316,10598.74283
22344,PARK,Blues Creek Preserve,Township,DEL,R,Public,138.5801627,Blues Creek Preserve,81,7/1/2025 16:11,DALIS,Blues Creek Preserve,Blues Creek Preserve,05c2db39-13a4-4758-ba10-992894b7d3f8,7/1/2025 16:11,6036551.887,13867.94773
24343,CEMETERY,Board Of Berlin Township Trustees Ohio,FREDERICKTOWN,KNO,CEM,Public,1.65386337,Board Of Berlin Township Trustees Ohio,,7/1/2025 16:11,Knox County Auditor,,,056dcd58-bcda-42f8-a814-ed01d51e6a37,7/1/2025 16:11,72042.28796,1079.013856
23322,CEMETERY,Board Of Trustees Of Clay Township,Martinsburg,KNO,CEM,Public,4.65526205,Board Of Trustees Of Clay Township,,7/1/2025 16:11,Knox,,,063ef917-a806-48bf-90f3-976a4c090f02,7/1/2025 16:11,202783.2146,1950.689894
24395,PARK,Boch Hollow Dnp,Township,HOC,PR,Public,679.4361218,Boch Hollow Preserve,,7/1/2025 16:11,ODNR,Boch Hollow Preserve,Boch Hollow Preserve,4c30efe1-0466-4df1-9078-deeef2ac0249,7/1/2025 16:11,29596237.47,47577.01756
23271,PARK,Boehnke Nature Preserve,Metro Parks,FRA,PRES,Private,11.67940219,Boehnke Nature Preserve,,7/1/2025 16:11,Metro Parks,,,16927a9a-3200-4c7e-b69f-f43a2d42ffcf,7/1/2025 16:11,508754.7594,3219.522145
23272,PARK,Boehnke Nature Preserve,Metro Parks,FRA,PRES,Private,10.88119174,Boehnke Nature Preserve,,7/1/2025 16:11,Metro Parks,,,0ab031c2-352b-4ea6-99d1-605afa0275a0,7/1/2025 16:11,473984.7123,3054.047257
22970,CEMETERY,Bokes Creek Cemetery,Township,DEL,CEM,Public,3.17516924,Bokes Creek Cemetery,,7/1/2025 16:11,,,,f453a47f-6b7a-426f-97a8-64f1708ac9d7,7/1/2025 16:11,138310.3724,1990.762689
25640,CEMETERY,Boling Cemetery,Township,HOC,CEM,Private,0.11234458,Boling Cemetery,,7/1/2025 16:11,Google Maps,,,241b6ca0-86f9-4b85-a2c6-b0d32953db5b,7/1/2025 16:11,4893.729736,280.0001479
25270,CEMETERY,Bonner Cemetery,Township,MAR,CEM,Public,1.18345705,Bonner Cemetery,,7/1/2025 16:11,Google Maps,,,2a6d471b-a512-40a3-800c-678d0d2814ee,7/1/2025 16:11,51551.38928,927.5228022
25443,CEMETERY,Booco-Ryan Cemetery,Township,FAY,CEM,Public,0.43520263,Booco-Ryan Cemetery,,7/1/2025 16:11,Google Maps,,,ed997362-baf3-4124-83ce-583d656a4122,7/1/2025 16:11,18957.42645,573.0499756
23900,PARK,Bope Warehouse Park,Baltimore,FAI,N,Public,0.73975743,Bope Warehouse Park,,7/1/2025 16:11,Fairfield Aud,,,fa1e77dc-6e6a-476a-a0af-c3790c17038a,7/1/2025 16:11,32223.83374,854.6677808
25500,CEMETERY,Bostwick-Loofbourrow Cemetery,Township,FAY,CEM,Public,0.34397422,Bostwick-Loofbourrow Cemetery,,7/1/2025 16:11,Google Maps,,,c123da8c-3de8-461d-b904-b09c623d9ccf,7/1/2025 16:11,14983.51709,500.0189201
22941,CEMETERY,Bouic Cemetery,Township,UNI,CEM,Public,1.26792836,Bouic Cemetery,,7/1/2025 16:11,Union County,,,d628c400-10b1-4368-a87e-2ee324e262dd,7/1/2025 16:11,55230.95935,967.5271847
25534,CEMETERY,Bourneville Methodist Cemetery,Township,ROS,CEM,Public,1.52180754,Bourneville Methodist Cemetery,,7/1/2025 16:11,Google Maps,,,25623681-eaaa-4772-9236-5bb630b3bf96,7/1/2025 16:11,66289.93646,1196.0905
25547,CEMETERY,Bowdle Cemetery,Township,ROS,CEM,Private,0.54661287,Bowdle Cemetery,,7/1/2025 16:11,Google Maps,,,47ead4b1-a654-4987-aecc-39c6513dbf6c,7/1/2025 16:11,23810.45642,676.0676021
23994,CEMETERY,Bowers Cemetery,Township,LIC,CEM,Public,0.37819549,Bowers Cemetery,,7/1/2025 16:11,Licking Co Parcels,,,2888a09a-29cc-4526-a9b9-72f67f3ae164,7/1/2025 16:11,16474.19556,513.6513251
22890,CEMETERY,Bowers Road Cemetery,Township,FAI,CEM,Public,0.36695711,Bowers Road Cemetery,,7/1/2025 16:11,Fairfield County,,,95771126-d405-485d-a0a4-999229111d50,7/1/2025 16:11,15984.65137,508.0011084
23996,CEMETERY,Bowling Green Cemetery,Township,LIC,CEM,Public,1.44003377,Bowling Green Cemetery,,7/1/2025 16:11,Licking Co Parcels,,,c344b0ff-7ea8-4502-bf43-75fad6ea4a81,7/1/2025 16:11,62727.87073,997.0312298
25861,CEMETERY,Bowsher Cemetery,Township,PIC,CEM,Private,0.03697625,Bowsher Cemetery,,7/1/2025 16:11,Google Maps,,,609e4539-d8a0-4266-93a1-c6d0e4ec18a4,7/1/2025 16:11,1610.685425,161.4183778
23832,GREEN SPACE,Boy Scout Open Space,Dublin,FRA,NOS,Public,0.540925,,,7/1/2025 16:11,Dublin,,,025c0450-4c8d-4be3-a854-27e2d419752a,7/1/2025 16:11,23562.69312,904.6249687
25390,CEMETERY,Boyd Cemetery,Fredericktown,KNO,CEM,Public,4.4647913,Boyd Cemetery,,7/1/2025 16:11,Google Maps,,,5aefd128-9a18-4692-aa08-6bb4c16ce571,7/1/2025 16:11,194486.3093,2347.9051
22139,PARK,Boyer Nature Preserve,Westerville,FRA,C,Public,11.60899626,Boyer Nature Preserve,83,7/1/2025 16:11,Westerville, ,Boyer Nature Preserve,85b28e11-e9a8-498d-a907-7482c36410a6,7/1/2025 16:11,505687.8771,3471.010463
24176,PARK,Braehead Nature Preserve,Obetz,FRA,CON,Public,34.57484445,Braehead Nature Preserve,,7/1/2025 16:11,Obetz,,Braehead Nature Preserve,ed045d6b-62fa-4ea0-8d97-5816b2ce4fcb,7/1/2025 16:11,1506080.224,5617.440314
24349,PARK,Brandon Nature Preserve,Dublin,FRA,PR,Public,22.49061921,Brandon Nature Preserve,85,7/1/2025 16:11,Dublin, ,Brandon Nature Preserve,288832d1-eb2b-4fde-813f-fb369cb1d1f6,7/1/2025 16:11,979691.3732,7963.724943
24350,PARK,Brandon Nature Preserve,Dublin,FRA,N,Public,18.82715118,Brandon Nature Preserve,85,7/1/2025 16:11,Dublin, ,Brandon Nature Preserve,7d45f5fc-6379-43ff-8245-ae9706ddcd54,7/1/2025 16:11,820110.7052,4649.635461
23628,GREEN SPACE,"Brandon Open Space """"A""""",Dublin,FRA,NOS,Public,6.02646341,,198,7/1/2025 16:11,Dublin,,,5eb53f1e-7520-4361-95b2-584bdecc2e9d,7/1/2025 16:11,262512.7456,2391.013717
23627,GREEN SPACE,"Brandon Open Space """"B""""",Dublin,FRA,NOS,Public,9.30026811,,198,7/1/2025 16:11,Dublin,,,5a95eb6f-bd47-4a8f-89a4-3303c0b7c9eb,7/1/2025 16:11,405119.6797,4148.740748
22830,CEMETERY,Brandt Road Northwest Cemetery,Township,FAI,CEM,Public,0.99998151,Brandt Road Northwest Cemetery,,7/1/2025 16:11,Fairfield County,,,69b93944-c5b9-4381-baf4-e6f28668677a,7/1/2025 16:11,43559.19446,835.2797358
23397,PARK,Brandy Winfield Park,Marion,MAR,N,Public,2.98063341,Brandy Winfield Park,,7/1/2025 16:11,,,,65acd586-537f-4a4e-8540-93e12cb592af,7/1/2025 16:11,129836.3911,1515.153327
22164,PARK,Brandywine Parkland,Columbus,FRA,CON,Public,0.6293023,Brandywine Parkland,86,7/1/2025 16:11,Columbus, ,,96015ec4-f874-4207-a518-744f3bcbb714,7/1/2025 16:11,27412.40784,931.1166875
25752,CEMETERY,Brehm Cemetery,Township,PER,CEM,Private,0.16168431,Brehm Cemetery,,7/1/2025 16:11,Google Maps,,,6c6b77e6-a1ad-46a3-85ae-a52af1ba9f1a,7/1/2025 16:11,7042.968506,336.595474
23199,PARK,Bre-Kro Parkland,Columbus,FRA,CON,Public,12.16388103,Bre-Kro Parkland,,7/1/2025 16:11,Columbus,,Bre-Kro Parkland,1a621fae-ba3b-4ecd-adee-b8ac2f9d3702,7/1/2025 16:11,529858.6582,4262.450719
22643,PARK,Bremen Park,Bremen,FAI,N,Public,0.85324712,Bremen Park,87,7/1/2025 16:11,Fairfield County,,,5d2a5bc8-cc40-4d72-8e19-7f2531cbe329,7/1/2025 16:11,37167.4447,1020.930991
25995,GREEN SPACE,Bremen Road Southeast Open Space,Township,FAI,NOS,Public,18.84390975,,,7/1/2025 16:11,Existing Land Use 2021,,,61825cd4-953e-4f7f-bedb-8f0e760fe69c,7/1/2025 16:11,820840.7085,3699.056877
25996,GREEN SPACE,Bremen Road Southeast Open Space,Township,FAI,NOS,Public,68.85701014,,,7/1/2025 16:11,Existing Land Use 2021,,,d79187bf-308b-465a-8469-93cfc76b2dbf,7/1/2025 16:11,2999411.362,7971.275912
22449,PARK,Brentnell Avenue Park,Columbus,FRA,NOS,Public,25.44682323,Brentnell Avenue Park,324,7/1/2025 16:11,Columbus,,,dcc8d88f-9d8d-4cf7-8dfe-df00f6d4b752,7/1/2025 16:11,1108463.62,8120.777464
24248,PARK,Brentnell Park,Columbus,FRA,N,Public,3.14571259,Brentnell Park,88,7/1/2025 16:11,Columbus,,,d6eece28-66ef-44ba-971e-b8526acc1108,7/1/2025 16:11,137027.2402,1493.024716
25682,CEMETERY,Brethren Cemetery,Township,HOC,CEM,Private,0.48833754,Brethren Cemetery,,7/1/2025 16:11,Google Maps,,,a89bc0c1-6fc5-4a79-9d8b-e4d34f686199,7/1/2025 16:11,21271.98291,581.8879969
23454,PARK,Brevoort Park,Columbus,FRA,N,Public,2.79878446,Brevoort Park,,7/1/2025 16:11,Columbus,,,d9c7b033-e28b-4b64-8105-c7b45bab1fab,7/1/2025 16:11,121915.0515,1414.840899
21976,GREEN SPACE,Bride Water Boulevard Open Space,Columbus,FRA,NOS,Private,1.95976257,,511,7/1/2025 16:11,,,,929c8527-93eb-4ed3-903c-d2e4c6adde1c,7/1/2025 16:11,85367.2572,1301.296146
21971,PARK,Bridlewood Park,Obetz,FRA,N,Public,4.09681022,Bridlewood Park,543,7/1/2025 16:11,, ,,6d1de84a-967b-4487-9043-318f8a01388e,7/1/2025 16:11,178457.0536,1709.547043
22805,CEMETERY,Bright,Township,FAI,CEM,Public,0.41211764,Bright,,7/1/2025 16:11,Fairfield County,,,479a2e40-7198-4798-9fb2-14c60fd29d67,7/1/2025 16:11,17951.84412,555.9978682
25681,CEMETERY,Bright Cemetery,Township,HOC,CEM,Private,9.51903296,Bright Cemetery,,7/1/2025 16:11,Google Maps,,,b0d2b20a-3b67-45c7-ae7e-48beadabf762,7/1/2025 16:11,414649.0758,2889.20564
25952,CEMETERY,Bright Family Cemetery,Township,FAI,CEM,Private,0.28236864,Bright Family Cemetery,,7/1/2025 16:11,Google Maps,,,b20564a1-d409-41c8-bc1b-05eeaabfe9f2,7/1/2025 16:11,12299.97815,445.8128008
24423,RECREATION,Brin Du Mansion Athletic Fields,Granville,LIC,REC,Public,37.37834067,Brin Du Mansion Athletic Fields,,7/1/2025 16:11,Licking County,,,2446c09f-0895-40e6-adff-d69472752281,7/1/2025 16:11,1628200.52,5110.819883
23324,CEMETERY,Brinkhaven Cemetery - Trustees Union Township,Township,KNO,CEM,Public,2.64628846,Brinkhaven Cemetery - Trustees Union Township,,7/1/2025 16:11,Knox,,,de627925-59e9-4a4b-96b5-f45d2fbf47a9,7/1/2025 16:11,115272.3256,1723.02881
21937,PARK,Bristol Commons Park,Dublin,FRA,N,Public,4.21783281,Bristol Commons Park,91,7/1/2025 16:11,Dublin, ,,040add73-c3e2-4571-af44-73be9565e4f5,7/1/2025 16:11,183728.7977,2160.963738
21938,PARK,Bristol Commons Park,Dublin,FRA,N,Public,6.53238991,Bristol Commons Park,91,7/1/2025 16:11,Dublin, ,Bristol Commons Park,c21661ad-a8ef-4d23-888f-9aec6cb40c5f,7/1/2025 16:11,284550.9042,2560.932663
25490,CEMETERY,Britton Chaffin Cemetery,Township,FAY,CEM,Private,0.15388932,Britton Chaffin Cemetery,,7/1/2025 16:11,Google Maps,,,e38a3686-2756-44a8-b4a8-9359577c0b11,7/1/2025 16:11,6703.418823,355.9576443
22165,PARK,Britton Farms Park,Hilliard,FRA,C,Public,6.07280906,Britton Farms Park,93,7/1/2025 16:11,Hilliard, ,Britton Farms Park,53e7be83-fa66-4459-89ce-24e83e8acd0c,7/1/2025 16:11,264531.5626,2387.330025
24246,GREEN SPACE,Broad Street Islands,Columbus,FRA,SPU,Public,1.5261669,,,7/1/2025 16:11,Columbus,,,40284af0-e5dc-498e-b37d-24f6dec0602f,7/1/2025 16:11,66479.83057,2628.010863
23420,PARK,Broad Street Parkland,Columbus,FRA,PRES,Public,30.46869516,Broad Street Parkland,,7/1/2025 16:11,Columbus,,,c411c23c-efb0-4888-ac70-32c1a1749190,7/1/2025 16:11,1327216.361,5054.399305
22328,GOLF,Broad View Golf Course,Pataskala,LIC,GOLF,Public,84.31699559,Broad View Golf Course,94,7/1/2025 16:11,,,Broad View Golf Course,edbc8163-894b-4bb0-95b9-9bd03bd17512,7/1/2025 16:11,3672848.327,12643.61868
22925,CEMETERY,Broadway Cemetery,Township,UNI,CEM,Public,4.64101159,Broadway Cemetery,,7/1/2025 16:11,Union County,,,c1d13498-5450-4781-83c9-e35c2cc0f9ba,7/1/2025 16:11,202162.465,2081.01057
22927,CEMETERY,Broadway Cemetery,Township,UNI,CEM,Public,4.44794476,Broadway Cemetery,,7/1/2025 16:11,Union County,,,1af3196d-c559-4bb2-96dc-eca8bf0bf407,7/1/2025 16:11,193752.4736,2334.577995
22103,PARK,Brobst Park,Township,FRA,C,Public,9.94969548,Brobst Park,95,7/1/2025 16:11,FCA, ,Brobst Park,5cce0258-d255-479f-a840-84b195c6425b,7/1/2025 16:11,665508.2595,4261.301832
22942,CEMETERY,Broderick Cemetery,Township,UNI,CEM,Public,0.99652816,Broderick Cemetery,,7/1/2025 16:11,Union County,,,986c6cc1-3afa-4751-99b8-69da6b8b42fa,7/1/2025 16:11,43408.76672,1034.666332
22824,CEMETERY,Brook Road Northwest Cemetery,Township,FAI,CEM,Public,0.01515154,Brook Road Northwest Cemetery,,7/1/2025 16:11,Fairfield County,,,c7a1115b-6ab2-4cb8-817d-455270356377,7/1/2025 16:11,660.0009766,103.9999349
22233,PARK,Brooksedge Park,Westerville,FRA,N,Public,3.88863301,Brooksedge Park,96,7/1/2025 16:11,Westerville, ,,3c772637-28ed-42c3-86ea-8765878395a1,7/1/2025 16:11,169388.8541,1743.924932
22256,GOLF,Brookside Golf & Country Club,Township,FRA,GOLF,Public,244.9848772,Brookside Golf & Country Club,97,7/1/2025 16:11,,,Brookside Golf & Country Club,3a53a62d-4eaa-4515-9e97-3202d94fc62e,7/1/2025 16:11,10671541.25,17924.84999
24730,GREEN SPACE,BROOKSIDE STREET ISLANDS,Columbus,FRA,NOS,Public,0.54132608,,,7/1/2025 16:11,Columbus Park Boundaries,,,c488df18-9a23-4d5e-b4b3-e448e12363b6,7/1/2025 16:11,23580.16382,2953.275021
22076,PARK,Brookside Woods Park,Columbus,FRA,N,Public,1.861215,Brookside Woods Park,14,7/1/2025 16:11,Columbus, ,,473565ff-0c8a-4504-b906-3ff8ffb0b2a1,7/1/2025 16:11,81074.52539,1184.286131
24160,PARK,Brown Park,Bellefontaine,LOG,N,Public,2.2632437,Brown Park,,7/1/2025 16:11,Logan County Parcels,,,1cd69f76-c7c6-4a72-9646-6fb26fb45b9a,7/1/2025 16:11,98586.89563,1347.99631
24174,PARK,Brown Park,Obetz,FRA,C,Public,18.5185478,Brown Park,,7/1/2025 16:11,Obetz,,Brown Park,3d5c6eb2-805b-4022-bf4a-3e9483a9853c,7/1/2025 16:11,806667.9427,6105.837758
23903,PARK,Brown Reserve,Township,LIC,PRES,Public,141.4106768,Brown Reserve,,7/1/2025 16:11,Licking County,,,26d86edf-1625-473d-89ad-1c4966dc1812,7/1/2025 16:11,6159849.082,10610.54463
25290,CEMETERY,Brown Taylor Cemetery,Township,MAR,CEM,Public,1.10282384,Brown Taylor Cemetery,,7/1/2025 16:11,Google Maps,,,9e28d15b-50da-4615-91a5-2946265d9a0b,7/1/2025 16:11,48039.00659,883.0737786
22455,PARK,Brownlee Circle Park,Columbus,FRA,N,Public,1.70276001,Brownlee Circle Park,99,7/1/2025 16:11,Columbus, ,,ea759738-ef14-4f98-8999-70afc264ad70,7/1/2025 16:11,74172.22644,1507.877239
25548,CEMETERY,Browns Chapel Cemetery,Township,ROS,CEM,Public,13.77013179,Browns Chapel Cemetery,,7/1/2025 16:11,Google Maps,,,6c74190c-b8a0-4a5c-985c-dbc46d054925,7/1/2025 16:11,599826.9409,4022.229159
25549,CEMETERY,Browns Chapel Cemetery,Township,ROS,CEM,Public,5.71169946,Browns Chapel Cemetery,,7/1/2025 16:11,Google Maps,,,4ecd4350-887f-4ebf-89f5-e5e81929c09d,7/1/2025 16:11,248801.6283,2227.525267
23576,PARK,Brownstone Court Open Space,Westerville,FRA,NOS,Public,0.39909824,Brownstone Court Open Space,,7/1/2025 16:11,Westerville,,,7dfc2d0c-3225-434e-92c1-7596040a6aea,7/1/2025 16:11,17384.71912,540.3832594
25329,CEMETERY,Brucklacher Cemetery,Township,MAR,CEM,Public,0.53412928,Brucklacher Cemetery,,7/1/2025 16:11,Google Maps,,,54dd86a7-c21f-469a-91b9-166b33da7ac8,7/1/2025 16:11,23266.67114,612.4606291
22166,PARK,Bryn Mawr Park,Gahanna,FRA,C,Public,6.47983491,Bryn Mawr Park,100,7/1/2025 16:11,Gahanna, ,Bryn Mawr Park,6718c138-ad42-4cc3-8fe5-16c97c47431c,7/1/2025 16:11,282261.6084,2389.166044
22422,PARK,Bryn Mawr Woods Reserve,Gahanna,FRA,N,Public,1.37208654,Bryn Mawr Woods Reserve,101,7/1/2025 16:11,Gahanna, ,,6af5c797-bb7f-49f8-ae55-c3a56a96ba36,7/1/2025 16:11,59768.09021,1091.209458
25355,CEMETERY,Bryn Zion Cemetery,Township,MRW,CEM,Public,10.08872276,Bryn Zion Cemetery,,7/1/2025 16:11,Google Maps,,,a9beff70-2483-410b-b136-5f827d977153,7/1/2025 16:11,439464.7634,2991.894573
22584,PARK,Bryson Cove,Dublin,FRA,NOS,Public,0.75109469,Bryson Cove,102,7/1/2025 16:11,Dublin,,,d1d349d2-061a-4f74-ae43-69572d155778,7/1/2025 16:11,32717.68494,885.1729689
24382,PARK,Bryson Cove Open Space,Dublin,FRA,PRES,Public,6.10438887,Bryson Cove Open Space,,7/1/2025 16:11,,,Bryson Cove Open Space,a30e63e7-f3f9-4b9f-81ce-8b45b2d091fb,7/1/2025 16:11,265907.1791,5390.660556
24383,PARK,Bryson Cove Open Space,Dublin,FRA,PRES,Public,5.14460469,Bryson Cove Open Space,,7/1/2025 16:11,,,,50bc22af-9eba-45c3-94d0-a0ead8da260b,7/1/2025 16:11,224098.9802,2076.212929
24385,PARK,Bryson Cove Open Space,Dublin,FRA,PRES,Public,0.44267092,Bryson Cove Open Space,,7/1/2025 16:11,,,,eeed77de-f400-4ff2-96ed-4c879ab6473f,7/1/2025 16:11,19282.74525,604.086755
23181,GOLF,Buck Ridge Golf Course,Township,UNI,GOLF,Public,123.8703459,Buck Ridge Golf Course,,7/1/2025 16:11,Union County,,Buck Ridge Golf Course,5ba4c2a9-0783-4613-a000-39e0167f0c1e,7/1/2025 16:11,5395790.119,16120.7766
22944,CEMETERY,Buck Run Cemetery,Township,UNI,CEM,Public,0.55380216,Buck Run Cemetery,,7/1/2025 16:11,Union County,,,51cc5852-7886-4de3-a550-07abc8f0d241,7/1/2025 16:11,24123.62244,698.2684805
25465,GOLF,Buckeye Hills Country Club,Township,FAY,GOLF,Public,138.2483249,Buckeye Hills Country Club,,7/1/2025 16:11,Google Maps,,,ee2fe4b9-3509-4ba8-acd9-a3f407c740f1,7/1/2025 16:11,6022097.032,17289.02414
24443,PARK,Buckeye Lake State Park,Township,LIC,STATE,Public,2503.111893,Buckeye Lake State Park,,7/1/2025 16:11,Licking County,Buckeye Lake State Park,Buckeye Lake State Park,c067904f-cce3-40a1-af23-c0a2bc23e257,7/1/2025 16:11,109035554,209394.49
24444,PARK,Buckeye Lake State Park,Township,LIC,STATE,Public,534.1508625,Buckeye Lake State Park,,7/1/2025 16:11,Licking County,Buckeye Lake State Park,Buckeye Lake State Park,1bfb0581-e7b0-453d-8ab9-8c82a442839c,7/1/2025 16:11,23267611.57,167041.0574
25027,PARK,Buckeye Lake State Park,Township,PER,STATE,Public,69.21136533,Buckeye Lake State Park,,7/1/2025 16:11,ODNR Lands,,Buckeye Lake State Park,57a49620-28ad-4b06-8dfe-ca593f88b528,7/1/2025 16:11,3014847.074,7688.482601
25047,PARK,Buckeye Lake State Park,Township,FAI,STATE,Public,1.19944033,Buckeye Lake State Park,,7/1/2025 16:11,MORPC Standardized ELU 2021,,,249220d0-5bea-407c-9196-aab5de0765d6,7/1/2025 16:11,52247.62061,1051.513712
23844,PARK,Buckeye Parkway Open Space,Grove City,FRA,NOS,Public,35.15079733,Buckeye Parkway Open Space,,7/1/2025 16:11,Grove City,,,133ed1a2-9958-4e94-948e-f099fb897221,7/1/2025 16:11,1531168.732,9207.897296
23845,PARK,Buckeye Parkway Open Space,Grove City,FRA,NOS,Public,1.57305185,Buckeye Parkway Open Space,,7/1/2025 16:11,Grove City,,,fe01570b-4964-4fc2-a413-2d7b97990b68,7/1/2025 16:11,68522.13879,1168.337835
24719,GREEN SPACE,BULEN STREET ISLANDS,Columbus,FRA,NOS,Public,1.18506352,,,7/1/2025 16:11,Columbus Park Boundaries,,,fe902812-d262-4a5a-b1a5-316499618173,7/1/2025 16:11,51621.36682,6489.778888
25882,CEMETERY,Bunker Hill Cemetery,Township,FAI,CEM,Private,0.08009645,Bunker Cemetery,,7/1/2025 16:11,Google Maps,,,9efda7dc-b5bb-4af0-bdbc-fcbf67b78fb2,7/1/2025 16:11,3489.001221,240.07178
24069,PARK,Burgess Park,Columbus,FRA,NOS,Public,1.42457685,Burgess Park,,7/1/2025 16:11,Columbus,,,e9ab9851-8127-4107-8b4e-9f225a5761ee,7/1/2025 16:11,62054.56775,2704.566153
25859,PARK,Burl's Flying Hammer Woods,Township,PIC,C,Public,56.6050243,Burl's Flying Hammer Woods,,7/1/2025 16:11,Google Maps,,Burl's Flying Hammer Woods,b9d98f68-678c-4e5b-87e4-9b102b5ed946,7/1/2025 16:11,2465714.859,6944.568926
22761,CEMETERY,Burnside,Township,FRA,CEM,Public,0.35089675,Burnside,,7/1/2025 16:11,,,,20553931-1250-469e-9933-17149459504e,7/1/2025 16:11,15285.06238,540.3341866
22902,CEMETERY,Burnside Cemetery,Township,UNI,CEM,Public,0.38186624,Burnside Cemetery,,7/1/2025 16:11,Union County,,,68c8398e-27bd-4efa-81f3-070510e729da,7/1/2025 16:11,16634.09351,527.0971426
22988,CEMETERY,Burnside Cemetery,Township,DEL,CEM,Public,2.56192036,Burnside Cemetery,,7/1/2025 16:11,,,,3371621f-dfee-4f2c-b7b2-71411945ea7b,7/1/2025 16:11,111597.2507,1441.349336
23985,CEMETERY,Burnside Cemetery,Township,LIC,CEM,Public,0.58458301,Burnside Cemetery,,7/1/2025 16:11,Licking Co Parcels,,,c29cd437-4cd0-4fee-a950-34c2fd01d149,7/1/2025 16:11,25464.43567,645.3085021
24188,PARK,Burr Wheelen Baseball Park,London,MAD,N,Public,6.74517773,Burr Wheelen Baseball Park,,7/1/2025 16:11,,,Burr Wheelen Baseball Park,e66dcd78-7482-40d1-a613-dc8210185026,7/1/2025 16:11,293819.9419,2420.181227
25303,CEMETERY,Burtsfield Cemetery,Township,MAR,CEM,Private,0.60602747,Burtsfield Cemetery,,7/1/2025 16:11,Google Maps,,,c320efb5-96d5-494a-8ec8-de9044c1ce55,7/1/2025 16:11,26398.55664,733.2254018
24172,PARK,Busey Road Park,Canal Winchester,FAI,C,Public,33.83934721,Busey Road Park,,7/1/2025 16:11,Fairfield County,,Busey Road Park,c196c4dd-adce-45ee-9012-36014b5e10f1,7/1/2025 16:11,1474041.965,6052.604792
25459,CEMETERY,Bush Cemetery,Township,FAY,CEM,Public,2.36346662,Bush Cemetery,,7/1/2025 16:11,Google Maps,,,79c9e30b-0b95-4d05-b630-32b610c3b3bc,7/1/2025 16:11,102952.6061,1284.329504
26040,Park,Bush Country Park,Columbus,FRA,NOS,Public,2.84115711,Bush Country Park,,7/1/2025 16:11,,,,082ecdb1-e402-4eb3-80e5-9ca275d5a877,7/1/2025 16:11,123760.8038,3189.95292
22891,CEMETERY,Bush Fork,Township,FAI,CEM,Public,0.13965647,Bush Fork,,7/1/2025 16:11,Fairfield County,,,1841c420-d3c8-47ef-9c8a-6c2a8a39a9a1,7/1/2025 16:11,6083.435791,313.8396373
25436,CEMETERY,Butler Baptist Cemetery,Township,KNO,CEM,Public,0.7969286,Butler Baptist Cemetery,,7/1/2025 16:11,Google Maps,,,03f6ee4d-5f72-4b41-8679-aa32a45b1071,7/1/2025 16:11,34714.20959,750.1371269
25437,CEMETERY,Butler Baptist Cemetery,Township,KNO,CEM,Public,0.24927639,Butler Baptist Cemetery,,7/1/2025 16:11,Google Maps,,,01781bb1-83e9-4dd0-aa91-d5c9fb1daf2c,7/1/2025 16:11,10858.47974,461.0939343
22564,PARK,Butterfly Park,Marysville,UNI,N,Public,1.15065043,Butterfly Park,569,7/1/2025 16:11,Union County, ,,0ef009f7-5c95-414c-abe2-e158ec61b9dd,7/1/2025 16:11,50122.33362,910.4433725
22943,CEMETERY,Buxton Cemetery,Township,UNI,CEM,Public,1.11096199,Buxton Cemetery,,7/1/2025 16:11,Union County,,,ea098907-0dc7-4a3c-83df-bcfaba528c60,7/1/2025 16:11,48393.50317,885.1817641
23278,PARK,Buzzard's Roost,Township,ROS,C,Public,1223.582043,Buzzard's Roost,,7/1/2025 16:11,orthos,Buzzard's Roost,Buzzard's Roost,765f113c-d313-43f3-bbfa-1957d682b3d2,7/1/2025 16:11,53299233.79,73474.19392
23191,RECREATION,Byhalia Ball Field,Township,UNI,REC,Public,4.4167495,Byhalia Ball Field,,7/1/2025 16:11,Union County,,,3ae5fbf6-81b6-4cb5-8b32-7500585e291a,7/1/2025 16:11,192393.6084,1795.378413
22903,CEMETERY,Byhalia Cemetery,Township,UNI,CEM,Public,5.91466388,Byhalia Cemetery,,7/1/2025 16:11,Union County,,,1d841318-7b4a-434f-a797-7c12040af15c,7/1/2025 16:11,257642.7587,2030.384439
22904,CEMETERY,Byhalia Cemetery,Township,UNI,CEM,Public,2.57434395,Byhalia Cemetery,,7/1/2025 16:11,Union County,,,623ee838-4d7f-4c11-90e2-aaefbed310ba,7/1/2025 16:11,112138.4224,1382.021002
22104,RECREATION,C.Ray Buck Sports Park,Grandview Heights,FRA,REC,Public,4.73514255,C.Ray Buck Sports Park,103,7/1/2025 16:11,, ,C.Ray Buck Sports Park,b9f8d3d6-46d4-4daa-9761-7324b7d0fa74,7/1/2025 16:11,206262.8099,1876.584763
23175,PARK,Calamus Swamp,Township,PIC,PR,Public,27.89862307,Calamus Swamp,,7/1/2025 16:11,,,Calamus Swamp,57ff5fd1-e26d-4fe8-8b76-90bd81ccdd9c,7/1/2025 16:11,1215264.021,4504.857325
25589,CEMETERY,Caldwell Cemetery,Township,ROS,CEM,Public,6.3191406,Caldwell Cemetery,,7/1/2025 16:11,Google Maps,,,648de4b7-c25c-47c6-839a-1e60287765c1,7/1/2025 16:11,275261.7646,2143.147247
25849,CEMETERY,Caldwell Farm Cemetery,Township,PIC,CEM,Private,0.24831836,Caldwell Farm Cemetery,,7/1/2025 16:11,Google Maps,,,0807e004-1e7e-4c4a-81d8-9939f589ec71,7/1/2025 16:11,10816.74768,389.0033082
23362,CEMETERY,Caledonia Cemetery,Caledonia,MAR,CEM,Public,0.54303988,Caledonia Cemetery,,7/1/2025 16:11,Marion parcels,,,da4db0e3-ef30-4f2a-a8ab-68d38ccaed88,7/1/2025 16:11,23654.81714,663.2444278
23393,CEMETERY,Caledonia Cemetery,Township,MAR,CEM,Public,18.51457426,Caledonia Cemetery,,7/1/2025 16:11,Marion parcels,,,54865537-d471-4050-a957-0045dad72b47,7/1/2025 16:11,806494.8549,4262.511061
23363,GREEN SPACE,Caledonia Wildlife Area,Township,MAR,W,Public,5.35723824,,,7/1/2025 16:11,Marion parcels,,,bdf60399-0d5f-4bfc-b92c-3ab3e390e886,7/1/2025 16:11,233361.2974,2628.807437
23364,GREEN SPACE,Caledonia Wildlife Area,Township,MAR,W,Public,27.13167105,,,7/1/2025 16:11,Marion parcels,,,41e1bfae-4d38-4136-ba57-0f846309093c,7/1/2025 16:11,1181855.59,6630.979158
24163,CEMETERY,Calvery Cemetery ,Bellefontaine,LOG,CEM,Public,9.67466193,Calvery Cemetery ,,7/1/2025 16:11,Logan County Parcels,,Calvery Cemetery ,3aaa7b9a-16e1-4a43-a457-8a660e8d5506,7/1/2025 16:11,421428.2738,2779.974628
24740,GREEN SPACE,CAMP CHASE 500 GEORGESVILLE RD,Township,FRA,NOS,Public,0.02784402,,,7/1/2025 16:11,Columbus Park Boundaries,,,700a3d13-1da0-42a5-a648-ce521070fb17,7/1/2025 16:11,1212.885376,354.7969887
23083,CEMETERY,Camp Chase Confederate,Columbus,FRA,CEM,Public,1.44911859,Camp Chase Confederate,,7/1/2025 16:11,,,,8c036d5d-4682-4903-b69e-177a0c59cfb6,7/1/2025 16:11,63123.60547,1181.887485
23461,PARK,Camp Chase Trail,Township,MAD,SPU,Public,4.25899132,Camp Chase Trail,,7/1/2025 16:11,Metro Parks,,,fe09dd5d-4c7b-425c-9371-82a8c9f10c43,7/1/2025 16:11,185521.6619,13478.13207
24191,PARK,Camp Chase Trail,Township,MAD,REC,Public,12.12103009,Camp Chase Trail,,7/1/2025 16:11,,,Camp Chase Trail,9b3fa5e5-e1b4-468f-a4e4-afbcf99fb159,7/1/2025 16:11,527992.071,13383.26936
24196,PARK,Camp Chase Trail,Township,MAD,REC,Public,21.77415296,Camp Chase Trail,,7/1/2025 16:11,,,Camp Chase Trail,663f6ab6-feb9-49b3-b72f-d737de0311ea,7/1/2025 16:11,948482.1027,22084.91638
22358,RECREATION,Camp Lazarus Bsa,Township,DEL,SPU,Private,331.8304271,Camp Lazarus BSA,104,7/1/2025 16:11,DALIS,Camp Lazarus BSA,Camp Lazarus BSA,33847647-88c7-46aa-9c52-15520e833859,7/1/2025 16:11,14454533.41,18226.60974
24910,RECREATION,Camp Lazarus Bsa,Township,DEL,SPU,Private,9.08530493,Camp Lazarus BSA,,7/1/2025 16:11,ODNR Lands,,,49d8aaaf-752f-43c5-b183-8c03288b7c94,7/1/2025 16:11,395755.8831,3639.80832
23237,RECREATION,Camp Mary Orton,Township,FRA,SPU,Private,62.99811387,Camp Mary Orton,,7/1/2025 16:11,FCEO,Camp Mary Orton,Camp Mary Orton,f1350216-215a-4abc-a516-e38eed7734ad,7/1/2025 16:11,2744197.84,7751.279934
25566,PARK,Camp Sherman Memorial Park,Township,ROS,C,Public,12.81653103,Camp Sherman Memorial Park,,7/1/2025 16:11,Google Maps,,Camp Sherman Memorial Park,b2cc6544-2945-47d3-a23f-ae238c34d368,7/1/2025 16:11,558288.0917,3917.5745
25429,CEMETERY,Campbell Cemetery,Township,KNO,CEM,Public,0.55763467,Campbell Cemetery,,7/1/2025 16:11,Google Maps,,,8661677e-d930-492c-ad5d-a2941a713d5d,7/1/2025 16:11,24290.56616,644.1396772
22002,PARK,Campden Lakes Park,Dublin,FRA,N,Public,11.06794456,Campden Lakes Park,105,7/1/2025 16:11,Dublin, ,Campden Lakes Park,22c9657c-2ba7-4710-bff8-00674f8a1985,7/1/2025 16:11,482119.6654,3585.148204
25309,CEMETERY,Canaan Cemetery,Township,MAR,CEM,Public,0.52821628,Canaan Cemetery,,7/1/2025 16:11,Google Maps,,,c607af27-de51-4fd7-90b4-0bd05e11f02b,7/1/2025 16:11,23009.10132,607.746239
23561,PARK,Canal Park,Hebron,LIC,N,Public,5.32514771,Canal Park,,7/1/2025 16:11,Licking County GIS file,,Canal Park,771ca6ad-7fe3-456b-8ff0-c57cdaeaf543,7/1/2025 16:11,231963.4344,2062.001423
24042,PARK,Canal Park & Trail,Township,PIC,C,Public,16.74212053,Canal Park & Trail,,7/1/2025 16:11,Pickaway County,,Canal Park & Trail,f8e3ef8e-991c-4031-8b33-00209fbeebb0,7/1/2025 16:11,729286.77,5152.418173
24043,PARK,Canal Park & Trail,Township,PIC,C,Public,2.09313479,Canal Park & Trail,,7/1/2025 16:11,Pickaway County,,,3b73a3fb-8619-497b-8068-5fd8ca7a1bc4,7/1/2025 16:11,91176.95142,1219.052399
22113,PARK,Canal Winchester Municipal Pool,Canal Winchester,FRA,N,Public,4.49978445,Canal Winchester Municipal Pool,494,7/1/2025 16:11,, ,,a9ae5fd9-5b2c-400f-a000-5ce47335544f,7/1/2025 16:11,196010.6105,3265.935682
22052,PARK,Canini Park,Columbus,FRA,N,Public,1.50571991,Canini Park,106,7/1/2025 16:11,Columbus, ,,f5e9c2e0-f60b-4fc6-8a88-78a85b35805a,7/1/2025 16:11,65589.15906,1123.373345
23444,PARK,Cannongate Alum Creek Parkland,Columbus,FRA,CON,Public,4.0236723,Cannongate Alum Creek Parkland,,7/1/2025 16:11,Columbus,,,58217d22-bde8-409a-b879-03d740384d2a,7/1/2025 16:11,175271.1658,3765.053549
24105,PARK,Cantwell Clifs,Rockbridge,HOC,STATE,Public,1058.083102,Cantwell Clifs,,7/1/2025 16:11,Hocking Parcels ,Cantwell Clifs,Cantwell Clifs,9eefa2f4-86e3-40a5-a739-0beebec290b7,7/1/2025 16:11,46090099.91,45813.80631
25104,GREEN SPACE,Caplestone Lane Open Space,Dublin,FRA,NOS,Public,0.84763465,,,7/1/2025 16:11,MORPC Standardized ELU 2021,,,5cf1d764-7721-44b2-8f88-b2ddaf5fb2b2,7/1/2025 16:11,36922.96537,764.4613421
25703,CEMETERY,Carbon Hill Cemetery,Township,HOC,CEM,Public,10.06420573,Carbon Hill Cemetery,,7/1/2025 16:11,Google Maps,,,39ed229b-6b2c-4219-b66b-69d92649bf4f,7/1/2025 16:11,438396.8015,2786.785916
25704,CEMETERY,Carbon Hill Cemetery,Township,HOC,CEM,Public,0.34477757,Carbon Hill Cemetery,,7/1/2025 16:11,Google Maps,,,c518877b-e152-42ff-9251-38e56d55082d,7/1/2025 16:11,15018.51086,620.30851
22167,PARK,Cardiff Woods Park,Upper Arlington,FRA,N,Public,1.91728783,Cardiff Woods Park,107,7/1/2025 16:11,, ,,ee5cdef2-5306-4743-8011-bcc642290c54,7/1/2025 16:11,83517.05811,1156.779653
24836,RECREATION,Cardington Lincoln Swimming Pool,Cardington,MRW,REC,Public,1.14628846,Cardington Lincoln Swimming Pool,,7/1/2025 16:11,MORPC Standardized ELU 2021,,,5534e099-0c0a-4366-98b9-0dbc0ff42bc9,7/1/2025 16:11,49932.3252,900.3044576
24837,RECREATION,Cardington Lincoln Swimming Pool,Cardington,MRW,REC,Public,0.90451479,Cardington Lincoln Swimming Pool,,7/1/2025 16:11,MORPC Standardized ELU 2021,,,8534d5cb-f69a-4266-8cb1-199121db44e0,7/1/2025 16:11,39400.66431,795.5825157
24838,RECREATION,Cardington Lincoln Swimming Pool,Cardington,MRW,REC,Public,0.06404334,Cardington Lincoln Swimming Pool,,7/1/2025 16:11,MORPC Standardized ELU 2021,,,25d98ba7-e1cb-46ed-9b23-e2312b76e85e,7/1/2025 16:11,2789.727661,579.9959843
24841,RECREATION,Cardington Village Soccer Fields,Cardington,MRW,REC,Public,2.42376325,Cardington Village Soccer Fields,,7/1/2025 16:11,MORPC Standardized ELU 2021,,,f8969a8b-7a66-45ab-8dba-515dfce2d3ff,7/1/2025 16:11,105579.1273,1358.636209
24842,RECREATION,Cardington Village Soccer Fields,Cardington,MRW,REC,Public,2.33661983,Cardington Village Soccer Fields,,7/1/2025 16:11,MORPC Standardized ELU 2021,,,f5728360-ec7a-4640-9a71-575aa48074a0,7/1/2025 16:11,101783.1598,1324.916528
24843,RECREATION,Cardington Village Soccer Fields,Cardington,MRW,REC,Public,1.62165903,Cardington Village Soccer Fields,,7/1/2025 16:11,MORPC Standardized ELU 2021,,,6060a7e3-dcfb-4301-9eca-d26265d9de3d,7/1/2025 16:11,70639.46741,1196.331714
24844,RECREATION,Cardington Village Soccer Fields,Cardington,MRW,REC,Public,1.60745801,Cardington Village Soccer Fields,,7/1/2025 16:11,MORPC Standardized ELU 2021,,,cad81e67-b860-4ec6-a3ec-c3704d2b09c6,7/1/2025 16:11,70020.87085,1194.686442
24845,RECREATION,Cardington Village Soccer Fields,Cardington,MRW,REC,Public,0.42047271,Cardington Village Soccer Fields,,7/1/2025 16:11,MORPC Standardized ELU 2021,,,42c605e6-6c1c-41d6-9f00-f1c48c6d73b9,7/1/2025 16:11,18315.79114,959.2145872
24846,RECREATION,Cardington Village Soccer Fields,Cardington,MRW,REC,Public,0.39277092,Cardington Village Soccer Fields,,7/1/2025 16:11,MORPC Standardized ELU 2021,,,62bad0c9-139a-4369-834f-5a11e6ba365a,7/1/2025 16:11,17109.1012,924.603106
22728,CEMETERY,Carlisle,Columbus,FRA,CEM,Public,0.51043578,Carlisle,,7/1/2025 16:11,,,,eb3a5e40-c50c-40f2-8cfe-1cf7328527f5,7/1/2025 16:11,22234.58264,596.856705
25468,CEMETERY,Carmean Cemetery,Township,FAY,CEM,Private ,0.07915151,Carmean Cemetery,,7/1/2025 16:11,Google Maps,,,bfdbf854-dad6-4140-b456-aaeafaf679bf,7/1/2025 16:11,3447.839661,270.9551645
22483,PARK,Caroway Reserve,Gahanna,FRA,NOS,Public,1.18818072,Caroway Reserve,108,7/1/2025 16:11,Gahanna,,,961e9913-458f-4ba5-a9c3-eb871c2cf792,7/1/2025 16:11,51757.15222,1156.671746
25099,GREEN SPACE,Carpenter Road Open Space,Gahanna ,FRA,NOS,Private,1.23640767,,,7/1/2025 16:11,MORPC Standardized ELU 2021,,,946057a2-189d-4f2a-9823-5696d918a344,7/1/2025 16:11,53857.91785,929.329019
22019,PARK,Carriage Place Park,Columbus,FRA,C,Public,12.95644742,Carriage Place Park,109,7/1/2025 16:11,Columbus, ,Carriage Place Park,742b2e28-703d-492a-800d-f0877c6a5f0e,7/1/2025 16:11,564382.8494,3190.865261
22666,PARK,Carson Farms Park,Delaware City,DEL,N,Public,6.60528516,Carson Farms Park,110,7/1/2025 16:11,Delaware City,,Carson Farms Park,961a145a-9e2d-4235-be5e-e4bfec71a29a,7/1/2025 16:11,287726.2222,3117.791136
24092,PARK,Carter Park,Bellefontaine ,LOG,C,Public,61.27889582,Carter Park,,7/1/2025 16:11,google maps/orthos,,Carter Park,3e533a23-6e74-4d72-96f3-0f365f5d3fa0,7/1/2025 16:11,2669308.702,8711.903658
24216,PARK,Case Road Parkland,Columbus,FRA,PRES,Public,58.04510194,Case Road Parkland,,7/1/2025 16:11,Columbus,,,97acf761-3b96-47a3-a151-54cff7863f35,7/1/2025 16:11,2528444.641,6367.710212
24237,PARK,Cassady Park,Columbus,FRA,N,Public,0.58188557,Cassady Park,,7/1/2025 16:11,,,,1da64e45-316b-40b5-86f9-497d15fb14b8,7/1/2025 16:11,25346.93555,1324.105764
24238,PARK,Cassady Park,Columbus,FRA,N,Public,1.46821509,Cassady Park,,7/1/2025 16:11,,,,5f2a34c6-954f-4915-90ab-b1d4db626ef2,7/1/2025 16:11,63955.44922,1155.42373
24512,PARK,Cassady Park,Columbus,FRA,C,Public,4.10195602,Cassady Park,,7/1/2025 16:11,Columbus,,,1a4a0382-8693-4c50-a272-44c7cc5843f1,7/1/2025 16:11,178681.2043,3259.891354
22077,PARK,Casto Park,Columbus,FRA,C,Public,33.89886867,Casto Park,112,7/1/2025 16:11,Columbus,Casto Park,Casto Park,5f98bf72-552c-44b6-9fd6-2e1d2840f08c,7/1/2025 16:11,1476634.72,5170.376779
22440,PARK,Catalpa Park,Columbus,FRA,NOS,Public,13.42087721,Catalpa Park,113,7/1/2025 16:11,Columbus,,,4b55fc6e-8a4a-40cb-96c6-49813edd7633,7/1/2025 16:11,584613.4111,3505.580465
24848,PARK,Cedar Fork Park,Township,MRW,C,Public,1.92562882,Cedar Fork Park,,7/1/2025 16:11,MORPC Standardized ELU 2021,,,50de6d16-ad7e-4e66-930f-9fe839d4ee9a,7/1/2025 16:11,83880.39136,1315.208445
24849,PARK,Cedar Fork Park,Township,MRW,C,Public,2.17249155,Cedar Fork Park,,7/1/2025 16:11,MORPC Standardized ELU 2021,,,d7f404ee-f8f0-4c99-846c-6d5df1912ba6,7/1/2025 16:11,94633.73157,1453.788427
24850,PARK,Cedar Fork Park,Township,MRW,C,Public,17.60825041,Cedar Fork Park,,7/1/2025 16:11,MORPC Standardized ELU 2021,,Cedar Fork Park,b8fa93fb-fb47-43f1-89dd-af3f3c63b294,7/1/2025 16:11,767015.3882,4320.373042
25997,CEMETERY,Cedar Hill Cemetery,Township,LIC,CEM,Public,93.08898724,Cedar Hill Cemetery,,7/1/2025 16:11,Existing Land Use 2021,,,85012c5e-aeb4-439a-97cb-0f8c5d05208f,7/1/2025 16:11,4054956.285,9270.514782
24375,PARK,Cedar Run Park,Columbus,FRA,N,Public,13.3701573,Cedar Run Park,,7/1/2025 16:11,,,Cedar Run Park,032c5d5a-b887-42c3-bbf5-c16c6d748bac,7/1/2025 16:11,582404.0508,7538.710588
22618,PARK,Cedarlen Park,Lancaster,FAI,C,Public,15.39449893,Cedarlen Park,114,7/1/2025 16:11,Fairfield County,,Cedarlen Park,c4a81688-2144-49c4-8d18-f5a509879ed6,7/1/2025 16:11,670584.3735,3499.358637
22782,CEMETERY,Cemetery,Township,FAI,CEM,Public,0.10614021,Cemetery,,7/1/2025 16:11,Fairfield County,,,165427cc-4f3a-4d77-95a9-cf488d7d713a,7/1/2025 16:11,4623.467407,275.8911373
23075,CEMETERY,Cemetery,Gahanna,FRA,CEM,Public,0.77753965,Cemetery,,7/1/2025 16:11,,,,84e82b59-d0e9-4f91-991c-a62cb980bd3e,7/1/2025 16:11,33869.62732,739.8796428
23076,CEMETERY,Cemetery,Township,FRA,CEM,Public,0.97251161,Cemetery,,7/1/2025 16:11,,,,61a72bbb-d533-44cf-8efb-b6455d75a804,7/1/2025 16:11,42362.60571,913.7241965
23077,CEMETERY,Cemetery,Township,LIC,CEM,Public,4.45605223,Cemetery,,7/1/2025 16:11,,,,924daccc-2672-4380-81a1-2874b30e7c31,7/1/2025 16:11,194105.6354,2057.068775
23078,CEMETERY,Cemetery,Township,DEL,CEM,Public,1.21333839,Cemetery,,7/1/2025 16:11,ODNR,,,b882c1de-d769-453f-9bb1-177785f518fc,7/1/2025 16:11,52853.02014,987.3207694
23079,CEMETERY,Cemetery,Township,FRA,CEM,Public,0.16709835,Cemetery,,7/1/2025 16:11,,,,4f7e34bc-c179-4e10-b813-6cc6fa88cbd8,7/1/2025 16:11,7278.803955,345.2663824
25761,CEMETERY,Cemetery,Township,PER,CEM,Public,9.80220907,Cemetery,,7/1/2025 16:11,Google Maps,,,ffd1196f-a2b8-456f-97a6-3f17ea9c10b6,7/1/2025 16:11,426984.2269,2594.935502
23321,CEMETERY,Cemetery (Twp) Trustees,Township,KNO,CEM,Public,1.99695877,Cemetery (Twp) Trustees,,7/1/2025 16:11,Knox,,,7da382e7-8114-49f6-b402-c3f0d78abc69,7/1/2025 16:11,86987.52405,1348.726854
23327,CEMETERY,Cemetery Miller Twp,Township,KNO,CEM,Public,4.43156419,Cemetery Miller Twp,,7/1/2025 16:11,Knox,,,311ed0b1-06a8-4c24-82ff-4c3f66e157e9,7/1/2025 16:11,193038.9362,2018.813057
23923,CEMETERY,Cemetery On Della Phillips,Township,PIC,CEM,Public,1.39599349,Cemetery On Della Phillips,,7/1/2025 16:11,Pickaway parcels,,,0c1fd25b-02e4-4411-8d31-661ad14d08c8,7/1/2025 16:11,60809.47656,1013.882093
24183,PARK,Cemetery Road Open Space,Township,MAD,C,Public,153.0638252,Cemetery Road Open Space,,7/1/2025 16:11,ODNR,,Cemetery Road Open Space,bc7cf1dc-6242-4758-ab4f-647812329fcb,7/1/2025 16:11,6667460.224,16517.11322
24185,PARK,Cemetery Road Open Space,West Jefferson,MAD,C,Public,18.99243439,Cemetery Road Open Space,,7/1/2025 16:11,ODNR,,Cemetery Road Open Space,b729afc3-bf66-494c-864a-1352186f8ff9,7/1/2025 16:11,827310.4421,4451.140187
22626,PARK,Cenci Park,Lancaster,FAI,N,Public,2.84290791,Cenci Park,115,7/1/2025 16:11,Fairfield County,,,3ab6f38f-79db-4daa-90ac-dd782835671f,7/1/2025 16:11,123837.0688,2020.377498
22627,PARK,Cenci Park,Lancaster,FAI,C,Public,13.33794902,Cenci Park,115,7/1/2025 16:11,Fairfield County,,Cenci Park,aa813957-5118-480d-ac3c-734437fb78f2,7/1/2025 16:11,581001.0593,3813.148594
25641,CEMETERY,Centenary Cemetery,Township,HOC,CEM,Private,0.61058247,Centenary Cemetery,,7/1/2025 16:11,Google Maps,,,d607d163-1e83-46c7-99ff-131448188079,7/1/2025 16:11,26596.97229,679.0302766
22992,CEMETERY,Center Village Cemetery,Township,DEL,CEM,Public,0.5389822,Center Village Cemetery,,7/1/2025 16:11,,,,89a3ab60-f597-4824-bdcd-ce07ce67bebf,7/1/2025 16:11,23478.0647,613.2673054
22738,CEMETERY,Central Blendon (Old Church Pioneer),Blendon Township,FRA,CEM,Public,15.39564986,Central Blendon (Old Church Pioneer),,7/1/2025 16:11,,,Central Blendon (Old Church Pioneer),17e8fc67-d616-458b-8e15-71579457bc96,7/1/2025 16:11,670634.5081,3303.466099
23907,PARK,Central Park,Marysville,UNI,C,Public,55.25462344,Central Park,,7/1/2025 16:11,Union County,,Central Park,8ce13913-e3a6-40db-bf6e-9e6b638aca8a,7/1/2025 16:11,2406891.398,7667.307765
23762,PARK,Central Park Reserve,Gahanna,FRA,NOS,Public,13.58573907,Central Park Reserve,,7/1/2025 16:11,Gahanna,,,60949799-930b-4ff5-b116-b92f4b7fa958,7/1/2025 16:11,591794.7933,6059.630764
23763,PARK,Central Park Reserve,Gahanna,FRA,NOS,Public,8.31481095,Central Park Reserve,,7/1/2025 16:11,Gahanna,,,d727f33e-998e-4afc-a803-039d7224a56f,7/1/2025 16:11,362193.1653,4952.30152
23884,PARK,Central Park Reserve,Gahanna,FRA,NOS,Public,0.49395048,Central Park Reserve,,7/1/2025 16:11,Gahanna,,,874f8190-6e3c-45a3-9426-64565dbf988d,7/1/2025 16:11,21516.48303,883.7628609
22451,PARK,Certified Oil Parkland,Columbus,FRA,CON,Public,9.06633007,Certified Oil Parkland,116,7/1/2025 16:11,Columbus, ,Certified Oil Parkland,0a8002db-e774-4748-ab88-69a0e859a751,7/1/2025 16:11,394929.3378,2952.050891
23990,CEMETERY,Challer Cemetery,Township,LIC,CEM,Public,0.96358721,Challer Cemetery,,7/1/2025 16:11,Licking Co Parcels,,,f4276651-734b-45b3-b250-da68e6a3281d,7/1/2025 16:11,41973.85901,819.2077006
26035,Park,Chambers Circle Open Space,Clinton Twp,FRA,C,Public,0.86785506,Chambers Circle Open Space,,7/1/2025 16:11,,,,3fd4ecd4-bfe7-41f2-bf77-fa3ac564aa4d,7/1/2025 16:11,37803.76647,833.1748724
23623,GREEN SPACE,Chambers Open Space,Dublin,FRA,NOS,Public,0.82989997,,,7/1/2025 16:11,Dublin,,,8551601d-9515-4aec-9e54-71527aff53bc,7/1/2025 16:11,36150.44275,764.7835405
24053,PARK,Champion Avenue Park,Columbus,FRA,N,Public,1.68451328,Champion Avenue Park,,7/1/2025 16:11,Columbus,,,f1a42d22-7996-415a-ad9f-7cc35a6c2fcf,7/1/2025 16:11,73377.39844,1099.412108
22257,GOLF,Champions Of Columbus,Columbus,FRA,GOLF,Public,208.5579751,Champions Of Columbus,117,7/1/2025 16:11,Columbus,,Champions Of Columbus,aa513ed6-735a-4d45-8ae1-b46e0903c9e1,7/1/2025 16:11,9084785.395,16073.01207
25278,CEMETERY,Chapel Cemetery,Township,MAR,CEM,Public,0.51596731,Chapel Cemetery,,7/1/2025 16:11,Google Maps,,,442b9228-5ef3-4516-9b73-a5a7835788ff,7/1/2025 16:11,22475.53601,603.6796997
23394,CEMETERY,Chapel Heights Memory Gardens,Township,MAR,CEM,Public,71.81955708,Chapel Heights Memory Gardens,,7/1/2025 16:11,Marion parcels,,,543f0f4b-1a0c-4d60-9805-d28ff604541d,7/1/2025 16:11,3128459.906,7116.086337
25817,CEMETERY,Chapel Hill Cemetery,Township,PER,CEM,Public,0.48366608,Chapel Hill Cemetery,,7/1/2025 16:11,Google Maps,,,67c7ca35-0bd3-489c-9653-b1a422008b1d,7/1/2025 16:11,21068.49426,595.2134222
25818,CEMETERY,Chapel Hill Cemetery,Township,PER,CEM,Public,1.03417222,Chapel Hill Cemetery,,7/1/2025 16:11,Google Maps,,,9cf5eef5-17ed-4554-8e57-97ace86194df,7/1/2025 16:11,45048.54211,852.303792
23292,GOLF,Chapel Hill Golf,Township,KNO,GOLF,Public,195.496531,Chapel Hill Golf,,7/1/2025 16:11,orthos,,Chapel Hill Golf,7d2a6ea2-2c9d-4e8d-9c0a-02b13a9d8eef,7/1/2025 16:11,8515828.889,26055.5839
25369,GREEN SPACE,Chapman Memorial Field,Township,KNO,PRES,Public,5.17690455,,,7/1/2025 16:11,Google Maps,,,196bf9e6-27d5-4873-9460-73da6b5cd5c0,7/1/2025 16:11,225505.9618,2005.833936
25368,GREEN SPACE,Chapman Memorial Fields,Township,KNO,PRES,Public,32.23856326,,,7/1/2025 16:11,Google Maps,,,7c1ed8a7-a029-4ab7-bf1e-55597bfe8887,7/1/2025 16:11,1404311.816,8103.309277
26037,Park,Charing Ravine Park,Upper Arlington,FRA,C,Public,1.78898009,Charing Ravine Park,,7/1/2025 16:11,,,,bac065bb-7198-49d1-937c-0deac077ef26,7/1/2025 16:11,77927.973,1185.377436
25603,CEMETERY,Charleston Cemetery,Township,ROS,CEM,Public,0.57006938,Charleston Cemetery,,7/1/2025 16:11,Google Maps,,,37a1db34-6e92-407f-9313-a064529b5ee9,7/1/2025 16:11,24832.22223,669.6239683
25604,CEMETERY,Charleston Cemetery,Township,ROS,CEM,Public,2.08933028,Charleston Cemetery,,7/1/2025 16:11,Google Maps,,,a264858e-89aa-4db8-9596-99bc8e146c41,7/1/2025 16:11,91011.22687,1262.64571
25605,CEMETERY,Charleston Cemetery,Township,ROS,CEM,Public,0.24657434,Charleston Cemetery,,7/1/2025 16:11,Google Maps,,,1b2bf5ff-976d-4a10-92ea-0fdea0a06f11,7/1/2025 16:11,10740.7785,621.0420694
25606,CEMETERY,Charleston Cemetery,Township,ROS,CEM,Public,0.70302565,Charleston Cemetery,,7/1/2025 16:11,Google Maps,,,fd3059d9-9d4c-4449-91a3-deed50332c3b,7/1/2025 16:11,30623.79712,723.000565
23284,PARK,Charleston Pike Open Space,Township,ROS,C,Public,56.64028906,Charleston Pike Open Space,,7/1/2025 16:11,Ross LU,,Charleston Pike Open Space,290719ff-08fe-4c1d-b201-41627a8cec7b,7/1/2025 16:11,2467250.991,9967.650664
22292,PARK,Char-Mar Ridge Preserve,Township,DEL,PR,Public,7.2412821,Char-Mar Ridge Preserve,118,7/1/2025 16:11,DALIS, ,Char-Mar Ridge Preserve,10553e28-a71f-45ef-8ef8-eaaedf80e159,7/1/2025 16:11,315430.2487,3485.849876
22696,PARK,Char-Mar Ridge Preserve,Township,DEL,PR,Public,140.6772479,Char-Mar Ridge Preserve,118,7/1/2025 16:11,DALIS,Char-Mar Ridge Preserve,Char-Mar Ridge Preserve,bf43163e-95ce-41b1-83c4-1aed54db33d0,7/1/2025 16:11,6127900.917,16672.40792
22036,PARK,Chaseland Park,Columbus,FRA,N,Public,3.80395078,Chaseland Park,120,7/1/2025 16:11,Columbus, ,,ca8fc23c-eeb9-4ca9-8fc3-137002de5664,7/1/2025 16:11,165700.0962,2533.045171
23392,PARK,Chateau Park ,Marion,MAR,N,Public,2.65936804,Chateau Park,,7/1/2025 16:11,Marion parcels,,,7cd8d322-34fc-4def-85d9-f7f0eb4bff39,7/1/2025 16:11,115842.0721,1587.414586
24067,PARK,Chatterton Brice Parkland,Columbus,FRA,PRES,Public,10.75682018,Chatterton Brice Parkland,,7/1/2025 16:11,Columbus,,,9b5a3144-f940-4c86-bd9c-22d699449943,7/1/2025 16:11,468567.0873,3034.996124
22524,PARK,Chatterton Parkland,Columbus,FRA,PRES,Public,38.23734493,Chatterton Parkland,121,7/1/2025 16:11,Columbus,,,a58a3a51-b6f8-4d09-b73f-d93409b65772,7/1/2025 16:11,1665618.745,8361.023334
25095,GREEN SPACE,Chatterton Road Open Space,Columbus,FRA,NOS,Public,8.02815118,,,7/1/2025 16:11,MORPC Standardized ELU 2021,,,551ba86e-26f0-407d-8d59-b8dbaf3cf110,7/1/2025 16:11,349706.2657,2393.176838
23951,CEMETERY,Chenney Cemetery,Jackson Twp,UNI,CEM,Public,0.37107852,Chenney Cemetery,,7/1/2025 16:11,,,,26320bfc-0b99-46df-b901-18612c5b4a74,7/1/2025 16:11,16164.18066,619.4715741
23084,CEMETERY,Chenoweth,Township,FRA,CEM,Public,0.9461284,Chenoweth,,7/1/2025 16:11,,,,c1d500e6-78f2-41d5-8a68-309eac0bc063,7/1/2025 16:11,41213.35315,826.9297453
25098,GREEN SPACE,Cheriton Circle Open Space,Reynoldsburg,FRA,NOS,Public,0.75542079,,,7/1/2025 16:11,MORPC Standardized ELU 2021,,,c7774810-fad5-4d93-999a-60ba8018c1ef,7/1/2025 16:11,32906.12976,788.5200661
24121,GOLF,Cherokee Hills Golf,Bellefontaine,LOG,GOLF,Public,169.3341547,Cherokee Hills Golf,,7/1/2025 16:11,Logan County Parcel data,,Cherokee Hills Golf,1fa72d8b-8831-45a1-aff5-3fdc418e0e5f,7/1/2025 16:11,7376195.778,10941.35023
25058,GREEN SPACE,Cherry Landing Open Space,Canal Winchester,FRA,NOS,Public,6.4326058,,,7/1/2025 16:11,MORPC Standardized ELU 2021,,,169267df-7a79-4007-abba-ff0d0c4f57ba,7/1/2025 16:11,280204.3079,3903.004432
25059,GREEN SPACE,Cherry Landing Open Space,Canal Winchester,FRA,NOS,Public,8.26342339,,,7/1/2025 16:11,MORPC Standardized ELU 2021,,,1c19f9cb-4850-4596-af05-0bb845a6569b,7/1/2025 16:11,359954.7229,4151.781495
25060,GREEN SPACE,Cherry Landing Open Space,Canal Winchester,FRA,NOS,Public,1.30076572,,,7/1/2025 16:11,MORPC Standardized ELU 2021,,,1f72a17f-942b-4dfc-a959-e0cfcae546e3,7/1/2025 16:11,56661.35425,894.8557783
23697,PARK,Cherrybottom Clean Ohio,Columbus,FRA,CON,Public,1.90057401,Cherrybottom Clean Ohio,123,7/1/2025 16:11,Columbus,,,05837778-2414-4509-884b-b636abd0e8c9,7/1/2025 16:11,82789.00378,1396.966568
22526,PARK,Cherrybottom Park North,Columbus,FRA,R,Public,92.92141341,Cherrybottom Park,122,7/1/2025 16:11,Columbus,Cherrybottom Park,Cherrybottom Park,5b3bde99-dc2c-4941-9935-0b615717920f,7/1/2025 16:11,4047656.768,13897.91611
22664,PARK,Cheshire Road Park,Delaware City,DEL,N,Public,4.66122523,Cheshire Road Park,124,7/1/2025 16:11,Delaware City,,,f412a03e-0373-4b8f-8dc8-ca0526690635,7/1/2025 16:11,203042.9708,1923.325488
25046,GREEN SPACE,Chestnut Lane Open Space,Township,FAI,NOS,Public,0.8770776,,,7/1/2025 16:11,MORPC Standardized ELU 2021,,,9663cbd5-1df9-49c3-b7ca-02d396b751c7,7/1/2025 16:11,38205.50024,898.4926831
22695,PARK,Chestnut Ridge Metro Park,Township,FAI,M,Public,486.4215548,Chestnut Ridge Metro Park,125,7/1/2025 16:11,Metro Parks,Chestnut Ridge Metro Park,Chestnut Ridge Metro Park,73b0e691-254c-4109-a946-9711d04b8f0c,7/1/2025 16:11,21188522.93,22908.34593
25040,PARK,Chevington Woods Pool,Township,FAI,N,Public,2.88956291,Chevington Woods Pool,,7/1/2025 16:11,MORPC Standardized ELU 2021,,,88168d56-5f39-4dad-a18b-2f83be84b4c3,7/1/2025 16:11,125869.3611,1702.119307
25024,GREEN SPACE,Chickasaw Drive Open Space,Township,MAD,NOS,Public,0.84865485,,,7/1/2025 16:11,MORPC Standardized ELU 2021,,,f59c3692-1478-4df0-82ac-d98b63299f38,7/1/2025 16:11,36967.40503,815.1514177
23283,GOLF,Chillicothe Country Club,Chillicothe,ROS,GOLF,Public,91.09416139,Chillicothe Country Club,,7/1/2025 16:11,Ross LU,,Chillicothe Country Club,c5245c51-b13d-48e3-8818-20e563521205,7/1/2025 16:11,3968061.67,10209.79744
23277,GOLF,Chillicothe Jaycee Public Golf Course,Township,ROS,GOLF,Public,159.6252844,Chillicothe Jaycee Public Golf Course,,7/1/2025 16:11,orthos,,,d395dcb8-261c-4593-b421-a352e27043dd,7/1/2025 16:11,6953277.39,13699.85808
23338,PARK,Chrisman Park Little League Complex,Washington Court House,FAY,N,Public,4.52255561,Chrisman Park Little League Complex,,7/1/2025 16:11,Orthos,,,ce98bbcd-fd2f-4a3c-9408-6fe92281c090,7/1/2025 16:11,197002.5225,1953.709638
23346,PARK,Christman Memorial Park,Washington Court House,FAY,C,Public,14.49607771,Christman Memorial Park,,7/1/2025 16:11,Orthos,,Christman Memorial Park,d39eda74-741c-49b2-8060-90a39ea9d461,7/1/2025 16:11,631449.145,4673.913785
22572,PARK,Christmas Rock State Nature Preserve,Township,FAI,STATE,Public,693.045084,Christmas Rock,119,7/1/2025 16:11,ODNR,Christmas Rock State Nature Preserve,Christmas Rock,b58d4cd5-a88d-4e7e-83b5-324652c2b61d,7/1/2025 16:11,30189043.86,42791.62342
24747,GREEN SPACE,CHRISTOPHER COLUMBUS SQUARE,Columbus,FRA,NOS,Public,0.05851775,,,7/1/2025 16:11,Columbus Park Boundaries,,,f854e4a5-ae13-4167-b5fc-4fd302c217c0,7/1/2025 16:11,2549.033081,281.1888208
23914,CEMETERY,Church Cemetery,Township,PIC,CEM,Public,52.14401239,Church Cemetery,,7/1/2025 16:11,Pickaway parcels,,Church Cemetery,7bd65f9d-8e14-41f0-8f88-47ad0a60214b,7/1/2025 16:11,2271393.18,7007.7266
23138,PARK,Circleville Canal Wildlife Area,Township,PIC,W,Public,24.83819977,Circleville Canal Wildlife Area,,7/1/2025 16:11,ODNR,Circleville Canal Wildlife Area,Circleville Canal Wildlife Area,75d03b60-7e85-4c63-bdd6-3e3c73819ac8,7/1/2025 16:11,1081951.982,15712.99048
23940,PARK,Circleville Canal Wildlife Area,Township,PIC,W,Public,37.26017525,Circleville Canal Wildlife Area,,7/1/2025 16:11,ODNR,,Circleville Canal Wildlife Area,e25d117d-5d77-4945-9fdc-506049f7b13e,7/1/2025 16:11,1623053.234,27601.48057
24024,PARK,Circleville Twp Park,Township,PIC,C,Public,3.80165223,Circleville Twp Park,,7/1/2025 16:11,Pickaway County,,,29d1f2d9-b1b9-475c-a182-fad5965ee9ee,7/1/2025 16:11,165599.971,1870.000062
23248,PARK,Citizen'S Park,Pataskala,LIC,N,Public,11.51186913,Citizen's Park,,7/1/2025 16:11,Pataskala,,Citizen's Park,8590e402-9451-49e1-9752-2a42c60544e7,7/1/2025 16:11,501457.0198,3867.511838
21951,PARK,City Gate Park,Columbus,FRA,N,Public,5.05090241,City Gate Park,126,7/1/2025 16:11,Columbus, ,City Gate Park,9c98d937-c270-4acc-b0be-ce0abfd24ceb,7/1/2025 16:11,220017.3086,1987.841132
24981,GREEN SPACE,City of Marion ,Marion,MAR,SPU,Public,0.08275154,,,7/1/2025 16:11,MORPC Standardized ELU 2021,,,e95b4ed3-9f75-49e7-b631-f9b0762a963f,7/1/2025 16:11,3604.65686,524.2740868
24902,PARK,CITY OF NEWARK,Newark,LIC,C,Public,1.2396565,CITY OF NEWARK,,7/1/2025 16:11,MORPC Standardized ELU 2021,,,7db23e18-8c23-4bf3-8a4e-3c1b684dcaf2,7/1/2025 16:11,53999.43774,1104.43024
22359,PARK,City Park Gazebo,Delaware City,DEL,N,Public,2.65958463,City Park Gazebo,127,7/1/2025 16:11,Delaware City, ,,b6109f6d-7c1d-439a-98e0-71de43581347,7/1/2025 16:11,115851.5066,1387.767348
22607,PARK,Civic Park,Reynoldsburg,FRA,R,Public,142.7836941,Civic Park,128,7/1/2025 16:11,,Civic Park,Civic Park,4a8612fc-d634-41ec-9644-2473a325a20f,7/1/2025 16:11,6219657.716,11654.94713
22915,CEMETERY,Claiborne Cemetery,Township,UNI,CEM,Public,22.42789317,Claiborne Cemetery,,7/1/2025 16:11,Union County,,,3ad2a3d1-27f0-4480-b33b-d1c802ba110d,7/1/2025 16:11,976959.0265,4121.031183
22916,CEMETERY,Claiborne Cemetery,Township,UNI,CEM,Public,8.01001124,Claiborne Cemetery,,7/1/2025 16:11,Union County,,,b5b10eed-f570-46c7-8ffc-a303586a9952,7/1/2025 16:11,348916.0896,2821.534541
23563,PARK,Clarence W Latham Educational Park,Hilliard,FRA,N,Public,18.82543577,Clarence W Latham Educational Park,,7/1/2025 16:11,Hilliard,,Clarence W Latham Educational Park,a7a0a171-edf5-445c-b95c-4697d781f7f5,7/1/2025 16:11,820035.9822,4296.639891
22487,PARK,Clarenton Green Park,Gahanna,FRA,C,Public,2.81692329,Clarenton Green Park,129,7/1/2025 16:11,Gahanna, ,,19e829c6-56a9-404e-8843-fbe05ebb913c,7/1/2025 16:11,122705.1785,1559.126298
22488,PARK,Clarenton Green Reserve,Gahanna,FRA,C,Public,4.32415549,Clarenton Green Reserve,129,7/1/2025 16:11,Gahanna, ,,75e1e7f9-7a98-435f-9e3b-a68edcd20a67,7/1/2025 16:11,188360.2129,1833.317845
24717,GREEN SPACE,CLARFIELD STREET ISLAND,Columbus,FRA,NOS,Public,0.19528071,,,7/1/2025 16:11,Columbus Park Boundaries,,,6321a10a-9ee0-4a32-ad51-8fd026fb88fb,7/1/2025 16:11,8506.42749,408.2409226
25324,CEMETERY,Claridon Cemetery,Township,MAR,CEM,Public,5.65225792,Claridon Cemetery,,7/1/2025 16:11,Google Maps,,,416c7d2a-21a5-4d5f-8697-74c62501baef,7/1/2025 16:11,246212.3546,2021.099802
23382,GREEN SPACE,Claridon Open Space,Township,MAR,PRES,Public,211.3002528,,,7/1/2025 16:11,Marion parcels,,,b7194f58-e338-42b4-9331-7e7a79f357d6,7/1/2025 16:11,9204239.014,14535.09197
22930,CEMETERY,Clark Cemetery,Township,UNI,CEM,Public,0.24750614,Clark Cemetery,,7/1/2025 16:11,Union County,,,c095fba4-1379-4afb-8fdd-188ca753f78f,7/1/2025 16:11,10781.36755,428.9094779
23947,GREEN SPACE,Clark Drive Open Space,Township,PIC,NOS,Public,62.34752322,,,7/1/2025 16:11,Pickaway County,,,0af06037-410d-423a-85dd-9de0acaa09c3,7/1/2025 16:11,2715858.112,12237.36656
25030,GREEN SPACE,Clark Drive Open Space,Township,PIC,NOS,Public,4.454355,,,7/1/2025 16:11,MORPC Standardized ELU 2021,,,9a019aa3-efd2-4883-ab10-ac8800658bfd,7/1/2025 16:11,194031.704,1980.376047
25031,GREEN SPACE,Clark Drive Open Space,Township,PIC,NOS,Public,5.29422802,,,7/1/2025 16:11,MORPC Standardized ELU 2021,,,98d3f84c-21e3-41cd-996f-d49ad3332df1,7/1/2025 16:11,230616.5724,1848.300604
25032,GREEN SPACE,Clark Drive Open Space,Township,PIC,NOS,Public,6.88109205,,,7/1/2025 16:11,MORPC Standardized ELU 2021,,,2c36b9bf-1737-4593-8a02-9c55619ddfc7,7/1/2025 16:11,299740.37,3497.616934
22489,PARK,Clark State Basin,Gahanna,FRA,NOS,Public,1.89262784,Clark State Basin,579,7/1/2025 16:11,Gahanna,,,58dcddf0-e5b4-4dc0-a829-2b6b9ad07454,7/1/2025 16:11,82442.8689,1127.695181
25536,RECREATION,Clarksburg Baseball Fields,Township,ROS,REC,Public,5.10720271,Clarksburg Baseball Fields,,7/1/2025 16:11,Google Maps,,,9578b052-67e4-426a-aaa8-eda3faf175b7,7/1/2025 16:11,222469.7502,2116.242016
25537,RECREATION,Clarksburg Baseball Fields,Township,ROS,REC,Public,4.05176872,Clarksburg Baseball Fields,,7/1/2025 16:11,Google Maps,,,e2d88644-775d-4683-8060-4d61c868c2cd,7/1/2025 16:11,176495.0456,1714.526172
25535,PARK,Clarksburg Park,Clarksburg,ROS,C,Public,7.52729727,Clarksburg Park,,7/1/2025 16:11,Google Maps,,Clarksburg Park,bd45e9d7-2965-4812-9b4b-feea4a88eb79,7/1/2025 16:11,327889.0689,2402.930823
25588,CEMETERY,Claypool Cemetery,Township,ROS,CEM,Private,1.65028279,Claypool Cemetery,,7/1/2025 16:11,Google Maps,,,d3207161-00a7-4611-92a6-f1130899cb4e,7/1/2025 16:11,71886.31854,1072.979466
23200,PARK,Clean Ohio Alton Parkland,Columbus,FRA,PRES,Public,43.5393461,Clean Ohio Alton Parkland,,7/1/2025 16:11,Columbus,,,b62f46b2-9fe0-43c0-ac01-65880e4aaef8,7/1/2025 16:11,1896573.916,9396.794015
24090,PARK,Clear Creek Metro Park,Township,FAI,M,Public,1986.725472,Clear Creek Metro Park,130,7/1/2025 16:11,Metro Parks,Clear Creek Metro Park,Clear Creek Metro Park,bd473c39-56ff-41ea-ba19-aff54b3a7da6,7/1/2025 16:11,86541761.55,68832.24299
24091,PARK,Clear Creek Metro Park,Township,HOC,M,Public,3514.068072,Clear Creek Metro Park,130,7/1/2025 16:11,Metro Parks,Clear Creek Metro Park,Clear Creek Metro Park,76cca3f9-3996-409c-9db6-d1dd105d4873,7/1/2025 16:11,153072805.2,92261.94038
22888,CEMETERY,Clearcreek Road Southwest Cemetery,Township,FAI,CEM,Public,0.52267455,Clearcreek Road Southwest Cemetery,,7/1/2025 16:11,Fairfield County,,,645d6171-4ff6-4d29-afd5-550a121fe080,7/1/2025 16:11,22767.70337,639.1263477
23967,PARK,Clearcreek Township,Stoutsville,FAI,N,Public,17.36794001,Clearcreek Township,,7/1/2025 16:11,,,Clearcreek Township,a396136a-c72e-4461-b4f5-6d9bdf1cd3db,7/1/2025 16:11,756547.4668,4738.729305
22645,PARK,Clearport Park,Township,FAI,N,Public,1.03105487,Clearport Park,608,7/1/2025 16:11,Fairfield County,,,d9efe531-c31d-4db6-b582-7b297f5ba048,7/1/2025 16:11,44912.74988,1116.626926
24751,GREEN SPACE,CLEVELAND STREET ISLAND,Columbus,FRA,NOS,Public,0.04201614,,,7/1/2025 16:11,Columbus Park Boundaries,,,9806d654-2e43-4a16-a73b-845915477523,7/1/2025 16:11,1830.223145,167.2681623
23917,CEMETERY,Clifton H Scott,Township,PIC,CEM,Public,1.24298216,Clifton H Scott,,7/1/2025 16:11,Pickaway parcels,,,2c928202-1980-4758-9f91-74956ddd4223,7/1/2025 16:11,54144.3028,1757.647767
23918,CEMETERY,Clifton H Scott,Township,PIC,CEM,Public,7.40225014,Clifton H Scott,,7/1/2025 16:11,Pickaway parcels,,,8c901c07-48b4-47eb-a9e9-d1999329f3b2,7/1/2025 16:11,322442.0162,2633.884872
22771,CEMETERY,Clime,Columbus,FRA,CEM,Public,0.28817514,Clime,,7/1/2025 16:11,,,,e47d996f-c0e8-4277-aa23-83da23cfa61e,7/1/2025 16:11,12552.9093,494.5458477
24078,PARK,Clinton Heights Park,Columbus,FRA,N,Public,0.60486538,Clinton Heights Park,,7/1/2025 16:11,Columbus,,,a88fdd09-fc44-4cec-b089-98ac00234005,7/1/2025 16:11,26347.93591,1441.156694
26034,Park,Clinton Twp Playground,Clinton Twp,FRA,C,Public,1.039717,Clinton Twp Playground,,7/1/2025 16:11,,,,d68246fc-5f48-4ba4-84bc-0578351572b7,7/1/2025 16:11,45290.07202,1815.506918
22232,PARK,Clinton-Como Park,Columbus,FRA,C,Public,20.73205412,Clinton-Como Park,131,7/1/2025 16:11,Columbus,Clinton-Como Park,Clinton-Como Park,87b784a3-ab4d-460b-bc76-2f6ae062ef9f,7/1/2025 16:11,903088.2781,6056.131328
22427,PARK,Clintonville Park,Columbus,FRA,N,Public,0.14293059,Clintonville Park,132,7/1/2025 16:11,Columbus, ,,155162df-675f-41b5-9422-d05e800fabfc,7/1/2025 16:11,6226.056763,365.7572278
24134,PARK,Clouse Lake Wilderness Area,Somerset,PER,W,Public,96.21936537,Clouse Lake Wilderness Area,,7/1/2025 16:11,ODNR,,Clouse Lake Wilderness Area,d01dd1f4-b36f-4de1-9f71-54af4d0b6d8a,7/1/2025 16:11,4191315.556,12202.67599
22766,CEMETERY,Clover,Columbus,FRA,CEM,Public,0.50575758,Clover,,7/1/2025 16:11,,,,24179ac4-f224-4e39-96da-a477d1305b2d,7/1/2025 16:11,22030.76697,595.7312575
22238,PARK,Clover Groff Nature Area,Columbus,FRA,CON,Public,19.52904213,Clover Groff Nature Area,62,7/1/2025 16:11,Columbus, ,Clover Groff Nature Area,48a0ebb3-811d-45b5-b495-aadf4a3723cb,7/1/2025 16:11,850684.6801,5256.616719
23870,PARK,Clover Parkland,Columbus,FRA,PRES,Public,22.50167633,Clover Parkland,134,7/1/2025 16:11,Columbus,,,2afad680-47ea-4841-9bde-0af1db9c9194,7/1/2025 16:11,980173.0211,7159.2806
22306,GOLF,Clover Valley Golf Club,Township,LIC,GOLF,Public,224.4173741,Clover Valley Golf Club,135,7/1/2025 16:11,,,Clover Valley Golf Club,386e47dc-45e7-4488-8025-69513d202700,7/1/2025 16:11,9775620.817,15163.34255
23421,PARK,Clover-Kenney Park,Columbus,FRA,CON,Public,13.90115506,Clover-Kenney Park,399,7/1/2025 16:11,Columbus,,Clover-Kenney Park,c984285d-f5a5-44eb-9795-9a5dda64a42d,7/1/2025 16:11,605534.3145,4391.359128
23803,GREEN SPACE,Cob Tail Way Open Space,Township,FRA,NOS,Public,4.02558389,,,7/1/2025 16:11,parcels,,,89b7b1ef-dab3-4c9c-8e70-dc031b9fb33e,7/1/2025 16:11,175354.4343,2036.661368
22434,PARK,Cody Park,Columbus,FRA,N,Public,0.30482559,Cody Park,116,7/1/2025 16:11,Columbus, ,,6ece5b34-45e8-4ff2-a3b1-6f28f69eaa41,7/1/2025 16:11,13278.20264,470.1724282
22148,PARK,Coffman Park,Dublin,FRA,C,Public,98.19968585,Coffman Park,137,7/1/2025 16:11,Dublin,Coffman Park,Coffman Park,21bf90eb-d666-45f8-976e-f35ecd71d514,7/1/2025 16:11,4277578.316,12833.20808
23616,PARK,Coffman Park,Dublin,FRA,C,Public,6.96806633,Coffman Park,,7/1/2025 16:11,Dublin,,Coffman Park,f3f32a0a-4c6b-4376-ac3e-3fb308798e21,7/1/2025 16:11,303528.9698,3310.21631
25474,CEMETERY,Coffman-Orr Cemetery,Township,FAY,CEM,Private,0.11832224,Coffman-Orr Cemetery,,7/1/2025 16:11,Google Maps,,,b8c57c8b-64d9-4529-a1bc-c1f47958cfc0,7/1/2025 16:11,5154.116638,341.6423439
23016,CEMETERY,Cole Cemetery,Township,DEL,CEM,Public,0.53463191,Cole Cemetery,,7/1/2025 16:11,,,,602c68fb-7856-4831-976e-92be1e3ea07f,7/1/2025 16:11,23288.56592,612.1511937
26417,PARK,COLE PARKLAND,Columbus,FRA,PRES,,,,,7/1/2025 16:11,,,,482260d6-88e4-43aa-92d2-fd410f3aa062,7/1/2025 16:11,1224206.49,5028.999433
24066,PARK,Colerain Park,Columbus,FRA,N,Public,0.64281881,Colerain Park,,7/1/2025 16:11,,,,110b4e92-f740-4444-8644-5299b6935e31,7/1/2025 16:11,28001.18677,1375.850858
22717,RECREATION,Colfax Public Fishing Lake,Township,FAI,REC,Public,72.31429539,Colfax Public Fishing Lake,,7/1/2025 16:11,Fairfield County,,,caf165e8-11c7-4195-9521-9305f4e12478,7/1/2025 16:11,3150010.707,8894.525287
25915,CEMETERY,Colins Chapel Cemetery,Township,FAI,CEM,Public,0.55347274,Colins Chapel Cemetery,,7/1/2025 16:11,Google Maps,,,cfc015ee-f9bf-4ddc-9eb3-e4f7dbe7c785,7/1/2025 16:11,24109.27246,641.8518942
22509,PARK,College Knoll Wetlands,Westerville,FRA,C,Public,13.88756034,College Knoll Wetlands,138,7/1/2025 16:11,Westerville, ,College Knoll Wetlands,829f03a1-dbe9-406f-951b-a9db6a2d8c29,7/1/2025 16:11,604942.1284,5495.448084
25890,RECREATION,College View Acres,Township,FAI,REC,Public,4.63072878,College View Acres,,7/1/2025 16:11,Google Maps,,,577bac35-af6d-41db-8410-fbe884100793,7/1/2025 16:11,201714.5454,2380.182246
25646,CEMETERY,Collison Cemetery,Township,HOC,CEM,Public,0.19858492,Collison Cemetery,,7/1/2025 16:11,Google Maps,,,4a58444d-53c8-4a2c-ac14-ccc7da0c524f,7/1/2025 16:11,8650.358826,413.4377926
22597,PARK,Colony Park,Pickerington,FAI,N,Public,3.12447528,Colony Park,139,7/1/2025 16:11,Fairfield County, ,,00a8c94f-f113-4fd2-b137-6253db2dc114,7/1/2025 16:11,136102.1439,1850.914873
23795,GREEN SPACE,Colts Neck Road Open Space,Township,FRA,NOS,Public,0.89795136,,,7/1/2025 16:11,parcels,,,dcd7819c-01d6-4ab6-ac37-5b020174ac27,7/1/2025 16:11,39114.76099,876.3309306
23797,GREEN SPACE,Colts Neck Road Open Space,Township,FRA,NOS,Public,3.63140255,,,7/1/2025 16:11,parcels,,,ea457681-15f8-4419-88f3-e56119bcf061,7/1/2025 16:11,158183.8947,2797.603144
23798,GREEN SPACE,Colts Neck Road Open Space,Township,FRA,NOS,Public,1.22075785,,,7/1/2025 16:11,parcels,,,cf41b571-4229-487d-8cee-c52f05f12122,7/1/2025 16:11,53176.21204,960.0524191
23799,GREEN SPACE,Colts Neck Road Open Space,Township,FRA,NOS,Public,3.96649014,,,7/1/2025 16:11,parcels,,,2b4fc7fb-b5bc-4cac-9fea-230d7ab86c9c,7/1/2025 16:11,172780.3104,2565.221644
23556,PARK,Columbia St Mini Park,Newark,LIC,N,Public,0.05889464,Columbia St Mini Park,,7/1/2025 16:11,Licking County GIS file,,,ed7ac72f-cb24-410b-936a-a02310cf2f0b,7/1/2025 16:11,2565.450439,267.3538503
23466,PARK,Columbus Commons,Columbus,FRA,C,Public,2.28499853,Columbus Commons,,7/1/2025 16:11,orthos,,Columbus Commons,d01072fc-61d2-4940-a0d7-79b37f998273,7/1/2025 16:11,99534.53613,1409.70275
22258,GOLF,Columbus Country Club,Columbus,FRA,GOLF,Public,235.0816825,Columbus Country Club,140,7/1/2025 16:11,,,Columbus Country Club,c9360a46-0ea9-4067-8352-4ea7148a9211,7/1/2025 16:11,10240158,17096.98129
23929,CEMETERY,Columbus Mausoleum Co,Township,PIC,CEM,Public,0.92227559,Columbus Mausoleum Co,,7/1/2025 16:11,Pickaway parcels,,,3801315b-86f6-4d64-8713-d67104ec8960,7/1/2025 16:11,40174.32446,816.6327061
24723,GREEN SPACE,COLUMBUS PERFORMING ARTS CENTER,Columbus,FRA,SPU,Public,0.56111193,,,7/1/2025 16:11,Columbus Park Boundaries,,,5127f76f-03ae-45d6-a025-615193bd8f55,7/1/2025 16:11,24442.03564,635.1054681
23805,RECREATION,Columbus School For Girls,Township,FRA,SPU,Private,96.73520875,Columbus School For Girls,,7/1/2025 16:11,parcels,,,ca4e597e-c8d6-4320-861f-45ffe2278b7a,7/1/2025 16:11,4213785.693,10183.13648
22360,RECREATION,Columbus Zoo,Township,DEL,SPU,Public,320.7416921,Columbus Zoo,141,7/1/2025 16:11,,Columbus Zoo,Columbus Zoo,34f88e54-f3ef-40fa-b4d5-94194d72d502,7/1/2025 16:11,13971508.11,20656.64627
24260,GOLF,Columbus Zoo,Township,DEL,SPU,Public,560.4438609,Columbus Zoo,,7/1/2025 16:11,,Columbus Zoo,Columbus Zoo,4ef1763d-64e8-4d0c-b5ee-f16468680e37,7/1/2025 16:11,24412934.58,40091.16726
25719,CEMETERY,Combs Family Cemetery,Township,PER,CEM,Private,0.11632376,Combs Family Cemetery,,7/1/2025 16:11,Google Maps,,,aacebf23-a96e-4c5a-8e23-cbe860906171,7/1/2025 16:11,5067.062866,286.2368694
25292,PARK,Comet's Community Garden at Green Camp,Green Camp,MAR,C,Public,2.34203438,Comet's Community Garden at Green Camp,,7/1/2025 16:11,Google Maps,,,560ad0ca-2335-47cf-a615-a08fdb77e718,7/1/2025 16:11,102019.0175,1382.541829
25293,PARK,Comet's Community Garden at Green Camp,Green Camp,MAR,C,Public,2.79514106,Comet's Community Garden at Green Camp,,7/1/2025 16:11,Google Maps,,,70ee631b-2392-4e1c-9bdd-a2029125d8d8,7/1/2025 16:11,121756.3445,1678.001136
22169,PARK,Commonwealth Park,Bexley,FRA,C,Public,6.81399215,Commonwealth Park,142,7/1/2025 16:11,parcels, ,Commonwealth Park,02a0577a-d72f-4b71-b055-be74dfb16991,7/1/2025 16:11,296817.498,3186.726233
23330,PARK,Community Center,Gambier,KNO,N,Public,17.32449409,Community center,,7/1/2025 16:11,Knox,,Community center,bfd3482f-1ec0-44a3-b6b8-6313f0dba324,7/1/2025 16:11,754654.962,4036.444951
24371,PARK,Community Creative Campus,Columbus,FRA,C,Public,3.75783869,Community Creative Campus,,7/1/2025 16:11,Cols,,,043d972b-8f3e-4260-be6a-6dbef80ad371,7/1/2025 16:11,163691.4534,2406.205342
22523,PARK,Community Park,Harrisburg,FRA,N,Public,0.10822037,Community Park,144,7/1/2025 16:11,, ,,5c6a24b2-b55d-45cf-873b-1988fe71cd67,7/1/2025 16:11,4714.079346,294.6645468
24051,PARK,Community Square Park,Williamsport,PIC,C,Public,3.20748687,Community Square Park,,7/1/2025 16:11,,,,2e9387af-71af-4188-b17a-29cc1ddf2f2a,7/1/2025 16:11,139718.1281,1503.284252
22240,RECREATION,Community Tennis Complex,Westerville,FRA,SPU,Public,3.20123256,Community Tennis Complex,145,7/1/2025 16:11,, ,,86d0936b-317f-49e3-a38f-382506ddd7fb,7/1/2025 16:11,139445.6904,1810.252448
25489,CEMETERY,Compton Cemetery,Township,FAY,CEM,Private,0.54338102,Compton Cemetery,,7/1/2025 16:11,Google Maps,,,a49f3cad-ee55-4298-8914-00e1428178c4,7/1/2025 16:11,23669.67719,619.4945609
25020,GREEN SPACE,Conbrook Court Open Space,Township,FRA,NOS,Public,2.93926663,,,7/1/2025 16:11,MORPC Standardized ELU 2021,,,108d7b8c-22c6-4529-beb5-55d110600123,7/1/2025 16:11,128034.4543,2575.813953
23989,CEMETERY,Concord Cemetery,Township,LIC,CEM,Public,1.12323426,Concord Cemetery,,7/1/2025 16:11,Licking Co Parcels,,,fa397ed7-08dc-44d5-9886-5dc948ec50fc,7/1/2025 16:11,48928.08435,923.4979197
22522,PARK,Concord Lakes,Grove City,FRA,N,Public,1.84609944,Concord Lakes,146,7/1/2025 16:11,Grove City, ,,aecfb37d-6186-4b6b-8e8f-0094ac164d17,7/1/2025 16:11,80416.09143,1450.154548
22560,PARK,Concord Lakes,Grove City,FRA,N,Public,1.72349713,Concord Lakes,147,7/1/2025 16:11,Grove City, ,,3300dc4c-b8da-4f1b-8fc5-fdf87d11be7b,7/1/2025 16:11,75075.53503,1348.016577
22683,PARK,Concord Lakes,Grove City,FRA,C,Public,7.45784017,Concord Lakes,618,7/1/2025 16:11,Grove City,,Concord Lakes,f8cd6943-7f1f-44dc-9119-2dbce1ea36c7,7/1/2025 16:11,324863.5181,4111.118017
22361,PARK,Concord Park,Township,DEL,C,Public,49.01332776,Concord Park,148,7/1/2025 16:11,DALIS,Concord Park,Concord Park,902c16f9-c408-4371-a9d7-3c16c64710df,7/1/2025 16:11,2135020.558,7619.540589
22745,CEMETERY,Concord United Methodist Church,Township,FRA,CEM,Public,11.75322979,Concord United Methodist Church,,7/1/2025 16:11,,,Concord United Methodist Church,5394a49d-7d04-4bcb-a00e-3074cbcf7a87,7/1/2025 16:11,511970.6896,2998.195344
24228,PARK,Confluence Park,Columbus,FRA,SPU,Public,21.19493731,Confluence Park,,7/1/2025 16:11,,,Confluence Park,23081d4b-8878-4237-899d-9647e407374b,7/1/2025 16:11,923251.4692,5982.742322
26425,PARK,CONFLUENCE VILLAGE PARK,,FRA,N,,,,,7/1/2025 16:11,Columbus,,,6c7fea03-73bd-433a-bc17-cb5ffaae3502,7/1/2025 16:11,87867.48267,1957.412937
25871,CEMETERY,Conklin Cemetery,Township,PIC,CEM,Public,16.44073905,Conklin Cemetery,,7/1/2025 16:11,Google Maps,,,5b90ea61-868a-40fb-b5bd-a3d6f6c10f82,7/1/2025 16:11,716158.5933,4622.552813
22170,PARK,Conklin Park,Hilliard,FRA,N,Public,1.69958397,Conklin Park,149,7/1/2025 16:11,Hilliard, ,,a648d847-dbfb-4da2-b2c9-fc56dc24fb16,7/1/2025 16:11,74033.87756,1346.989961
22953,CEMETERY,Connor Cemetery,Township,UNI,CEM,Public,1.09276632,Connor Cemetery,,7/1/2025 16:11,Union County,,,1d973736-257b-467b-bb66-ca9c6665a231,7/1/2025 16:11,47600.90063,936.8063944
22889,CEMETERY,Conrad Cemeteries,Township,FAI,CEM,Public,0.40000256,Conrad Cemeteries,,7/1/2025 16:11,Fairfield County,,,3ed7ca72-040f-4ac7-a39b-c01300e93cfd,7/1/2025 16:11,17424.11145,528.0017196
25266,RECREATION,Conservation Club Baseball Field,West Mansfield,LOG,REC,Public,26.76888194,Conservation Club Baseball Field,,7/1/2025 16:11,Google Maps,,,a6678fd6-849d-4c44-886c-e982ce24ecca,7/1/2025 16:11,1166052.497,4843.597621
25267,RECREATION,Conservation Club Baseball Field,West Mansfield,LOG,REC,Public,1.2700386,Conservation Club Baseball Field,,7/1/2025 16:11,Google Maps,,,8c2025b1-134f-4c09-bd17-023e94b7ffb8,7/1/2025 16:11,55322.88171,1439.942377
24405,PARK,Conservation Farm Wa,Township,KNO,W,Public,70.80037778,Conservation Farm Wildlife Area,,7/1/2025 16:11,ODNR,,Conservation Farm Wildlife Area,21cd9683-b599-480d-ab78-f47c09dc1cf6,7/1/2025 16:11,3084064.456,10768.58089
24182,PARK,Converse Park,West Jefferson,MAD,REC,Public,8.7054513,Converse Park,,7/1/2025 16:11,parcels,,Converse Park,cdd9f66d-d982-46ab-b826-05b3b3e5ac7f,7/1/2025 16:11,379209.4581,2641.523098
25486,CEMETERY,Cook Cemetery,Township,FAY,CEM,Private,0.28360584,Cook Cemetery,,7/1/2025 16:11,Google Maps,,,86e24b3e-defc-4db5-aca1-1ac2d8dd0cf0,7/1/2025 16:11,12353.87042,445.2280039
22700,PARK,Cooke Park,Columbus,FRA,C,Public,9.35391801,Cooke Park,151,7/1/2025 16:11,Columbus, ,Cooke Park,5778e4e7-82b4-49bb-bcbb-bcedd2380257,7/1/2025 16:11,407456.6686,2775.843707
24760,GREEN SPACE,COOKE STREET ISLAND,Columbus,FRA,NOS,Public,0.03527938,,,7/1/2025 16:11,Columbus Park Boundaries,,,7bbe0106-40c6-4aad-bfec-e2f5db777004,7/1/2025 16:11,1536.769897,164.3368503
22354,GOLF,Cook'S Creek,Township,PIC,GOLF,Public,305.2145402,Cook'S Creek,152,7/1/2025 16:11,,,Cook'S Creek,614d2248-2f71-41b1-b469-cd147c69c36e,7/1/2025 16:11,13295145.37,16292.98785
25230,CEMETERY,Cooper Farm Cemetery,Township,LOG,CEM,Public,0.11481237,Cooper Farm Cemetery,,7/1/2025 16:11,Google Maps,,,f5ffe9d8-7d88-4168-8347-c0b2e2589b0b,7/1/2025 16:11,5001.226929,313.7941857
22471,PARK,Cooper Park,Columbus,FRA,C,Public,35.43799667,Cooper Park,153,7/1/2025 16:11,Columbus,Cooper Park,Cooper Park,d2263c9c-c832-401e-b93f-f8aaf5cffc57,7/1/2025 16:11,1543679.135,8372.174969
25287,CEMETERY,Cooper Vestal Cemetery,Township,MAR,CEM,Private,0.2638141,Cooper Vestal Cemetery,,7/1/2025 16:11,Google Maps,,,2affa045-3a0e-41be-980e-f9d13e1838dd,7/1/2025 16:11,11491.74207,447.0613767
25812,CEMETERY,Corning Catholic Cemetery,Corning,PER,CEM,Public,1.69335158,Corning Catholic Cemetery,,7/1/2025 16:11,Google Maps,,,c2640cb9-63ee-4fe9-a2e0-d66d6f614ebd,7/1/2025 16:11,73762.3949,1119.136345
25810,PARK,Corning Village Park,Township,PER,C,Public,13.40405105,Corning Village Park,,7/1/2025 16:11,Google Maps,,Corning Village Park,89aa284f-85c8-411b-aac0-6c1292d64c69,7/1/2025 16:11,583880.4636,3195.601214
25811,PARK,Corning Village Park,Township,PER,C,Public,12.10086218,Corning Village Park,,7/1/2025 16:11,Google Maps,,Corning Village Park,711e9ed0-1e18-494a-8b2d-1acd78b057f8,7/1/2025 16:11,527113.5565,2913.587835
24737,PARK,COSI,Columbus,FRA,SPU,Public,15.37262822,COSI,,7/1/2025 16:11,Columbus Park Boundaries,,,41952198-016e-4c89-bf91-3d7fa083d19e,7/1/2025 16:11,669631.6855,4615.246002
25113,CEMETERY,Cost Cemetery,Township,LOG,CEM,Public,0.85097347,Cost Cemetery,,7/1/2025 16:11,Google Maps,,,3cc132b8-c1fa-4812-b3d9-3dda9d8b294e,7/1/2025 16:11,37068.4043,770.2851572
23722,CEMETERY,Country Home Cemetery ,Mount Gilead,MRW,CEM,Public,0.16068299,Country Home Cemetery ,,7/1/2025 16:11,parcels,,,471f2291-3e19-4bda-a483-bc9510f76880,7/1/2025 16:11,6999.351074,335.0205105
23723,CEMETERY,Country Home Cemetery ,Mount Gilead,MRW,CEM,Public,0.14612846,Country Home Cemetery ,,7/1/2025 16:11,parcels,,,db998cb1-d08b-46cb-9b8d-5e6c0bb7f097,7/1/2025 16:11,6365.355835,323.0718792
25219,CEMETERY,County Home Cemetery,Township,LOG,CEM,Public,2.013196,County Home Cemetery,,7/1/2025 16:11,Google Maps,,,87aecdf0-a79e-4d95-a714-04bedbfab0a7,7/1/2025 16:11,87694.81775,1662.113284
23471,PARK,County Line Acres Bikeway,Westerville,DEL,N,Public,3.02319275,County Line Acres Bikeway,,7/1/2025 16:11,Westerville,,,b4facc16-0b36-4292-934e-46791dca281a,7/1/2025 16:11,131690.2765,7151.448114
23568,PARK,County Line Road Open Space,Westerville,DEL,C,Public,3.70846709,County Line Road Open Space,,7/1/2025 16:11,Westerville,,,aed2ee4d-af7b-4ebc-9ab0-6e1af267fdfb,7/1/2025 16:11,161540.8265,2606.468177
23742,CEMETERY,County Road 20 Cemetery,Township,MRW,CEM,Public,0.20255952,County Road 20 Cemetery,,7/1/2025 16:11,parcels,,,47c6bc8c-2fe5-4702-951a-2e1aa24e89dd,7/1/2025 16:11,8823.492676,381.5575527
23731,CEMETERY,County Road 28 Cemetery,Township,MRW,CEM,Public,0.10731811,County Road 28 Cemetery,,7/1/2025 16:11,parcels,,,7f3075b1-2ab8-4d68-8820-cece4258d6ff,7/1/2025 16:11,4674.776733,277.8677985
23747,CEMETERY,County Road 29 Cemetery,Township,MRW,CEM,Public,0.1689273,County Road 29 Cemetery,,7/1/2025 16:11,parcels,,,c3d67173-95b0-40e9-a5e4-2b66ed092153,7/1/2025 16:11,7358.473267,343.3702415
23753,CEMETERY,County Road 29 Cemetery,Township,MRW,CEM,Public,0.13524968,County Road 29 Cemetery,,7/1/2025 16:11,parcels,,,234459a9-c950-49cd-8f96-05fd92c743ca,7/1/2025 16:11,5891.476196,307.4531984
23755,CEMETERY,County Road 30 Cemetery,Township,MRW,CEM,Public,0.55833782,County Road 30 Cemetery,,7/1/2025 16:11,parcels,,,81f0c957-8687-44b0-bfcb-9889ab206ed8,7/1/2025 16:11,24321.19543,646.7622526
24852,PARK,County Road 35 Open Space,Township,MRW,PRES,Public,3.52582816,County Road 35 Open Space,,7/1/2025 16:11,MORPC Standardized ELU 2021,,,05029fa4-32e1-471f-8613-6f17426962a8,7/1/2025 16:11,153585.0742,1571.138001
23741,CEMETERY,County Road 40 Cemetery,Township,MRW,CEM,Public,0.16671111,County Road 40 Cemetery,,7/1/2025 16:11,parcels,,,0f0c6395-cbc2-467d-ac96-bc0c59892997,7/1/2025 16:11,7261.935913,341.4587296
23748,CEMETERY,County Road 46 Cemetery,Township,MRW,CEM,Public,0.10386006,County Road 46 Cemetery,,7/1/2025 16:11,parcels,,,6b048272-5646-436c-8eee-12fe51d9eef7,7/1/2025 16:11,4524.144165,269.6216652
23752,CEMETERY,County Road 51 Cemetery,Township,MRW,CEM,Public,0.13645379,County Road 51 Cemetery,,7/1/2025 16:11,parcels,,,7e0c1df6-4199-4df7-a515-8efe8c739d95,7/1/2025 16:11,5943.927002,308.8705267
23732,CEMETERY,County Road 59 Cemetery,Township,MRW,CEM,Public,0.0974782,County Road 59 Cemetery,,7/1/2025 16:11,parcels,,,270d8762-e2b1-45a6-8cee-f40ed3359e7d,7/1/2025 16:11,4246.150513,261.1811498
23735,CEMETERY,County Road 61 Cemetery,Township,MRW,CEM,Public,2.13323835,County Road 61 Cemetery,,7/1/2025 16:11,parcels,,,52936fac-156d-4eef-aab5-9c9ab7cb07b8,7/1/2025 16:11,92923.86267,1552.934633
25053,GREEN SPACE,Covenant Way Open Space,Canal Winchester,FRA,NOS,Public,0.14274021,,,7/1/2025 16:11,MORPC Standardized ELU 2021,,,adba3111-a8eb-4fb3-84dd-b4463903b1f5,7/1/2025 16:11,6217.763467,349.269327
25054,GREEN SPACE,Covenant Way Open Space,Canal Winchester,FRA,NOS,Public,0.65849504,,,7/1/2025 16:11,MORPC Standardized ELU 2021,,,a7eb752d-51d5-4991-bef1-63c6d9ea240c,7/1/2025 16:11,28684.04396,751.522748
25055,GREEN SPACE,Covenant Way Open Space,Canal Winchester,FRA,NOS,Public,0.68027116,,,7/1/2025 16:11,MORPC Standardized ELU 2021,,,b5fe3ca8-780a-4718-8233-c7c3d2c157fd,7/1/2025 16:11,29632.61164,776.4538754
21944,GREEN SPACE,"Coventry Woods Open Space """"E""""",Dublin,FRA,NOS,Private,0.90655873,,456,7/1/2025 16:11,Dublin,,,81720776-6f0b-4e88-99b0-117388bdf702,7/1/2025 16:11,39489.698,807.5734967
22580,PARK,Coventry Woods Park,Dublin,FRA,N,Public,20.71746935,Coventry Woods Park,154,7/1/2025 16:11,Dublin,Coventry Woods Park,Coventry Woods Park,b6d06d17-29f6-494f-9e54-418cb7481b7f,7/1/2025 16:11,902452.965,7887.741567
22318,PARK,Cowling Park,London,MAD,C,Public,4.48505164,Cowling Park,155,7/1/2025 16:11,, ,Cowling Park,545d3954-b0fc-4fa5-8389-ec282daf23b6,7/1/2025 16:11,195368.8494,1791.224857
24388,PARK,Coyote Run Dnp,Pickerington,FAI,PR,Public,228.8598789,Coyote Run Preserve,,7/1/2025 16:11,ODNR,Coyote Run Preserve,Coyote Run Preserve,4fed0c99-07ad-44a2-a6f9-db37f6e11fb8,7/1/2025 16:11,9969136.326,15842.47588
24129,GOLF,Coyote Run Golf Course,Thornville,PER,GOLF,Public,64.84727004,Coyote Run Golf Course,,7/1/2025 16:11,google earth/orthos,,Coyote Run Golf Course,f4a4af95-771e-49c6-99ca-7d688a3e2177,7/1/2025 16:11,2824747.083,9984.46015
23705,PARK,Crafton Park,Upper Arlington,FRA,N,Public,0.55024878,Crafton Park,,7/1/2025 16:11,FCEO,,,1a592c88-3cba-4c02-9023-e760f7c895d9,7/1/2025 16:11,23968.83655,636.3169832
23614,GREEN SPACE,Cramer Run Open Space,Dublin,FRA,NOS,Public,9.28513616,,,7/1/2025 16:11,Dublin,,,72f1d972-dfe9-4da8-b2e9-fd91b8fe5d10,7/1/2025 16:11,404460.5309,4151.291184
24441,PARK,Cranberry Bog Nature Preserve,Township,LIC,PR,Public,10.29242951,Cranberry Bog Nature Preserve,,7/1/2025 16:11,Licking County,,Cranberry Bog Nature Preserve,d67b83b1-7e89-420f-8a91-6fffe46e349c,7/1/2025 16:11,448338.2297,7783.29033
25275,CEMETERY,Crandall Cemetery,Township,MAR,CEM,Private,0.04017366,Crandall Cemetery,,7/1/2025 16:11,Google Maps,,,23531113-0d72-43d3-a93c-2d3b26e26ab4,7/1/2025 16:11,1749.964478,167.8214491
24391,PARK,Crane Hollow Dnp,Township,HOC,PR,Public,1478.041083,Crane Hollow Preserve,,7/1/2025 16:11,ODNR,Crane Hollow Preserve,Crane Hollow Preserve,6fe5f019-e9b8-428e-b396-74445295ff42,7/1/2025 16:11,64383469.56,108012.7594
24061,PARK,Cranston Park,Columbus,FRA,N,Public,3.12690156,Cranston Park,,7/1/2025 16:11,Columbus,,,d697f7c3-5389-4780-aff8-fbf918c7f4d5,7/1/2025 16:11,136207.832,1507.103268
22105,PARK,Crawford  Farms Park,Columbus,FRA,N,Public,3.59771631,Crawford  Farms Park,156,7/1/2025 16:11,Columbus, ,,961b8431-0e86-4c58-89a6-0cce45b837d0,7/1/2025 16:11,156716.5229,1674.719118
25450,CEMETERY,Creamer Cemetery,Township,FAY,CEM,Public,1.11745404,Creamer Cemetery,,7/1/2025 16:11,Google Maps,,,4b5d1772-e713-4e38-8ea4-9969342101d7,7/1/2025 16:11,48676.29797,900.7192656
22501,PARK,Creed Lawless Park,Grove City,FRA,N,Public,0.29892331,Creed Lawless Park,157,7/1/2025 16:11,Grove City, ,,e0cf39eb-10b1-4f55-8534-7ddcb42b571a,7/1/2025 16:11,13021.09912,674.5782271
23796,GREEN SPACE,Creek Hollow Road Open Space,Township,FRA,NOS,Public,8.99137264,,,7/1/2025 16:11,parcels,,,2ccd0a44-3f25-41e3-ac27-0cecea1a0d65,7/1/2025 16:11,391664.1926,5727.309709
23800,GREEN SPACE,Creek Hollow Road Open Space,Township,FRA,NOS,Public,3.5058248,,,7/1/2025 16:11,parcels,,,31a32ff7-52ea-477e-ab55-d7ba2055abe9,7/1/2025 16:11,152713.7278,1523.604435
22461,PARK,Creek Ridge Park,Columbus,FRA,C,Public,12.28799501,Creek Ridge Park,158,7/1/2025 16:11,Columbus, ,Creek Ridge Park,3d7a3fbb-e09f-4c7f-9027-caf58facc1cf,7/1/2025 16:11,535265.0629,4731.42275
23720,PARK,Creekside Open Space,Grove City,FRA,N,Public,6.98270861,Creekside Open Space,,7/1/2025 16:11,Grove City,,Creekside Open Space,6c8ceff2-94c5-49e6-beb0-abc7aa3323a7,7/1/2025 16:11,304166.7875,2527.756492
22171,PARK,Creekside Park,Gahanna,FRA,C,Public,5.83534605,Creekside Park,159,7/1/2025 16:11,Gahanna, ,Creekside Park,d146621b-db33-41f9-8902-87bf4aec5cf9,7/1/2025 16:11,254187.6737,3406.92936
23849,PARK,Creekside Park,Grove City,FRA,C,Public,5.58247318,Creekside Park,,7/1/2025 16:11,Grove City,,Creekside Park,2cbe9c8f-daff-4470-9999-360e34ee771d,7/1/2025 16:11,243172.5319,5511.815495
25065,PARK,Creekside Park,Grove City,FRA,C,Public,26.93282154,Creekside Park,,7/1/2025 16:11,MORPC Standardized ELU 2021,,Creekside Park,54c4b8fe-e92b-43fc-a76f-26352f2cdc17,7/1/2025 16:11,1173193.706,4872.884168
23233,PARK,Creekstone Parkland,Columbus,FRA,NOS,Public,7.24621728,Creekstone Parkland,,7/1/2025 16:11,Columbus,,,8f920fd4-23fa-4eff-8cd5-4f1f6572d1fc,7/1/2025 16:11,315645.2245,7007.996535
23450,PARK,Creekview Parkland,Columbus,FRA,NOS,Public,7.43520066,Creekview Parkland,61,7/1/2025 16:11,Columbus,,,29d501a7-31ee-487b-bed3-8655ad1b75a0,7/1/2025 16:11,323877.3402,4622.228084
23794,GREEN SPACE,Creekwood Estates Drive Open Space,Township,FRA,NOS,Public,1.71557356,,,7/1/2025 16:11,parcels,,,2aac7f93-c2ce-4305-9591-4c975a0e07c5,7/1/2025 16:11,74730.38452,2167.315702
23812,GREEN SPACE,Creekwood Estates Drive Open Space,Township,FRA,NOS,Public,8.97029858,,,7/1/2025 16:11,parcels,,,85acc8c0-c804-41ed-9dee-19ad83bb4159,7/1/2025 16:11,390746.2063,5524.927808
22086,PARK,Cremeans Park,Columbus,FRA,N,Public,6.67303122,Cremeans Park,648,7/1/2025 16:11,Columbus, ,Cremeans Park,8e71a7a4-20f4-4ca6-a988-7795dbec68d4,7/1/2025 16:11,290677.2397,2254.368181
24068,PARK,Crescent Park,Columbus,FRA,NOS,Public,0.46900041,Crescent Park,,7/1/2025 16:11,Columbus,,,a016f6a3-f6cf-4842-9fc9-0612976990f4,7/1/2025 16:11,20429.65784,605.2050653
25713,CEMETERY,Crists Cemetery,Township,PER,CEM,Public,0.81638749,Crists Cemetery,,7/1/2025 16:11,Google Maps,,,89b0f5f4-38b3-4c8e-970a-089e909c54c6,7/1/2025 16:11,35561.83923,753.2745876
24146,CEMETERY,Crooksvile Cemetery,Crooksville,PER,CEM,Public,13.84950041,Crooksvile Cemetery,,7/1/2025 16:11,orthos/google maps,,Crooksvile Cemetery,c2a0f115-c75b-4509-b823-df33f406e778,7/1/2025 16:11,603284.2385,4887.409644
25790,PARK,Crooksville Municipal Pool,Crooksville ,PER,C,Public,21.76913166,Crooksville Municipal Pool,,7/1/2025 16:11,Google Maps,,Crooksville Municipal Pool,18b01321-72df-4c5d-b957-91b60822637c,7/1/2025 16:11,948263.3752,3943.979562
24904,GREEN SPACE,Crosley Drive Open Space,Newark,LIC,NOS,Public,0.03391746,,,7/1/2025 16:11,MORPC Standardized ELU 2021,,,79a7bd49-e1f6-4ca1-8776-28d5283ccb75,7/1/2025 16:11,1477.444458,202.0356769
24905,GREEN SPACE,Crosley Drive Open Space,Newark,LIC,NOS,Public,0.65767963,,,7/1/2025 16:11,MORPC Standardized ELU 2021,,,3c8a3088-988b-4290-be60-7f064255a395,7/1/2025 16:11,28648.52429,1080.57715
24906,GREEN SPACE,Crosley Drive Open Space,Newark,LIC,NOS,Public,1.07787087,,,7/1/2025 16:11,MORPC Standardized ELU 2021,,,b2ac19c7-8d09-460a-8715-683ef47ef85c,7/1/2025 16:11,46952.05518,1131.247895
22106,PARK,Crosscreek Park,Hilliard,FRA,C,Public,9.95570628,Crosscreek Park,160,7/1/2025 16:11,Hilliard, ,Crosscreek Park,8d1d651b-ef29-4407-93f5-a55a73892db5,7/1/2025 16:11,433670.5654,2659.026129
26429,PARK,CROSSINGS PARKLAND,,FRA,NOS,,,,,7/1/2025 16:11,Columbus,,,21ab9080-69b1-491e-a8eb-32589fe84218,7/1/2025 16:11,317710.0062,5227.466094
22281,PARK,Crossmound Park,Township,FAI,C,Public,28.56509135,Crossmound Park,161,7/1/2025 16:11,Fairfield County, ,Crossmound Park,dac370f7-86a7-4951-861b-8e49adbf25a5,7/1/2025 16:11,1244295.379,6168.534444
25838,GOLF,Crown Hill Golf Club,Williamsport,PIC,GOLF,Public,142.8738284,Crown Hill Golf Club,,7/1/2025 16:11,Google Maps,,,5ce2614f-cfff-4a62-867a-5e10e1a317dd,7/1/2025 16:11,6223583.964,14292.62455
25839,GOLF,Crown Hill Golf Club,Williamsport,PIC,GOLF,Public,101.2710454,Crown Hill Golf Club,,7/1/2025 16:11,Google Maps,,,106d4b3e-44cd-4b81-b352-54b8fc5599d2,7/1/2025 16:11,4411366.738,12407.08823
25689,CEMETERY,Croy Cemetery,Township,HOC,CEM,Public,0.23740465,Croy Cemetery,,7/1/2025 16:11,Google Maps,,,79dbe769-e600-40fd-9ac2-96ee15d5e390,7/1/2025 16:11,10341.34644,410.7853883
24724,GREEN SPACE,CULTURAL ARTS CENTER,Columbus,FRA,SPU,Public,0.66810986,,,7/1/2025 16:11,Columbus Park Boundaries,,,2f0c3891-5631-4db0-a49e-eec53132bd98,7/1/2025 16:11,29102.86548,685.267543
22556,GOLF,Cumberland Trail Golf Course,Township,LIC,GOLF,Public,210.283858,Cumberland Trail Golf Course,162,7/1/2025 16:11,,,Cumberland Trail Golf Course,47606db2-692d-49df-b6ba-3346e69f5bf1,7/1/2025 16:11,9159964.854,36329.6849
22530,PARK,Cumberland Woods Park,Columbus,FRA,N,Public,5.57716323,Cumberland Woods Park,163,7/1/2025 16:11,Columbus, ,Cumberland Woods Park,cb7656c1-a434-4620-89c6-ec979c8f7986,7/1/2025 16:11,242941.2303,2720.979324
25948,CEMETERY,Custard Cemetery,Township,FAI,CEM,Private,0.09833966,Custard Cemetery,,7/1/2025 16:11,Google Maps,,,40c898fd-a040-4474-9040-81faa6339404,7/1/2025 16:11,4283.675781,264.9073154
22751,CEMETERY,Dague,Township,FRA,CEM,Public,0.21654863,Dague,,7/1/2025 16:11,,,,4dbbca13-5a93-43aa-a84d-c87020c90677,7/1/2025 16:11,9432.85791,440.8034296
24913,PARK,Daily Street Open Space,Centerburg,KNO,C,Public,2.28287897,Daily Street Open Space,,7/1/2025 16:11,MORPC Standardized ELU 2021,,,ef42d293-4f88-44b1-9fd0-3459ae39084f,7/1/2025 16:11,99442.20801,1361.218777
24058,PARK,Dakota Park,Columbus,FRA,NOS,Public,1.19856268,Dakota Park,,7/1/2025 16:11,Columbus,,,d762fe58-2bd3-4fee-afdc-c78c557a883d,7/1/2025 16:11,52209.39075,1851.469552
24726,GREEN SPACE,DALE STREET ISLAND,Columbus,FRA,NOS,Public,0.07168724,,,7/1/2025 16:11,Columbus Park Boundaries,,,1f86ca0d-752f-4fef-ba14-987f8fe7c151,7/1/2025 16:11,3122.696289,232.4386855
25019,GREEN SPACE,Dalebrook Court Open Space,Township,FRA,NOS,Public,2.52072161,,,7/1/2025 16:11,MORPC Standardized ELU 2021,,,63d17a26-a06d-48df-9cf3-a014fbb6af34,7/1/2025 16:11,109802.633,1990.323415
24351,PARK,Dalmore Park,Dublin,FRA,N,Public,16.93852865,Dalmore Park,164,7/1/2025 16:11,Dublin, ,Dalmore Park,fc4a8bec-94b7-4d3f-9612-3bb4b3ac6342,7/1/2025 16:11,737842.308,6381.038347
24352,PARK,Dalmore Park,Dublin,FRA,N,Public,5.23156164,Dalmore Park,164,7/1/2025 16:11,Dublin, ,Dalmore Park,e1cfa0aa-94ef-48e5-b89d-c0e2a9a77c0c,7/1/2025 16:11,227886.8254,3132.639502
24353,PARK,Dalmore Park,Dublin,FRA,N,Public,1.63625745,Dalmore Park,164,7/1/2025 16:11,Dublin, ,Dalmore Park,0018c428-a537-46b6-99e5-ed402190e7ea,7/1/2025 16:11,71275.37524,1094.808276
24354,PARK,Dalmore Park,Dublin,FRA,N,Public,0.94535581,Dalmore Park,164,7/1/2025 16:11,Dublin, ,Dalmore Park,e759e4a7-ca32-4d3b-a8ab-efb335d3230a,7/1/2025 16:11,41179.69922,875.4385284
24355,PARK,Dalmore Park,Dublin,FRA,N,Public,0.39107532,Dalmore Park,164,7/1/2025 16:11,Dublin, ,Dalmore Park,66b824b4-79d4-4204-b0aa-33d1a91b4401,7/1/2025 16:11,17035.24084,531.1773974
23312,PARK,Dan Emmett Park,Mount Vernon,KNO,N,Public,5.5117253,Dan Emmett Park,,7/1/2025 16:11,Knox,,Dan Emmett Park,3f4bdbe0-18cc-4ed8-ae48-a7d5668ea014,7/1/2025 16:11,240090.754,2009.913395
24957,PARK,Danville Memorial Park,Danville,KNO,C,Public,2.48621005,Danville Memorial Park,,7/1/2025 16:11,MORPC Standardized ELU 2021,,,fa1ba8a3-4256-4321-bca9-a5dce257f00b,7/1/2025 16:11,108299.3101,1907.765667
24958,PARK,Danville Memorial Park,Danville,KNO,C,Public,1.04670037,Danville Memorial Park,,7/1/2025 16:11,MORPC Standardized ELU 2021,,,fb191c7a-1277-4d98-a518-64ac934a5dd7,7/1/2025 16:11,45594.26831,1081.869118
25422,PARK,Danville Memorial Park,Danville,KNO,C,Public,9.6765413,Danville Memorial Park,,7/1/2025 16:11,Google Maps,,Danville Memorial Park,c148db56-c967-49ee-96a1-26bb822b644a,7/1/2025 16:11,421510.1388,2921.519551
24094,CEMETERY,Darby Creek Cemetery,East Liberty,LOG,CEM,Public,1.00514904,Darby Creek Cemetery,,7/1/2025 16:11,,,,d2e26843-50fc-4b85-8a48-64f9c1ae9107,7/1/2025 16:11,43784.29211,838.1042159
22320,GOLF,Darby Creek Golf Course,Township,UNI,GOLF,Public,203.4603925,Darby Creek Golf Course,165,7/1/2025 16:11,Union County,,Darby Creek Golf Course,d4bb9f48-2440-4900-949d-09a24ce5dbdb,7/1/2025 16:11,8862734.696,13924.72487
22107,PARK,Darby Glen Park,Hilliard,FRA,C,Public,22.70078432,Darby Glen Park,166,7/1/2025 16:11,Hilliard, ,Darby Glen Park,27f0c131-b8a1-4157-9d03-ad90780cb585,7/1/2025 16:11,988846.1652,11265.88876
23172,PARK,Darby Headwaters,Township,UNI,C,Public,157.3931892,Darby Headwaters,,7/1/2025 16:11,ODNR,Darby Headwaters,Darby Headwaters,6c4d54ac-5223-418f-86d9-de0fb5d94f1a,7/1/2025 16:11,6856047.323,14864.21096
23061,CEMETERY,Darby Township Cemetery,Township,MAD,CEM,Public,3.82811195,Darby Township Cemetery,,7/1/2025 16:11,,,,d6d6bfb1-1307-4be0-9153-61657f6e64aa,7/1/2025 16:11,166752.5565,1971.667037
23933,PARK,Darby Township Park,Darby Twp,PIC,N,Public,6.03362773,Darby Township Park,,7/1/2025 16:11,Pickaway parcels,,Darby Township Park,a1a8127e-cd99-4dc3-891a-c3c46f36d65d,7/1/2025 16:11,262824.8236,2401.569176
24364,PARK,Darbyhurst Road Open Space,Township,FRA,SPU,Public,0.03394535,Darbyhurst Road Open Space,,7/1/2025 16:11,FCA,,,ec251ddb-de2b-4687-aa77-a7707eeb909d,7/1/2025 16:11,1478.659736,324.1671803
24365,PARK,Darbyhurst Road Open Space,Township,FRA,N,Public,5.56010059,Darbyhurst Road Open Space,,7/1/2025 16:11,FCA,,Darbyhurst Road Open Space,aa6f524c-8674-4681-b16d-9d1afd118c6e,7/1/2025 16:11,242197.9819,4532.48204
24025,PARK,Darbyville Park,Darbyville,PIC,C,Public,3.32817575,Darbyville Park,,7/1/2025 16:11,Pickaway County,,,cfb153df-b288-4fe2-b691-e2c15e37082b,7/1/2025 16:11,144975.3356,1645.286641
21924,PARK,Darree Fields Park,Dublin,FRA,C,Public,152.3804012,Darree Fields Park,167,7/1/2025 16:11,Dublin,Darree Fields Park,Darree Fields Park,8929f095-183e-47d0-afe7-c1899ed94f71,7/1/2025 16:11,6637689.64,13597.12928
24773,PARK,Davidson Butterfly Preserve,Township,DEL,PR,Public,15.36689722,Davidson Butterfly Preserve,,7/1/2025 16:11,Metro Parks,,Davidson Butterfly Preserve,668522a8-6802-4c47-b9c3-e281c096bdff,7/1/2025 16:11,669382.0424,5411.667871
25480,CEMETERY,Davis Cemetery,Township,FAY,CEM,Private,0.07583272,Davis Cemetery,,7/1/2025 16:11,Google Maps,,,19032be8-b334-4cff-9105-a2ef0de64e85,7/1/2025 16:11,3303.273132,230.6416528
25620,CEMETERY,Davis Cemetery,Township,HOC,CEM,Private,0.67600466,Davis Cemetery,,7/1/2025 16:11,Google Maps,,,7bacbec4-31d6-4a8b-a38b-37a8c901863b,7/1/2025 16:11,29446.76282,705.4210996
22759,CEMETERY,Davis Historical,Township,FRA,CEM,Public,0.19980477,Davis Historical,,7/1/2025 16:11,,,,6c6edc9d-970a-40c7-9926-f51317cbb808,7/1/2025 16:11,8703.496094,374.6392793
23892,PARK,Davis Property,Columbus,FRA,PRES,Public,44.62836375,Davis Property,,7/1/2025 16:11,Columbus,,,dbf369c4-6c10-4834-ac21-92e77590a879,7/1/2025 16:11,2046352.888,8643.943287
22350,PARK,Dawes Arboretum,Township,LIC,R,Private,1288.001364,Dawes Arboretum,168,7/1/2025 16:11,,Dawes Arboretum,Dawes Arboretum,f8f995a5-6c43-4492-9dcc-0dee2c6bd0de,7/1/2025 16:11,56105339.42,64325.94716
25701,CEMETERY,Dawley Cemetery,Township,HOC,CEM,Public,2.49149913,Dawley Cemetery,,7/1/2025 16:11,Google Maps,,,53a58264-bf60-41c4-8d96-92e8d94fa0fa,7/1/2025 16:11,108529.7019,1317.968335
25122,PARK,De Graff Park,De Graff ,LOG,C,Public,4.91950462,De Graff Park,,7/1/2025 16:11,Google Maps,,,e0a923bd-e1cc-48bb-b8ac-a5ce43d33fe2,7/1/2025 16:11,214293.6211,2033.955945
25123,PARK,De Graff Park,De Graff,LOG,C,Public,8.38091918,De Graff Park,,7/1/2025 16:11,Google Maps,,De Graff Park,82a5e2d0-12d2-4cf1-ab46-12165f4802f7,7/1/2025 16:11,365072.8396,2586.929522
25284,CEMETERY,Deal Cemetery,Township,MAR,CEM,Public,0.44820418,Deal Cemetery,,7/1/2025 16:11,Google Maps,,,4d5ac428-f720-4a73-b8b8-f268936c1f7c,7/1/2025 16:11,19523.77393,563.0410678
25660,PARK,"Death Hole, Scotts Creek Falls",Logan,HOC,CEM,Public,83.37122704,"Death Hole, Scotts Creek Falls",,7/1/2025 16:11,Google Maps,,,f65fab58-e1c7-49bf-bc84-6c39f3f9f1b7,7/1/2025 16:11,3631650.65,10930.00108
23259,CEMETERY,Decker,Township,FRA,CEM,Public,0.07564809,Decker,,7/1/2025 16:11,FCA,,,a27d939a-3b84-4fd1-abaa-3f026515d8f6,7/1/2025 16:11,3295.230713,230.1188252
22525,PARK,Deems Parkland,Columbus,FRA,CON,Public,9.85869757,Deems Parkland,169,7/1/2025 16:11,Columbus, ,Deems Parkland,0c824854-79c4-4013-8e3d-9047a2deef6d,7/1/2025 16:11,429444.8662,3105.637178
24313,PARK,Deer Creek State Park,Township,PIC,STATE,Public,1800.967805,Deer Creek State Park,,7/1/2025 16:11,ODNR,Deer Creek State Park,Deer Creek State Park,aeb27df2-426d-4205-81f9-6604c40ff956,7/1/2025 16:11,78450157.58,60305.31077
24314,PARK,Deer Creek State Park,Township,PIC,STATE,Public,670.7204257,Deer Creek State Park,,7/1/2025 16:11,ODNR,Deer Creek State Park,Deer Creek State Park,c84fbc6d-daa7-42c6-a977-4b9345faca9e,7/1/2025 16:11,29216581.74,29475.77668
24315,PARK,Deer Creek State Park,Township,PIC,STATE,Public,648.8683527,Deer Creek State Park,,7/1/2025 16:11,ODNR,Deer Creek State Park,Deer Creek State Park,fa37bbe2-bf8a-40ac-b251-cfecd567c033,7/1/2025 16:11,28264705.44,35894.35305
24316,PARK,Deer Creek State Park,Township,PIC,STATE,Public,52.85233325,Deer Creek State Park,,7/1/2025 16:11,ODNR,,Deer Creek State Park,b3301311-8ffe-4284-96b5-a28aaa4b2f6a,7/1/2025 16:11,2302247.636,7170.187091
24317,PARK,Deer Creek State Park,Township,PIC,STATE,Public,37.34837683,Deer Creek State Park,,7/1/2025 16:11,ODNR,,Deer Creek State Park,0859b204-cca7-4b4b-ad83-839efb5679b4,7/1/2025 16:11,1626895.294,6911.08823
24318,PARK,Deer Creek State Park,Township,PIC,STATE,Public,18.18883525,Deer Creek State Park,,7/1/2025 16:11,ODNR,,Deer Creek State Park,6b3472eb-cad4-4dd0-a24d-47fff6d887da,7/1/2025 16:11,792305.663,3850.606063
24319,PARK,Deer Creek State Park,Township,PIC,STATE,Public,0.41001535,Deer Creek State Park,,7/1/2025 16:11,ODNR,,,b626027e-567e-41df-bd79-29938be0561f,7/1/2025 16:11,17860.26904,665.0403506
24320,PARK,Deer Creek State Park,Township,PIC,STATE,Public,11.25659148,Deer Creek State Park,,7/1/2025 16:11,ODNR,,Deer Creek State Park,0c680d1e-8342-4143-b618-44c2c3a83730,7/1/2025 16:11,490337.1249,3734.082414
24321,PARK,Deer Creek State Park,Township,PIC,STATE,Public,141.8866746,Deer Creek State Park,,7/1/2025 16:11,ODNR,Deer Creek State Park,Deer Creek State Park,ee0fe99a-662d-40c0-92a8-d1196aa99d8c,7/1/2025 16:11,6180583.544,10995.84518
24322,PARK,Deer Creek State Park,Township,FAY,STATE,Public,168.1783296,Deer Creek State Park,,7/1/2025 16:11,ODNR,Deer Creek State Park,Deer Creek State Park,797f724c-4230-4c00-a3f7-120b0e1c6cc6,7/1/2025 16:11,7325848.037,13487.96761
24323,PARK,Deer Creek State Park,Township,FAY,STATE,Public,70.76071369,Deer Creek State Park,,7/1/2025 16:11,ODNR,,Deer Creek State Park,9a0b46a4-9b68-4b08-a175-e697ba995094,7/1/2025 16:11,3082336.688,11772.10299
24324,PARK,Deer Creek State Park Wildlife Area,Township,FAY,W,Public,2311.876917,Deer Creek State Park Wildlife Area,,7/1/2025 16:11,ODNR,Deer Creek State Park Wildlife Area,Deer Creek State Park Wildlife Area,23a2a9fa-4e36-4f1b-bdaf-cd9b5e56e6ed,7/1/2025 16:11,100705358.5,88101.44367
24325,PARK,Deer Creek State Park Wildlife Area,Township,PIC,W,Public,3.98740618,Deer Creek State Park Wildlife Area,,7/1/2025 16:11,ODNR,,,6f8ba620-b19f-4ee5-8616-308e117cbc6c,7/1/2025 16:11,173691.4134,3002.730969
24326,PARK,Deer Creek State Park Wildlife Area,Township,PIC,W,Public,1.39159099,Deer Creek State Park Wildlife Area,,7/1/2025 16:11,ODNR,,,a29b72ea-8825-4ede-9ddc-f578e3ae3fa8,7/1/2025 16:11,60617.70367,4191.284744
24327,PARK,Deer Creek State Park Wildlife Area,Township,PIC,W,Public,615.3660198,Deer Creek State Park Wildlife Area,,7/1/2025 16:11,ODNR,Deer Creek State Park Wildlife Area,Deer Creek State Park Wildlife Area,07957cba-a31b-4c31-b883-5756babb5865,7/1/2025 16:11,26805343.82,26078.78172
24328,PARK,Deer Creek State Park Wildlife Area,Township,PIC,W,Public,155.8962088,Deer Creek State Park Wildlife Area,,7/1/2025 16:11,ODNR,Deer Creek State Park Wildlife Area,Deer Creek State Park Wildlife Area,ff16d0dc-774e-491c-be5a-8bd027afbd1b,7/1/2025 16:11,6790838.857,11549.74936
24329,PARK,Deer Creek State Park Wildlife Area,Township,PIC,W,Public,522.5428465,Deer Creek State Park Wildlife Area,,7/1/2025 16:11,ODNR,Deer Creek State Park Wildlife Area,Deer Creek State Park Wildlife Area,30d83cd2-6e5f-456b-a474-377d6e0d2b10,7/1/2025 16:11,22761966.4,24061.76637
24330,PARK,Deer Creek State Park Wildlife Area,Township,FAY,W,Public,57.27651894,Deer Creek State Park Wildlife Area,,7/1/2025 16:11,ODNR,,Deer Creek State Park Wildlife Area,ff116ff0-0958-4815-87c7-e606c0ce0e0d,7/1/2025 16:11,2494965.165,7962.794203
24331,PARK,Deer Creek State Park Wildlife Area,Township,PIC,W,Public,134.6230861,Deer Creek State Park Wildlife Area,,7/1/2025 16:11,ODNR,Deer Creek State Park Wildlife Area,Deer Creek State Park Wildlife Area,77bd5cf3-3f00-4d45-be3f-e0385f564058,7/1/2025 16:11,5864181.631,11377.42992
24332,PARK,Deer Creek State Park Wildlife Area,Township,PIC,W,Public,413.3838931,Deer Creek State Park Wildlife Area,,7/1/2025 16:11,ODNR,Deer Creek State Park Wildlife Area,Deer Creek State Park Wildlife Area,f4273314-a055-442e-8de4-9dcd441375a4,7/1/2025 16:11,18007002.38,25443.12527
24333,PARK,Deer Creek State Park Wildlife Area,Township,PIC,W,Public,0.61123357,Deer Creek State Park Wildlife Area,,7/1/2025 16:11,ODNR,,,d69ecaf4-0dae-4509-9c87-88d352e80129,7/1/2025 16:11,26625.33435,5752.086873
24334,PARK,Deer Creek State Park Wildlife Area,Township,PIC,W,Public,0.22773909,Deer Creek State Park Wildlife Area,,7/1/2025 16:11,ODNR,,,c0e414a6-cbce-4d6f-9f54-9ef9b0720c1b,7/1/2025 16:11,9920.31488,704.534862
24335,PARK,Deer Creek State Park Wildlife Area,Township,PIC,W,Public,0.12297029,Deer Creek State Park Wildlife Area,,7/1/2025 16:11,ODNR,,,61357789-6a8c-4a07-b51a-2b6caee402dd,7/1/2025 16:11,5356.585876,743.8524184
24336,PARK,Deer Creek State Park Wildlife Area,Township,PIC,W,Public,0.01989943,Deer Creek State Park Wildlife Area,,7/1/2025 16:11,ODNR,,,850133f7-633d-48b3-b1be-03a575b1079c,7/1/2025 16:11,866.8190918,345.0313171
24337,PARK,Deer Creek State Park Wildlife Area,Township,PIC,W,Public,0.24840129,Deer Creek State Park Wildlife Area,,7/1/2025 16:11,ODNR,,,dfb0444b-ffb3-488f-91cf-7b24cd62a1e4,7/1/2025 16:11,10820.36023,1244.36767
24338,PARK,Deer Creek State Park Wildlife Area,Township,PIC,W,Public,139.8243676,Deer Creek State Park Wildlife Area,,7/1/2025 16:11,ODNR,Deer Creek State Park Wildlife Area,Deer Creek State Park Wildlife Area,70455316-4ada-4db4-9771-27cbef8dd69a,7/1/2025 16:11,6090749.452,17194.92205
24339,PARK,Deer Creek State Park Wildlife Area,Township,PIC,W,Public,16.55669828,Deer Creek State Park Wildlife Area,,7/1/2025 16:11,ODNR,,Deer Creek State Park Wildlife Area,4f37c9ca-a5bf-46c9-addd-d2306c4f013e,7/1/2025 16:11,721209.7772,4360.265076
24340,PARK,Deer Creek State Park Wildlife Area,Township,PIC,W,Public,6.34745246,Deer Creek State Park Wildlife Area,,7/1/2025 16:11,ODNR,,Deer Creek State Park Wildlife Area,3f370b68-1c38-453d-9255-681800f540b0,7/1/2025 16:11,276495.0292,4346.62032
24341,PARK,Deer Creek State Park Wildlife Area,Township,MAD,W,Public,219.8164396,Deer Creek State Park Wildlife Area,,7/1/2025 16:11,ODNR,Deer Creek State Park Wildlife Area,Deer Creek State Park Wildlife Area,eb3318d2-0f4b-4c10-b763-ca8c910d9756,7/1/2025 16:11,9575204.11,13784.24871
23035,CEMETERY,Deer Creek Township Cemetery,Township,MAD,CEM,Public,4.98902779,Deer Creek Township Cemetery,,7/1/2025 16:11,,,,ecbb18ea-1914-4c26-b844-22eff388c30b,7/1/2025 16:11,217322.0508,1897.249686
25022,CEMETERY,Deer Creek Township Cemetery,Township,MAD,CEM,Public,4.00167681,Deer Creek Township Cemetery,,7/1/2025 16:11,MORPC Standardized ELU 2021,,,e94ebf99-4d81-492f-8854-610dc354e500,7/1/2025 16:11,174313.0419,1810.074912
22663,PARK,Deer Haven Park,Township,DEL,C,Public,113.1031012,Deer Haven Park,171,7/1/2025 16:11,Preservation Parks,Deer Haven Park,Deer Haven Park,5af1e21f-df90-46a3-af00-5018b9bded5b,7/1/2025 16:11,4926771.087,13304.86909
21960,PARK,Deer Lake Park,Columbus,FRA,CON,Public,1.32054152,Deer Lake Park,172,7/1/2025 16:11,Columbus, ,,c271042d-ebb0-4744-8ff8-9916f3348b5c,7/1/2025 16:11,57522.78894,2008.793336
24362,PARK,Deerfield Road Open Space,Township,FRA,N,Public,1.83762444,Deerfield Road Open Space,,7/1/2025 16:11,FCA,,,50f89bf2-e397-4c1a-b5a8-f9eed0750aab,7/1/2025 16:11,80046.92052,1865.97587
24082,PARK,Deffet Watercourse Dedication,Columbus,FRA,PRES,Public,10.0885737,Deffet Watercourse Dedication,,7/1/2025 16:11,Columbus,,,c89f7b59-2074-44ae-ac5d-b0200da0f4a1,7/1/2025 16:11,439458.2701,3010.786748
22108,PARK,Degenheart Park,Groveport,FRA,N,Public,3.89460584,Degenheart Park,173,7/1/2025 16:11,, ,,3bbd57d0-c296-4d57-878c-64a21448c2d6,7/1/2025 16:11,169649.03,1873.325987
24285,PARK,Delaware State Wildlife Area,Township,DEL,STATE,Public,6135.27132,Delaware State Wildlife Area,174,7/1/2025 16:11,DALIS,Delaware State Wildlife Area,Delaware State Wildlife Area,f9cd3c17-f204-48b4-9ace-b2d9bd095907,7/1/2025 16:11,267252418.7,118410.0871
24286,PARK,Delaware State Wildlife Area,Township,MAR,STATE,Public,1730.423524,Delaware State Wildlife Area,174,7/1/2025 16:11,ODNR,Delaware State Wildlife Area,Delaware State Wildlife Area,774d9d7e-8feb-400c-be3c-edaea6964993,7/1/2025 16:11,75377248.72,119845.7219
24287,PARK,Delaware State Wildlife Area,Township,MAR,STATE,Public,115.6511315,Delaware State Wildlife Area,174,7/1/2025 16:11,DALIS,Delaware State Wildlife Area,Delaware State Wildlife Area,7c15dae9-1aaa-439b-b42d-4d386ed0fa59,7/1/2025 16:11,5037763.288,12169.36741
24288,PARK,Delaware State Wildlife Area,Township,DEL,STATE,Public,45.88291375,Delaware State Wildlife Area,174,7/1/2025 16:11,DALIS,Delaware State Wildlife Area,Delaware State Wildlife Area,55e6f566-4f47-4462-a707-05e8106e0fb7,7/1/2025 16:11,1998659.723,7605.751243
24866,PARK,Delaware State Wildlife Area,Township,MAR,W,Public,7.23952271,Delaware State Wildlife Area,,7/1/2025 16:11,ODNR,,Delaware State Wildlife Area,5e6835ee-55d9-4991-8832-1a1e1cd41df4,7/1/2025 16:11,315353.6094,2786.171291
24867,PARK,Delaware State Wildlife Area,Township,MAR,W,Public,6.51152826,Delaware State Wildlife Area,,7/1/2025 16:11,ODNR,,Delaware State Wildlife Area,4e28f809-86a3-41f8-a932-1a4233ffabb1,7/1/2025 16:11,283642.1715,2861.118968
24868,PARK,Delaware State Wildlife Area,Township,MAR,W,Public,5.65765465,Delaware State Wildlife Area,,7/1/2025 16:11,ODNR,,Delaware State Wildlife Area,4b58790d-37d9-4449-ac1c-0f550919afc9,7/1/2025 16:11,246447.437,2203.705836
24869,PARK,Delaware State Wildlife Area,Township,MAR,W,Public,16.58199908,Delaware State Wildlife Area,,7/1/2025 16:11,ODNR,,Delaware State Wildlife Area,1424fc2d-2460-449d-814c-1e2c7837a788,7/1/2025 16:11,722311.8796,5475.60932
24407,PARK,Delaware Whetstone Wa,Township,MRW,W,Public,3.09125439,Delaware Whetstone Wildlife Area,,7/1/2025 16:11,ODNR,,,ad4f36c2-049c-4a34-b962-411cfc1d653c,7/1/2025 16:11,134655.0413,2224.658987
24408,PARK,Delaware Whetstone Wa,Township,MRW,W,Public,48.69335816,Delaware Whetstone Wildlife Area,,7/1/2025 16:11,ODNR,,Delaware Whetstone Wildlife Area,7d907390-6b7d-4c36-b670-3aff6687b57b,7/1/2025 16:11,2121082.681,5863.313453
25079,PARK,Delmar Drive,Bexley ,FRA,SPU,Public,0.09188791,Delmar Drive,,7/1/2025 16:11,MORPC Standardized ELU 2021,,,f5ca4d23-105a-4dc2-aecb-9b8ce8f626b5,7/1/2025 16:11,4002.637207,288.1152982
25080,PARK,Delmar Drive,Bexley,FRA,SPU,Public,0.10591043,Delmar Drive,,7/1/2025 16:11,MORPC Standardized ELU 2021,,,b77e66da-006d-403d-9470-a3d3bd52edbd,7/1/2025 16:11,4613.458008,307.1778795
25081,PARK,Delmar Drive,Bexley,FRA,SPU,Public,0.10527308,Delmar Drive,,7/1/2025 16:11,MORPC Standardized ELU 2021,,,a80377a4-69ee-4798-856f-f475e1ee80d9,7/1/2025 16:11,4585.695435,312.2571834
25082,PARK,Delmar Drive,Bexley,FRA,SPU,Public,0.11022876,Delmar Drive,,7/1/2025 16:11,MORPC Standardized ELU 2021,,,1e752c27-53cf-458a-9271-c44fd5cce46b,7/1/2025 16:11,4801.564575,318.3448677
25083,PARK,Delmar Drive,Bexley,FRA,SPU,Public,0.10844678,Delmar Drive,,7/1/2025 16:11,MORPC Standardized ELU 2021,,,2903f12c-a5f8-4bbd-af5f-95fe334bd491,7/1/2025 16:11,4723.941895,317.0293973
23469,PARK,Demorest Road Park,Grove City,FRA,N,Public,23.09810839,Demorest Road Park,,7/1/2025 16:11,Grove City,,Demorest Road Park,2638d5b4-84b9-4a75-8bb8-3db840479b68,7/1/2025 16:11,1006153.602,4702.466623
25069,PARK,Demorest Road Park,Grove City,FRA,N,Public,1.88003036,Demorest Road Park,,7/1/2025 16:11,MORPC Standardized ELU 2021,,,38e51117-3b7a-424c-b110-64381229de14,7/1/2025 16:11,81894.12244,1145.642327
22334,PARK,Denman Park,Newark,LIC,C,Public,6.95368058,Denman Park,175,7/1/2025 16:11,, ,Denman Park,7c10bae9-d336-4039-856b-fa5a8e423656,7/1/2025 16:11,302902.3259,2364.374313
22047,PARK,Deshler Park,Columbus,FRA,C,Public,9.92730202,Deshler Park,176,7/1/2025 16:11,Columbus, ,Deshler Park,add970d1-1de8-41ac-a882-ef109e5ca7ff,7/1/2025 16:11,432433.2762,2844.499223
25305,GOLF,Determined Brilliance Driving Ranger,Township,MAR,GOLF,Public,16.73743126,Determined Brilliance Driving Ranger,,7/1/2025 16:11,Google Maps,,,9d14cdb2-049f-4b6f-87ed-e7680b3f20c5,7/1/2025 16:11,729082.5055,3497.885416
24011,CEMETERY,Devils Den Cemetery,Township,LIC,CEM,Public,1.01448145,Devils Den Cemetery,,7/1/2025 16:11,Licking Co Parcels,,,98790dcc-7e4e-4235-b421-84279d4a344f,7/1/2025 16:11,44190.81213,863.9216548
22025,PARK,Devonshire Park,Columbus,FRA,C,Public,6.63339885,Devonshire Park,15,7/1/2025 16:11,Columbus, ,Devonshire Park,f6e1efd2-343f-457e-9746-1cd42cade77b,7/1/2025 16:11,288950.854,3625.772464
25816,CEMETERY,Dew Cemetery,Township,PER,CEM,Public,3.0878777,Dew Cemetery,,7/1/2025 16:11,Google Maps,,,054e04a2-3ae8-464e-b315-e4113855cb6e,7/1/2025 16:11,134507.9528,1542.072752
22072,PARK,Dexter Falls Park,Columbus,FRA,N,Public,10.17219755,Dexter Falls Park,42,7/1/2025 16:11,Columbus, ,Dexter Falls Park,e89adda3-f622-4864-9e33-6b06643aa154,7/1/2025 16:11,443100.9255,3493.232586
24171,RECREATION,Diley Road Softball Fields,Pickerington,FAI,REC,Public,8.0894329,Diley Road Softball Fields,,7/1/2025 16:11,Pickerington,,Diley Road Softball Fields,ef358345-13d4-4d65-91b4-34f037d655b3,7/1/2025 16:11,352375.6971,2461.251394
24424,PARK,Dillion Wildlife Area,Township,LIC,W,Public,16547.97533,Dillion Wildlife Area,,7/1/2025 16:11,Licking County,Dillion Wildlife Area,Dillion Wildlife Area,63acd98c-3592-4bb4-b2a1-0ee5c032fa62,7/1/2025 16:11,720829805.5,670232.1152
23604,PARK,Dillon State Park,Township,LIC,STATE,Public,484.6017052,Dillon State Park,,7/1/2025 16:11,ODNR,Dillon State Park,Dillon State Park,b3b87845-be52-4705-88a6-7bd2fa00f806,7/1/2025 16:11,21109250.28,33349.48842
24771,PARK,Dinosaur Park,Dublin,FRA,N,Public,0.98773776,Dinosaur Park,,7/1/2025 16:11,Dublin Parks,,,aeb97c54-14f4-482e-94c6-621f8dbb5468,7/1/2025 16:11,43025.85657,780.108985
23975,CEMETERY,Diocese Of Columbus,Township,LIC,CEM,Public,4.40103371,Diocese Of Columbus,,7/1/2025 16:11,Licking Co Parcels,,,0274eeb9-8fb7-4424-8095-2a2bfe656cf3,7/1/2025 16:11,191709.0284,3152.331385
22005,PARK,Disc Golf Course,Dublin,FRA,C,Public,6.66795855,Disc Golf Course,179,7/1/2025 16:11,Dublin, ,Disc Golf Course,0a45d33b-1446-4feb-a7a5-3e57f6c6daae,7/1/2025 16:11,290456.2745,2702.060728
25705,CEMETERY,Dixon Cemetery,Township,HOC,CEM,Private,0.09757496,Dixon Cemetery,,7/1/2025 16:11,Google Maps,,,0bc21e42-7519-40b5-b3a8-a3cb57ec01a7,7/1/2025 16:11,4250.365479,270.4465211
24175,RECREATION,Dixon Quarry,Obetz,FRA,REC,Public,46.19788434,Dixon Quarry,,7/1/2025 16:11,Obetz,,Dixon Quarry,6521cd6a-dd17-47fd-8920-55b80963e33c,7/1/2025 16:11,2012379.842,6611.505139
24229,PARK,Dodge Park,Columbus,FRA,C,Public,18.78214473,Dodge Park,118,7/1/2025 16:11,,,Dodge Park,a719b2fd-4cc1-44d1-a627-8ff6fe7e9b3b,7/1/2025 16:11,818150.2244,4361.782552
25234,PARK,Dodge Park,West Liberty,LOG,C,Public,8.68990907,Dodge Park,,7/1/2025 16:11,Google Maps,,Dodge Park,266af072-3d54-45b3-89ef-d083537fd15d,7/1/2025 16:11,378532.4388,3007.048067
23281,GOLF,Dogwood Hills Golf Club,Township,ROS,GOLF,Public,140.1279848,Dogwood Hills Golf Club,,7/1/2025 16:11,Ross LU,,Dogwood Hills Golf Club,c2288d17-41f2-4868-b860-6e07f7c53445,7/1/2025 16:11,6103975.018,10651.28745
23085,CEMETERY,Dominican Sisters,Columbus,FRA,CEM,Public,0.25027133,Dominican Sisters,,7/1/2025 16:11,,,,f03e73e5-3b2f-4470-bb45-c4bbdd58da1e,7/1/2025 16:11,10901.81909,456.4855818
25553,RECREATION,Don Coppel Athletic Complex,Chillicothe,ROS,REC,Public,44.52265256,Don Coppel Athletic Complex,,7/1/2025 16:11,Google Maps,,,ae3f4716-e5cd-4eb5-9956-22618cc403ad,7/1/2025 16:11,1939406.746,6438.702452
21939,PARK,Donegal Cliffs,Dublin,FRA,N,Public,10.13272097,Donegal Cliffs,183,7/1/2025 16:11,Dublin, ,Donegal Cliffs,6bef594b-b865-43c4-a4d4-4af04344ab9e,7/1/2025 16:11,441381.3253,2832.193955
24104,PARK,Doobie Park ,New Lexington,PER,N,Public,0.22153232,Doobie Park ,,7/1/2025 16:11,google maps,,,8c42eb8c-c0ee-461b-a005-489c4760e8fa,7/1/2025 16:11,9649.947876,399.5124592
22342,GOLF,Dornoch Golf Course,Delaware,DEL,GOLF,Public,156.1124995,Dornoch Golf Course,184,7/1/2025 16:11,,,Dornoch Golf Course,898ed595-cdc2-4cc9-abe6-19f4b425f066,7/1/2025 16:11,6800260.476,31209.64607
24738,PARK,DORRIAN GREEN,Columbus,FRA,C,Public,6.31608035,DORRIAN GREEN,,7/1/2025 16:11,Columbus Park Boundaries,,DORRIAN GREEN,d85c5aea-fa7e-42f9-8e48-d2bca245828e,7/1/2025 16:11,275128.4601,2771.855153
24893,PARK,Dorsey Mills Park,Heath,LIC,N,Public,9.63565807,Dorsey Mills Park,,7/1/2025 16:11,MORPC Standardized ELU 2021,,Dorsey Mills Park,f0a65db8-f876-4a82-a734-11d2d2349a1e,7/1/2025 16:11,419729.2654,3243.569989
24894,PARK,Dorsey Mills Park,Heath,LIC,N,Public,5.46615034,Dorsey Mills Park,,7/1/2025 16:11,MORPC Standardized ELU 2021,,Dorsey Mills Park,04680c1e-03af-4487-9ef8-617aa388f553,7/1/2025 16:11,238105.5088,2057.910503
24896,PARK,Dorsey Mills Park,Heath,LIC,N,Public,1.06560214,Dorsey Mills Park,,7/1/2025 16:11,MORPC Standardized ELU 2021,,,887ffe23-f260-4ae4-93d6-b4d18a6643e4,7/1/2025 16:11,46417.62915,1042.032587
22285,GOLF,Double Eagle Golf Course,Township,DEL,GOLF,Public,294.2860909,Double Eagle Golf Course,186,7/1/2025 16:11,ODNR,,Double Eagle Golf Course,71f155be-e74e-4f33-8997-9e3544e89d67,7/1/2025 16:11,12819102.12,21815.83109
22022,RECREATION,Douglas Rec Center And Windsor Park,Columbus,FRA,SPU,Public,5.92258453,Windsor Park,188,7/1/2025 16:11,Columbus, ,Windsor Park,b4a9ce5a-b202-4089-a6e8-f108230771c6,7/1/2025 16:11,257987.7817,2193.005932
24725,GREEN SPACE,DOVER STREET ISLAND,Columbus,FRA,NOS,Public,0.10336821,,,7/1/2025 16:11,Columbus Park Boundaries,,,14abb308-8feb-4a5f-a61b-35e0caf8f500,7/1/2025 16:11,4502.719238,283.741934
25382,CEMETERY,Dowell Cemetery,Township,KNO,CEM,Public,0.5510567,Dowell Cemetery,,7/1/2025 16:11,Google Maps,,,b756ff9e-88f8-47ff-9f45-a284d243d2ec,7/1/2025 16:11,24004.03003,656.2119318
25052,PARK,Dowling Park,Bremen,FAI,C,Public,0.09892038,Dowling Park,,7/1/2025 16:11,MORPC Standardized ELU 2021,,,b3ef54fe-3cc2-4117-b4b6-fd143a2a0132,7/1/2025 16:11,4308.971558,265.2522721
24075,PARK,Dresden Park,Columbus,FRA,N,Public,0.38473571,Dresden Park,,7/1/2025 16:11,Columbus,,,6787ed6a-e8bb-4c2d-83fd-1c730a4c11de,7/1/2025 16:11,16759.08704,496.2301858
22894,CEMETERY,Drinkle Cemetery,Township,FAI,CEM,Public,0.57653869,Drinkle Cemetery,,7/1/2025 16:11,Fairfield County,,,ba32bdef-7890-49e6-a541-686f4207caad,7/1/2025 16:11,25114.02515,775.3239314
22895,CEMETERY,Drinkle Cemetery,Township,FAI,CEM,Public,0.4199805,Drinkle Cemetery,,7/1/2025 16:11,Fairfield County,,,a70d7c53-fb56-4560-8a19-f1a056366250,7/1/2025 16:11,18294.35071,608.4999966
22033,PARK,Driving Park & Rec Center,Columbus,FRA,C,Public,23.75261722,Driving Park & Rec Center,189,7/1/2025 16:11,Columbus,Driving Park & Rec Center,Driving Park & Rec Center,87e89e17-b4b7-4c8f-9840-44c31c5a2c35,7/1/2025 16:11,1034664.006,7640.119066
24242,PARK,Driving Park Circle,Columbus,FRA,NOS,Public,1.01796576,Driving Park Circle,,7/1/2025 16:11,Columbus,,,ca8dd265-6507-4b22-81d6-66d76d5b91e2,7/1/2025 16:11,44342.58813,791.8333941
25949,CEMETERY,Drumm Cemetery,Township,FAI,CEM,Public,1.84113004,Drumm Cemetery,,7/1/2025 16:11,Google Maps,,,2cda4ffc-f4fe-4a25-9ab6-959e7c440e49,7/1/2025 16:11,80199.62451,1509.903253
25870,CEMETERY,Dry Run Cemetery,Township,PIC,CEM,Public,0.27060377,Dry Run Cemetery,,7/1/2025 16:11,Google Maps,,,f8c6ef73-f3c9-4fbe-8b9b-a4a7d1245f2f,7/1/2025 16:11,11787.5,502.9747325
23890,PARK,Dry Run Levee Gate,columbus,FRA,CON,Public,1.14530309,Dry Run Levee Gate,,7/1/2025 16:11,,,,0ec7d44c-f8f2-4852-a061-722908a7628b,7/1/2025 16:11,49889.40234,1413.179309
24231,PARK,Dry Run Parkland,Columbus,FRA,CON,Public,2.95016844,Dry Run Parkland,,7/1/2025 16:11,,,,6ee5b638-b83a-45d7-bab3-911bb98e19e0,7/1/2025 16:11,128509.3374,2473.32329
23006,CEMETERY,Dublin (I.O.O.F.),Dublin,FRA,CEM,Public,12.00897864,Dublin (I.O.O.F.),,7/1/2025 16:11,Dublin,,Dublin (I.O.O.F.),eca342d7-8374-47b6-86c2-d39cca7e3763,7/1/2025 16:11,523111.1094,3262.655776
22415,GREEN SPACE,Dublin Kiwanis Riverway Access,Dublin,FRA,NOS,Public,0.79509804,,191,7/1/2025 16:11,Dublin,,,37c7574f-469b-478a-ad8c-8a649528552d,7/1/2025 16:11,34634.47058,772.4465211
23620,GREEN SPACE,Dublin Rd Open Space,Dublin,FRA,NOS,Public,2.87474449,,,7/1/2025 16:11,Dublin,,,6826d22d-0be7-4951-a66c-c347076bcdbb,7/1/2025 16:11,125223.87,2089.896957
22577,PARK,Dublin Spring Park,Dublin,FRA,NOS,Public,2.06027976,Dublin Spring Park,192,7/1/2025 16:11,Dublin,,,438772d9-aa39-451b-83cf-225a3b7c6821,7/1/2025 16:11,89745.7865,1212.449545
23617,PARK,Dublin Veterans Park,Dublin,FRA,C,Public,2.88502955,Dublin Veterans Park,,7/1/2025 16:11,Dublin,,,6193a92b-bb4f-4634-9eb4-95d041afb163,7/1/2025 16:11,125671.8872,2145.66911
22149,PARK,Dublinshire Greenway,Dublin,FRA,N,Public,10.09974569,Dublinshire Greenway,193,7/1/2025 16:11,Dublin, ,Dublinshire Greenway,2f792634-d117-405f-89bc-d81df5122366,7/1/2025 16:11,439944.9226,6687.539499
23665,PARK,"Dublinshire Open Space """"F""""",Dublin,FRA,NOS,Public,4.21405107,"Dublinshire Open Space """"F""""",722,7/1/2025 16:11,Dublin,,,3188f0bf-47f5-4c86-8012-1f8f2f2caba7,7/1/2025 16:11,183564.0647,2259.209367
21941,GREEN SPACE,"Dublinshire Open Space """"H""""",Dublin,FRA,NOS,Private,0.29201861,,455,7/1/2025 16:11,Dublin,,,c1777c62-1be3-49cf-8a79-f11494d91e9d,7/1/2025 16:11,12720.33032,503.9604801
25784,CEMETERY,Dugan Cemetery,Township,PER,CEM,Private,1.00437558,Dugan Cemetery,,7/1/2025 16:11,Google Maps,,,a408a76d-a6d5-408d-a418-eac0d413fcb4,7/1/2025 16:11,43750.60046,840.7877821
25899,CEMETERY,Dumontsville Cemetery,Township,FAI,CEM,Public,0.63760459,Dumontsville Cemetery,,7/1/2025 16:11,Google Maps,,,b2178bc2-edb4-42d2-95b2-0a5c85df11f7,7/1/2025 16:11,27774.05591,684.5203849
22869,CEMETERY,Duncan Road Southwest Cemetery,Township,FAI,CEM,Public,0.56081145,Duncan Road Southwest Cemetery,,7/1/2025 16:11,Fairfield County,,,fc9ae859-6ff1-422c-b399-b6ac81036359,7/1/2025 16:11,24428.9469,638.2770597
22971,CEMETERY,Dunkard Cemetery,Township,DEL,CEM,Public,0.2355882,Dunkard Cemetery,,7/1/2025 16:11,,,,56b251fb-99ef-445b-bbc1-07c03c9f1078,7/1/2025 16:11,10262.22168,406.7715061
23896,PARK,Duranceau Park,Columbus,FRA,C,Public,17.66920191,Duranceau Park,,7/1/2025 16:11,Columbus,,Duranceau Park,93f60297-9e4d-4fe9-bc08-8f482860fc21,7/1/2025 16:11,769670.4355,3604.179754
22875,CEMETERY,Dutch Hollow Luthern (New),Township,FAI,CEM,Public,2.7562652,Dutch Hollow Luthern (New),,7/1/2025 16:11,Fairfield County,,,17b3d27e-8a8d-407d-addf-49b4616520b9,7/1/2025 16:11,120062.912,1406.170431
25502,CEMETERY,Dwyer Cemetery,Township,ROS,CEM,Private,0.22420122,Dwyer Cemetery,,7/1/2025 16:11,Google Maps,,,a63a1117-2c62-40a4-90c8-6d12478c2321,7/1/2025 16:11,9766.205322,400.6473002
23232,PARK,Dysart Run & E Broad St Parkland,Columbus,FRA,CON,Public,6.58082171,Dysart Run Parkland,,7/1/2025 16:11,Columbus,,Dysart Run Parkland,14e6d471-6ae1-4805-8f8f-94fe4d2d2451,7/1/2025 16:11,286660.5942,4369.742111
24373,PARK,Dysart Run Park,Columbus,FRA,N,Public,4.03356192,Dysart Run Park,,7/1/2025 16:11,,,,23337df6-8351-4eaa-be78-9750dbe0354d,7/1/2025 16:11,175701.9572,1768.898868
24372,PARK,Dysart Run Parkland Coh,Columbus,FRA,CON,Public,46.19921962,Dysart Run Parkland Coh,,7/1/2025 16:11,,,Dysart Run Parkland Coh,935a8f76-a00b-4c8d-809f-c348760801ea,7/1/2025 16:11,2012438.007,6088.941359
22710,GOLF,Eagle Eye Golf Course,Whitehall,FRA,GOLF,Public,59.60353714,Eagle Eye Golf Course,195,7/1/2025 16:11,,,Eagle Eye Golf Course,27bb4ec6-9024-475a-af5e-9ea212fac441,7/1/2025 16:11,2596330.078,8884.822339
22450,PARK,Eagle Grading Park,Columbus,FRA,CON,Public,4.73949177,Eagle Grading Park,197,7/1/2025 16:11,Columbus, ,,d2bfb39b-aa6a-49f4-896c-618bfb283c15,7/1/2025 16:11,206452.2616,2021.23852
25144,PARK,Eagle's Nest,Township,LOG,PR,Public,0.01871383,Eagle's Nest,,7/1/2025 16:11,Google Maps,,,68b8c192-0740-45bb-b872-c960c91af71a,7/1/2025 16:11,815.1741943,179.9683884
25145,PARK,Eagle's Nest,Township,LOG,PR,Public,0.03301388,Eagle's Nest,,7/1/2025 16:11,Google Maps,,,47354408-692a-4eab-8aff-4d692721ea52,7/1/2025 16:11,1438.084351,230.4983007
25146,PARK,Eagle's Nest,Township,LOG,PR,Public,0.24790145,Eagle's Nest,,7/1/2025 16:11,Google Maps,,,a179ea79-7447-4183-9f1b-09a6730c5abb,7/1/2025 16:11,10798.5874,486.5734316
25147,PARK,Eagle's Nest,Township,LOG,PR,Public,0.0953942,Eagle's Nest,,7/1/2025 16:11,Google Maps,,,f2d557bc-ed1d-4844-8149-b2f4fb2a9024,7/1/2025 16:11,4155.371338,301.2562985
25148,PARK,Eagle's Nest,Township,LOG,PR,Public,1.32387955,Eagle's Nest,,7/1/2025 16:11,Google Maps,,,bbdb1ea1-6340-4e62-8655-5884f7bbefb5,7/1/2025 16:11,57668.19336,1435.769615
25149,PARK,Eagle's Nest,Township,LOG,PR,Public,19.81967822,Eagle's Nest,,7/1/2025 16:11,Google Maps,,Eagle's Nest,63dd8cf6-43d3-402f-b18d-9f5bb7595868,7/1/2025 16:11,863345.1831,7299.030409
25150,PARK,Eagle's Nest,Township,LOG,PR,Public,2.72586496,Eagle's Nest,,7/1/2025 16:11,Google Maps,,,5f840e04-2b64-4bb6-918e-e8638ceb129f,7/1/2025 16:11,118738.6777,2082.831291
25151,PARK,Eagle's Nest,Township,LOG,PR,Public,0.39541881,Eagle's Nest,,7/1/2025 16:11,Google Maps,,,8bfdaf1e-7ee5-4140-9cc5-9be970d6ebf9,7/1/2025 16:11,17224.44324,566.0944308
25152,PARK,Eagle's Nest,Township,LOG,PR,Public,0.15503592,Eagle's Nest,,7/1/2025 16:11,Google Maps,,,ba5fb432-8784-4bb9-9991-a4ae292137de,7/1/2025 16:11,6753.364624,344.1940359
25153,PARK,Eagle's Nest,Township,LOG,PR,Public,0.16335252,Eagle's Nest,,7/1/2025 16:11,Google Maps,,,2883ff99-94cf-4d98-97c6-8e4eceb691e0,7/1/2025 16:11,7115.635986,356.9965706
25154,PARK,Eagle's Nest,Township,LOG,PR,Public,0.15189281,Eagle's Nest,,7/1/2025 16:11,Google Maps,,,1e725f86-f576-42f1-84a7-6be4de4b1e04,7/1/2025 16:11,6616.450439,342.0298435
25155,PARK,Eagle's Nest,Township,LOG,PR,Public,0.6800704,Eagle's Nest,,7/1/2025 16:11,Google Maps,,,43975198-cec9-48bd-9401-77bb2887614c,7/1/2025 16:11,29623.8667,692.2495776
25156,PARK,Eagle's Nest,Township,LOG,PR,Public,0.16690687,Eagle's Nest,,7/1/2025 16:11,Google Maps,,,71ce4a62-a1a3-4e08-b70c-65279fd10fb0,7/1/2025 16:11,7270.463257,359.1625372
25157,PARK,Eagle's Nest,Township,LOG,PR,Public,0.14809823,Eagle's Nest,,7/1/2025 16:11,Google Maps,,,6d081e78-267d-4691-8a16-10f748355d18,7/1/2025 16:11,6451.158936,340.5694831
25158,PARK,Eagle's Nest,Township,LOG,PR,Public,0.15474587,Eagle's Nest,,7/1/2025 16:11,Google Maps,,,3517f3f2-4d53-40ff-b692-73391591d33e,7/1/2025 16:11,6740.730225,344.2136829
25159,PARK,Eagle's Nest,Township,LOG,PR,Public,0.21192813,Eagle's Nest,,7/1/2025 16:11,Google Maps,,,939e6516-47af-46bf-a03a-783d8e047625,7/1/2025 16:11,9231.589355,413.0997306
25160,PARK,Eagle's Nest,Township,LOG,PR,Public,0.11542643,Eagle's Nest,,7/1/2025 16:11,Google Maps,,,2a38470e-4abf-4a45-bd20-6e0fbd52a716,7/1/2025 16:11,5027.975586,319.7986119
25161,PARK,Eagle's Nest,Township,LOG,PR,Public,0.1490269,Eagle's Nest,,7/1/2025 16:11,Google Maps,,,3a2cd0d1-a795-40f9-8886-e362318b98e0,7/1/2025 16:11,6491.611816,335.7674755
25162,PARK,Eagle's Nest,Township,LOG,PR,Public,0.15144506,Eagle's Nest,,7/1/2025 16:11,Google Maps,,,62077b2b-9b63-4698-aa59-8a0820a36d0e,7/1/2025 16:11,6596.946655,339.4902432
25163,PARK,Eagle's Nest,Township,LOG,PR,Public,0.17550118,Eagle's Nest,,7/1/2025 16:11,Google Maps,,,78ca6148-0d2b-4468-8a89-5f2a42140adf,7/1/2025 16:11,7644.831665,374.7781879
25164,PARK,Eagle's Nest,Township,LOG,PR,Public,0.1639385,Eagle's Nest,,7/1/2025 16:11,Google Maps,,,cc3ab6d1-e7c2-4a10-b708-4e748450ceae,7/1/2025 16:11,7141.160767,363.7424682
25165,PARK,Eagle's Nest,Township,LOG,PR,Public,0.15310134,Eagle's Nest,,7/1/2025 16:11,Google Maps,,,9528444b-c43d-4bd6-87d9-7ee58b862258,7/1/2025 16:11,6669.09436,344.4961184
25166,PARK,Eagle's Nest,Township,LOG,PR,Public,0.16056124,Eagle's Nest,,7/1/2025 16:11,Google Maps,,,85e88ca1-5630-4d01-a552-b401d81e3a56,7/1/2025 16:11,6994.047607,348.5907505
25167,PARK,Eagle's Nest,Township,LOG,PR,Public,0.15121637,Eagle's Nest,,7/1/2025 16:11,Google Maps,,,6128d278-81c1-4e28-ac06-a33a8808be7f,7/1/2025 16:11,6586.985229,339.929766
25168,PARK,Eagle's Nest,Township,LOG,PR,Public,0.17062177,Eagle's Nest,,7/1/2025 16:11,Google Maps,,,0c357987-ea24-4e17-902b-f1e538c8c687,7/1/2025 16:11,7432.284302,369.5173861
25169,PARK,Eagle's Nest,Township,LOG,PR,Public,0.17681205,Eagle's Nest,,7/1/2025 16:11,Google Maps,,,e69a6e06-e1ab-4963-9d53-7ca6bd53540d,7/1/2025 16:11,7701.932861,375.9998006
25170,PARK,Eagle's Nest,Township,LOG,PR,Public,0.20854447,Eagle's Nest,,7/1/2025 16:11,Google Maps,,,c92d4f83-17e7-4a6b-a3b4-6ac575be75b7,7/1/2025 16:11,9084.197021,428.9167023
25171,PARK,Eagle's Nest,Township,LOG,PR,Public,0.16662033,Eagle's Nest,,7/1/2025 16:11,Google Maps,,,5ec1e610-7335-4145-b915-389baa0e79ec,7/1/2025 16:11,7257.981445,363.209913
25172,PARK,Eagle's Nest,Township,LOG,PR,Public,0.21520718,Eagle's Nest,,7/1/2025 16:11,Google Maps,,,dc4d731e-a417-4b70-be5b-253cea36aeed,7/1/2025 16:11,9374.424683,433.8027426
25173,PARK,Eagle's Nest,Township,LOG,PR,Public,0.17072076,Eagle's Nest,,7/1/2025 16:11,Google Maps,,,179aa48e-d7aa-4af9-b5d6-60d97e0f8b3b,7/1/2025 16:11,7436.596191,360.3208535
25174,PARK,Eagle's Nest,Township,LOG,PR,Public,0.22696773,Eagle's Nest,,7/1/2025 16:11,Google Maps,,,2726c59f-0dbd-4a8d-be17-5244c75ae88c,7/1/2025 16:11,9886.714355,434.2656233
25175,PARK,Eagle's Nest,Township,LOG,PR,Public,0.20221226,Eagle's Nest,,7/1/2025 16:11,Google Maps,,,da95b4d0-91d3-418a-9716-d270f8c68bb1,7/1/2025 16:11,8808.365967,415.1527344
25176,PARK,Eagle's Nest,Township,LOG,PR,Public,0.17258984,Eagle's Nest,,7/1/2025 16:11,Google Maps,,,7b72bb1c-4500-41a8-b4c9-49c57deace38,7/1/2025 16:11,7518.013306,394.9674802
25177,PARK,Eagle's Nest,Township,LOG,PR,Public,0.20429663,Eagle's Nest,,7/1/2025 16:11,Google Maps,,,d419858f-b7a2-4cc1-9e81-7193e1d58cac,7/1/2025 16:11,8899.161011,443.8497791
25178,PARK,Eagle's Nest,Township,LOG,PR,Public,0.19121826,Eagle's Nest,,7/1/2025 16:11,Google Maps,,,9ed5a869-d5d9-40d6-acb0-0cb8b54e04fd,7/1/2025 16:11,8329.467651,374.6247463
25179,PARK,Eagle's Nest,Township,LOG,PR,Public,0.15767479,Eagle's Nest,,7/1/2025 16:11,Google Maps,,,08e1b865-ff85-4c92-94ab-4c636b41d050,7/1/2025 16:11,6868.314087,353.2911335
25180,PARK,Eagle's Nest,Township,LOG,PR,Public,0.09281278,Eagle's Nest,,7/1/2025 16:11,Google Maps,,,be1bb76a-5c98-4e32-8f2f-3e9388700110,7/1/2025 16:11,4042.924561,317.4666231
25181,PARK,Eagle's Nest,Township,LOG,PR,Public,0.86778555,Eagle's Nest,,7/1/2025 16:11,Google Maps,,,5b44d089-47bb-4b6c-8d93-3e042c69ca5d,7/1/2025 16:11,37800.73816,888.7259144
25182,PARK,Eagle's Nest,Township,LOG,PR,Public,0.27066111,Eagle's Nest,,7/1/2025 16:11,Google Maps,,,e9f822b6-f364-4092-b73c-0eaa2afd97c6,7/1/2025 16:11,11789.99805,461.4859814
25183,PARK,Eagle's Nest,Township,LOG,PR,Public,1.45467918,Eagle's Nest,,7/1/2025 16:11,Google Maps,,,14e1eb18-84db-43cf-a292-aaa92e505bc4,7/1/2025 16:11,63365.8252,1324.590138
25184,PARK,Eagle's Nest,Township,LOG,PR,Public,0.82669313,Eagle's Nest,,7/1/2025 16:11,Google Maps,,,90689116-d7d9-4f85-beaf-9a2fbe5702a1,7/1/2025 16:11,36010.75281,991.3532136
25185,PARK,Eagle's Nest,Township,LOG,PR,Public,0.80031128,Eagle's Nest,,7/1/2025 16:11,Google Maps,,,b6167249-cece-4f47-8a0e-caccfc51925f,7/1/2025 16:11,34861.55908,804.5486446
25186,PARK,Eagle's Nest,Township,LOG,PR,Public,0.34818686,Eagle's Nest,,7/1/2025 16:11,Google Maps,,,fcbddb85-27c0-4a71-bc93-3bf25335ae3e,7/1/2025 16:11,15167.01965,497.7802505
25187,PARK,Eagle's Nest,Township,LOG,PR,Public,0.23117187,Eagle's Nest,,7/1/2025 16:11,Google Maps,,,b9878b73-ebfc-4fc8-8fa1-558b52937998,7/1/2025 16:11,10069.84692,419.1871776
25188,PARK,Eagle's Nest,Township,LOG,PR,Public,0.41721323,Eagle's Nest,,7/1/2025 16:11,Google Maps,,,010744e2-24b3-4a7e-ad96-19992eab5d7a,7/1/2025 16:11,18173.80811,726.500899
25189,PARK,Eagle's Nest,Township,LOG,PR,Public,0.20671021,Eagle's Nest,,7/1/2025 16:11,Google Maps,,,cf515ddd-7af7-45ad-a7a5-a97c8612bf94,7/1/2025 16:11,9004.296753,400.0024175
25190,PARK,Eagle's Nest,Township,LOG,PR,Public,0.18451258,Eagle's Nest,,7/1/2025 16:11,Google Maps,,,b9190131-c388-4496-9c0b-851377e78eca,7/1/2025 16:11,8037.368164,386.0265491
25191,PARK,Eagle's Nest,Township,LOG,PR,Public,0.3194026,Eagle's Nest,,7/1/2025 16:11,Google Maps,,,a00285fe-20ae-4ecf-998c-f895ae5a5e5c,7/1/2025 16:11,13913.17737,563.0739524
25192,PARK,Eagle's Nest,Township,LOG,PR,Public,0.32799151,Eagle's Nest,,7/1/2025 16:11,Google Maps,,,6d908f49-0a60-4374-8776-8d7cb8f3ae3d,7/1/2025 16:11,14287.30994,568.2976632
25193,PARK,Eagle's Nest,Township,LOG,PR,Public,0.32164657,Eagle's Nest,,7/1/2025 16:11,Google Maps,,,1e484ab5-0fc9-4409-8ba6-11c5ee943a16,7/1/2025 16:11,14010.9248,568.1413237
25194,PARK,Eagle's Nest,Township,LOG,PR,Public,0.31867769,Eagle's Nest,,7/1/2025 16:11,Google Maps,,,529da2a3-6f37-43a8-8381-1fd43a273385,7/1/2025 16:11,13881.60046,555.1504714
25195,PARK,Eagle's Nest,Township,LOG,PR,Public,0.19035508,Eagle's Nest,,7/1/2025 16:11,Google Maps,,,5c29859a-14c7-4102-9174-035dda9118fb,7/1/2025 16:11,8291.866943,390.6225217
25196,PARK,Eagle's Nest,Township,LOG,PR,Public,0.2194227,Eagle's Nest,,7/1/2025 16:11,Google Maps,,,7f8db904-7aba-40a7-80fa-a80d3cc9c3bf,7/1/2025 16:11,9558.052734,424.1490403
25197,PARK,Eagle's Nest,Township,LOG,PR,Public,0.16665495,Eagle's Nest,,7/1/2025 16:11,Google Maps,,,4c9d5976-d822-4640-9e8d-32f4037eaa44,7/1/2025 16:11,7259.48999,387.968847
25198,PARK,Eagle's Nest,Township,LOG,PR,Public,0.3467972,Eagle's Nest,,7/1/2025 16:11,Google Maps,,,11d6011c-c0be-406f-a321-ab0408c795b8,7/1/2025 16:11,15106.48608,564.7112729
25199,PARK,Eagle's Nest,Township,LOG,PR,Public,0.1919542,Eagle's Nest,,7/1/2025 16:11,Google Maps,,,a63da89f-f38c-4d00-a91a-e4a4763a8902,7/1/2025 16:11,8361.525146,392.1224891
25200,PARK,Eagle's Nest,Township,LOG,PR,Public,0.47083232,Eagle's Nest,,7/1/2025 16:11,Google Maps,,,6a6d6586-b960-4625-9ebd-dc51ca0cc8d3,7/1/2025 16:11,20509.45605,802.6395261
25201,PARK,Eagle's Nest,Township,LOG,PR,Public,0.53175853,Eagle's Nest,,7/1/2025 16:11,Google Maps,,,94d98fe4-44f7-48f4-9f0c-106b4966399c,7/1/2025 16:11,23163.40112,613.0373729
25202,PARK,Eagle's Nest,Township,LOG,PR,Public,0.2566406,Eagle's Nest,,7/1/2025 16:11,Google Maps,,,79646f10-e6d6-442a-86e3-7aad755f9347,7/1/2025 16:11,11179.26489,460.1632203
25203,PARK,Eagle's Nest,Township,LOG,PR,Public,0.19690189,Eagle's Nest,,7/1/2025 16:11,Google Maps,,,55f7a2bf-b03c-44d6-abc4-3e456b88f28e,7/1/2025 16:11,8577.046387,369.8918044
25204,PARK,Eagle's Nest,Township,LOG,PR,Public,0.17455074,Eagle's Nest,,7/1/2025 16:11,Google Maps,,,28215535-80b1-42cf-aba6-fe0c358d7f70,7/1/2025 16:11,7603.42981,354.7612301
25205,PARK,Eagle's Nest,Township,LOG,PR,Public,0.22861803,Eagle's Nest,,7/1/2025 16:11,Google Maps,,,26a13089-efbc-410b-9853-3bdaac19b4f7,7/1/2025 16:11,9958.601318,418.0975526
25206,PARK,Eagle's Nest,Township,LOG,PR,Public,0.13997874,Eagle's Nest,,7/1/2025 16:11,Google Maps,,,9dffb096-76da-4c68-8607-b58d5d858bd7,7/1/2025 16:11,6097.473877,322.2756501
25207,PARK,Eagle's Nest,Township,LOG,PR,Public,0.15024105,Eagle's Nest,,7/1/2025 16:11,Google Maps,,,4f1e0b6b-4126-4197-af5c-0687dabd3274,7/1/2025 16:11,6544.500122,347.3640203
25208,PARK,Eagle's Nest,Township,LOG,PR,Public,9.07988142,Eagle's Nest,,7/1/2025 16:11,Google Maps,,Eagle's Nest,042f3c39-6769-43d4-9490-8bc44a0eae43,7/1/2025 16:11,395519.6344,2920.363429
23626,PARK,Earlington Park,Dublin,FRA,C,Public,16.87486385,Earlington Park,198,7/1/2025 16:11,Dublin,Earlington Park,Earlington Park,ed2dd6f9-0458-4c70-b831-fcbb406e59df,7/1/2025 16:11,735069.0697,4585.079603
23624,GREEN SPACE,Earlsford Open Space,Dublin,FRA,NOS,Public,1.45319907,,,7/1/2025 16:11,Dublin,,,ac1756e6-f0b7-48b8-9cde-2ebbbb83849d,7/1/2025 16:11,63301.35107,1741.432713
22280,PARK,Earnhart Hill Water District,Township,FAI,N,Public,0.16766156,Earnhart Hill Water District,524,7/1/2025 16:11,Fairfield County, ,,909cf323-c22e-4c06-8eb4-0afa7108a314,7/1/2025 16:11,7303.337524,841.5594501
22297,PARK,East Cherokee Drive Open Space,Shawnee Hills,DEL,N,Public,0.83276537,East Cherokee Drive Open Space,536,7/1/2025 16:11,, ,,ff963089-3991-49db-a13a-8f0a814ea6bf,7/1/2025 16:11,36275.26001,899.6985268
25023,GREEN SPACE,East Choctaw Drive Open Space,Township,MAD,NOS,Public,0.72074416,,,7/1/2025 16:11,MORPC Standardized ELU 2021,,,77dd173d-aa7c-4364-90cf-4c6a38700e87,7/1/2025 16:11,31395.61584,771.7960259
25044,PARK,East Columbus Street Park,Canal Winchester,FRA,N,Public,4.85472934,East Columbus Street Park,,7/1/2025 16:11,Google Maps,,,82124a54-eadf-4b46-87e2-40ba562f7028,7/1/2025 16:11,211472.0103,2231.637361
22748,CEMETERY,East Concord Cemetery,Township,FRA,CEM,Public,15.25048046,East Concord Cemetery,,7/1/2025 16:11,,,East Concord Cemetery,667de953-e0f6-43d6-ab14-9bb8184a3382,7/1/2025 16:11,664310.929,3425.114372
22173,PARK,East Granville Road Park,Worthington,FRA,C,Public,7.79340196,East Granville Road Park,199,7/1/2025 16:11,, ,East Granville Road Park,fcefea22-889b-4195-bee9-62af8a0082cf,7/1/2025 16:11,339480.5891,2426.22474
22972,CEMETERY,East Liberty Cemetery,Township,DEL,CEM,Public,1.83541061,East Liberty Cemetery,,7/1/2025 16:11,,,,d2772847-e1d3-4594-a7c3-d3044236485e,7/1/2025 16:11,79950.48621,1208.571526
24095,CEMETERY,East Liberty Cemetery,Zanesfield,LOG,CEM,Public,7.89463056,East Liberty Cemetery,,7/1/2025 16:11,google maps/ orthos ,,East Liberty Cemetery,9a291e60-0485-4e53-ac95-deab83076a00,7/1/2025 16:11,343890.1071,2357.324185
22965,CEMETERY,East Oxford Cemetery,Township,DEL,CEM,Public,0.12253063,East Oxford Cemetery,,7/1/2025 16:11,,,,f90e8611-1a8d-4d6b-9f06-66c3fd5bead7,7/1/2025 16:11,5337.434326,297.8605246
25672,PARK,East Park,Logan ,HOC,C,Public,0.44999473,East Park,,7/1/2025 16:11,Google Maps,,,5a96e527-6471-41d2-b887-b97f7148c1a8,7/1/2025 16:11,19601.77026,560.9964873
25673,PARK,East Park,Logan ,HOC,C,Public,0.4499942,East Park,,7/1/2025 16:11,Google Maps,,,b87767ae-ccf7-48ae-85e3-ff9bee58fe06,7/1/2025 16:11,19601.7478,560.9965425
25674,PARK,East Park,Logan ,HOC,C,Public,0.4499944,East Park,,7/1/2025 16:11,Google Maps,,,2d176d1f-ec34-48b7-8dad-452d94a52ff9,7/1/2025 16:11,19601.7561,560.9965425
22299,PARK,East Parkside Drive Open Space,Shawnee Hills,DEL,N,Public,1.1027932,East Parkside Drive Open Space,539,7/1/2025 16:11,, ,,520a7add-fe6a-45f8-8f39-761f93109fa5,7/1/2025 16:11,48037.67224,1144.139581
22301,PARK,East Parkview Drice Open Space,Shawnee Hills,DEL,N,Public,1.66985712,East Parkview Drice Open Space,534,7/1/2025 16:11,, ,,ef402e2a-43b8-4be0-b5a4-23594a1f0e51,7/1/2025 16:11,72738.97583,1290.783645
25003,PARK,East Street Park,Midway,MAD,C,Public,4.39262536,East Street Park,,7/1/2025 16:11,MORPC Standardized ELU 2021,,,40efeb2c-4000-4f78-9041-11c04e214687,7/1/2025 16:11,191342.7604,2109.080643
25004,PARK,East Street Park,Midway,MAD,C,Public,2.49823767,East Street Park,,7/1/2025 16:11,MORPC Standardized ELU 2021,,,ecc36e8e-5407-4b9c-bd16-aba8258e1af3,7/1/2025 16:11,108823.233,1815.828068
25896,CEMETERY,East Union Cemetery,Township,FAI,CEM,Public,0.68155958,East Union Cemetery,,7/1/2025 16:11,Google Maps,,,c93fdde4-a75c-4c10-8054-c0d217afa287,7/1/2025 16:11,29688.73511,752.0470461
22906,CEMETERY,East York Cemetery,Township,UNI,CEM,Public,0.97016585,East York Cemetery,,7/1/2025 16:11,Union County,,,a6f16e26-7bf2-4baa-8552-4c94ccc46aa4,7/1/2025 16:11,42260.42407,813.141594
23217,PARK,Eastern Glen Parkland,Columbus,FRA,CON,Public,4.11286667,Eastern Glen Parkland,,7/1/2025 16:11,Columbus,,,da9e0635-184f-4d10-b653-3f600e73e110,7/1/2025 16:11,179156.4723,2546.257896
22053,PARK,Easthaven Park,Columbus,FRA,N,Public,5.30230768,Easthaven Park,200,7/1/2025 16:11,Columbus, ,Easthaven Park,638668fe-9ddb-4f7d-8dd3-643c2e7430e4,7/1/2025 16:11,230968.5227,2212.037937
22720,CEMETERY,Eastlawn,Columbus,FRA,CEM,Public,38.88330014,Eastlawn,,7/1/2025 16:11,,,Eastlawn,e8cb8ea8-41f5-4085-9e05-c5805c846dd0,7/1/2025 16:11,1693756.554,6217.194957
24728,GREEN SPACE,EASTMOOR NORTH STREET ISLAND,Columbus,FRA,NOS,Public,0.09608827,,,7/1/2025 16:11,Columbus Park Boundaries,,,5ef31be0-e451-419e-9929-14913a6de194,7/1/2025 16:11,4185.604858,285.5063271
24727,GREEN SPACE,EASTMOOR SOUTH STREET ISLAND,Columbus,FRA,NOS,Public,0.11773957,,,7/1/2025 16:11,Columbus Park Boundaries,,,f950f3f5-cbad-4da9-ae99-5ebf9c1ce5e6,7/1/2025 16:11,5128.735352,308.3223389
22362,PARK,Eastside Park,Delaware City,DEL,N,Public,2.76052782,Eastside Park,201,7/1/2025 16:11,Delaware City, ,,cc92616c-a8bf-4614-824d-7c34ab7e9c2b,7/1/2025 16:11,120248.5919,2831.908737
23290,CEMETERY,Eastview Cemetery,Township,KNO,CEM,Public,10.65029667,Eastview Cemetery,,7/1/2025 16:11,orthos,,,3980f832-b26f-44e3-846f-61a8593ff145,7/1/2025 16:11,463926.9232,3207.93496
25722,CEMETERY,Ebenezer Baptist Cemetery,Township,PER,CEM,Public,3.00886486,Ebenezer Baptist Cemetery,,7/1/2025 16:11,Google Maps,,,34090b6f-434c-48e1-951e-fbafe2d40549,7/1/2025 16:11,131066.1536,1983.377207
23743,CEMETERY,Ebenezer Cemetery,Township,MRW,CEM,Public,2.47884579,Ebenezer Cemetery,,7/1/2025 16:11,parcels,,,6eb2d209-95ae-4659-8afa-cdfbeb7e579e,7/1/2025 16:11,107978.5227,1444.265229
25352,CEMETERY,Ebenezer Cemetery,Township,MRW,CEM,Public,1.07639621,Ebenezer Cemetery,,7/1/2025 16:11,Google Maps,,,821f822a-a804-4eca-a6d1-4176e4b20f06,7/1/2025 16:11,46887.81885,866.8073254
25699,CEMETERY,Ebenezer Cemetery,Township,HOC,CEM,Public,1.13645293,Ebenezer Cemetery,,7/1/2025 16:11,Google Maps,,,cad325a6-041c-4e9b-935c-64418b96229b,7/1/2025 16:11,49503.88977,906.8083182
23922,CEMETERY,Ebenezer Church,Township,PIC,CEM,Public,0.39509836,Ebenezer Church,,7/1/2025 16:11,Pickaway parcels,,,26f9678f-27e7-4ece-a6ae-fd9a5106c9eb,7/1/2025 16:11,17210.48462,551.776207
23086,CEMETERY,Ebenezer Methodist Episcopal,Township,FRA,CEM,Public,0.53481428,Ebenezer Methodist Episcopal,,7/1/2025 16:11,,,,994cfe2b-71a7-46b2-83cb-68ee6190ca58,7/1/2025 16:11,23296.51001,667.6179682
22573,PARK,Ed Wolfe Park,Township,FAI,C,Public,12.05623619,Ed Wolfe Park,575,7/1/2025 16:11,Fairfield County, ,Ed Wolfe Park,f12dbdd5-cde3-46a6-bf97-91cb5b9986fe,7/1/2025 16:11,525169.6486,3010.860815
23836,PARK,Edgarton Drive Open Space,Grove City,FRA,NOS,Public,2.96083342,Edgarton Drive Open Space,,7/1/2025 16:11,Grove City,,,1491a83d-6466-4520-994e-07b5e3cfff41,7/1/2025 16:11,128973.9039,1575.769411
23404,PARK,Edison Ball Fields,Mount Gilead,MRW,C,Public,8.8086009,Edison Ball Fields,,7/1/2025 16:11,Morrow County Aerials 2006,,Edison Ball Fields,df914cf5-d393-4828-aa3f-7fd0ddcf27e1,7/1/2025 16:11,383702.6554,3108.718204
22333,PARK,Edwards Field/Babe Ruth Park,Township,LIC,R,Public,200.7286828,Edwards Field/Babe Ruth Park,202,7/1/2025 16:11,,Edwards Field/Babe Ruth Park,Edwards Field/Babe Ruth Park,cc18c4a4-fa01-4062-98f9-f178f3df5c9c,7/1/2025 16:11,8743741.421,17640.97481
24757,GREEN SPACE,EISENHOWER SOUTH STREET ISLAND,Columbus,FRA,NOS,Public,0.74020705,,,7/1/2025 16:11,Columbus Park Boundaries,,,0007e29c-83a8-4f1a-a2f9-2e1735e537fa,7/1/2025 16:11,32243.41907,2900.418489
24729,GREEN SPACE,ELBERN STREET ISLAND,Columbus,FRA,NOS,Public,0.13548146,,,7/1/2025 16:11,Columbus Park Boundaries,,,53d11dd9-fac9-46a0-b165-f098fdd9217e,7/1/2025 16:11,5901.572144,346.3178658
22823,CEMETERY,Election House Road Northwest Cemetery,Township,FAI,CEM,Public,0.08264473,Election House Road Northwest Cemetery,,7/1/2025 16:11,Fairfield County,,,cb50518e-be78-44ff-9123-f39ea07154b5,7/1/2025 16:11,3600.004395,240.0001501
22510,PARK,Electric Park,Westerville,FRA,N,Public,0.12153548,Electric Park,203,7/1/2025 16:11,Westerville, ,,3e1a6ed7-3ded-48b7-9fe0-2d495d4e93ad,7/1/2025 16:11,5294.085693,297.4195014
24415,PARK,Elias B Wagner Preserve,Township,FAI,PR,Public,160.3946081,Elias B Wagner Preserve,,7/1/2025 16:11,Fai Co,Elias B Wagner Preserve,Elias B Wagner Preserve,4e2025f4-7f39-474d-baea-98f2bd130db4,7/1/2025 16:11,6986789.13,11217.08869
25268,RECREATION,Elite FC Soccer Park/Shelly Fields,Township,UNI,REC,Public,27.96095587,Elite FC Soccer Park/Shelly Fields,,7/1/2025 16:11,Google Maps,,,aefe560c-fae8-4710-9d6c-387a463675ec,7/1/2025 16:11,1217979.238,4924.716495
22402,PARK,Eljer Park,Marysville,UNI,C,Public,22.25276192,Eljer Park,205,7/1/2025 16:11,Union County,Eljer Park,Eljer Park,313bb526-99d0-4ff8-9549-3ae95018823f,7/1/2025 16:11,969330.3092,4697.341741
23196,PARK,Elk Run,Columbus,FRA,CON,Public,40.85368223,Elk Run,,7/1/2025 16:11,Columbus,,Elk Run,fcce97da-6116-4597-9750-4ee97118b36a,7/1/2025 16:11,1779586.398,5740.76511
22445,PARK,Elk Run Addition,Columbus,FRA,NOS,Public,39.3356764,Elk Run Addition,206,7/1/2025 16:11,Columbus,,,13411304-d752-42b9-ade9-c98867c85341,7/1/2025 16:11,1713462.064,8209.338378
22109,PARK,Elk Run Park,Columbus,FRA,N,Public,36.26004208,Elk Run Park,207,7/1/2025 16:11,Columbus,Elk Run Park,Elk Run Park,0b304954-e385-4033-87c8-dfdcfa227945,7/1/2025 16:11,1579487.433,5117.650939
25596,CEMETERY,Elliot Cemetery,Township,ROS,CEM,Private,0.23294714,Elliot Cemetery,,7/1/2025 16:11,Google Maps,,,9d7c6136-790d-4f1a-8a5e-eb93d1820169,7/1/2025 16:11,10147.17731,404.832081
25332,CEMETERY,Elliott Cemetery,Township,MRW,CEM,Private,0.08650941,Elliott Cemetery,,7/1/2025 16:11,Google Maps,,,cf2b84c7-7199-4334-9ab4-9dfdc0f5b87c,7/1/2025 16:11,3768.349976,246.4905527
23685,PARK,Elmon Richards Scioto River,Township,PIC,W,Public,9.25072372,Elmon Richards Scioto River Wildlife Area,,7/1/2025 16:11,ODNR,,Elmon Richards Scioto River Wildlife Area,c27af478-0a14-46ea-8fcd-f4883274f685,7/1/2025 16:11,402961.525,4941.393659
22860,CEMETERY,Elmwood,Lancaster,FAI,CEM,Public,6.94299403,Elmwood,,7/1/2025 16:11,Fairfield County,,Elmwood,84098422-756b-4bfb-9b4c-85a3389714d1,7/1/2025 16:11,302436.8201,2628.047842
22624,PARK,Elmwood Park,Lancaster,FAI,N,Public,2.18197866,Elmwood Park,208,7/1/2025 16:11,Fairfield County,,,767d626e-a50f-4534-9f75-a8197dfc6f31,7/1/2025 16:11,95046.9906,1367.888769
23618,GREEN SPACE,Emerald Parkway Bridge Open Space,Dublin,FRA,NOS,Public,4.45838408,,,7/1/2025 16:11,Dublin,,,dac936cb-67e7-45da-8733-578943b04c35,7/1/2025 16:11,194207.2106,2438.361821
23621,GREEN SPACE,Emerald Parkway Open Space,Dublin,FRA,NOS,Public,1.82202196,,,7/1/2025 16:11,Dublin,,,a251ed7c-f4a8-4797-8b48-b5f39ef57f7a,7/1/2025 16:11,79367.27649,2012.037174
24384,PARK,Emerald Pkwy & Hard Rd Open Space,Dublin,FRA,PRES,Public,2.67685632,Emerald Pkwy & Hard Rd Open Space,,7/1/2025 16:11,,,,54c95910-e10b-4d8d-86e0-a59d37474b5c,7/1/2025 16:11,116603.8611,1426.785252
25857,CEMETERY,Emerson Cemetery,Township,PIC,CEM,Private,0.12327991,Emerson Cemetery,,7/1/2025 16:11,Google Maps,,,894e94ca-d94c-499a-a834-77322249d6d5,7/1/2025 16:11,5370.072693,294.1065848
22174,PARK,Emersonia,Township,FRA,N,Public,1.24721205,Emersonia,209,7/1/2025 16:11,, ,,89fabead-3aef-4f1e-a5ca-82b08a5837c4,7/1/2025 16:11,54328.55652,989.7023753
22867,CEMETERY,Emery,Township,FAI,CEM,Public,1.22057478,Emery,,7/1/2025 16:11,Fairfield County,,,179fa670-4d29-4cbf-9e76-2756dd0cd35f,7/1/2025 16:11,53168.23718,954.9649942
25115,PARK,Emil Davis Park,Lakeview,LOG,C,Public,9.91215445,Emil Davis Park,,7/1/2025 16:11,Google Maps,,Emil Davis Park,e462b9e9-2cd1-4650-8e37-3815be327697,7/1/2025 16:11,431773.4478,2918.092166
22363,PARK,Emily Traphagen Preserve,Township,DEL,R,Public,72.23551028,Emily Traphagen Preserve,210,7/1/2025 16:11,DALIS,Emily Traphagen Preserve,Emily Traphagen Preserve,c63da5ec-d44c-45a8-8883-7a5eb29593c9,7/1/2025 16:11,3146578.828,7641.356082
24990,GREEN SPACE,Enclave at Mill Valley Park,Marysville,UNI,NOS,Public,0.9345947,,,7/1/2025 16:11,MORPC Standardized ELU 2021,,,4c7cb39a-a83e-4ba3-898d-7fe9c07d13eb,7/1/2025 16:11,40710.94568,1252.584573
22044,PARK,English Park,Columbus,FRA,N,Public,0.56920999,English Park,387,7/1/2025 16:11,Columbus, ,,6081fc1b-b630-4f19-abc9-75ed6aff8ee7,7/1/2025 16:11,24794.78723,642.5645354
24156,CEMETERY,Equality Cemetery,Rushsylvania,LOG,CEM,Public,4.09294402,Equality Cemetery,,7/1/2025 16:11,Logan County Parcels,,,49ef023b-c114-480f-9fe3-81b7bc02f559,7/1/2025 16:11,178288.6418,1878.421938
23911,CEMETERY,Era Cemetery,Township,PIC,CEM,Public,0.31730278,Era Cemetery,,7/1/2025 16:11,Pickaway parcels,,,ad52f869-8603-4c48-a4d6-350862faf5dc,7/1/2025 16:11,13821.70911,505.4420341
22697,PARK,Ernest Cherrington Park,Westerville,FRA,C,Public,21.3955942,Ernest Cherrington Park,211,7/1/2025 16:11,Westerville, ,Ernest Cherrington Park,3db82901-c016-41c1-baac-52daeb133eda,7/1/2025 16:11,931992.0831,4457.916009
22272,GOLF,Estate Golf Course,Township,FAI,GOLF,Public,101.9548617,Estate Golf Course,212,7/1/2025 16:11,Fairfield County,,Estate Golf Course,dfd2783d-9e08-4af3-b40f-c55c22af397d,7/1/2025 16:11,4441153.777,8671.895699
23764,GREEN SPACE,Estate View Drive Open Space,Township,FRA,NOS,Public,2.49588294,,,7/1/2025 16:11,parcels,,,4777ed5e-fcf3-42d2-b54f-eb1abe49f02b,7/1/2025 16:11,108720.6608,1588.106952
23765,GREEN SPACE,Estate View Drive Open Space,Township,FRA,NOS,Public,0.44197622,,,7/1/2025 16:11,parcels,,,fc3c94f4-9006-4856-b7f5-e51573994aed,7/1/2025 16:11,19252.48389,547.789411
23766,GREEN SPACE,Estate View Drive Open Space,Township,FRA,NOS,Public,5.73974014,,,7/1/2025 16:11,parcels,,,c2317b1a-eb50-4d69-8dd4-ab1475769a75,7/1/2025 16:11,250023.0808,2882.515318
23974,CEMETERY,Etna Twp Cemetery,Township,LIC,CEM,Public,0.81994035,Etna Twp Cemetery,,7/1/2025 16:11,Licking Co Parcels,,,dbd22283-943d-4ebb-8e1d-b17b3bb77bf4,7/1/2025 16:11,35716.60168,760.2318567
23972,CEMETERY,Etna Twp Tr Cemetery,Township,LIC,CEM,Public,2.46881963,Etna Twp Tr Cemetery,,7/1/2025 16:11,Licking Co Parcels,,,1c61c821-1368-4a05-b641-fe9ed1c6cab0,7/1/2025 16:11,107541.7831,1593.265757
22651,PARK,Etna Twp. Park,Etna Township,LIC,N,Public,1.81794991,Etna Twp. Park,213,7/1/2025 16:11,,,,fcb898ef-a890-40c3-8bcf-39bdadc20809,7/1/2025 16:11,79189.89807,1125.634968
25659,CEMETERY,Evangelical Cemetery,Township,HOC,CEM,Public,2.45183841,Evangelical Cemetery,,7/1/2025 16:11,Google Maps,,,ae0e1b4b-eb14-458e-a1e1-7f0399817e95,7/1/2025 16:11,106802.0809,1680.009127
24138,CEMETERY,Evangelical Lutheran Cemetery,Somerset,PER,CEM,Public,0.47865709,Evangelical Lutheran Cemetery,,7/1/2025 16:11,orthos/google maps,,,d547f8cc-d547-4aa2-b749-81ba5c7e48d7,7/1/2025 16:11,20850.30286,601.1753796
22537,PARK,Evans Hebron Park,Hebron,LIC,R,Public,72.22205186,Evans Hebron Park,214,7/1/2025 16:11,,Evans Hebron Park,Evans Hebron Park,e66ee9c2-8630-4268-a794-404714754e72,7/1/2025 16:11,3145992.579,9717.517772
23264,PARK,Evans Park,Pataskala,LIC,C,Public,15.40599711,Evans Park,,7/1/2025 16:11,Pataskala,,Evans Park,c4831133-1d8d-4f1e-9079-583dff10c084,7/1/2025 16:11,671085.2339,5261.989864
22538,PARK,Evans Pataskala Park,Pataskala,LIC,R,Public,89.40430498,Evans Pataskala Park,215,7/1/2025 16:11,,Evans Pataskala Park,Evans Pataskala Park,bfc67c75-759b-4e44-9796-46324c6fbb32,7/1/2025 16:11,3894451.525,12735.01674
23560,PARK,Everett Park,Newark,LIC,N,Public,22.61633114,Everett Park,,7/1/2025 16:11,Licking County GIS file,,Everett Park,9f5bf0b5-d70d-4cb0-b25e-22f72a78d9c9,7/1/2025 16:11,985167.3849,5200.175088
22721,CEMETERY,Evergreen,Columbus,FRA,CEM,Public,36.16134971,Evergreen,,7/1/2025 16:11,,,Evergreen,f987bc57-87b5-4c36-bff2-7e9e4a957609,7/1/2025 16:11,1575188.402,5590.499766
25765,CEMETERY,Eversole Cemetery,Township,PER,CEM,Private,1.35411145,Eversole Cemetery,,7/1/2025 16:11,Google Maps,,,4c5acd22-5255-41df-98c8-304bdb1cacbe,7/1/2025 16:11,58985.09485,984.7013615
22838,CEMETERY,Ewing - Sites - Sitz - Greenfield Cemetery,Township,FAI,CEM,Public,4.30402922,Ewing - Sites - Sitz - Greenfield Cemetery,,7/1/2025 16:11,Fairfield County,,,0966e4f3-4f7a-4489-b7da-0e928a4c702e,7/1/2025 16:11,187483.5129,1944.559777
22839,CEMETERY,Ewing - Sites - Sitz - Greenfield Cemetery,Township,FAI,CEM,Public,0.72524718,Ewing - Sites - Sitz - Greenfield Cemetery,,7/1/2025 16:11,Fairfield County,,,2898c968-0533-4ec4-972b-3377ac49ed48,7/1/2025 16:11,31591.76721,957.580968
25663,CEMETERY,Ewing Cemetery,Township,HOC,CEM,Private,0.83103752,Ewing Cemetery,,7/1/2025 16:11,Google Maps,,,ebb2d89d-77e3-4a52-8fa5-fcf166f72570,7/1/2025 16:11,36199.99432,881.7151979
25483,CEMETERY,Eyeman-Bryant Cemetery,Township,FAY,CEM,Private,0.20923716,Eyeman-Bryant Cemetery,,7/1/2025 16:11,Google Maps,,,8990ab00-0ee8-42b7-a67d-364a9909165f,7/1/2025 16:11,9114.37085,473.3020604
23336,PARK,Eyman Park,Washington Court House,FAY,C,Public,16.49806535,Eyman Park,,7/1/2025 16:11,Orthos,,Eyman Park,430d34f5-a555-41fd-bd3c-bc9a6de3d4ba,7/1/2025 16:11,718655.7266,3573.530452
22551,PARK,Eyre Hall Pass Open Space,New Albany,FRA,N,Public,4.56036593,Eyre Hall Pass Open Space,564,7/1/2025 16:11,, , ,959d295f-5bcd-4fd1-a4be-cd006d697bf1,7/1/2025 16:11,198649.5399,1783.559862
23813,GREEN SPACE,Eyre Hall Pass Open Space,New Albany,FRA,NOS,Public,2.79703898,,,7/1/2025 16:11,parcels,,,e76716c7-5108-4f3c-a8b2-8162590834f6,7/1/2025 16:11,121839.0177,2100.121565
23816,GREEN SPACE,Eyre Hall Pass Open Space,New Albany,FRA,NOS,Public,1.92610606,,,7/1/2025 16:11,parcels,,,15eb7240-7812-427c-ab80-b40350c8d4da,7/1/2025 16:11,83901.18005,1418.932656
23817,GREEN SPACE,Eyre Hall Pass Open Space,New Albany,FRA,NOS,Public,1.29133121,,,7/1/2025 16:11,parcels,,,75e42c33-627a-4cfe-b409-6e6da4ebbe8e,7/1/2025 16:11,56250.38733,1050.006549
22809,CEMETERY,Fairchild Cemetery,Township,FAI,CEM,Public,0.0826455,Fairchild Cemetery,,7/1/2025 16:11,Fairfield County,,,723b1df2-0387-417c-a60a-c8adc69a6b2e,7/1/2025 16:11,3600.038086,240.0012657
22802,CEMETERY,Fairfield Baptist Church Cemetery,Thurston,FAI,CEM,Public,0.2428912,Bickel Church Road Lake Road Northeast Cemetery,,7/1/2025 16:11,Fairfield County,,,552bade9-6c88-48d0-a881-eb4a301c233f,7/1/2025 16:11,10580.3407,479.0622391
25918,RECREATION,Fairfield Beach Baseball Field,Township,FAI,REC,Public,0.13728207,Fairfield Beach Baseball Field,,7/1/2025 16:11,Google Maps,,,30fa6903-998a-42df-acf8-d435216cf839,7/1/2025 16:11,5980.00708,319.3336882
25919,RECREATION,Fairfield Beach Baseball Field,Township,FAI,REC,Public,0.22927379,Fairfield Beach Baseball Field,,7/1/2025 16:11,Google Maps,,,033542db-7b5f-4934-b78a-1481c4948600,7/1/2025 16:11,9987.166382,399.7437981
25920,RECREATION,Fairfield Beach Baseball Field,Township,FAI,REC,Public,0.09182741,Fairfield Beach Baseball Field,,7/1/2025 16:11,Google Maps,,,f7b291a8-8bd6-4261-a2c0-9449580a3d39,7/1/2025 16:11,4000.002075,280.0003603
25921,RECREATION,Fairfield Beach Baseball Field,Township,FAI,REC,Public,0.09182732,Fairfield Beach Baseball Field,,7/1/2025 16:11,Google Maps,,,da354dec-51fe-4847-9e3c-054017425932,7/1/2025 16:11,3999.997803,280.0006632
25922,RECREATION,Fairfield Beach Baseball Field,Township,FAI,REC,Public,0.09182695,Fairfield Beach Baseball Field,,7/1/2025 16:11,Google Maps,,,eb129411-f662-4be6-b397-0c6031076d0f,7/1/2025 16:11,3999.982056,280.000361
25923,RECREATION,Fairfield Beach Baseball Field,Township,FAI,REC,Public,0.0918278,Fairfield Beach Baseball Field,,7/1/2025 16:11,Google Maps,,,a379556a-ac0b-4393-a819-cc0531cdb3f6,7/1/2025 16:11,4000.018921,280.0007125
25924,RECREATION,Fairfield Beach Baseball Field,Township,FAI,REC,Public,0.09182695,Fairfield Beach Baseball Field,,7/1/2025 16:11,Google Maps,,,25b2e09b-f849-4c90-ae1d-e39c3216332c,7/1/2025 16:11,3999.981812,280.000361
25925,RECREATION,Fairfield Beach Baseball Field,Township,FAI,REC,Public,0.0918277,Fairfield Beach Baseball Field,,7/1/2025 16:11,Google Maps,,,8f216bde-6847-4352-aa33-5d40eec1f9b4,7/1/2025 16:11,4000.014526,280.0010154
25926,RECREATION,Fairfield Beach Baseball Field,Township,FAI,REC,Public,0.18365466,Fairfield Beach Baseball Field,,7/1/2025 16:11,Google Maps,,,c231d804-b2ff-4281-9def-3dddc97044ce,7/1/2025 16:11,7999.99707,360.0003896
25927,RECREATION,Fairfield Beach Baseball Field,Township,FAI,REC,Public,0.13774137,Fairfield Beach Baseball Field,,7/1/2025 16:11,Google Maps,,,52020cc4-d2f9-44f8-9cd1-58ecd03039e3,7/1/2025 16:11,6000.014038,320.0005511
25928,RECREATION,Fairfield Beach Baseball Field,Township,FAI,REC,Public,0.275482,Fairfield Beach Baseball Field,,7/1/2025 16:11,Google Maps,,,42803258-0d0e-488b-b7b3-5cb801e97264,7/1/2025 16:11,11999.99609,440.0001152
25929,RECREATION,Fairfield Beach Baseball Field,Township,FAI,REC,Public,0.09187263,Fairfield Beach Baseball Field,,7/1/2025 16:11,Google Maps,,,5de1b810-90eb-4d90-b429-45a81fdfd360,7/1/2025 16:11,4001.97168,279.7734657
25930,RECREATION,Fairfield Beach Baseball Field,Township,FAI,REC,Public,0.13771714,Fairfield Beach Baseball Field,,7/1/2025 16:11,Google Maps,,,0233eb5d-b4bc-4293-bd27-4521822942d1,7/1/2025 16:11,5998.958862,319.9919563
25931,RECREATION,Fairfield Beach Baseball Field,Township,FAI,REC,Public,0.23025647,Fairfield Beach Baseball Field,,7/1/2025 16:11,Google Maps,,,a6e48951-cf90-451f-bbe3-a209779342cd,7/1/2025 16:11,10029.97192,400.5960902
25932,RECREATION,Fairfield Beach Baseball Field,Township,FAI,REC,Public,0.22956887,Fairfield Beach Baseball Field,,7/1/2025 16:11,Google Maps,,,268645db-e912-404f-900b-8f3e9e33a82f,7/1/2025 16:11,10000.01978,400.0002739
25933,RECREATION,Fairfield Beach Baseball Field,Township,FAI,REC,Public,0.13820175,Fairfield Beach Baseball Field,,7/1/2025 16:11,Google Maps,,,db5f44bd-b27a-4a84-b451-d017331b5d07,7/1/2025 16:11,6020.068237,320.6661457
25934,RECREATION,Fairfield Beach Baseball Field,Township,FAI,REC,Public,0.23030378,Fairfield Beach Baseball Field,,7/1/2025 16:11,Google Maps,,,77700cb3-fb79-495b-9a2a-e72c3fc84b39,7/1/2025 16:11,10032.03223,400.6364215
25935,RECREATION,Fairfield Beach Baseball Field,Township,FAI,REC,Public,0.13773882,Fairfield Beach Baseball Field,,7/1/2025 16:11,Google Maps,,,b7b3b3ab-861c-4c1f-85cd-2c58e51a0f30,7/1/2025 16:11,5999.902954,319.9998904
25936,RECREATION,Fairfield Beach Baseball Field,Township,FAI,REC,Public,0.22955974,Fairfield Beach Baseball Field,,7/1/2025 16:11,Google Maps,,,5e5e02c9-9caa-492b-93ec-d46ecfba3d69,7/1/2025 16:11,9999.622314,399.9967613
25937,RECREATION,Fairfield Beach Baseball Field,Township,FAI,REC,Public,0.22956111,Fairfield Beach Baseball Field,,7/1/2025 16:11,Google Maps,,,30d5bb92-0e12-46d0-98c5-50d6d9902bf2,7/1/2025 16:11,9999.682129,399.9969403
25938,RECREATION,Fairfield Beach Baseball Field,Township,FAI,REC,Public,0.09140315,Fairfield Beach Baseball Field,,7/1/2025 16:11,Google Maps,,,5809cabe-0080-4d97-a7c2-b3f6b93cce1a,7/1/2025 16:11,3981.52124,279.0766219
25005,PARK,Fairfield Elementary Park,Township,MAD,C,Public,5.98976145,Fairfield Elementary Park,,7/1/2025 16:11,MORPC Standardized ELU 2021,,Fairfield Elementary Park,d14d6a45-3a9e-4fc8-8934-f64c5f0a9872,7/1/2025 16:11,260914.0088,2052.230036
23992,CEMETERY,Fairmont Cemetery,Township,LIC,CEM,Public,16.26614637,Fairmont Cemetery,,7/1/2025 16:11,Licking Co Parcels,,Fairmont Cemetery,9b6eb923-48ec-4704-8340-e9a00071a455,7/1/2025 16:11,708553.3359,3500.918261
22788,CEMETERY,Fairview Cemetery,Township,FAI,CEM,Public,0.21455669,Fairview Cemetery,,7/1/2025 16:11,Fairfield County,,,598b49da-2cd8-4aa3-bf47-58814badd8ce,7/1/2025 16:11,9346.0896,401.9000457
23012,CEMETERY,Fairview Cemetery,Township,DEL,CEM,Public,3.13095676,Fairview Cemetery,,7/1/2025 16:11,,,,d0c482b1-454e-4b74-97ab-2719c6ac9f61,7/1/2025 16:11,136384.4764,1776.254737
24100,CEMETERY,Fairview Cemetery,West Liberty,LOG,CEM,Public,27.09078446,Fairview Cemetery,,7/1/2025 16:11,google maps/orthos,,Fairview Cemetery,e2e970d6-387c-482c-8516-1fdd3b920d83,7/1/2025 16:11,1180074.571,4650.377644
24122,CEMETERY,Fairview Cemetery,West Liberty,LOG,CEM,Public,50.30388515,Fairview Cemetery,,7/1/2025 16:11,Logan Parcel Data,,Fairview Cemetery,e01f5fc6-6940-4394-af58-f7ae77808d45,7/1/2025 16:11,2191237.237,6952.728005
24147,CEMETERY,Fairview Cemetery,Rockbridge,HOC,CEM,Public,13.17876756,Fairview Cemetery,,7/1/2025 16:11,orthos/google maps,,Fairview Cemetery,3c351ae3-5616-4305-a3a3-007c15bd2a2f,7/1/2025 16:11,574067.1143,3365.041252
24158,CEMETERY,Fairview Cemetery,Belle Center,LOG,CEM,Public,11.58324685,Fairview Cemetery,,7/1/2025 16:11,Logan County Parcels,,Fairview Cemetery,672844c0-63fd-4a68-98a6-a1686ece1e33,7/1/2025 16:11,504566.2327,2871.275641
25271,CEMETERY,Fairview Cemetery,Township,MAR,CEM,Public,4.10683727,Fairview Cemetery,,7/1/2025 16:11,Google Maps,,,6f046e2a-22dd-4dea-afcb-998dbf82584a,7/1/2025 16:11,178893.8314,1798.360095
25394,CEMETERY,Fairview Cemetery,Township,KNO,CEM,Public,2.29878839,Fairview Cemetery,,7/1/2025 16:11,Google Maps,,,9186c33d-1330-48f3-ad2f-3ba84b5e46a5,7/1/2025 16:11,100135.2224,1317.240896
25647,CEMETERY,Fairview Cemetery,Township,HOC,CEM,Public,0.97487062,Fairview Cemetery,,7/1/2025 16:11,Google Maps,,,fb7fc5ba-16b2-4003-956d-23d075eeaa2d,7/1/2025 16:11,42465.36426,855.959981
22984,CEMETERY,Fairview Memorial Park,Township,DEL,CEM,Public,21.52815337,Fairview Memorial Park,,7/1/2025 16:11,,,Fairview Memorial Park,5a2ce0a7-1611-4446-aaf5-08930a02c3d3,7/1/2025 16:11,937766.3601,3977.588649
22034,PARK,Fairwood Park,Columbus,FRA,C,Public,26.55860875,Fairwood Park,217,7/1/2025 16:11,Columbus,Fairwood Park,Fairwood Park,ec384780-c84e-4c90-bd0c-9bf22669be87,7/1/2025 16:11,1156892.997,5996.529877
23976,CEMETERY,Fallsbury Cemetery,Township,LIC,CEM,Public,1.17617871,Fallsbury Cemetery,,7/1/2025 16:11,Licking Co Parcels,,,4d5d4475-676b-4ab2-9a06-b429a648ccb9,7/1/2025 16:11,51234.34473,996.8269155
23977,CEMETERY,Fallsbury Cemetery,Township,LIC,CEM,Public,1.46704267,Fallsbury Cemetery,,7/1/2025 16:11,Licking Co Parcels,,,1eee8ad1-a389-4324-8ca4-87d6aff1d288,7/1/2025 16:11,63904.37866,1176.109217
22997,CEMETERY,Fancher Cemetery,Township,DEL,CEM,Public,4.59964789,Fancher Cemetery,,7/1/2025 16:11,,,,237ef411-3232-402a-96a5-7cd0dd8c0802,7/1/2025 16:11,200360.662,1794.20934
22416,PARK,Fancyburg Park,Upper Arlington,FRA,C,Public,23.52360919,Fancyburg Park,218,7/1/2025 16:11,MORPC,Fancyburg Park,Fancyburg Park,fa8882cd-787d-4baa-9699-976554468f23,7/1/2025 16:11,1024688.417,4364.300011
23334,CEMETERY,Fargo Methodist Episcopal Cemetery ,Township,MRW,CEM,Public,1.49789747,Fargo Methodist Episcopal Cemetery,,7/1/2025 16:11,ortho,,,b6ce5617-6c6f-4d80-9321-396d1406b2aa,7/1/2025 16:11,65248.4137,1050.672616
23551,PARK,Farm Park,Township,LIC,P,Private,75.03428359,Farm Park,,7/1/2025 16:11,Licking County GIS file,,Farm Park,11d8ffbe-1a2e-4f86-9c84-5c24d2df7222,7/1/2025 16:11,3268493.393,8169.427066
22137,PARK,Father Roderic J. Dipietro Park,Hilliard,FRA,C,Public,15.76627658,Father Roderic J. Dipietro Park,759,7/1/2025 16:11,Hilliard, ,Father Roderic J. Dipietro Park,d9b1f379-1012-465e-b15c-e8d3d87bdc16,7/1/2025 16:11,686779.0077,4752.030086
25966,GREEN SPACE,Fayette County Land Reutilization Corporation,Township,FAY,NOS,Public,0.13096063,,,7/1/2025 16:11,Fayette Parcels,,,a551cbec-a725-49b5-98b2-dc0b7483f9a7,7/1/2025 16:11,5704.645264,314.7764042
25967,GREEN SPACE,Fayette County Land Reutilization Corporation,Township,FAY,NOS,Public,0.12417848,,,7/1/2025 16:11,Fayette Parcels,,,a4e91395-1837-4f39-8384-d2d67604494e,7/1/2025 16:11,5409.214417,307.056808
25696,CEMETERY,Fellowship Cemetery,Township,HOC,CEM,Public,1.4384215,Fellowship Cemetery,,7/1/2025 16:11,Google Maps,,,d76bdb7b-e9d0-4f4c-9a1f-85fb24d776ac,7/1/2025 16:11,62657.64026,1032.31663
25531,CEMETERY,Fels Cemetery,Township,ROS,CEM,Public,0.41493009,Fels Cemetery,,7/1/2025 16:11,Google Maps,,,45eb0091-5711-46d6-81aa-b65238c39ef8,7/1/2025 16:11,18074.35486,546.9378261
22548,PARK,Fenway Road Open Space,New Albany,FRA,C,Public,7.86041928,Fenway Road Open Space,561,7/1/2025 16:11,, ,Fenway Road Open Space,7741ecf2-ec74-481f-b2ea-294b8527fefe,7/1/2025 16:11,342399.8639,2938.239492
22741,CEMETERY,Fernwood,Township,FRA,CEM,Public,18.34827084,Fernwood,,7/1/2025 16:11,,,Fernwood,8aa75445-7967-41b2-891a-56c3dea17eba,7/1/2025 16:11,799250.6776,3665.018649
23251,CEMETERY,Ferris,Dublin,FRA,CEM,Public,0.01248735,Ferris,,7/1/2025 16:11,FCA,,,93486618-c4c2-4c80-9130-a896dea06387,7/1/2025 16:11,543.9488525,101.387257
23772,GREEN SPACE,Fieldstone Open Space,Township,FRA,NOS,Public,19.86715006,,,7/1/2025 16:11,Jefferson Twp,,,02f5bfd6-3348-46a9-9f36-4ad1a75dec21,7/1/2025 16:11,865413.0563,8637.246223
23773,GREEN SPACE,Fieldstone Open Space,Township,FRA,NOS,Public,9.35949483,,,7/1/2025 16:11,Jefferson Twp,,,66122953-5dfb-4136-b474-dca89e43aec9,7/1/2025 16:11,407699.5947,4051.442381
23778,GREEN SPACE,Fieldstone Open Space,Township,FRA,NOS,Public,3.95721239,,,7/1/2025 16:11,Jefferson Twp,,,59cbb843-f650-4728-a903-4bb2bb721a93,7/1/2025 16:11,172376.1721,2217.914975
23779,GREEN SPACE,Fieldstone Open Space,Township,FRA,NOS,Public,3.88136899,,,7/1/2025 16:11,parcels,,,2f4e1438-e7b0-44e9-8be4-3c1880f6333f,7/1/2025 16:11,169072.4333,2469.13956
23780,GREEN SPACE,Fieldstone Open Space,Township,FRA,NOS,Public,1.19441695,,,7/1/2025 16:11,parcels,,,92d66ff8-b806-4c43-bb2c-f2763a0cf5dd,7/1/2025 16:11,52028.80249,1024.656396
23781,GREEN SPACE,Fieldstone Open Space,Township,FRA,NOS,Public,0.8444999,,,7/1/2025 16:11,parcels,,,c9eaf082-9fe4-46e3-955d-1fa5312efac5,7/1/2025 16:11,36786.41553,897.0365023
23782,GREEN SPACE,Fieldstone Open Space,Township,FRA,NOS,Public,3.54610223,,,7/1/2025 16:11,Jefferson Twp,,,0ddd9a62-c7ba-47f6-9e45-9d7d5d077d4e,7/1/2025 16:11,154468.2131,3225.098209
23792,PARK,Fieldstone Open Space,Jefferson Twp,FRA,N,Public,1.02617105,Fieldstone Open Space,,7/1/2025 16:11,parcels,,,ab28222c-1957-46b2-a191-24152349b2f8,7/1/2025 16:11,44700.01099,831.9952392
25754,PARK,Finck's Nature Preserve,Somerset,PER,PR,Public,16.12879449,Finck's Nature Preserve,,7/1/2025 16:11,Google Maps,,Finck's Nature Preserve,5cadbd78-de69-4838-8f6d-b0e608aedbed,7/1/2025 16:11,702570.288,3475.763329
25755,PARK,Finck's Nature Preserve,Somerset,PER,PR,Public,13.05417233,Finck's Nature Preserve,,7/1/2025 16:11,Google Maps,,Finck's Nature Preserve,46afecd5-48c6-4104-9142-a961504f0598,7/1/2025 16:11,568639.7469,4134.356039
24994,GREEN SPACE,Finlarig Drive Open Space,Dublin,DEL,NOS,Public,1.05221804,,,7/1/2025 16:11,MORPC Standardized ELU 2021,,,730c1f0d-9600-4b81-ac77-3912b5547307,7/1/2025 16:11,45834.61755,2082.150201
24387,PARK,Finnell,Columbus,FRA,M,Public,49.77095778,Finnell,,7/1/2025 16:11,,,Finnell,8e098a1c-bc8f-49db-b768-8dcbe5069456,7/1/2025 16:11,2168022.921,12425.07766
22633,PARK,Firehouse Park,Lancaster,FAI,N,Public,1.10391749,Firehouse Park,219,7/1/2025 16:11,Fairfield County,,,31bd329d-84e2-4b5b-8295-3476e98bef5c,7/1/2025 16:11,48086.64587,885.2651592
25709,PARK,Firemans Park,Township,PER,C,Public,0.3388109,Firemans Park,,7/1/2025 16:11,Google Maps,,,24064a72-f63a-419b-8cc7-d48fe0635efd,7/1/2025 16:11,14758.60327,470.0172976
25788,CEMETERY,First Baptist Church Cemetery,Township,PER,CEM,Public,0.69240739,First Baptist Chruch Cemetery,,7/1/2025 16:11,Google Maps,,,1777b7f8-1d4f-4776-8581-89aa23784efa,7/1/2025 16:11,30161.26599,734.6630153
21948,PARK,First Responders Park,Hilliard,FRA,N,Public,0.57786028,First Responders Park,554,7/1/2025 16:11,Hilliard, ,,90941e50-1c73-49cd-8e75-894d1fec1304,7/1/2025 16:11,25171.59399,811.1255723
23582,PARK,First Responders Park,Westerville,FRA,N,Public,0.27626499,First Responders Park,,7/1/2025 16:11,Westerville,,,e9a06ff0-bb8c-44db-95b4-00df21963848,7/1/2025 16:11,12034.10266,442.1473871
24820,PARK,Fishburn Reserve,Township,MRW,PR,Public,0.88873884,Fishburn Reserve,,7/1/2025 16:11,MORPC Standardized ELU 2021,,,703f65e9-5864-4fc8-847e-742b57e41467,7/1/2025 16:11,38713.4635,1563.673899
24821,PARK,Fishburn Reserve,Township,MRW,PR,Public,23.99699965,Fishburn Reserve,,7/1/2025 16:11,MORPC Standardized ELU 2021,,Fishburn Reserve,e2d92376-d0d8-42fe-9fb1-86a7a6a47c5c,7/1/2025 16:11,1045309.305,5009.068965
21956,PARK,Fisher Road Parkland,Columbus,FRA,PRES,Public,16.71864122,Fisher Road Parkland,90,7/1/2025 16:11,Columbus,,,c5c0425f-ae5f-411d-ad00-f58f2d4b5d63,7/1/2025 16:11,728264.0117,3550.628059
25301,CEMETERY,Fitzhugh Grave,Township,MAR,CEM,Private,0.94296173,Fitzhugh Grave,,7/1/2025 16:11,Google Maps,,,f36a0ee3-38f6-4e24-80ad-ea0126f17dac,7/1/2025 16:11,41075.41309,812.1775345
25655,CEMETERY,Flagdale Cemetery,Township,HOC,CEM,Private,0.48025544,Flagdale Cemetery,,7/1/2025 16:11,Google Maps,,,39850bc7-f33d-4ec6-8e8c-feca5952880a,7/1/2025 16:11,20919.92676,679.6294245
22321,GOLF,Flagstone Golf Course,Township,UNI,GOLF,Public,115.1431933,Flagstone Golf Course,221,7/1/2025 16:11,Union County,,Flagstone Golf Course,244db623-74f1-4e4b-a7a0-864339c74b77,7/1/2025 16:11,5015637.502,16295.25497
22492,PARK,Fleetrun Park,Gahanna,FRA,N,Public,5.02286591,Fleetrun Park,222,7/1/2025 16:11,Gahanna, ,Fleetrun Park,0382a64b-6b36-4044-9939-8cb943b03f24,7/1/2025 16:11,218796.0387,3392.586488
22773,CEMETERY,Fletcher Chapel Cemetery,Township,FAI,CEM,Public,3.2341312,Fletcher Chapel Cemetery,,7/1/2025 16:11,Fairfield County,,,47c77479-5796-43a6-a10b-a381ed6feb76,7/1/2025 16:11,140878.7552,1501.2371
22646,PARK,Flight Of The Hawk,Township,FAI,C,Public,6.24194351,Flight of the Hawk,609,7/1/2025 16:11,Fairfield County,,Flight of the Hawk,2ec94574-0d17-4dc5-b150-4d8c0c28c27a,7/1/2025 16:11,271899.0599,3612.182065
23004,CEMETERY,Flint (Gardner),Township,FRA,CEM,Public,11.30094129,Flint (Gardner),,7/1/2025 16:11,,,Flint (Gardner),3ef0e751-da64-47c7-89dd-63fbae5ec1cb,7/1/2025 16:11,492269.0018,3470.032091
22767,CEMETERY,Flint Cemetery,Township,FRA,CEM,Public,0.02797975,Flint Cemetery,,7/1/2025 16:11,,,,1a845076-0b59-4e8c-b7c3-2138cc78fa51,7/1/2025 16:11,1218.797974,154.7417201
22078,PARK,Flint Park,Columbus,FRA,N,Public,5.67286167,Flint Park,4,7/1/2025 16:11,Columbus, ,Flint Park,5bc1d577-df25-4371-a95d-110726f03d47,7/1/2025 16:11,247109.8542,2333.187851
25572,CEMETERY,Floral Hills Cemetery,Township,ROS,CEM,Public,13.26434766,Floral Hills Cemetery,,7/1/2025 16:11,Google Maps,,,587bfe25-4cdd-4222-82ce-af26b0b2d6c3,7/1/2025 16:11,577794.9839,3659.305326
25573,CEMETERY,Floral Hills Cemetery,Township,ROS,CEM,Public,23.80546932,Floral Hills Cemetery,,7/1/2025 16:11,Google Maps,,,a61fecad-ffbc-4e2e-9f2d-84e86c58d716,7/1/2025 16:11,1036966.244,5325.08202
25862,CEMETERY,Floral Hills Memory Gardens,Township,PIC,CEM,Public,5.22067921,Floral Hills Memory Gardens,,7/1/2025 16:11,Google Maps,,,a7664f69-4a91-4d95-bdec-15c7fda9a58d,7/1/2025 16:11,227412.7864,2148.206768
25863,CEMETERY,Floral Hills Memory Gardens,Township,PIC,CEM,Public,4.07407639,Floral Hills Memory Gardens,,7/1/2025 16:11,Google Maps,,,649810ea-173c-4c28-9377-d78e41f3c6d7,7/1/2025 16:11,177466.7676,2078.338757
25864,CEMETERY,Floral Hills Memory Gardens,Township,PIC,CEM,Public,4.99997315,Floral Hills Memory Gardens,,7/1/2025 16:11,Google Maps,,,64f99538-587b-46b6-bc14-2359706ae552,7/1/2025 16:11,217798.8304,2336.418251
25905,CEMETERY,Floral Hills Memory Gardens,Township,FAI,CEM,Public,33.82700928,Floral Hills Memory Gardens,,7/1/2025 16:11,Google Maps,,,8ae2ee86-a7e1-42af-92da-5d5539465c1a,7/1/2025 16:11,1473504.524,5170.301764
23554,PARK,Flory Park,Newark,LIC,C,Public,10.46977478,Flory Park,,7/1/2025 16:11,Licking County GIS file,,Flory Park,47ef1ac3-2b98-4f17-98f6-7ed5b75a24af,7/1/2025 16:11,456063.3894,3500.722054
23555,PARK,Flory Park ,Newark,LIC,C,Public,9.66278185,Flory Park,,7/1/2025 16:11,Licking County GIS file,,Flory Park,51f5afb8-e03e-42ce-9009-31f8e6ac1d5e,7/1/2025 16:11,420910.7772,4129.700578
25114,RECREATION,Floyd D. Finfrock Recreation Park,Quincy,LOG,REC,Public,7.86034143,Floyd D. Finfrock Recreation Park,,7/1/2025 16:11,Google Maps,,,8e0e4cce-9836-4b39-b1ef-cbe9495a4251,7/1/2025 16:11,342396.4727,2396.941045
24830,PARK,Flying Horse Farms,Township,MRW,SPU,Public,85.15342777,Flying Horse Farms,,7/1/2025 16:11,MORPC Standardized ELU 2021,,,79181d39-a4fa-4796-83a9-d30868433628,7/1/2025 16:11,3709283.313,9355.308315
24829,PARK,Flying Horse Farms ,Township,MRW,SPU,Public,80.10043805,Flying Horse Farms,,7/1/2025 16:11,MORPC Standardized ELU 2021,,,95fb243d-3276-4b07-b5e5-c0d51b93576d,7/1/2025 16:11,3489175.081,8474.500916
24479,PARK,Flying Squirrel Park,Township,MRW,C,Public,341.6435422,Flying Squirrel Park,,7/1/2025 16:11,google,Flying Squirrel Park,Flying Squirrel Park,80344d8f-523f-4e6c-9e6e-b4361930e570,7/1/2025 16:11,14881992.7,20730.10677
22917,CEMETERY,Ford Cemetery,Township,UNI,CEM,Public,0.79761148,Ford Cemetery,,7/1/2025 16:11,Union County,,,307b8e40-071a-459e-a82c-48239d036152,7/1/2025 16:11,34743.95642,886.3532376
25975,GREEN SPACE,Ford Road Northwest Open Space,Township,FAY,NOS,Public,0.45914726,,,7/1/2025 16:11,Fayette Parcels,,,32e3bb39-5d64-4f0e-9ef9-40c3c5498030,7/1/2025 16:11,20000.45447,669.3825755
25976,GREEN SPACE,Ford Road Northwest Open Space,Township,FAY,NOS,Public,0.45919274,,,7/1/2025 16:11,Fayette Parcels,,,e5af8fe6-ab67-41b0-86f9-1e92fcbc547b,7/1/2025 16:11,20002.43591,669.4526314
23051,CEMETERY,Forest Cemetery,Circleville,PIC,CEM,Public,86.12020686,Forest Cemetery,,7/1/2025 16:11,Pickaway parcels/ortho,,,ece54195-d68f-4d5d-aa93-4ebd1008b875,7/1/2025 16:11,3751396.211,7709.487181
25385,CEMETERY,Forest Cemetery,Fredericktown,KNO,CEM,Public,6.23037443,Forest Cemetery,,7/1/2025 16:11,Google Maps,,,c6ca0441-860f-465b-8d27-fa3357ad21d5,7/1/2025 16:11,271395.1102,2229.316439
25386,CEMETERY,Forest Cemetery,Fredericktown,KNO,CEM,Public,2.78498344,Forest Cemetery,,7/1/2025 16:11,Google Maps,,,d5d3cd5e-bd8e-4389-9e8a-377a45a1f7fd,7/1/2025 16:11,121313.8784,1598.480072
25387,CEMETERY,Forest Cemetery,Fredericktown,KNO,CEM,Public,2.09782669,Forest Cemetery,,7/1/2025 16:11,Google Maps,,,25163d05-c905-47c8-8792-51eb8b0ba5b4,7/1/2025 16:11,91381.33081,1326.182875
25388,CEMETERY,Forest Cemetery,Fredericktown,KNO,CEM,Public,4.9384697,Forest Cemetery,,7/1/2025 16:11,Google Maps,,,9e472e95-983d-4bf6-be8c-10f12939e4bc,7/1/2025 16:11,215119.7397,2240.597937
23059,CEMETERY,Forest Grove Cemetery,Township,MAD,CEM,Public,30.0388222,Forest Grove Cemetery,,7/1/2025 16:11,,,,72f807e3-6a86-4c3b-a528-46d60b17264f,7/1/2025 16:11,1308491.095,6289.122412
22441,PARK,Forest Park,Columbus,FRA,N,Public,4.0997408,Forest Park,224,7/1/2025 16:11,Columbus, ,,9b179b39-2a26-4a3a-bc8e-853b00bba4f1,7/1/2025 16:11,178584.7091,2009.430827
22026,PARK,Forest Park East Park,Columbus,FRA,N,Public,4.02662602,Forest Park East Park,225,7/1/2025 16:11,Columbus, ,,b0738c16-1ea1-4b56-94b3-b7fbb154556e,7/1/2025 16:11,175399.8291,1961.527118
22850,CEMETERY,Forest Rose,Township,FAI,CEM,Public,6.41350329,Forest Rose,,7/1/2025 16:11,Fairfield County,,Forest Rose,0a79bc11-fdcc-4b36-ab6c-abd63e75817e,7/1/2025 16:11,279372.2034,2870.396505
22851,CEMETERY,Forest Rose,Township,FAI,CEM,Public,52.35196381,Forest Rose,,7/1/2025 16:11,Fairfield County,,Forest Rose,be7c2683-f343-4c7c-909d-10fa2525f42e,7/1/2025 16:11,2280451.544,6521.552658
23401,GOLF,Former Galion Country Club,Township,MRW,GOLF,Public,144.0977364,Former Galion Country Club,,7/1/2025 16:11,Morrow County Aerials 2006,,,307c4ddc-c2b3-4914-953a-a322b8ba46fb,7/1/2025 16:11,6276897.398,14941.98462
24178,RECREATION,Fortress Obetz,Obetz,FRA,REC,Public,62.70397518,Fortress Obetz,,7/1/2025 16:11,Obetz,,Fortress Obetz,44d12aab-f373-48c9-8fa6-fda7e8d9a9b5,7/1/2025 16:11,2731385.159,7463.922726
24179,PARK,Fortress Obetz,Obetz,FRA,C,Public,13.01848461,Fortress Obetz,,7/1/2025 16:11,,,Fortress Obetz,04b0d556-2f4b-4bda-8da8-54ec09d94fdb,7/1/2025 16:11,567085.1898,4071.151635
23477,PARK,Fountain Square,Lancaster,FAI,N,Public,0.34374985,Fountain Square,,7/1/2025 16:11,Fairfield,,,b5752355-cd01-4ea4-94f8-79b2d250ee0f,7/1/2025 16:11,14973.74341,527.9999896
25407,CEMETERY,Four Corners Cemetery,Township,KNO,CEM,Public,0.87226668,Four Corners Cemetery,,7/1/2025 16:11,Google Maps,,,85dca6ca-0e4e-420f-af0f-e0bd934bbed9,7/1/2025 16:11,37995.93665,790.7198398
25789,CEMETERY,Fowler Cemetery,Township,PER,CEM,Private,0.05205499,Fowler Cemetery,,7/1/2025 16:11,Google Maps,,,2de3074d-fe4e-4b6b-aa1b-1ec05d1c7b82,7/1/2025 16:11,2267.515381,191.5302398
22473,PARK,Foxboro Basin,Gahanna,FRA,N,Public,2.53350126,Foxboro Basin,226,7/1/2025 16:11,Gahanna, ,,0fc26b4f-a2bd-4085-a889-eecbe2289d58,7/1/2025 16:11,110359.3151,1862.486937
22351,GOLF,Foxfire Golf Course,Township,PIC,GOLF,Public,376.2708638,Foxfire Golf Course,227,7/1/2025 16:11,,,Foxfire Golf Course,f4dd29cb-1506-4c53-94b3-eda1a0434527,7/1/2025 16:11,16390358.83,25795.56579
23881,PARK,Foxwood-Rice Ave Park,Gahanna,FRA,N,Public,7.18417438,Foxwood-Rice Ave Park,,7/1/2025 16:11,Gahanna,,Foxwood-Rice Ave Park,e1277ecd-b770-41f1-bfd9-1ee5763c324d,7/1/2025 16:11,312942.6357,4004.114732
25283,CEMETERY,Frame Cemetery,Township,MAR,CEM,Public,4.49678656,Frame Cemetery,,7/1/2025 16:11,Google Maps,,,46449578-fd53-41c5-9b30-4ea04bb20e62,7/1/2025 16:11,195880.0227,2405.206978
24439,PARK,Franchion Lewis Park,Township,LIC,N,Public,44.28221269,Franchion Lewis Park,,7/1/2025 16:11,Licking County,,Franchion Lewis Park,728cbfec-a598-420c-aebb-d30af9253b85,7/1/2025 16:11,1928933.185,6923.792679
22435,PARK,Frank Fletch Memorial Park,Columbus,FRA,N,Public,0.19116164,Frank Fletch Memorial Park,229,7/1/2025 16:11,Columbus, ,,641ad734-1e18-48ca-aca7-98fa6733161d,7/1/2025 16:11,8327.001099,398.2082317
23022,CEMETERY,Franklin Hills Memory Gardens,Township,FRA,CEM,Public,80.28652746,Franklin Hills Memory Gardens,,7/1/2025 16:11,,,Franklin Hills Memory Gardens,0906980a-4114-4437-bc3a-a5b276f824a6,7/1/2025 16:11,3497281.136,7502.085248
22032,PARK,Franklin Park,Columbus,FRA,R,Public,86.4853639,Franklin Park,230,7/1/2025 16:11,Columbus,Franklin Park,Franklin Park,b3c2e7ed-f986-42f4-ac76-37721304c87d,7/1/2025 16:11,3767302.451,8171.756296
22703,PARK,Franks Park,Columbus,FRA,C,Public,53.68112259,Franks Park,229,7/1/2025 16:11,Columbus,Franks Park,Franks Park,51a4ccc5-9a12-400e-b731-27799a448b9f,7/1/2025 16:11,2338349.7,11143.66046
22177,PARK,Frantz/Field Of Corn (Sam & Eulalia Park),Dublin,FRA,C,Public,2.55691986,Frantz/Field of Corn (Sam & Eulalia Park),232,7/1/2025 16:11,Dublin, ,,e6a9b980-3bb4-4bff-a4dc-d7e67bee1a41,7/1/2025 16:11,111379.4291,1413.284545
22539,PARK,Fred R. Reese Wildlife Sanctuary,Township,LIC,PR,Private,104.2557182,Fred R. Reese Wildlife Sanctuary,233,7/1/2025 16:11,,Fred R. Reese Wildlife Sanctuary,Fred R. Reese Wildlife Sanctuary,10a0e098-1901-4066-8ae9-9d7cddccd11d,7/1/2025 16:11,4541379.084,8891.205235
23331,PARK,Fredericktown Community Park,Fredericktown,KNO,C,Public,26.45346137,Fredericktown Community Park,,7/1/2025 16:11,Knox,,Fredericktown Community Park,9df19677-61ea-4d5e-9031-eaa7034eb0a2,7/1/2025 16:11,1152312.777,4491.54575
24886,PARK,Fredericktown Levering Park,Fredericktown,KNO,REC,Public,1.06772534,Fredericktown,,7/1/2025 16:11,MORPC Standardized ELU 2021,,,2d73d3bf-8fb6-44b7-9aa4-17462782e4f6,7/1/2025 16:11,46510.11584,863.0718882
24887,PARK,Fredericktown Levering Park,Fredericktown,KNO,REC,Public,2.7987874,Fredericktown,,7/1/2025 16:11,MORPC Standardized ELU 2021,,,1341f975-fb30-46c7-b91e-e294a2c02b13,7/1/2025 16:11,121915.1792,1958.972081
24888,PARK,Fredericktown Levering Park,Fredericktown,KNO,REC,Public,19.3565473,Fredericktown,,7/1/2025 16:11,MORPC Standardized ELU 2021,,Fredericktown,5d8e4471-3ac8-40c6-91ad-a72e8b3cdafc,7/1/2025 16:11,843171.2002,3748.916557
23995,CEMETERY,Fredonia Cemetery,Township,LIC,CEM,Public,5.05064708,Fredonia Cemetery,,7/1/2025 16:11,Licking Co Parcels,,Fredonia Cemetery,b702a26c-877e-4b5a-ac41-03ef7361b047,7/1/2025 16:11,220006.1866,1882.252788
22012,PARK,Freedom Park,Columbus,FRA,C,Public,7.9778281,Freedom Park,234,7/1/2025 16:11,Columbus, ,Freedom Park,44b1e79f-d515-4801-a417-9e72ab68feeb,7/1/2025 16:11,347514.1918,2990.561311
23261,PARK,Freedom Park,Pataskala,LIC,N,Public,11.03074584,Freedom Park,,7/1/2025 16:11,FCA,,Freedom Park,4094e39d-6efc-4ad1-be6d-759cb7edea52,7/1/2025 16:11,480499.2887,2825.538099
22364,PARK,Freeman Road Park,Township,DEL,C,Public,6.23603678,Freeman Road Park,235,7/1/2025 16:11,DALIS, ,Freeman Road Park,3197698b-eb08-4403-8e92-1583f628b9f0,7/1/2025 16:11,271641.7617,2252.017637
25621,CEMETERY,Friend Cemetery,Township,HOC,CEM,Private,1.17154505,Friend Cemetery,,7/1/2025 16:11,Google Maps,,,a7eb5cd6-5550-4a46-b9d6-bcb2c159a4a7,7/1/2025 16:11,51032.50226,912.9699906
23724,CEMETERY,Friends Cemetery,Township,MRW,CEM,Public,1.29452283,Friends Cemetery,,7/1/2025 16:11,parcels,,,af7cb8ce-e4e1-4fcd-aef8-1bb46685f9b3,7/1/2025 16:11,56389.41479,1028.630495
23332,CEMETERY,Friends Cemetery Assn,Township,KNO,CEM,Public,1.59621859,Friends Cemetery Assn,,7/1/2025 16:11,Knox,,,7f16f415-afa6-4833-81e0-e7b04e641c40,7/1/2025 16:11,69531.2821,1081.670952
23308,CEMETERY,Friendship Cemetery,Township,KNO,CEM,Public,2.1550795,Friendship Cemetery,,7/1/2025 16:11,Knox,,,7631dae0-a4fc-4691-9822-f3b53587e036,7/1/2025 16:11,93875.26306,1358.028114
25745,CEMETERY,Friendship Methodist Episcopal Cemetery,Township,PER,CEM,Public,0.86514958,Friendship Methodist Episcopal Cemetery,,7/1/2025 16:11,Google Maps,,,f3e986f8-e047-455f-8573-1ca34f030583,7/1/2025 16:11,37685.91553,811.3106495
25746,CEMETERY,Friendship Methodist Episcopal Cemetery,Township,PER,CEM,Public,1.04817389,Friendship Methodist Episcopal Cemetery,,7/1/2025 16:11,Google Maps,,,d2e0947c-bd1c-4379-8ca3-36a972cacf35,7/1/2025 16:11,45658.45471,860.1669265
22178,PARK,Friendship Park,Gahanna,FRA,C,Public,22.66989184,Friendship Park,236,7/1/2025 16:11,Gahanna,Friendship Park,Friendship Park,fd98099d-11e7-41dc-8b0b-16ac68b4065c,7/1/2025 16:11,987500.4882,5549.413193
22854,CEMETERY,Friesner Cemetery,Township,FAI,CEM,Public,0.25321422,Friesner Cemetery,,7/1/2025 16:11,Fairfield County,,,e1a916d9-05db-4538-a27a-2fcd4c862eca,7/1/2025 16:11,11030.01123,1419.436538
25944,CEMETERY,Friesner Cemetery,Township,FAI,CEM,Private,0.07346211,Friesner Cemetery,,7/1/2025 16:11,Google Maps,,,c21e4805-2088-43a0-af67-52624977a304,7/1/2025 16:11,3200.009766,240.0003647
25143,CEMETERY,Fry Cemetery,Township,LOG,CEM,Public,0.39670747,Fry Cemetery,,7/1/2025 16:11,Google Maps,,,e1e5c2d2-954c-4e22-afe0-ca1fbffed445,7/1/2025 16:11,17280.57751,525.8801854
21917,PARK,Fryer Park,Grove City,FRA,R,Public,111.4511011,Fryer Park,237,7/1/2025 16:11,Grove City,Fryer Park,Fryer Park,d29e4f89-73ec-4bfa-ba15-9450b715f63a,7/1/2025 16:11,4854809.963,9361.806733
25240,CEMETERY,Fulton Cemetery,Township,LOG,CEM,Public,0.73966293,Fulton Cemetery,,7/1/2025 16:11,Google Maps,,,9f556451-4d09-49bf-892f-d1d7eeadc24b,7/1/2025 16:11,32219.71704,727.8417977
25349,CEMETERY,Fulton Cemetery,Fulton ,MRW,CEM,Public,2.57828903,Fulton Cemetery,,7/1/2025 16:11,Google Maps,,,a05f2b11-f861-4e4b-aa46-3549bdfd8b7a,7/1/2025 16:11,112310.27,1503.005117
25350,CEMETERY,Fulton Cemetery,Fulton,MRW,CEM,Public,1.93055146,Fulton Cemetery,,7/1/2025 16:11,Google Maps,,,447cf8e1-5780-4db4-9740-e8daf58ef33e,7/1/2025 16:11,84094.82153,1248.60404
25351,CEMETERY,Fulton Cemetery,Fulton,MRW,CEM,Public,0.39283203,Fulton Cemetery,,7/1/2025 16:11,Google Maps,,,665bb6c8-2932-45cd-87e5-c78abf9a1c9c,7/1/2025 16:11,17111.76331,532.7164106
24010,CEMETERY,Gaffield Cemetery,Township,LIC,CEM,Public,2.0187581,Gaffield Cemetery,,7/1/2025 16:11,Licking Co Parcels,,,4dbbe3a5-3fa2-4097-bc23-621105f55978,7/1/2025 16:11,87937.10291,1301.918543
23886,PARK,Gahanna Grove Reserve,Gahanna,FRA,NOS,Public,2.61709602,Gahanna Grove Reserve,,7/1/2025 16:11,Gahanna,,,b680774f-0c0a-4009-89d0-f3d11e446c25,7/1/2025 16:11,114000.7025,2119.922406
22259,GOLF,Gahanna Municipal Course,Gahanna,FRA,GOLF,Public,64.77845229,Gahanna Municipal Course,238,7/1/2025 16:11,Gahanna,,Gahanna Municipal Course,761857d5-4c1d-43ff-b58b-d4f58e128e53,7/1/2025 16:11,2821749.382,9610.75681
23876,RECREATION,Gahanna Swimming Pool,Gahanna,FRA,SPU,Public,9.55331231,Gahanna Swimming Pool,,7/1/2025 16:11,Gahanna,,Gahanna Swimming Pool,e516db16-3af4-49c1-a460-24490803d054,7/1/2025 16:11,416142.2837,2926.323824
23883,PARK,Gahanna Woods,Gahanna,FRA,C,Public,99.36776127,Gahanna Woods,,7/1/2025 16:11,Gahanna,Gahanna Woods,Gahanna Woods,8dc9358e-e981-4a67-9f8d-ef379c923964,7/1/2025 16:11,4328459.681,11752.76027
22673,PARK,Galena Brick Trail,Galena,DEL,N,Public,2.81348675,Galena Brick Trail,241,7/1/2025 16:11,DALIS,,,dd71193a-84a3-4b0b-bbbc-b7a459d9b47b,7/1/2025 16:11,122555.4833,3775.037457
23017,CEMETERY,Galena Cemetery,Galena,DEL,CEM,Public,4.97832277,Galena Cemetery,,7/1/2025 16:11,,,,4e039d12-efcd-47ad-9fad-fb6560d57e68,7/1/2025 16:11,216855.7396,2415.681435
22313,PARK,Gallant Farm Preserve,Township,DEL,R,Public,250.0980822,Gallant Farm Preserve,242,7/1/2025 16:11,DALIS,Gallant Farm Preserve,Gallant Farm Preserve,a1d137f9-fcd7-4690-8632-91038739158e,7/1/2025 16:11,10894272.46,15888.74452
23057,CEMETERY,Galloway,Township,FRA,CEM,Public,8.25467466,Galloway,,7/1/2025 16:11,,,Galloway,6b4a8171-ce48-471a-a2b3-e7728bbe6cb5,7/1/2025 16:11,359573.6282,2490.511727
24208,PARK,Galloway Park,Galloway,FRA,C,Public,109.9469389,Galloway Park,,7/1/2025 16:11,,Galloway Park,Galloway Park,e13cbf97-f426-4aaf-8b2e-1ed66b08dbfa,7/1/2025 16:11,4789288.66,10791.90159
23877,PARK,Galloway Reserve,Gahanna,FRA,NOS,Public,23.96305987,Galloway Reserve,,7/1/2025 16:11,Gahanna,,,8e32ad10-3f85-4f66-8f35-bfa5acf27a4f,7/1/2025 16:11,1043830.888,8589.004432
22454,PARK,Galloway Ridge Parkland,Columbus,FRA,N,Public,4.32498137,Galloway Ridge Parkland,244,7/1/2025 16:11,Columbus, ,,b00e542c-3713-45f9-ae7b-d4287d1f88f6,7/1/2025 16:11,188396.1881,1904.287312
23588,PARK,Galloway Road Clean Ohio Parkland,Columbus,FRA,PRES,Public,123.519005,Galloway Road Clean Ohio Parkland,,7/1/2025 16:11,,,,700832d4-cbb6-4d82-b51a-5cdea105b0d1,7/1/2025 16:11,5380487.857,18154.78598
22111,PARK,Gantz Park,Grove City,FRA,C,Public,28.47476729,Gantz Park,245,7/1/2025 16:11,Grove City, ,Gantz Park,131b273d-1d4c-4fb2-ac90-5a4e0d6ba7c9,7/1/2025 16:11,1240360.864,8877.651249
23840,PARK,Gantz Road Open Space,Grove City,FRA,NOS,Public,34.28232861,Gantz Road Open Space,,7/1/2025 16:11,Grove City,,,cbcc0f96-298d-4ecb-9436-dd9d3701e070,7/1/2025 16:11,1493338.234,8932.917116
23841,PARK,Gantz Road Open Space,Grove City,FRA,NOS,Public,13.59703905,Gantz Road Open Space,,7/1/2025 16:11,Grove City,,,3592c019-75c8-40bb-b3c5-342ef691eff1,7/1/2025 16:11,592287.0212,5087.571174
24047,PARK,Garden City Park,Circleville,PIC,N,Public,2.83494838,Garden City Park,,7/1/2025 16:11,,,,781030d4-448a-45a1-bdd0-c2a5e047005b,7/1/2025 16:11,123490.3511,2492.947881
23339,RECREATION,Gardner Athletic Field,Washington Court House,FAY,REC,Public,5.10209114,Gardner Athletic Field,,7/1/2025 16:11,Orthos,,,a4268414-c294-4b83-bfe2-9b36d3364712,7/1/2025 16:11,222247.09,2099.318767
23340,RECREATION,Gardner Athletic Field,Washington Court House,FAY,REC,Public,7.48275194,Gardner Athletic Field,,7/1/2025 16:11,Orthos,,,6a9df589-625a-41d2-8e9c-9f2d9825b172,7/1/2025 16:11,325948.6746,2444.06804
23341,RECREATION,Gardner Athletic Field,Washington Court House,FAY,REC,Public,2.92540614,Gardner Athletic Field,,7/1/2025 16:11,Orthos,,,37592c76-b243-460e-8f03-347847bff16b,7/1/2025 16:11,127430.6915,1427.167324
23342,RECREATION,Gardner Athletic Field,Washington Court House,FAY,REC,Public,2.5412618,Gardner Athletic Field,,7/1/2025 16:11,Orthos,,,b7946896-16b4-443c-bd8b-a53669b699cf,7/1/2025 16:11,110697.364,1771.502355
23359,PARK,Garfield Park,Marion,MAR,N,Public,10.57297844,Garfield Park,,7/1/2025 16:11,Marion parcels,,Garfield Park,487f056c-5bc6-4b19-99fc-85629124bbc2,7/1/2025 16:11,460558.9414,2719.208408
25519,CEMETERY,Garner Cemetery,Township,ROS,CEM,Private,0.07251699,Garner Cemetery,,7/1/2025 16:11,Google Maps,,,f62e42cf-a669-47f9-b306-c17918697225,7/1/2025 16:11,3158.840271,225.3565191
23038,CEMETERY,Garrett Cemetery,Township,MAD,CEM,Public,0.23060439,Garrett Cemetery,,7/1/2025 16:11,,,,e2c6e55e-5e61-47f8-a64c-d825d32483a8,7/1/2025 16:11,10045.12732,403.0216114
24181,PARK,Garrette Park,West Jefferson,MAD,N,Public,8.53217688,Garrette Park,,7/1/2025 16:11,parcels,,Garrette Park,13ca62ae-c796-4701-8ab7-f40c8eb017bd,7/1/2025 16:11,371661.6243,3632.253927
25356,CEMETERY,Garverick Cemetery,Township,MRW,CEM,Public,0.22244564,Garverick Cemetery,,7/1/2025 16:11,Google Maps,,,d3c157af-bb95-4c47-823e-029a93233d3b,7/1/2025 16:11,9689.731934,394.9556534
22962,CEMETERY,Gavit Cemetery,Township,DEL,CEM,Public,1.01051688,Gavit Cemetery,,7/1/2025 16:11,,,,b05431b3-cba0-4dc7-b58b-53de2e9e54ff,7/1/2025 16:11,44018.11511,1053.193331
22810,CEMETERY,Geiger,Township,FAI,CEM,Public,0.6412047,Geiger,,7/1/2025 16:11,Fairfield County,,,b1cc15ec-928b-4b19-857b-d24a9b1d0a5c,7/1/2025 16:11,27930.87671,687.2760935
22453,PARK,Gelpi Park,Columbus,FRA,PRES,Public,2.24054106,Gelpi Park,246,7/1/2025 16:11,Columbus,,,2e1e4dca-b2b8-4136-840a-28129de296ae,7/1/2025 16:11,97597.96838,1830.937078
24794,PARK,Gelpi Park,Westerville,FRA,C,Public,6.0040491,Gelpi Park,,7/1/2025 16:11,MORPC Standardized ELU 2021,,Gelpi Park,9ae6f184-7ecf-4b8f-8cf2-10153afe5278,7/1/2025 16:11,261536.3792,3266.289769
23457,PARK,Gender Road Parkland,Columbus,FRA,PRES,Public,31.98797566,Gender Road Parkland,,7/1/2025 16:11,Columbus,,,62226d96-a9a3-4609-b5fd-ea3fdeeca654,7/1/2025 16:11,1393396.22,4748.769125
23413,PARK,Genoa Community Gardens,Genoa Twp,DEL,C,Public,10.90203584,Genoa Community Gardens,,7/1/2025 16:11,Genoa Twp,,Genoa Community Gardens,a0406091-53bb-4945-8d12-0d132bc2e5ea,7/1/2025 16:11,474892.6809,3069.40004
24223,PARK,Genoa Park,Columbus,FRA,R,Public,20.0286484,Genoa Park,,7/1/2025 16:11,,,Genoa Park,b2f602a6-ed4a-4ac5-b904-788cf78702ea,7/1/2025 16:11,872447.9241,7058.448613
22365,PARK,Genoa Township Park,Township,DEL,C,Public,5.29209825,Genoa Township Park,248,7/1/2025 16:11,DALIS, ,Genoa Township Park,1ba518e6-c85c-4ef0-b3ac-7c5c1e7f9024,7/1/2025 16:11,230523.7999,1961.344551
23474,PARK,Genoa Trail Bike Path,Township,DEL,SPU,Public,33.19432943,Genoa Trail Bike Path,,7/1/2025 16:11,DALIS,,,6fbe5a76-7260-4e34-8980-d4c0a8fcce61,7/1/2025 16:11,1445944.99,43021.58221
24851,PARK,George & Lillian Sautter Memorial Park,Township,MRW,C,Public,11.11067017,George & Lillian Sautter Memorial Park,,7/1/2025 16:11,MORPC Standardized ELU 2021,,George & Lillian Sautter Memorial Park,92fa64d6-0bdf-43d2-ac11-e51cbc3ae878,7/1/2025 16:11,483980.7927,3343.49175
23919,CEMETERY,George Cemetery,Darbyville,PIC,CEM,Public,0.74138887,George Cemetery,,7/1/2025 16:11,Pickaway parcels,,,5815a4da-6228-4952-89d7-09cb5671911b,7/1/2025 16:11,32294.89893,1974.407034
23557,PARK,George Dell Park,Newark,LIC,N,Public,0.33726866,George Dell Park,,7/1/2025 16:11,Licking County GIS file,,,bb7df628-0d5a-4cf2-8f6b-fd08fcd0fade,7/1/2025 16:11,14691.42273,533.8097677
23448,PARK,Georgesville Green Parkland,Columbus,FRA,PRES,Public,8.05752792,Georgesville Green Parkland,,7/1/2025 16:11,Columbus,,,b7d90363-5b2b-4646-b2b7-837133a649ef,7/1/2025 16:11,350985.9164,3301.75213
22067,PARK,Georgian Heights Park,Columbus,FRA,NOS,Public,10.63504548,Georgian Heights Park,249,7/1/2025 16:11,Columbus,,,90a238ce-de74-4611-a521-783c4154861e,7/1/2025 16:11,463262.5811,3881.422217
22732,CEMETERY,German Lutheran,Grove City,FRA,CEM,Public,1.00775683,German Lutheran,,7/1/2025 16:11,,,,1b0b0ec8-c5e5-4fef-b3c9-547231b9d52b,7/1/2025 16:11,43897.8877,838.9296422
25282,CEMETERY,German Reform Cemetery,Township,MAR,CEM,Public,0.55579718,German Reform Cemetery,,7/1/2025 16:11,Google Maps,,,8c78ca77-2ea0-4489-a0b3-dd0ea9422778,7/1/2025 16:11,24210.52527,628.3412722
23879,PARK,Geroux Herb Gardens,Gahanna,FRA,N,Public,0.80947666,Geroux Herb Gardens,250,7/1/2025 16:11,Gahanna, ,Geroux Herb Gardens,4cfcb889-1247-49c7-9bbd-31df402ff6b2,7/1/2025 16:11,35260.80347,755.4237378
25969,PARK,Ghormley Canoe Launch,Township,FAY,R,Public,1.1293191,Ghormley Canoe Launch,,7/1/2025 16:11,Fayette Parcels,,,e8f66210-f72a-47a6-a92d-c1e1d4297c9c,7/1/2025 16:11,49193.14014,1178.98591
25970,PARK,Ghormley Canoe Launch,Township,FAY,R,Public,0.55282399,Ghormley Canoe Launch,,7/1/2025 16:11,Fayette Parcels,,,67bb6bf6-9cff-4145-8160-a2eaac6a7158,7/1/2025 16:11,24081.01343,627.183915
25109,CEMETERY,Ghormley Cemetery,Township,LOG,CEM,Public,0.52575845,Ghormley Cemetery,,7/1/2025 16:11,Google Maps,,,b65663df-0180-444d-b8ea-e7425f04120d,7/1/2025 16:11,22902.03748,764.398978
22840,CEMETERY,Gideon Cemetery,Township,FAI,CEM,Public,0.5731409,Gideon Cemetery,,7/1/2025 16:11,Fairfield County,,,4fc62567-6407-418f-8504-7946e7d72c12,7/1/2025 16:11,24966.01733,787.4460693
24262,PARK,Gillie Community Center,Columbus,FRA,SPU,Public,0.49335436,Gillie Community Center,,7/1/2025 16:11,,,,cbedebf3-4cd2-4777-a5dc-a4d631242ff2,7/1/2025 16:11,21490.51624,634.3773436
22716,RECREATION,Girl Scout Camp,Township,FRA,SPU,Private,226.9118581,Girl Scout Camp,,7/1/2025 16:11,,Girl Scout Camp,Girl Scout Camp,4f447131-eb86-4d6b-a788-6ee7745b9a36,7/1/2025 16:11,9884280.54,14860.69691
24860,PARK,Girl Scouts Camp Crooked Lane,Township,MRW,SPU,Public,0.37650522,Girl Scouts Camp Crooked Lane,,7/1/2025 16:11,MORPC Standardized ELU 2021,,,fc94826a-fe26-4696-8987-2e3d39f07c92,7/1/2025 16:11,16400.56726,564.2319383
24861,PARK,Girl Scouts Camp Crooked Lane,Township,MRW,SPU,Public,1.23155277,Girl Scouts Camp Crooked Lane,,7/1/2025 16:11,MORPC Standardized ELU 2021,,,70edb876-ad51-4993-8477-ff61aacb0f10,7/1/2025 16:11,53646.43835,1028.542972
24862,PARK,Girl Scouts Camp Crooked Lane,Township,MRW,SPU,Public,161.761357,Girl Scouts Camp Crooked Lane,,7/1/2025 16:11,MORPC Standardized ELU 2021,,,6d8fcf45-b847-4a6d-ab53-b09299328a8b,7/1/2025 16:11,7046324.712,10744.5054
24863,PARK,Girl Scouts Camp Crooked Lane,Township,MRW,SPU,Public,1.48723562,Girl Scouts Camp Crooked Lane,,7/1/2025 16:11,MORPC Standardized ELU 2021,,,d4c42a9e-07ef-4130-af61-38f4fc8b12d8,7/1/2025 16:11,64783.98376,1031.577537
24864,PARK,Girl Scouts Camp Crooked Lane,Township,MRW,SPU,Public,61.42628409,Girl Scouts Camp Crooked Lane,,7/1/2025 16:11,MORPC Standardized ELU 2021,,,181e02fe-5052-416c-b359-fe08cad72557,7/1/2025 16:11,2675728.935,7352.273483
22403,PARK,Glacier Ridge Metro Park,Township,UNI,M,Public,29.57277356,Glacier Ridge Metro Park,251,7/1/2025 16:11,Metro Parks, ,Glacier Ridge Metro Park,4e66c6df-8d28-4d3f-82c2-267d6c9809b7,7/1/2025 16:11,1288190.017,4553.884041
22653,PARK,Glacier Ridge Metro Park,Township,UNI,M,Public,1018.870614,Glacier Ridge Metro Park,251,7/1/2025 16:11,Metro Parks,Glacier Ridge Metro Park,Glacier Ridge Metro Park,57a392a4-92eb-4180-b5a8-244874f798d9,7/1/2025 16:11,44382003.96,79858.51884
22632,PARK,Glasso Park,Lancaster,FAI,N,Public,4.7594882,Glasso Park,252,7/1/2025 16:11,Fairfield County,,,a430bfe4-d046-4b8e-a6e3-7da18042eb35,7/1/2025 16:11,207323.3054,2206.745593
24822,PARK,Gleason Family Nature Reserve,Township,MRW,PR,Public,21.83290119,Gleason Family Nature Reserve,,7/1/2025 16:11,MORPC Standardized ELU 2021,,Gleason Family Nature Reserve,4bdbd9b2-bbef-480f-bb0e-6357dbc3ada1,7/1/2025 16:11,951041.176,4642.282449
24823,PARK,Gleason Family Nature Reserve,Township,MRW,PR,Public,5.00745076,Gleason Family Nature Reserve,,7/1/2025 16:11,MORPC Standardized ELU 2021,,Gleason Family Nature Reserve,f069e933-19ca-41c0-b9b9-2264d621fca6,7/1/2025 16:11,218124.5552,2138.605388
24824,PARK,Gleason Family Nature Reserve,Township,MRW,PR,Public,66.60266261,Gleason Family Nature Reserve,,7/1/2025 16:11,MORPC Standardized ELU 2021,,Gleason Family Nature Reserve,f2d77ed8-81c5-4c0e-a1ae-c1075f1510dc,7/1/2025 16:11,2901211.984,7581.884742
24825,PARK,Gleason Family Nature Reserve,Township,MRW,PR,Public,5.04440414,Gleason Family Nature Reserve,,7/1/2025 16:11,MORPC Standardized ELU 2021,,Gleason Family Nature Reserve,8589be99-82ca-412b-9b14-02579e127e53,7/1/2025 16:11,219734.2444,2160.273624
23220,PARK,Glen Echo Park,Columbus,FRA,N,Public,7.13747679,Glen Echo Park,53,7/1/2025 16:11,Columbus,,Glen Echo Park,ead86a8c-6042-43a3-bbf4-79f584f2cff9,7/1/2025 16:11,310908.4884,5515.437839
23700,PARK,Glen Echo Park,Columbus,FRA,N,Public,2.636E-05,Glen Echo Park,53,7/1/2025 16:11,Columbus,,Glen Echo Park,c12f6c41-33d2-4396-9da9-29fcb0657387,7/1/2025 16:11,1.148071289,9.405271607
24062,PARK,Glen High Parkland,Columbus,FRA,N,Public,0.5004743,Glen High Parkland,,7/1/2025 16:11,Columbus,,,cd21e689-e886-4908-a650-d2e28d43e95d,7/1/2025 16:11,21800.6604,617.6843494
22723,CEMETERY,Glen Rest Memorial Estate,Reynoldsburg,FRA,CEM,Public,87.13709957,Glen Rest Memorial Estate,,7/1/2025 16:11,,,Glen Rest Memorial Estate,d4600f4c-b252-4b0f-a80c-2f9e5783861d,7/1/2025 16:11,3795692.057,8552.631879
23412,PARK,Glen Ross Park,Delaware City,DEL,N,Public,7.17469991,Glen Ross Park,,7/1/2025 16:11,Delaware City,,Glen Ross Park,c211f5a7-d7b2-4505-b42d-98d69416e896,7/1/2025 16:11,312529.9272,2806.477547
21974,PARK,Glencree Place Open Space,Dublin,FRA,N,Public,0.20174443,Glencree Place Open Space,510,7/1/2025 16:11,, ,,6f2424f0-c0cf-44d6-a6c8-a1be5e424123,7/1/2025 16:11,8787.987183,407.6775113
23400,CEMETERY,Glendale Cemetery,Cardington,MRW,CEM,Public,34.17654365,Glendale Cemetery,,7/1/2025 16:11,Morrow County Aerials 2006,,,0aea8951-c619-45e3-bfa5-726de4857727,7/1/2025 16:11,1488730.241,5802.485847
23672,PARK,Glendavon Park,Dublin,FRA,N,Public,1.2128055,Glendavon Park,,7/1/2025 16:11,Dublin,,,1af8d79d-ef3b-4251-8a39-36c15fa340d1,7/1/2025 16:11,52829.8075,891.711345
25743,PARK,Glenford Fort Preserve,Township,PER,PR,Public,60.09403002,Glenford Fort Perserve,,7/1/2025 16:11,Google Maps,,Glenford Fort Perserve,34099694-9945-4018-93e3-f21b97023bfc,7/1/2025 16:11,2617695.948,10314.89618
25741,PARK,Glenford Lions Club Park,Township,PER,C,Public,17.36472459,Glenford Lions Club Park,,7/1/2025 16:11,Google Maps,,Glenford Lions Club Park,5287a4fc-eaf3-46af-bd5b-b14421b55847,7/1/2025 16:11,756407.4031,3732.451339
24076,PARK,Glenmawr Park,Columbus,FRA,N,Public,0.7696039,Glenmawr Park,,7/1/2025 16:11,,,,97815afe-dc12-4ddc-bd9d-6214594720e2,7/1/2025 16:11,33523.94604,2321.423203
22348,PARK,Glenshire Open Space,Township,FAI,N,Public,17.64310448,Glenshire Open Space,266,7/1/2025 16:11,Fairfield County, ,Glenshire Open Space,b845b1e8-211a-435b-bc43-1720d32468db,7/1/2025 16:11,768533.6296,12543.85745
22503,PARK,Glenview Park,Columbus,FRA,N,Public,3.71540939,Glenview Park,252,7/1/2025 16:11,Columbus, ,,b2755622-0bc6-4a84-9127-1e1aab85b536,7/1/2025 16:11,161843.2335,2079.230402
23389,PARK,Glenwood Park,Marion,MAR,N,Public,10.65308504,Glenwood Park,,7/1/2025 16:11,Marion parcels,,Glenwood Park,355ca8b6-cd59-4b96-bdac-d2aa35efcf38,7/1/2025 16:11,464048.3839,3349.452193
22030,RECREATION,Glenwood Park & Recreation Center,Columbus,FRA,SPU,Public,16.72370087,Glenwood Park & Rec Center,114,7/1/2025 16:11,Columbus, ,Glenwood Park & Rec Center,a4b73fe0-3632-4882-8b32-021ea1e3f50c,7/1/2025 16:11,728484.4092,3738.774968
22478,PARK,Godown Road Park,Columbus,FRA,C,Public,9.95937171,Godown Road Park,256,7/1/2025 16:11,orthos, ,Godown Road Park,ee1ee419-7257-43b0-8ddf-c76d865ca33b,7/1/2025 16:11,433830.2316,2667.868416
25557,CEMETERY,Golden Gate Cemetery,Township,ROS,CEM,Public,0.64341239,Golden Gate Cemetery,,7/1/2025 16:11,Google Maps,,,3a1b8ded-e5cb-413d-8515-8ce8ada19529,7/1/2025 16:11,28027.0437,670.0257364
23784,GREEN SPACE,Goldeneye Drive Open Space,Township,FRA,NOS,Public,7.90146586,,,7/1/2025 16:11,parcels,,,6ecb2828-4393-4b6d-bc34-b6b44f9d0713,7/1/2025 16:11,344187.8534,2408.811595
25568,PARK,Goldie A. Gunlock Memorial Park,Chillicothe,ROS,C,Public,58.3783744,Goldie A. Gunlock Memorial Park,,7/1/2025 16:11,Google Maps,,Goldie A. Gunlock Memorial Park,7571b4df-1383-46a8-bb47-9bdcbe9e2cfd,7/1/2025 16:11,2542961.989,6643.804232
25477,CEMETERY,Good Hope Cemetery,Township,FAY,CEM,Public,3.12775112,Good Hope Cemetery,,7/1/2025 16:11,Google Maps,,,decc286a-7e14-4816-93fe-2e8c61d0c3b0,7/1/2025 16:11,136244.8388,2576.504952
25478,CEMETERY,Good Hope Cemetery,Township,FAY,CEM,Public,8.4562019,Good Hope Cemetery,,7/1/2025 16:11,Google Maps,,,fceb5942-9460-4e03-9b5c-cd25cde7e1ed,7/1/2025 16:11,368352.1546,4077.891682
25479,CEMETERY,Good Hope Cemetery,Township,FAY,CEM,Public,0.56106146,Good Hope Cemetery,,7/1/2025 16:11,Google Maps,,,74e0d3d9-4253-4b8e-9101-1e5a440bcd3b,7/1/2025 16:11,24439.8371,634.2656851
22029,PARK,Goodale Park,Columbus,FRA,C,Public,32.56537721,Goodale Park,259,7/1/2025 16:11,Columbus,Goodale Park,Goodale Park,930386b5-18c5-464d-b161-08a1f09d9ade,7/1/2025 16:11,1418547.831,4780.372553
22491,PARK,Goshen Park,Gahanna,FRA,N,Public,0.38456173,Goshen Park,260,7/1/2025 16:11,, ,,82358317-db18-4f97-8ba9-a64c76a300fc,7/1/2025 16:11,16751.50891,601.05329
24083,PARK,Gould Park,Columbus,FRA,N,Public,0.18570051,Gould Park,,7/1/2025 16:11,Columbus,,,b9daafed-8a9e-4c48-b0ac-5cab4ea0bf4c,7/1/2025 16:11,8089.114014,654.9154814
22493,PARK,Gramercy Park,Gahanna,FRA,N,Public,0.27467146,Gramercy Park,262,7/1/2025 16:11,Gahanna, ,,4b2d1d79-7d0e-4d74-a0e5-ca1a249d741e,7/1/2025 16:11,11964.68921,454.1550579
23415,PARK,Grand Oak ,Genoa Twp,DEL,C,Public,7.69597858,Grand Oak,,7/1/2025 16:11,Genoa Twp,,Grand Oak,18fd278b-f635-4551-8e32-8b902e343d47,7/1/2025 16:11,335236.828,2812.500652
23416,PARK,Grand Oak ,Genoa Twp,DEL,N,Public,2.61686353,Grand Oak ,,7/1/2025 16:11,Genoa Twp,,,9621ef94-5895-482f-bbd7-6cb86cf64049,7/1/2025 16:11,113990.5757,2149.089885
23395,CEMETERY,Grand Prairie Cemetery and Monuments,Township,MAR,CEM,Public,35.60888233,Grand Prairie Cemetery and Monuments,,7/1/2025 16:11,Marion parcels,,,dd643e0f-7b89-406b-84bd-d831096b74d6,7/1/2025 16:11,1551122.915,6761.276718
23279,CEMETERY,Grandview Cemetery,Chillicothe,ROS,CEM,Public,107.1730376,Grandview Cemetery,,7/1/2025 16:11,Ross LBRS,,Grandview Cemetery,d25f7337-83fe-481d-b337-b5e2a469549f,7/1/2025 16:11,4668457.517,10152.48125
25947,CEMETERY,Grandview Cemetery,Township,FAI,CEM,Public,20.96558278,Grandview Cemetery,,7/1/2025 16:11,Google Maps,,,871c4f32-2d18-4c73-927a-fb2f7c6dcf68,7/1/2025 16:11,913260.7861,4206.418445
25830,CEMETERY,Grant Campbell Farm Cemetery,Township,PIC,CEM,Private,0.16863308,Grant Campbell Farm Cemetery,,7/1/2025 16:11,Google Maps,,,f5544e69-c26f-484d-9bd6-a50b83bd4ad6,7/1/2025 16:11,7345.65686,343.5727173
24417,GOLF,Granville Golf Course,Granville,LIC,GOLF,Public,124.246238,Granville Golf Course,264,7/1/2025 16:11,,,Granville Golf Course,ad69a64a-d807-4861-9d56-702b1ec2a4a8,7/1/2025 16:11,5412166.129,13363.27926
24418,GOLF,Granville Golf Course,Granville,LIC,GOLF,Public,18.83409483,Granville Golf Course,264,7/1/2025 16:11,,,Granville Golf Course,681f2f25-1647-43c2-9153-add90e80ce9a,7/1/2025 16:11,820413.1714,4664.358806
24419,GREEN SPACE,Granville Greenspace,Granville,LIC,NOS,Public,15.7486436,,,7/1/2025 16:11,Licking County,,,219ff03c-5795-4ad0-9147-4ccafafdc811,7/1/2025 16:11,686010.9155,5611.116482
24420,GREEN SPACE,Granville Greenspace,Granville,LIC,NOS,Public,16.07581614,,,7/1/2025 16:11,Licking County,,,46094736-aaff-4540-a0ba-ae483969b398,7/1/2025 16:11,700262.5514,6540.888245
21986,PARK,Granville Park,Columbus,FRA,N,Public,5.08943755,Granville Park,265,7/1/2025 16:11,Columbus, ,Granville Park,9bbf9e51-f2ba-4d22-b380-29dd60544c55,7/1/2025 16:11,221695.8999,2189.171495
24752,GREEN SPACE,GRASMERE STREET ISLAND,Columbus,FRA,NOS,Public,0.0221077,,,7/1/2025 16:11,Columbus Park Boundaries,,,879055b9-251e-4795-b543-5e94c0fd85c7,7/1/2025 16:11,963.0113525,110.2312198
22849,CEMETERY,Graybill Cemetery,Township,FAI,CEM,Public,0.36403439,Graybill Cemetery,,7/1/2025 16:11,Fairfield County,,,320d0f99-cdd3-4a46-aab1-cba10068ca14,7/1/2025 16:11,15857.33789,509.0583848
23599,PARK,Great Seal State Park,Township,ROS,STATE,Public,1869.536983,Great Seal State Park,,7/1/2025 16:11,ODNR,Great Seal State Park,Great Seal State Park,e19da603-73e3-4bed-a332-efe96fa7f431,7/1/2025 16:11,81437030.98,93815.97625
23379,GOLF,Green Acres Golf Course,Township,MAR,GOLF,Public,62.03062377,Green Acres Golf Course,,7/1/2025 16:11,Marion parcels,,,0decf4b1-b4e6-4979-832d-2c74c3c277b8,7/1/2025 16:11,2702053.972,8723.683509
24634,GREEN SPACE,GREEN BELT,Westerville,FRA,NOS,Public,1.77389601,,,7/1/2025 16:11,Frankiln Co Parks,,,c45bf8d7-c275-4829-a2eb-eeee08c39672,7/1/2025 16:11,77270.91003,2504.08599
24635,GREEN SPACE,GREEN BELT,Westerville,FRA,NOS,Public,0.4035015,,,7/1/2025 16:11,Frankiln Co Parks,,,29b339d8-85ab-432f-b2da-3950fd0de05f,7/1/2025 16:11,17576.5254,1209.460633
24657,GREEN SPACE,GREEN BELT,Westerville,FRA,NOS,Public,0.11146121,,,7/1/2025 16:11,Frankiln Co Parks,,,b543f98d-8bf9-46ef-bd15-75e80f15387c,7/1/2025 16:11,4855.250905,723.2422963
24685,GREEN SPACE,GREEN BELT,Westerville,FRA,NOS,Public,0.16599629,,,7/1/2025 16:11,Frankiln Co Parks,,,2e635bb0-a710-414a-a202-b866d3aae891,7/1/2025 16:11,7230.797941,884.3066837
24570,GREEN SPACE,GREEN BELT  TWO,Columbus,FRA,NOS,Public,0.64926878,,,7/1/2025 16:11,Fanklin Co Parks,,,44133368-c6b4-418a-92b8-29d726eaf493,7/1/2025 16:11,28282.14831,3759.173453
24608,GREEN SPACE,GREEN BELT  TWO,Columbus,FRA,NOS,Public,0.43332583,,,7/1/2025 16:11,Fanklin Co Parks,,,500dc9f3-b373-421a-9a36-dab56c0309e1,7/1/2025 16:11,18875.67323,775.632773
24493,GREEN SPACE,GREEN BELT COMMON,Columbus,FRA,NOS,Public,0.08444263,,,7/1/2025 16:11,Franklin Co Parks,,,637d1e3d-961e-4741-ad74-b650c320f8ea,7/1/2025 16:11,3678.320923,405.8591531
24494,GREEN SPACE,GREEN BELT COMMON,Columbus,FRA,NOS,Public,0.159524,,,7/1/2025 16:11,Franklin Co Parks,,,320fcbb7-6dc6-4310-bdfa-345ad2e621f7,7/1/2025 16:11,6948.865234,739.687922
24495,GREEN SPACE,GREEN BELT COMMON,Columbus,FRA,NOS,Public,0.76561813,,,7/1/2025 16:11,Franklin Co Parks,,,aafcc935-1870-42ad-bb55-45063c6a4562,7/1/2025 16:11,33350.32568,1242.752367
24496,GREEN SPACE,GREEN BELT COMMON,Columbus,FRA,NOS,Public,0.71599498,,,7/1/2025 16:11,Franklin Co Parks,,,d6753550-1640-4f23-8900-c6503bb6f7ab,7/1/2025 16:11,31188.74125,2364.389871
24497,GREEN SPACE,GREEN BELT COMMON,Columbus,FRA,NOS,Public,1.08093515,,,7/1/2025 16:11,Franklin Co Parks,,,cc6c94eb-48f5-489d-96b0-0469fe401c01,7/1/2025 16:11,47085.5355,2359.156403
24498,GREEN SPACE,GREEN BELT COMMON,Columbus,FRA,NOS,Public,0.15585628,,,7/1/2025 16:11,Franklin Co Parks,,,445db3c2-496c-4f84-a1f3-cd224f87161c,7/1/2025 16:11,6789.099596,712.2348883
24499,GREEN SPACE,GREEN BELT COMMON,Columbus,FRA,NOS,Public,0.65145893,,,7/1/2025 16:11,Franklin Co Parks,,,4021de7f-1933-49ec-a6f1-a7f8dca6791f,7/1/2025 16:11,28377.55083,2001.955182
24501,GREEN SPACE,GREEN BELT COMMON,Columbus,FRA,NOS,Public,0.06319746,,,7/1/2025 16:11,Franklin Co Parks,,,f7d3825f-af40-43d0-8685-eb169a08dd12,7/1/2025 16:11,2752.881415,322.3367932
24502,GREEN SPACE,GREEN BELT COMMON,Columbus,FRA,NOS,Public,0.48107418,,,7/1/2025 16:11,Franklin Co Parks,,,09fdf25e-829a-4ce7-a1e8-9b331b7c34bb,7/1/2025 16:11,20955.59143,1020.190051
24503,GREEN SPACE,GREEN BELT COMMON,Columbus,FRA,NOS,Public,0.06888739,,,7/1/2025 16:11,Franklin Co Parks,,,906d71db-9279-42fd-af21-453d569a3d67,7/1/2025 16:11,3000.735107,352.2363529
24504,GREEN SPACE,GREEN BELT COMMON,Columbus,FRA,NOS,Public,1.57766876,,,7/1/2025 16:11,Franklin Co Parks,,,eaf8c229-2858-453f-9eac-872a730c59bd,7/1/2025 16:11,68723.25036,2509.188448
24596,GREEN SPACE,GREEN BELT ONE,Columbus,FRA,NOS,Public,0.65166667,,,7/1/2025 16:11,Fanklin Co Parks,,,d8d1dc92-e375-4060-affb-f44c711b1b47,7/1/2025 16:11,28386.5998,1896.623998
24621,GREEN SPACE,GREEN BELT ONE,Columbus,FRA,NOS,Public,0.20323159,,,7/1/2025 16:11,Fanklin Co Parks,,,4a3f6ad1-6ab9-4456-93cb-5a47256a7eee,7/1/2025 16:11,8852.768204,1217.784626
24358,GREEN SPACE,Green Belt Three,Columbus,FRA,NOS,Public,0.99668373,,,7/1/2025 16:11,FCA,,,5dc3ff1d-994a-4575-a639-1562ba44a186,7/1/2025 16:11,43415.54334,781.9261951
24518,GREEN SPACE,GREEN BELT THREE,Columbus,FRA,NOS,Public,1.21121651,,,7/1/2025 16:11,Fanklin Co Parks,,,90092d5d-54ba-4f38-99ea-0a83d44444cb,7/1/2025 16:11,52760.59093,3256.128021
25294,RECREATION,Green Camp Baseball Fields,Green Camp,MAR,REC,Public,14.93767438,Green Camp Baseball Fields,,7/1/2025 16:11,Google Maps,,,b601de3b-4353-4b80-8f92-2ee7b384cd9c,7/1/2025 16:11,650685.0962,4124.777662
25295,CEMETERY,Green Camp Cemetery,Township,MAR,CEM,Public,5.16168607,Green Camp Cemetery,,7/1/2025 16:11,Google Maps,,,e853991b-86f5-4666-91dc-877d225b8665,7/1/2025 16:11,224843.045,1936.762879
22834,CEMETERY,Green Castle Cemetery,Township,FAI,CEM,Public,0.3957575,Green Castle Cemetery,,7/1/2025 16:11,Fairfield County,,,bce77113-9bbd-44f0-b61d-7d16b6740270,7/1/2025 16:11,17239.19666,585.3965054
24002,CEMETERY,Green Hill Cemetery,Township,LIC,CEM,Public,19.43543368,Green Hill Cemetery,,7/1/2025 16:11,Licking Co Parcels,,Green Hill Cemetery,f4fb0d19-a1de-4d98-b4ee-fc9b0b67c466,7/1/2025 16:11,846607.491,3924.190075
22724,CEMETERY,Green Lawn,Township,FRA,CEM,Public,330.99261,Green Lawn Cemetery,,7/1/2025 16:11,,Green Lawn Cemetery,Green Lawn Cemetery,6b1413b4-4db2-4868-bb9e-2f51bf439011,7/1/2025 16:11,14418039.19,19949.73792
22739,CEMETERY,Green Lawn Abbey,Township,FRA,CEM,Public,2.34533392,Green Lawn Abbey,,7/1/2025 16:11,,,,6b75ef61-9cee-4fc8-896b-72d1fc3a9e19,7/1/2025 16:11,102162.7455,1297.014243
24101,CEMETERY,Green Lawn Cemetery,West Mansfield,LOG,CEM,Public,5.10360142,Green Lawn Cemetery,,7/1/2025 16:11,google maps/orthos,,Green Lawn Cemetery,84d67e30-73d4-4243-8ac6-463433b69abd,7/1/2025 16:11,222312.8781,1896.70271
24133,CEMETERY,Green Lawn Memory Cemetery ,New Lexington,PER,CEM,Public,7.28700464,Green Lawn Memory Cemetery ,,7/1/2025 16:11,Orthos/ google maps,,Green Lawn Memory Cemetery ,e45fbf70-ffce-4690-8480-dd027ffce38f,7/1/2025 16:11,317421.9219,2274.777285
22969,CEMETERY,Green Mound,Township,DEL,CEM,Public,18.00997138,Green Mound,,7/1/2025 16:11,,,Green Mound,5809b7da-dc51-46b4-9180-caadb796505b,7/1/2025 16:11,784514.3533,3856.29613
23954,GREEN SPACE,Green Pastures Open Space,Marysville,UNI,NOS,Public,0.58265847,,,7/1/2025 16:11,,,,400ce4fd-ce0c-4898-a55b-e2c8de08e682,7/1/2025 16:11,25380.60327,727.8081716
23955,GREEN SPACE,Green Pastures Open Space,Marysville,UNI,NOS,Public,0.46177968,,,7/1/2025 16:11,,,,ed0fe0c5-97d3-4c87-b796-823fcaa0b014,7/1/2025 16:11,20115.12366,644.9488108
24180,PARK,Green Pointe Business Park,GROVEPORT,FRA,N,Public,8.34364368,Green Pointe Business Park,,7/1/2025 16:11,,,Green Pointe Business Park,48522991-119a-44b3-9b4b-3975b14faecf,7/1/2025 16:11,363449.1193,2735.926709
23633,GREEN SPACE,Green Stone Loop Open Space,Dublin,UNI,NOS,Public,0.13503495,,,7/1/2025 16:11,Dublin,,,02ac6549-a2e0-4b1c-9577-97d8c7c6b37c,7/1/2025 16:11,5882.122314,374.1838375
25608,CEMETERY,Green Summit Cemetery,Township,ROS,CEM,Public,10.79736612,Green Summit Cemetery,,7/1/2025 16:11,Google Maps,,,eda73523-25e8-42bb-8b3b-3575b4691e62,7/1/2025 16:11,470333.2684,3137.120382
25609,CEMETERY,Green Summit Cemetery,Township,ROS,CEM,Public,3.83957659,Green Summit Cemetery,,7/1/2025 16:11,Google Maps,,,50535fe5-d839-4a95-9e61-410275d06fd0,7/1/2025 16:11,167251.9562,1662.828905
24500,GREEN SPACE,GREENBELT COMMON,Columbus,FRA,NOS,Public,0.26153226,,,7/1/2025 16:11,Franklin Co Parks,,,41a60d94-c8b8-4704-8d63-e6bd7c90334f,7/1/2025 16:11,11392.34534,1131.671444
22073,PARK,Greene Countrie Park,Columbus,FRA,C,Public,17.05746822,Greene Countrie Park,268,7/1/2025 16:11,Columbus, ,Greene Countrie Park,ebea6868-f19f-4c39-af40-362dc6174d73,7/1/2025 16:11,743023.3156,3817.631579
22822,CEMETERY,Greenfield,Township,FAI,CEM,Public,6.81447268,Greenfield,,7/1/2025 16:11,Fairfield County,,Greenfield,8c936b61-3ffc-4c3c-8ce9-749b47c67a2b,7/1/2025 16:11,296838.4299,2436.640445
22273,PARK,Greenfield Dam Wildlife Area,Township,FAI,R,Public,46.34244538,Greenfield Dam Wildlife Area,522,7/1/2025 16:11,ODNR, ,Greenfield Dam Wildlife Area,ff18f5c9-ee19-48e6-9b62-9dc41ee7db2f,7/1/2025 16:11,2018676.921,6560.597901
23915,CEMETERY,Greenland Cemetery,Township,PIC,CEM,Public,0.24276238,Greenland Cemetery,,7/1/2025 16:11,Pickaway parcels,,,cb500057-e002-4087-b111-b85bb2ad74c9,7/1/2025 16:11,10574.72894,418.3023535
23282,CEMETERY,Greenlawn Cemetery,Chillicothe,ROS,CEM,Public,29.49329683,Greenlawn Cemetery,,7/1/2025 16:11,Ross LU,,,b581df73-e562-43c4-bf65-47213a198c1b,7/1/2025 16:11,1284728.01,6005.343335
25525,CEMETERY,Greenlawn Cemetery,Township,ROS,CEM,Public,17.92753849,Greenlawn Cemetery,,7/1/2025 16:11,Google Maps,,,7a099878-8b71-4403-bd21-236684e625b9,7/1/2025 16:11,780923.5766,3743.394535
25526,CEMETERY,Greenlawn Cemetery,Township,ROS,CEM,Public,10.25440845,Greenlawn Cemetery,,7/1/2025 16:11,Google Maps,,,0b267cdb-3e70-4fce-bcc3-6f3b3457db14,7/1/2025 16:11,446682.0319,3041.531722
23211,PARK,Greenlawn Park,Columbus,FRA,CON,Public,17.98112572,Greenlawn Park,296,7/1/2025 16:11,Columbus,,Greenlawn Park,e6822dc5-4f0f-4bc2-b96e-ad49b6144667,7/1/2025 16:11,600470.7704,8236.686159
26419,PARK,GREENLEAF PARK,Columbus,FRA,PRES,,,,,7/1/2025 16:11,Columbus,,,ba367d10-e792-4a1e-b242-5e0aa9f26e0b,7/1/2025 16:11,387574.3077,3913.501262
22861,CEMETERY,Greenmound,Township,FAI,CEM,Public,7.99318197,Greenmound,,7/1/2025 16:11,Fairfield County,,Greenmound,31a9c6e6-0662-4cb8-8652-2f043d9b82ae,7/1/2025 16:11,348183.0068,2360.785488
23375,PARK,Greenspur Nature Preserve,Township,MAR,PR,Public,6.92729246,Greenspur Nature Preserve,,7/1/2025 16:11,Marion parcels,,Greenspur Nature Preserve,a20b0c0c-9a5e-4ba4-ba4c-d33924e20152,7/1/2025 16:11,301752.8599,3063.394211
24731,GREEN SPACE,GREENWAY SOUTH STREET ISLANDS,Columbus,FRA,NOS,Public,0.35444777,,,7/1/2025 16:11,Columbus Park Boundaries,,,fd72338e-8064-4bc7-a12e-2cc95392c6d0,7/1/2025 16:11,15439.745,2821.744109
24167,CEMETERY,Greenwood Cemetery ,De Graff,LOG,CEM,Public,18.13362814,Greenwood Cemetery ,,7/1/2025 16:11,Logan County Parcels,,Greenwood Cemetery ,fa9986be-92be-4009-a767-ecc08e27a13a,7/1/2025 16:11,789900.8419,4961.953993
23088,CEMETERY,Grey,Township,FRA,CEM,Public,0.275925,Grey,,7/1/2025 16:11,,,,e27e59a3-9c46-4511-baaa-57ee92c18608,7/1/2025 16:11,12019.29309,433.5744904
24462,PARK,Griggs Park,Columbus,FRA,R,Public,82.15129874,Griggs Park,,7/1/2025 16:11,Columbus,Griggs Park,Griggs Park,23259f19-3ce9-4728-aa40-134df717c46f,7/1/2025 16:11,3578510.573,20452.0502
24463,PARK,Griggs Park,Columbus,FRA,R,Public,43.49167271,Griggs Park,,7/1/2025 16:11,Columbus,Griggs Park,Griggs Park,0e1ce2ef-d371-4510-bd5c-29bd7339fac0,7/1/2025 16:11,1894497.265,22210.30059
24464,PARK,Griggs Park,Columbus,FRA,R,Public,21.92917898,Griggs Park,,7/1/2025 16:11,Columbus,Griggs Park,Griggs Park,d5b37e3b-24dc-42a2-b21b-51cbfca7e6ee,7/1/2025 16:11,955235.0363,20233.45879
24465,PARK,Griggs Park,Columbus,FRA,R,Public,5.97037349,Griggs Park,,7/1/2025 16:11,Columbus,Griggs Park,Griggs Park,d20cdd9c-2b31-4c3f-8903-d77a2dcd6437,7/1/2025 16:11,260069.4689,5046.40665
24466,PARK,Griggs Park,Columbus,FRA,R,Public,4.65366727,Griggs Park,,7/1/2025 16:11,Columbus,Griggs Park,,d5da7c8c-7f38-48fd-97a0-b5ff8342e5ed,7/1/2025 16:11,202713.7455,9233.395567
24467,PARK,Griggs Park,Columbus,FRA,R,Public,3.12589316,Griggs Park,,7/1/2025 16:11,Columbus,Griggs Park,,4ebfeed3-f3cc-4702-841b-1e621aa18c21,7/1/2025 16:11,136163.9063,3784.009565
24468,PARK,Griggs Park,Columbus,FRA,R,Public,1.77959976,Griggs Park,,7/1/2025 16:11,Columbus,Griggs Park,,fe82bf5b-73d0-415a-b826-6ae911c7f971,7/1/2025 16:11,77519.36523,2312.502445
24469,PARK,Griggs Park,Columbus,FRA,R,Public,1.19615029,Griggs Park,,7/1/2025 16:11,Columbus,Griggs Park,,4fc6c471-5a64-43d5-8cdd-4390b4d3c699,7/1/2025 16:11,52104.30652,1376.36132
26013,PARK,Griggs Park,Columbus,FRA,R,Public,43.52250792,Griggs Park,,7/1/2025 16:11,Existing Land Use 2021,,Griggs Park,fbc99408-0f27-47d8-a4b0-8416dabc2375,7/1/2025 16:11,1895840.445,15198.10065
22414,PARK,Griggs Reservoir,Columbus,FRA,R,Public,24.82397075,Kiwanis Park,383,7/1/2025 16:11,Columbus,,Kiwanis Park,a629fa0a-57c6-4a43-8b59-cf3bb7a5db46,7/1/2025 16:11,1081332.166,11880.31986
23630,PARK,Griggs Reservoir,Columbus,FRA,C,Public,3.04755503,Griggs Reservoir,,7/1/2025 16:11,Columbus,,,66cf95f3-2df4-4c6d-8aeb-18c67141e98d,7/1/2025 16:11,132751.4974,3121.604229
23855,PARK,Griggs Reservoir,Columbus,FRA,R,Public,4.90307562,Griggs Reservoir,271,7/1/2025 16:11,orthos,Griggs Reservoir,,ee6e2476-3481-41df-93d2-e7f3d1f08f8a,7/1/2025 16:11,213577.9738,6169.322349
24470,PARK,Griggs Reservoir,Columbus,FRA,R,Public,12.44021787,Griggs Reservoir,271,7/1/2025 16:11,Columbus,Griggs Reservoir,Griggs Reservoir,d0af0fb4-7876-4ae4-8fc7-4db3abd91447,7/1/2025 16:11,541895.891,6320.326676
24471,PARK,Griggs Reservoir,Columbus,FRA,R,Public,1.77901119,Griggs Reservoir,271,7/1/2025 16:11,Columbus,Griggs Reservoir,Griggs Reservoir,ba47642e-3a65-4c8d-bac9-a032dbc67ee4,7/1/2025 16:11,77493.72717,2312.617514
24472,PARK,Griggs Reservoir,Columbus,FRA,R,Public,0.00067929,Griggs Reservoir,271,7/1/2025 16:11,Columbus,Griggs Reservoir,Griggs Reservoir,40edc89d-73b5-4205-b5cb-5a69983cc067,7/1/2025 16:11,29.58959961,68.8096884
25319,CEMETERY,Grimm Cemetery,Township,MAR,CEM,Private,0.05077864,Grimm Cemetery,,7/1/2025 16:11,Google Maps,,,9c810808-88ec-4fe9-aeb6-69fd19029db0,7/1/2025 16:11,2211.917603,189.6222699
22733,CEMETERY,Grove City,Grove City,FRA,CEM,Public,7.42139724,Grove City,,7/1/2025 16:11,,,Grove City,db68e003-72b5-4ae9-b4a6-80457a9a1f27,7/1/2025 16:11,323276.0641,2262.178458
23021,CEMETERY,Grove City Cemetery West,Grove City,FRA,CEM,Public,22.98039756,Grove City Cemetery West,,7/1/2025 16:11,,,,0897b0ee-f20b-4c8f-aa3d-aa7c80e22ae5,7/1/2025 16:11,1001026.118,5217.268635
25991,CEMETERY,Grove Orr Cemetery,Township,FAY,CEM,Private,0.23818839,Grove Orr Cemetery,,7/1/2025 16:11,Orthos,,,9715a69a-4f7e-40cd-af2d-b84cce9a5029,7/1/2025 16:11,10375.48608,410.6831824
22758,CEMETERY,Groveport,Groveport,FRA,CEM,Public,2.48035387,Groveport,,7/1/2025 16:11,,,,8fc5552f-7cce-4e05-8611-0b7cafdafe06,7/1/2025 16:11,108044.2147,1434.566501
22110,PARK,Groveport Cruiser Park,Groveport,FRA,R,Public,87.74693932,Groveport Cruiser Park,273,7/1/2025 16:11,,Groveport Cruiser Park,Groveport Cruiser Park,c8f33944-cda5-4d78-89fc-634a1651367f,7/1/2025 16:11,3822256.677,16214.57527
22112,PARK,Groveport Park,Groveport,FRA,R,Public,85.36012461,Groveport Park,274,7/1/2025 16:11,,Groveport Park,Groveport Park,d0bbca76-0a1e-4bb6-8214-82ccb6013c93,7/1/2025 16:11,3718287.027,12283.38406
21973,GREEN SPACE,Groveport Road Open Space,Canal Winchester,FRA,NOS,Public,0.88106714,,498,7/1/2025 16:11,, ,,066429fc-1bfc-4fe4-8366-901d89a1982f,7/1/2025 16:11,38379.28479,1254.269764
25061,GREEN SPACE,Groveport Road Open Space,Canal Winchester,FRA,NOS,Public,5.44735301,,,7/1/2025 16:11,MORPC Standardized ELU 2021,,,7a1f9c69-803e-489e-9ccc-454eed3e3287,7/1/2025 16:11,237286.6974,3850.465508
25062,GREEN SPACE,Groveport Road Open Space,Canal Winchester,FRA,NOS,Public,0.00540483,,,7/1/2025 16:11,MORPC Standardized ELU 2021,,,1a522c2f-f9bb-42d8-9b10-2ba19202a754,7/1/2025 16:11,235.4341828,146.5446474
25063,GREEN SPACE,Groveport Road Open Space,Canal Winchester,FRA,NOS,Public,1.37482987,,,7/1/2025 16:11,MORPC Standardized ELU 2021,,,e6dee933-c874-4984-90eb-6eec62107375,7/1/2025 16:11,59887.5891,2636.787333
25064,GREEN SPACE,Groveport Road Open Space,Canal Winchester,FRA,NOS,Public,1.71944134,,,7/1/2025 16:11,MORPC Standardized ELU 2021,,,55107ed5-2695-4ff2-a663-3e4e79072011,7/1/2025 16:11,74898.86475,1673.52715
25693,CEMETERY,Groves Cemetery,Township,HOC,CEM,Public,0.92339107,Groves Cemetery,,7/1/2025 16:11,Google Maps,,,e761c65f-618e-4bd6-ba3f-116eec803bbf,7/1/2025 16:11,40222.91479,820.6170648
24057,PARK,Guilford Park,Columbus,FRA,N,Public,0.69315267,Guilford Park,,7/1/2025 16:11,Columbus,,,4195f457-367b-4e4c-a02e-7acb1796becc,7/1/2025 16:11,30193.73022,1231.258848
25835,CEMETERY,Gulick Cemetery,Township,PIC,CEM,Private,2.10130331,Gulick Cemetery,,7/1/2025 16:11,Google Maps,,,f17a9e43-f5ce-4958-a0bf-34c1a5c73032,7/1/2025 16:11,91532.77246,1421.26736
23089,CEMETERY,Gundy,Township,FRA,CEM,Public,0.93412243,Gundy,,7/1/2025 16:11,,,,425d61e4-ae47-4332-a44e-ebb6e72309c0,7/1/2025 16:11,40690.37292,1324.059563
25279,CEMETERY,Guthery Cemetery,Township,MAR,CEM,Public,0.22964275,Guthery Cemetery,,7/1/2025 16:11,Google Maps,,,cfbf7ea4-3b5e-4cf5-a334-f558ed63cefb,7/1/2025 16:11,10003.23828,400.0643788
23062,CEMETERY,Guy Cemetery ,Township,MAD,CEM,Public,2.38784079,Guy Cemetery,,7/1/2025 16:11,,,,2f92ff51-2dcc-4f6d-8fad-39aa7e5b939d,7/1/2025 16:11,104014.3446,1304.747925
23969,CEMETERY,Haas Cemetery,Township,FAI,CEM,Public,0.37681053,Haas Cemetery,,7/1/2025 16:11,parcels,,,90160e10-aa92-459f-bde1-9e332c206b85,7/1/2025 16:11,16413.86694,518.0999762
25449,CEMETERY,Hagler Cemetery,Township,FAY,CEM,Private,0.23235958,Hagler Cemetery,,7/1/2025 16:11,Google Maps,,,9150ce82-7911-42d2-9427-dfef63543a1e,7/1/2025 16:11,10121.58344,403.7129038
25248,PARK,Hall-Fawcett Park,Township,LOG,C,Public,12.63416881,Hall-Fawcett Park,,7/1/2025 16:11,Google Maps,,Hall-Fawcett Park,9a18d31e-e712-4455-9423-324bf7f2babe,7/1/2025 16:11,550344.3938,3645.656563
25586,CEMETERY,Hallsville Cemetery ,Township,ROS,CEM,Public,11.78222838,Hallsville Cemetery,,7/1/2025 16:11,Google Maps,,,bed4fc30-1f1c-4053-870a-2df42d5ada84,7/1/2025 16:11,513233.868,3682.729746
23441,PARK,Hamilton & Spring Park,Columbus,FRA,N,Public,0.2387269,Hamilton & Spring Park,,7/1/2025 16:11,Columbus,,,ba8ce29a-e26a-47a0-8b6e-a6eaccd5d368,7/1/2025 16:11,10398.94409,439.9051571
24085,PARK,Hamilton Avenue Street Park,Columbus,FRA,N,Public,0.39261957,Hamilton Avenue Street Park,,7/1/2025 16:11,Columbus,,,f405e518-78f8-4ada-8552-320ba38d43d5,7/1/2025 16:11,17102.50891,1516.463711
22905,CEMETERY,Hamilton Cemetery,Township,UNI,CEM,Public,0.36043154,Hamilton Cemetery,,7/1/2025 16:11,Union County,,,7a9bb121-8c57-4a61-b03e-c6de9887975f,7/1/2025 16:11,15700.39795,528.2524724
22115,PARK,Hamilton Heights Parkland,Columbus,FRA,PRES,Public,3.67172417,Hamilton Heights Parkland,186,7/1/2025 16:11,Columbus,,,3dea9bf2-a327-49e5-a311-3500ad0a12aa,7/1/2025 16:11,159940.3051,1910.267921
22114,PARK,Hamilton Park,Hilliard,FRA,C,Public,5.34838421,Hamilton Park,276,7/1/2025 16:11,Hilliard, ,Hamilton Park,de7dc607-fbec-422d-96ce-2b058a84689c,7/1/2025 16:11,232975.6163,2423.996105
23226,PARK,Hamilton Road Wetland,Columbus,FRA,CON,Public,77.74519476,Hamilton Road Wetland,,7/1/2025 16:11,Columbus,,Hamilton Road Wetland,0436d330-2b5a-4aed-8f84-120d7514babe,7/1/2025 16:11,3386580.684,8503.399961
24253,PARK,Hamilton Road Wetland North,Columbus,FRA,CON,Public,16.05175845,Hamilton Road Wetland North,,7/1/2025 16:11,Columbus,,Hamilton Road Wetland North,26c5c6a5-cd21-4900-b311-0e1b8ede7080,7/1/2025 16:11,699214.5978,5073.790179
24264,GREEN SPACE,Hamilton Street Islands,Columbus,FRA,NOS,Public,3.78004637,,,7/1/2025 16:11,,,,5d4f3138-bcc5-4792-981d-c339cece5c3d,7/1/2025 16:11,164658.8201,8209.185666
22817,CEMETERY,Hampson,Township,FAI,CEM,Public,5.85806454,Hampson,,7/1/2025 16:11,Fairfield County,,Hampson,bb0771c0-b6ec-4708-9367-d7c00ce1a14f,7/1/2025 16:11,255177.2914,2396.132898
24282,GREEN SPACE,Hampsted Village,Village of New Albany,FRA,NOS,Public,1.04489014,,,7/1/2025 16:11,Parcels,,,12be1e43-7e4e-4bc7-9fe8-f368d70b49ae,7/1/2025 16:11,45515.41431,916.856167
24281,GREEN SPACE,Hampsted Village Green Space,Village of New Albany,FRA,NOS,Public,0.75639488,,,7/1/2025 16:11,Parcels,,,89711110-c674-4bae-b239-d6c0a66739ac,7/1/2025 16:11,32948.56104,832.6868155
23063,CEMETERY,Hampton Cemetery,Township,MAD,CEM,Public,7.89345793,Hampton Cemetery,,7/1/2025 16:11,,,,0eefd75f-1c35-44b5-aa01-a1252a6c408a,7/1/2025 16:11,343839.0276,2420.551068
24184,CEMETERY,Hampton Cemetery,West Jefferson,MAD,CEM,Public,3.72253345,Hampton Cemetery,,7/1/2025 16:11,parcels,,,0285e924-fc1d-4618-bca8-609df856038b,7/1/2025 16:11,162153.557,1615.830104
22715,PARK,Hanaway Covered Bridge Park,Township,FAI,R,Public,205.3776417,Hanaway Covered Bridge Park,,7/1/2025 16:11,Fairfield County,Hanaway Covered Bridge Park,Hanaway Covered Bridge Park,d88661e3-810d-4c03-b72a-2d2b241a74eb,7/1/2025 16:11,8946250.071,15422.08524
22236,PARK,Hanby Park,Westerville,FRA,N,Public,3.75069587,Hanby Park,278,7/1/2025 16:11,Westerville, ,,9f9fd248-7b33-4215-ba91-6b63a83aa8af,7/1/2025 16:11,163380.312,1819.403593
24404,PARK,Hanby Wa,Township,PER,W,Public,20.00017416,Hanby Wildlife Area,,7/1/2025 16:11,ODNR,,Hanby Wildlife Area,af68eab2-a86c-4eee-8540-ba95e2021f51,7/1/2025 16:11,871207.5864,8102.208485
23987,CEMETERY,Hancock Cemetery,Township,LIC,CEM,Public,0.26801998,Hancock Cemetery,,7/1/2025 16:11,Licking Co Parcels,,,f8aefa0b-e342-470c-9ba2-baff0af1b29a,7/1/2025 16:11,11674.95044,457.9780945
22010,PARK,Hanford Village Park,Columbus,FRA,N,Public,2.02576458,Hanford Village Park,279,7/1/2025 16:11,Columbus, ,,bfd0dc91-06ab-456a-9784-51129b02c91a,7/1/2025 16:11,88242.30518,1874.818583
25233,CEMETERY,Hanger Cemetery,Township,LOG,CEM,Public,0.71480569,Hanger Cemetery,,7/1/2025 16:11,Google Maps,,,f6893193-c2dd-4920-be30-d382110d81b6,7/1/2025 16:11,31136.93591,790.9337511
22116,PARK,Hannah Farms Park,Gahanna,FRA,C,Public,35.44203489,Hannah Farms Park,280,7/1/2025 16:11,Gahanna,Hannah Farms Park,Hannah Farms Park,23d4e2dd-7872-4c9f-8a9f-22c9cc2ae76e,7/1/2025 16:11,1543855.04,6629.101987
22511,PARK,Hannah Mayne Park,Westerville,FRA,N,Public,3.21462271,Hannah Mayne Park,281,7/1/2025 16:11,Westerville, ,,201380e9-722f-4327-960b-67bc9676b5c4,7/1/2025 16:11,140028.9651,2697.591193
25056,PARK,Hanners Park,Canal Winchester,FRA,C,Public,0.4611924,Hanners Park,,7/1/2025 16:11,MORPC Standardized ELU 2021,,,4e712cfe-eea7-4dfd-bb63-b0e87a346306,7/1/2025 16:11,20089.54126,1141.656493
25057,PARK,Hanners Park,Canal Winchester,FRA,C,Public,10.07901362,Hanners Park,,7/1/2025 16:11,MORPC Standardized ELU 2021,,Hanners Park,dc0ca7c0-26af-466c-b636-0ac0314e12bb,7/1/2025 16:11,439041.833,2713.74522
25992,GREEN SPACE,Hanover Road Open Space,Township,DEL,NOS,Public,45.59135047,,,7/1/2025 16:11,Existing Land Use 2021,,,674003d2-7522-439d-9907-6e839837547e,7/1/2025 16:11,1985959.226,6663.821185
25634,CEMETERY,Hansen Cemetery,Township,HOC,CEM,Public,0.41493746,Hansen Cemetery,,7/1/2025 16:11,Google Maps,,,3827c32d-ec08-4fe4-9f65-aec8268aaab9,7/1/2025 16:11,18074.67584,543.6091751
23195,PARK,Hard Road Parkland,Columbus,FRA,PRES,Public,39.97290888,Hard Road Parkland,286,7/1/2025 16:11,Columbus,,,55e9e01e-64ea-44b7-a34e-04136ea4c85e,7/1/2025 16:11,1741219.911,5301.14295
23388,PARK,Harding Memorial Presidential Gravesite,Marion,MAR,N,Public,9.29382273,Harding Memorial Presidential Gravesite,,7/1/2025 16:11,Marion parcels,,Harding Memorial Presidential Gravesite,0cffc856-1ecb-4536-a8a5-b36e9d145ef9,7/1/2025 16:11,404838.9181,2577.805648
23826,PARK,Harlem,Columbus,FRA,N,Public,3.95445347,Harlem,,7/1/2025 16:11,FCA,,,918d033f-dbe3-4a34-928c-8ca89fc90fbb,7/1/2025 16:11,172255.9933,1744.766073
22995,CEMETERY,Harlem Cemetery,Township,DEL,CEM,Public,0.27104709,Harlem Cemetery,,7/1/2025 16:11,,,,8bae9c46-cd0e-4420-ac4a-94e160a0066f,7/1/2025 16:11,11806.8114,526.6310632
22366,PARK,Harlem Township Community Park,Township,DEL,C,Public,8.43377524,Harlem Township Community Park,283,7/1/2025 16:11,DALIS, ,Harlem Township Community Park,df7e7c9e-2f92-4eff-a43a-9787b95ffb46,7/1/2025 16:11,367375.2491,3077.546166
24112,PARK,Harmon Field Park,Bellefontaine,LOG,N,Public,2.4231706,Harmon Field Park,,7/1/2025 16:11,Logan County Parcels,,,377d9425-9524-4b15-a722-2b6cb7bd880d,7/1/2025 16:11,105553.3115,1402.174369
22474,PARK,Harmon Road Park,Township,FAI,N,Public,3.40264252,Harmon Road Park,284,7/1/2025 16:11,Fairfield County, ,,a7bcc964-df72-4ddf-b4ca-bbdd20cd00f1,7/1/2025 16:11,148219.1083,1996.14549
23894,PARK,Harmon-Emig Parkland,Columbus,FRA,SPU,Public,9.93453527,Harmon-Emig Parkland,,7/1/2025 16:11,Columbus,,Harmon-Emig Parkland,7d809ae5-a48e-42cf-9ae3-d481d1038a2f,7/1/2025 16:11,432748.3563,5158.788964
25721,CEMETERY,Harmony Cemetery,Township,PER,CEM,Public,1.53981565,Harmony Cemetery,,7/1/2025 16:11,Google Maps,,,0a648b0b-750d-481c-afa6-6b3831183b96,7/1/2025 16:11,67074.36975,1094.25832
24754,GREEN SPACE,HAROLD STREET ISLAND,Columbus,FRA,NOS,Public,0.01158792,,,7/1/2025 16:11,Columbus Park Boundaries,,,c0ca663a-633a-44b2-9590-6f895e879be1,7/1/2025 16:11,504.7698975,79.74506563
25242,CEMETERY,Harper Cemetery,Township,LOG,CEM,Public,0.12603016,Harper Cemetery,,7/1/2025 16:11,Google Maps,,,4fc4d4e0-d045-4ae0-8b14-49b3e0d71205,7/1/2025 16:11,5489.873901,371.4415787
25243,CEMETERY,Harper Cemetery,Township,LOG,CEM,Public,1.18341194,Harper Cemetery,,7/1/2025 16:11,Google Maps,,,8fa9ed27-b242-4a18-b32d-c5dbff9231d9,7/1/2025 16:11,51549.42432,1167.430968
25244,CEMETERY,Harper Cemetery,Township,LOG,CEM,Public,0.28206061,Harper Cemetery,,7/1/2025 16:11,Google Maps,,,e0296a68-10a3-4bf2-81ae-42debf729d73,7/1/2025 16:11,12286.55994,590.9811481
25245,CEMETERY,Harper Cemetery,Township,LOG,CEM,Public,1.00038886,Harper Cemetery,,7/1/2025 16:11,Google Maps,,,71aecedd-ed64-4042-8b21-21de80b6ec03,7/1/2025 16:11,43576.93872,918.3369832
25514,CEMETERY,Harper Cemetery,Township,ROS,CEM,Private,0.19106854,Harper Cemetery,,7/1/2025 16:11,Google Maps,,,df20077f-237f-4947-83fb-445e9a06e2c0,7/1/2025 16:11,8322.945557,365.2223618
25821,CEMETERY,Harring Cemetery,Township,PER,CEM,Private,0.58194439,Harring Cemetery,,7/1/2025 16:11,Google Maps,,,0ada52e5-3980-418b-ac89-27494947333a,7/1/2025 16:11,25349.49756,652.7870214
24233,PARK,Harrison Park,Columbus,FRA,N,Public,4.86393773,Harrison Park,,7/1/2025 16:11,,,,cfd8b03c-8993-4d83-af0a-a1f3e019f0d5,7/1/2025 16:11,211873.1281,3104.293935
23793,GREEN SPACE,Harrison Pond Open Space,Gahanna,FRA,NOS,Public,9.4008937,,,7/1/2025 16:11,Jefferson Twp,,,b28506fa-f129-4870-8b04-f789036dd269,7/1/2025 16:11,409502.9294,3022.000463
23027,CEMETERY,Harrison Township Cemetery,South Bloomfield,PIC,CEM,Public,18.96101074,Harrison Township Cemetery,,7/1/2025 16:11,,,,cd777aa9-8b0c-4a22-8c68-b0ddc8ed7f31,7/1/2025 16:11,825941.6278,3745.025435
22079,PARK,Harrison West Park,Columbus,FRA,N,Public,0.34432269,Harrison West Park,286,7/1/2025 16:11,Columbus, ,,d6f7adab-d28b-4b25-9861-841888ddd41f,7/1/2025 16:11,14998.69617,489.9394867
25224,CEMETERY,Harrod Cemetery,Township,LOG,CEM,Public,3.23337359,Harrod Cemetery,,7/1/2025 16:11,Google Maps,,,82b963f6-b6e1-407e-8983-24ed5fbbff6e,7/1/2025 16:11,140845.7534,1514.107868
23090,CEMETERY,Hart,Hilliard,FRA,CEM,Public,0.09921998,Hart,,7/1/2025 16:11,,,,305cb718-cd23-44f5-86a8-31acd4446ecc,7/1/2025 16:11,4322.022217,264.5371248
22118,PARK,Hartford Park,Worthington,FRA,N,Public,3.11485569,Hartford Park,288,7/1/2025 16:11,, ,,f5d35f93-fc5b-45e6-aaec-3459ca9b27d4,7/1/2025 16:11,135683.1136,1548.449883
24774,GREEN SPACE,Hassle Drive Open Space,Township,PIC,SPU,Private,22.80687448,,,7/1/2025 16:11,MORPC Standardized ELU 2021,,,66ca3d3c-c0a6-4b5b-941d-6bbfb97f1723,7/1/2025 16:11,993467.4523,4596.61832
23904,PARK,Hatfield Park,Marysville,UNI,N,Public,0.0606713,Hatfield Park,,7/1/2025 16:11,Marysville,,,1204f629-0019-4693-9a05-9f1186b8cb17,7/1/2025 16:11,2642.841675,304.8315814
24099,CEMETERY,Hathaway Cemetery,West Mansfield,LOG,CEM,Public,3.45067979,Hathaway Cemetery,,7/1/2025 16:11,google maps/orthos ,,,77b3757f-7094-46ee-b8a7-269907511826,7/1/2025 16:11,150311.6116,1640.23973
22065,PARK,Hauntz Park,Columbus,FRA,N,Public,5.67274665,Hauntz Park,289,7/1/2025 16:11,Columbus, ,Hauntz Park,50e37acf-9437-486c-b714-87373f48c51c,7/1/2025 16:11,247104.8439,2107.872984
22750,CEMETERY,Havens (Edgar),Township,FRA,CEM,Public,0.6363487,Havens (Edgar),,7/1/2025 16:11,,,,4cc00539-4f28-4e11-b386-b6059dc69706,7/1/2025 16:11,27719.34973,847.5835972
22179,PARK,Havenwood Park,Bexley,FRA,N,Public,1.08593999,Havenwood Park,290,7/1/2025 16:11,, ,,bfe0f0b7-5a89-41f7-abef-b3cc0a79d5d8,7/1/2025 16:11,47303.54614,815.4860291
21940,PARK,Hawk's Nest Park,Dublin,FRA,N,Public,3.46959565,Hawk's Nest Park,291,7/1/2025 16:11,Dublin,,,6563b668-8255-41a0-956d-3a79173434dc,7/1/2025 16:11,151135.5859,2842.965962
21999,PARK,Hawk'S Nest Park,Dublin,FRA,NOS,Public,6.31242367,Hawk'S Nest Park,291,7/1/2025 16:11,Dublin,,,48187b68-259d-4c0d-8114-4c46656c025e,7/1/2025 16:11,274969.1748,4957.2124
22586,PARK,Hawk'S Nest Park,Dublin,FRA,NOS,Public,6.66169475,Hawk'S Nest Park,291,7/1/2025 16:11,Dublin,,,b20316d2-2be5-4a86-8dba-a42e8d1131c6,7/1/2025 16:11,290183.4232,3727.378812
24065,PARK,Hawthorne Park,Columbus,FRA,N,Public,0.40900251,Hawthorne Park,,7/1/2025 16:11,Columbus,,,32e61fe5-5a30-4833-b67b-c5e0caf2bcb2,7/1/2025 16:11,17816.14929,703.2067285
24084,PARK,Hayden Bowman Parkland Coh,Columbus,FRA,PRES,Public,3.84934297,Hayden Bowman Parkland Coh,,7/1/2025 16:11,Columbus,,,d52b0c19-f5dd-4b7f-96fe-285ef0cb5543,7/1/2025 16:11,167677.3796,2676.254934
23897,PARK,Hayden Falls Nature Preserve,Columbus,FRA,CON,Public,3.47478662,Hayden Falls Nature Preserve,,7/1/2025 16:11,Columbus,,,869327e0-9b48-4e3e-a6f9-e4fcb8aace6e,7/1/2025 16:11,151361.7052,2442.839991
21952,PARK,Hayden Park,Columbus,FRA,N,Public,1.79662055,Hayden Park,293,7/1/2025 16:11,Columbus, ,,f2cdfe1d-77fc-4170-bff9-494598f85200,7/1/2025 16:11,78260.79114,1643.728022
21953,PARK,Hayden Park,Columbus,FRA,N,Public,3.01025846,Hayden Park,293,7/1/2025 16:11,Columbus, ,,6505a4cb-c620-4034-96bc-e3d29d0cf069,7/1/2025 16:11,131126.8586,2056.075147
21954,PARK,Hayden Park,Columbus,FRA,N,Public,3.75193889,Hayden Park,293,7/1/2025 16:11,Columbus, ,,f6c5aba4-730b-4abe-92b3-2a313d985e2f,7/1/2025 16:11,163434.4581,1739.099481
24509,PARK,HAYDEN PARK,Columbus,FRA,C,Public,3.06506832,HAYDEN PARK,,7/1/2025 16:11,Franklin Co Parks,,,2632e79a-81b3-4ae1-bc6d-52f069338a1f,7/1/2025 16:11,133514.3758,1635.954831
23447,PARK,Hayden Run Trail Parkland,Columbus,FRA,CON,Public,8.16309433,Hayden Run Trail Parkland,337,7/1/2025 16:11,Columbus,,Hayden Run Trail Parkland,942c95c4-df6c-43a9-a17a-f5ea2bf8dd63,7/1/2025 16:11,355584.3892,3750.528568
22702,PARK,Hayden Run Village Park,Hilliard,FRA,N,Public,3.91387709,Hayden Run Village Park,294,7/1/2025 16:11,, ,,7ea05b9b-1514-4c81-a832-41a944895589,7/1/2025 16:11,170488.6949,1789.159743
24256,PARK,Haydens Crossing North Parkland,Columbus,FRA,CON,Public,10.01045505,Haydens Crossing North Parkland,,7/1/2025 16:11,Columbus,,Haydens Crossing North Parkland,7833b943-cf05-42ea-8925-4fd9586c2877,7/1/2025 16:11,436055.4221,3278.331261
23236,PARK,Haydens Crossing Park,Columbus,FRA,N,Public,10.7366965,Haydens Crossing Park,,7/1/2025 16:11,Columbus,,Haydens Crossing Park,79d62dec-b88b-4c4e-9a0e-bc53b17907ef,7/1/2025 16:11,467690.4995,3502.416996
25694,CEMETERY,Haydenville Cemetery,Township,HOC,CEM,Public,1.22755001,Haydenville Cemetery,,7/1/2025 16:11,Google Maps,,,12816119-7705-4cbc-b9fd-0619a8acbdea,7/1/2025 16:11,53472.078,1062.425713
22749,CEMETERY,Headley,Township,FRA,CEM,Public,1.06696177,Headley,,7/1/2025 16:11,,,,42445d8e-4934-4430-9139-82196d8b97e5,7/1/2025 16:11,46476.85486,863.6532885
22499,PARK,Headley Park,Gahanna,FRA,C,Public,33.34905814,Headley Park,295,7/1/2025 16:11,Gahanna,Headley Park,Headley Park,f738f03d-84ba-4d90-9950-e8579bcc8d0a,7/1/2025 16:11,1452684.973,6598.19799
25353,PARK,Headwaters Outdoor Education Center,Mount Gilead,MRW,PR,Public,15.67043107,Headwaters Outdoor Education Center,,7/1/2025 16:11,Google Maps,,Headwaters Outdoor Education Center,59f15eb3-5603-4f27-bf47-f1b31e5c87ca,7/1/2025 16:11,682603.9774,3689.531312
24778,GREEN SPACE,Heart of Ohio Sunbury North Trailhead,Township,DEL,PR,Public,14.25071614,,,7/1/2025 16:11,MORPC Standardized ELU 2021,,,b0d18ee1-1b0a-4d10-a17b-d6a7e547a0f4,7/1/2025 16:11,620761.1953,17644.68002
25377,RECREATION,Heart of Ohio Trail,Township,KNO,REC,Public,24.78256969,Heart of Ohio Trail,,7/1/2025 16:11,Google Maps,,,d2ebda88-ffa4-48a7-a718-5dccc5893a7c,7/1/2025 16:11,1079528.736,32945.06519
25379,RECREATION,Heart of Ohio Trail,Township,KNO,REC,Public,9.76009905,Heart of Ohio Trail,,7/1/2025 16:11,Google Maps,,,32c69c0a-cfd9-4e1b-8271-2a7f8085449e,7/1/2025 16:11,425149.9152,12150.35543
25380,RECREATION,Heart of Ohio Trail,Township,KNO,REC,Public,9.75521309,Heart of Ohio Trail,,7/1/2025 16:11,Google Maps,,,497d5c21-fd93-496d-bbb0-70a92339861f,7/1/2025 16:11,424937.0833,9830.768632
25378,RECREATION,Heart of Ohio Trail ,Centerburg,KNO,REC,Public,5.3303199,Heart of Ohio Trail,,7/1/2025 16:11,Google Maps,,,bd0e40ae-2285-47f6-8f35-748c37294813,7/1/2025 16:11,232188.7354,7361.754813
25376,RECREATION,Heart of Ohio Trail Trailhead,Township,KNO,REC,Public,36.76977668,Heart of Ohio Trail Trailhead,,7/1/2025 16:11,Google Maps,,,4286a3de-e1c6-419d-a73a-6931f9f67a4e,7/1/2025 16:11,1601691.472,37559.73259
25627,PARK,Heart Rate Ridge ,Township,HOC,W,Public,226.5913863,Heart Rate Ridge,,7/1/2025 16:11,Google Maps,,Heart Rate Ridge,3c52df1e-85ad-4f0a-8e39-166c7c5a9fad,7/1/2025 16:11,9870320.788,15306.48403
22940,CEMETERY,Heartland Baptist Cemetery,Township,UNI,CEM,Public,5.78285481,Heartland Baptist Cemetery,,7/1/2025 16:11,Union County,,,b6c94241-d62c-47e5-80bf-f25f0ee9f152,7/1/2025 16:11,251901.1555,2431.204349
24438,PARK,Heath City Water Park,Heath,LIC,N,Public,22.16713981,Heath City Water Park,,7/1/2025 16:11,Licking County,,Heath City Water Park,fa5955b3-7ded-4e6c-a023-43bb56ab5607,7/1/2025 16:11,965600.6101,4956.32528
24018,PARK,Heath Community Park,Heath,LIC,C,Public,51.48779846,Heath Community Park,,7/1/2025 16:11,,,Heath Community Park,bee09087-1649-41dc-be46-f4341b7ca820,7/1/2025 16:11,2242808.501,6159.686371
21913,PARK,Heather Glen North Park,Dublin,FRA,C,Public,18.42533399,Heather Glen North Park,296,7/1/2025 16:11,Dublin, ,Heather Glen North Park,25e28078-5d27-4218-b364-76a668c1826e,7/1/2025 16:11,802607.5487,3811.304593
22003,PARK,Heather Glen North Park,Dublin,FRA,N,Public,4.78977158,Heather Glen North Park,296,7/1/2025 16:11,Dublin, ,Heather Glen North Park,ac317b63-2937-4223-855c-90e35dfb07e0,7/1/2025 16:11,208642.4502,2298.093824
22180,PARK,Heather Ridge Park,Hilliard,FRA,N,Public,2.77028097,Heather Ridge Park,297,7/1/2025 16:11,Hilliard, ,,cfc3f74d-c9d2-47a6-ae5b-b9df0fa9e96c,7/1/2025 16:11,120673.4385,2201.349913
23916,CEMETERY,Hebron Cemetery,Township,PIC,CEM,Public,1.11669804,Hebron Cemetery,,7/1/2025 16:11,Pickaway parcels,,,b80d0321-e678-4a76-8b36-23e54f47771b,7/1/2025 16:11,48643.3667,974.4804065
24016,CEMETERY,Hebron Cemetery,Hebron,LIC,CEM,Public,4.83337636,Hebron Cemetery,,7/1/2025 16:11,Licking Co Parcels,,,6803fc35-c03b-49ea-a00c-fc3999248700,7/1/2025 16:11,210541.8743,2170.305194
24442,PARK,Hebron Fish Hatchery,Township,LIC,STATE,Public,234.4946715,Hebron Fish Hatchery,,7/1/2025 16:11,Licking County,Hebron Fish Hatchery,Hebron Fish Hatchery,38c1879a-753f-472b-b45e-48bdb7287ad8,7/1/2025 16:11,10214587.89,13460.50046
23912,CEMETERY,Hedges Cemetery,Township,PIC,CEM,Public,0.46951746,Hedges Cemetery,,7/1/2025 16:11,Pickaway parcels,,,b582da73-fb9b-4182-85bc-a41a8c3b49ff,7/1/2025 16:11,20452.18042,585.3427349
26033,Park,Heed Park,Franklin Twp,FRA,C,Public,3.93776286,Heed Park,,7/1/2025 16:11,,,,4f2f2fcf-3541-43a6-bce0-d620af97ef0b,7/1/2025 16:11,171528.9502,2209.202833
22058,PARK,Heer Park,Columbus,FRA,C,Public,8.10284114,Heer Park,182,7/1/2025 16:11,Columbus, ,Heer Park,5ca75de1-f3d7-430b-81f3-e5ee73161fad,7/1/2025 16:11,352959.7601,2382.360915
24840,PARK,Heimlich Park,Cardington ,MRW,C,Public,0.95796962,Heimlich Park,,7/1/2025 16:11,MORPC Standardized ELU 2021,,,9b15fa2f-2382-46b7-85ae-8383cf9731cd,7/1/2025 16:11,41729.15662,842.9282829
22417,PARK,Heischman Park,Worthington,FRA,N,Public,1.00225845,Heischman Park,299,7/1/2025 16:11,, ,,c504f83c-eade-4946-b029-e73f816ee5b6,7/1/2025 16:11,43658.37805,917.6245243
25906,CEMETERY,Heistand Cemetery,Township,FAI,CEM,Public,0.1388887,Heistand Cemetery,,7/1/2025 16:11,Google Maps,,,1644f7d4-00b8-4a0a-bef0-ba91f5ebbf33,7/1/2025 16:11,6049.991699,329.9998715
24052,PARK,Hellbranch Confluence,Columbus,FRA,CON,Public,7.74594536,Hellbranch Confluence,,7/1/2025 16:11,Columbus,,Hellbranch Confluence,185e88e9-0c0f-4070-8d50-88567ac4d8e2,7/1/2025 16:11,337413.3798,2367.264663
24410,CEMETERY,Hellbranch Run Cemetery,Prairie Twp,FRA,CEM,Public,1.8684956,Hellbranch Run Cemetery,,7/1/2025 16:11,,,,fda00d84-831f-4f14-b1e5-88825eff1605,7/1/2025 16:11,81391.66858,2149.739365
24356,PARK,Hellbranch Run Open Space,Township,FRA,PRES,Public,239.8779802,Hellbranch Run Open Space,,7/1/2025 16:11,,,,b9ba63a5-f7a2-43b2-bb0f-274230eba36e,7/1/2025 16:11,10449084.82,22405.59442
22484,PARK,Helmbright Woods Reserve,Gahanna,FRA,NOS,Public,3.63391266,Helmbright Woods Reserve,301,7/1/2025 16:11,Gahanna,,,97f9e051-f100-4b64-ae92-18389b193bc0,7/1/2025 16:11,158293.2355,1676.292283
22119,PARK,Helsel Park,Columbus,FRA,C,Public,42.82819037,Helsel Park,300,7/1/2025 16:11,Columbus,Helsel Park,Helsel Park,7f726562-04b1-4a4d-8b6a-8bc6b5745c41,7/1/2025 16:11,1865595.973,6508.520324
25783,PARK,Hemlock Village Park,Hemlock,PER,C,Public,0.05819976,Hemlock Village Park,,7/1/2025 16:11,Google Maps,,,37160465-3e48-4d97-b766-ea6e04d6f946,7/1/2025 16:11,2535.181519,207.0683506
23828,PARK,Henceroth Park,Grove City,FRA,C,Public,21.2986068,Henceroth Park,,7/1/2025 16:11,Grove City,,Henceroth Park,b14e3bde-0014-475e-ac38-6c6d86a05f06,7/1/2025 16:11,927767.3123,4114.367161
23080,CEMETERY,Hendren (Barnhart),Groveport,FRA,CEM,Public,31.8392364,Hendren (Barnhart),,7/1/2025 16:11,,,Hendren (Barnhart),cccf8f2d-1907-4353-ba70-739c96093286,7/1/2025 16:11,1386917.137,5494.003752
22260,GOLF,Heritage Golf Club,Hilliard,FRA,GOLF,Public,166.0803736,Heritage Golf Club,302,7/1/2025 16:11,orthos,,Heritage Golf Club,b5d02002-69a6-44f8-aa32-de0a539c8779,7/1/2025 16:11,7234461.075,28992.40525
21993,PARK,Heritage Park,Groveport,FRA,C,Public,16.12018493,Heritage Park,304,7/1/2025 16:11,, ,Heritage Park,5ab0a4f6-c2b0-4160-83fe-ec853efc70a7,7/1/2025 16:11,702195.2554,4094.827988
22181,PARK,Heritage Park,Westerville,FRA,R,Public,54.39413979,Heritage Park,303,7/1/2025 16:11,Westerville,Heritage Park,Heritage Park,bac74367-015b-4a8e-abea-e008ee12ffaf,7/1/2025 16:11,2369408.729,10927.98257
24839,PARK,Heritage Park,Cardington,MRW,C,Public,1.3245257,Heritage Park,,7/1/2025 16:11,MORPC Standardized ELU 2021,,,bcc3c073-55e5-48c2-9dbd-3ad572eb8fdd,7/1/2025 16:11,57696.33936,1254.801419
24309,PARK,Heritage Trail Metro Park,Township,FRA,M,Public,58.52105125,Heritage Trail Metro Park,305,7/1/2025 16:11,Metro Parks,Heritage Trail Metro Park,Heritage Trail Metro Park,88d87341-7bb6-4d41-8e57-50dad8f777f9,7/1/2025 16:11,2549176.992,13092.20848
24310,PARK,Heritage Trail Metro Park,Township,MAD,M,Public,24.78328013,Heritage Trail Metro Park,305,7/1/2025 16:11,Metro Parks,Heritage Trail Metro Park,Heritage Trail Metro Park,364fbf97-f0bb-4bc0-8d81-382ebba7417d,7/1/2025 16:11,1079559.682,21854.60884
24311,PARK,Heritage Trail Metro Park,Township,MAD,M,Public,7.69871723,Heritage Trail Metro Park,305,7/1/2025 16:11,Metro Parks,Heritage Trail Metro Park,Heritage Trail Metro Park,76b135ef-9894-412a-aec6-8e0c9141670b,7/1/2025 16:11,335356.1226,6974.460511
24312,PARK,Heritage Trail Metro Park,Township,MAD,M,Public,2.92042641,Heritage Trail Metro Park,305,7/1/2025 16:11,Metro Parks,Heritage Trail Metro Park,Heritage Trail Metro Park,8672b8ab-2a94-4535-a9e3-4513daaecb17,7/1/2025 16:11,127213.7749,2524.746173
22367,PARK,Heritage Wetlands,Westerville,DEL,C,Public,5.47212253,Heritage Wetlands,306,7/1/2025 16:11,Westerville, ,Heritage Wetlands,c290687f-ca5a-489c-aaa3-921a20d76bb1,7/1/2025 16:11,238365.6576,2018.523315
25848,CEMETERY,Herrenstine Cemetery,Township,PIC,CEM,Private,0.6639766,Herrenstine Cemetery,,7/1/2025 16:11,Google Maps,,,5e2450e7-7f07-4d53-aa4d-c8e134e21984,7/1/2025 16:11,28922.8205,701.2301515
25577,PARK,Herron-Downs Fen Nature Preserve,Township,ROS,PR,Public,13.95209762,Herron-Downs Fen Nature Preserve,,7/1/2025 16:11,Google Maps,,Herron-Downs Fen Nature Preserve,2e36e607-a494-4ab4-adee-88b25e0a5b4b,7/1/2025 16:11,607753.3722,3229.575522
25578,PARK,Herron-Downs Fen Nature Preserve,Township,ROS,PR,Public,347.4457081,Herron-Downs Fen Nature Preserve,,7/1/2025 16:11,Google Maps,,Herron-Downs Fen Nature Preserve,c1b03aa2-6fc7-451a-ae02-da4b156d04e8,7/1/2025 16:11,15134735.05,18839.79767
25399,PARK,Hiawatha Park,Mount Vernon,KNO,C,Public,2.34806972,Hiawatha Park,,7/1/2025 16:11,Google Maps,,,560af249-1321-4ad1-806e-7d6cbb32c674,7/1/2025 16:11,102281.9166,1837.741296
25400,PARK,Hiawatha Park,Mount Vernon,KNO,C,Public,18.00097195,Hiawatha Park,,7/1/2025 16:11,Google Maps,,Hiawatha Park,76973813-66c3-431e-839c-6e92899602ee,7/1/2025 16:11,784122.3384,3713.256055
22316,GOLF,Hickory Groves Golf Course,Township,MAD,GOLF,Public,98.28516252,Hickory Groves Golf Course,307,7/1/2025 16:11,,,Hickory Groves Golf Course,bc6e5cb5-723c-4708-af29-0f29aa92a784,7/1/2025 16:11,4281301.679,8336.514595
23856,GOLF,Hickory Hills Golf Course,Township,FRA,GOLF,Public,179.4589349,Hickory Hills Golf Course,308,7/1/2025 16:11,,,Hickory Hills Golf Course,7aad07ba-1ae6-4053-9971-46a19360207c,7/1/2025 16:11,7817231.203,11287.22182
22601,RECREATION,Hickory Lakes,Township,FAI,P,Private,90.04227389,Hickory Lakes,309,7/1/2025 16:11,Fairfield County, , ,305c0cd1-c09c-4a6b-b642-6b7c71b0866d,7/1/2025 16:11,3922241.451,10761.053
22182,PARK,Hickory Woods Park,Columbus,FRA,NOS,Public,5.22124118,Hickory Woods Park,228,7/1/2025 16:11,Columbus,,,61d5cb09-5c33-494e-9e47-e0eb65e08753,7/1/2025 16:11,227437.2656,2035.738084
24202,PARK,Hickory Woods Park,Township,DEL,PR,Public,103.9334445,Hickory Woods Park,,7/1/2025 16:11,,,Hickory Woods Park,7ffa6135-2071-49a0-87bc-879501eadab3,7/1/2025 16:11,4527340.843,19273.38425
22368,GOLF,Hidden Valley Golf Course,Delaware,DEL,GOLF,Public,38.25423915,Hidden Valley Golf Course,311,7/1/2025 16:11,DALIS,,Hidden Valley Golf Course,93e3bf23-3f95-496c-a00e-39635ebbfd0f,7/1/2025 16:11,1666354.658,8143.943128
25454,CEMETERY,Hidy Cemetery,Township,FAY,CEM,Public,1.76058898,Hidy Cemetery,,7/1/2025 16:11,Google Maps,,,4b9838cb-5c4b-4de1-9262-d496a58e7fb7,7/1/2025 16:11,76691.2558,1354.599899
23243,CEMETERY,Hiestand,Township,FAI,CEM,Public,0.0100206,Hiestand,,7/1/2025 16:11,Fairfield County,,,1fb611b1-b005-4ab6-aab7-c16f0eba6740,7/1/2025 16:11,436.4971924,84.13520537
23973,CEMETERY,High Dutch Pr Ch Cemetery,Township,LIC,CEM,Public,0.99896387,High Dutch Cemetery,,7/1/2025 16:11,Licking Co Parcels,,,d74b995e-a1d4-4a31-9b4d-b828335a5c1e,7/1/2025 16:11,43514.86609,834.5546693
22654,PARK,Highbanks Metro Park,Township,DEL,M,Public,849.9822119,Highbanks Metro Park,312,7/1/2025 16:11,Metro Parks,Highbanks Metro Park,Highbanks Metro Park,79f0c1d6-4d5a-4679-bd71-e21677452b2d,7/1/2025 16:11,37025225.15,33659.85565
23534,PARK,Highbanks Metro Park,Columbus,FRA,M,Public,343.1665532,Highbanks Metro Park,312,7/1/2025 16:11,Metro Parks,Highbanks Metro Park,Highbanks Metro Park,7c9a2a2f-468b-4473-b759-92af360f0942,7/1/2025 16:11,14948335.05,31085.64495
25452,CEMETERY,Highbee Cemetery,Township,FAY,CEM,Public,0.92716373,Highbee Cemetery,,7/1/2025 16:11,Google Maps,,,3f0066be-c8a5-454e-a895-9e6ee9147e57,7/1/2025 16:11,40387.25214,855.6388197
23429,PARK,Highbluffs Park,Columbus,FRA,N,Public,3.26519419,Highbluffs Park,394,7/1/2025 16:11,Columbus,,,55d4cd85-e577-48d4-8f94-98b62b917c2e,7/1/2025 16:11,142231.8589,1668.60892
24139,CEMETERY,Highland Cemetery ,Glenford,PER,CEM,Public,3.99633408,Highland Cemetery ,,7/1/2025 16:11,orthos/google maps,,,b184bf99-8108-4030-8838-aa73b8dc7360,7/1/2025 16:11,174080.3129,1989.691163
23298,PARK,Highland Community Park,Township,MRW,C,Public,40.89773255,Highland Community Park,,7/1/2025 16:11,landuse,,Highland Community Park,b203f063-3dd9-46c4-a6d0-a016407ee37a,7/1/2025 16:11,1781505.23,6293.648566
22304,GOLF,Highland Golf Club,Pataskala,LIC,GOLF,Public,158.9100994,Highland Golf Club,314,7/1/2025 16:11,,,Highland Golf Club,b7ae7986-54b1-48d2-8025-0304fe5aa6b3,7/1/2025 16:11,6922123.931,10538.87044
22340,GOLF,Highland Lakes Golf,Township,DEL,GOLF,Public,188.6732124,Highland Lakes Golf,315,7/1/2025 16:11,,,Highland Lakes Golf,dfbe480c-60b5-4334-ac72-eb77657cfee8,7/1/2025 16:11,8218605.134,46299.89808
25231,CEMETERY,Highland Memorial Cemetery,Township,LOG,CEM,Public,24.55768736,Highland Memorial Cemetery,,7/1/2025 16:11,Google Maps,,,c0ad20c5-208b-467a-b8f4-5b417504f591,7/1/2025 16:11,1069732.861,4574.273201
22120,PARK,Highland Park,Westerville,FRA,C,Public,39.81007124,Highland Park,316,7/1/2025 16:11,Westerville,Highland Park,Highland Park,4af5b0b2-f0c1-4a5b-95b0-39e8a3164009,7/1/2025 16:11,1734126.703,6489.257562
25460,CEMETERY,Highlawn Cemetery,Township,FAY,CEM,Public,5.57520486,Highlawn Cemetery,,7/1/2025 16:11,Google Maps,,,4ce490c6-077f-438f-b69d-bda0483ddd37,7/1/2025 16:11,242855.9239,1979.954852
25461,CEMETERY,Highlawn Cemetery,Township,FAY,CEM,Public,5.01595266,Highlawn Cemetery,,7/1/2025 16:11,Google Maps,,,8b81e86f-b64c-4950-a7bf-6f4b56586232,7/1/2025 16:11,218494.8976,2257.510713
22985,CEMETERY,Hill Cemetery,Township,DEL,CEM,Public,0.44552877,Hill Cemetery,,7/1/2025 16:11,,,,d2901309-ef86-4bcc-b768-2c82d19a79c2,7/1/2025 16:11,19407.23328,551.996564
22734,CEMETERY,Hill Road Methodist,Reynoldsburg,FRA,CEM,Public,1.46569666,Hill Road Methodist,,7/1/2025 16:11,,,,56703633-50cf-4efb-a1e5-3b33bc805a2b,7/1/2025 16:11,63845.74609,997.8187974
22183,PARK,Hilliard East Pool And Park,Hilliard,FRA,N,Public,5.42778991,Hilliard East Pool and Park,317,7/1/2025 16:11,Hilliard, ,Hilliard East Pool and Park,87f11204-f944-44c3-b185-2a3351606093,7/1/2025 16:11,236434.5286,2261.535838
22121,PARK,Hilliard Green Park,Columbus,FRA,N,Public,16.65795273,Hilliard Green Park,237,7/1/2025 16:11,Columbus, ,Hilliard Green Park,d0278572-19ba-42a2-9d3b-727fbbe59eda,7/1/2025 16:11,725620.4209,5912.471964
24081,PARK,Hilliard Green/Baycroft Walkway,Columbus,FRA,REC,Public,0.03167091,Hilliard Green/Baycroft Walkway,,7/1/2025 16:11,Columbus,,,5633f978-cc99-4b94-be27-5fb48ed64275,7/1/2025 16:11,1379.584717,295.9643514
24283,PARK,Hilliard'S Station Park,Hilliard,FRA,C,Public,0.92566713,Hilliard's Station Park,,7/1/2025 16:11,Hilliard,,,2fc9549b-9134-4304-ae5d-633d5985c115,7/1/2025 16:11,40322.05994,1038.238038
22064,PARK,Hilltonia Park,Columbus,FRA,N,Public,9.50139824,Hilltonia Park,320,7/1/2025 16:11,Columbus, ,Hilltonia Park,b44f93d2-f325-4f46-813e-2f77e9ebd388,7/1/2025 16:11,413880.9073,3798.803097
23417,PARK,Hilmar Drive Open Space,Genoa Twp,DEL,N,Public,3.80089971,Hilmar Drive Open Space,,7/1/2025 16:11,Genoa Twp,,,5b9f461c-3d94-4867-ba95-e17541be5338,7/1/2025 16:11,165567.1915,2693.221669
25323,CEMETERY,Hinds Cemetery,Township,MAR,CEM,Private,0.13440207,Hinds Cemetery,,7/1/2025 16:11,Google Maps,,,55fc03a9-6a1d-4e6f-810f-5921d13c7b99,7/1/2025 16:11,5854.554077,307.3425397
25456,CEMETERY,Hines Cemetery,Township,FAY,CEM,Private,0.08816243,Hine Cemetery,,7/1/2025 16:11,Google Maps,,,869441b9-c2c5-4d89-8a1f-6ef1a3d7dc58,7/1/2025 16:11,3840.35553,253.1702527
23930,CEMETERY,Hitler-Ludwig,Township,PIC,CEM,Public,10.04074175,Hitler-Ludwig,,7/1/2025 16:11,Pickaway parcels,,Hitler-Ludwig,7d801489-53d1-4a91-8d81-d1c33cf0c563,7/1/2025 16:11,437374.7108,2699.277907
25510,CEMETERY,Hixson Cemetery,Township,ROS,CEM,Public,0.61985517,Hixson Cemetery,,7/1/2025 16:11,Google Maps,,,42aad8e6-75c7-48b7-9935-482e6ae18269,7/1/2025 16:11,27000.89117,884.5775437
24892,PARK,Hoback Park,Heath,LIC,C,Public,20.16729239,Hoback Park,,7/1/2025 16:11,MORPC Standardized ELU 2021,,Hoback Park,389ef64b-6e85-45f3-a37c-c6294b5ccb3a,7/1/2025 16:11,878487.2563,4738.779623
24895,PARK,Hoback Park,Heath,LIC,C,Public,3.08269672,Hoback Park,,7/1/2025 16:11,MORPC Standardized ELU 2021,,,8d928949-cda8-4692-af06-e50f78fcf3b0,7/1/2025 16:11,134282.2692,2851.160487
24897,PARK,Hoback Park,Heath,LIC,C,Public,0.75427981,Hoback Park,,7/1/2025 16:11,MORPC Standardized ELU 2021,,,84e33b45-d8d3-4eb2-9595-91b8a5055527,7/1/2025 16:11,32856.42871,926.314075
24898,PARK,Hoback Park,Heath,LIC,C,Public,10.59838036,Hoback Park,,7/1/2025 16:11,MORPC Standardized ELU 2021,,Hoback Park,f0694ee6-be7d-4093-902f-2c9279469665,7/1/2025 16:11,461665.4484,4431.349973
24152,GOLF,Hocking Hills Golf Club,Logan,HOC,GOLF,Public,121.7632315,Hocking Hills Golf Club,,7/1/2025 16:11,Hocking County Parcels,,Hocking Hills Golf Club,5a99c394-bba9-42c9-9231-53c1ab545fb9,7/1/2025 16:11,5304006.365,11237.57488
24106,PARK,Hocking Hills State Park,Logan,HOC,R,Public,2799.229544,Hocking Hills State Park,,7/1/2025 16:11,Hocking Parcels,Hocking Hills State Park,Hocking Hills State Park,ef7f79f2-2745-4514-95e2-65d3745e2a8d,7/1/2025 16:11,121934438.9,92502.62841
24392,PARK,Hocking Hills State Park,Township,HOC,PR,Public,157.971161,Hocking Hills State Park,,7/1/2025 16:11,ODNR,,Hocking Hills State Park,3d885f1c-2e02-4ccb-80fa-f36550fa2d2f,7/1/2025 16:11,6881223.775,14815.84721
24394,PARK,Hocking Hills State Park,Township,HOC,PR,Public,46.12364264,Hocking Hills State Park,,7/1/2025 16:11,ODNR,,Hocking Hills State Park,2577221b-def7-4ade-a524-d3e65b64f779,7/1/2025 16:11,2009145.873,5872.427075
22277,PARK,Hocking Park,Lancaster,FAI,C,Public,9.1481954,Hocking Park,527,7/1/2025 16:11,Fairfield County, ,Hocking Park,e5eaf9fc-92db-46be-937f-684b3b7557eb,7/1/2025 16:11,398495.3915,2530.399533
24109,PARK,Hocking State Forest ,Logan,HOC,STATE,Public,7719.966118,Hocking State Forest ,,7/1/2025 16:11,ODNR,Hocking State Forest ,Hocking State Forest ,76f2e559-b90b-4491-beb7-f00afd5e128c,7/1/2025 16:11,336281724.1,355110.0851
24127,PARK,Hocking State Forest ,Logan,HOC,STATE,Public,198.609658,Hocking State Forest ,,7/1/2025 16:11,Hocking County Parcels,Hocking State Forest ,Hocking State Forest ,58b90bc8-289e-475a-8058-5488ee44996d,7/1/2025 16:11,8651436.703,17116.85514
25112,CEMETERY,Hodge Cemetery,Township,LOG,CEM,Public,0.9790253,Hodge Cemetery,,7/1/2025 16:11,Google Maps,,,cb8293dd-0d6c-4bf9-9e9c-7965eb6bc8e7,7/1/2025 16:11,42646.3418,826.2232798
22369,PARK,Hoff Woods Park,Westerville,DEL,C,Public,37.92752007,Hoff Woods Park,323,7/1/2025 16:11,Westerville,Hoff Woods Park,Hoff Woods Park,f41cde03-8a56-425a-b25a-bb13a478db0e,7/1/2025 16:11,1652122.775,6227.891958
23583,PARK,Hoff Woods Park,Westerville,DEL,NOS,Public,15.20644185,Hoff Woods Park,,7/1/2025 16:11,Westerville,,,48fbdc94-08c8-45cc-8210-82f23e6bb309,7/1/2025 16:11,662392.6064,3673.523564
23606,PARK,Hogback Ridge Preserve,Township,DEL,PR,Public,37.08883758,Hogback Ridge Preserve,21,7/1/2025 16:11,DALIS,,Hogback Ridge Preserve,8d0fab61-4768-4a1b-a4a9-9fb4f25ca272,7/1/2025 16:11,1615589.765,5420.63551
25442,CEMETERY,Hogue-Allen Cemetery,Township,FAY,CEM,Public,0.227311,Hogue-Allen Cemetery,,7/1/2025 16:11,Google Maps,,,421130bc-264f-4d2c-96f1-a1e4b24902b9,7/1/2025 16:11,9901.667297,401.7452675
25820,CEMETERY,Holcomb Cemetery,Township,PER,CEM,Public,0.78351602,Holcomb Cemetery,,7/1/2025 16:11,Google Maps,,,5de4d58e-675b-4002-909e-66e3f66520a1,7/1/2025 16:11,34129.95789,772.1113907
22859,CEMETERY,Holderman Halderman McCray Strode Wasem Cemetary,Township,FAI,CEM,Public,0.5419563,Holderman Halderman McCray Strode Wasem Cemetary,,7/1/2025 16:11,Fairfield County,,,9ac7a139-f715-48e6-b993-d13308f7b38f,7/1/2025 16:11,23607.61621,641.5349625
23619,PARK,Holder-Wright Earthworks,Dublin,FRA,NOS,Public,20.32674674,Holder-Wright Earthworks,,7/1/2025 16:11,Earthworks,,,1ba4bdd8-17ca-4070-a985-a847cf1343ca,7/1/2025 16:11,885433.0878,5329.634701
23552,PARK,Hollander Park,Newark,LIC,C,Public,5.20638899,Hollander Park,,7/1/2025 16:11,Licking County GIS file,,Hollander Park,32af3e31-cfdb-4cfa-b94a-275a967436b8,7/1/2025 16:11,226790.3042,1933.952774
25433,CEMETERY,Hollister Cemetery,Township,KNO,CEM,Private,0.18744337,Hollister Cemetery,,7/1/2025 16:11,Google Maps,,,ae6fb18d-0510-41d6-8f00-d3d095e8b5e9,7/1/2025 16:11,8165.033081,354.7666263
24739,GREEN SPACE,HOLLY HILL STREET ISLAND,Columbus,FRA,NOS,Public,0.10316918,,,7/1/2025 16:11,Columbus Park Boundaries,,,445d7a2f-dd88-4cc9-8898-392d29a42592,7/1/2025 16:11,4494.049805,507.8648479
25511,PARK,Holly Hills Preserve,Township,ROS,PR,Public,221.5974466,Holly Hills Preserve,,7/1/2025 16:11,Google Maps,,Holly Hills Preserve,75b2ffed-941a-4fab-abc8-0485782718d9,7/1/2025 16:11,9652784.772,15254.66827
23213,PARK,Holt Ave Parkland,Columbus,FRA,NOS,Public,0.95758771,Holt Ave Parkland,,7/1/2025 16:11,Columbus,,,f9fd650f-5a29-4b62-994c-e139b0c33bbd,7/1/2025 16:11,41712.52051,838.1892813
24386,PARK,Holton Park And Rec Center,Columbus,FRA,C,Public,8.2654632,Holton Park and Rec Center,106,7/1/2025 16:11,Columbus,,Holton Park and Rec Center,d001b4b3-7159-4a9e-9b20-69167189dddc,7/1/2025 16:11,360043.5765,3369.647635
24135,CEMETERY,Holy Trinity Cemetery ,Somerset,PER,CEM,Public,5.88274768,Holy Trinity Cemetery ,,7/1/2025 16:11,Orthos/ google maps,,Holy Trinity Cemetery ,3c1c6187-107c-4be7-a09d-ea847d28c337,7/1/2025 16:11,256252.489,2295.673423
22269,GOLF,Homestead Springs Golf Course,Township,FRA,GOLF,Public,139.8192977,Homestead Springs Golf Course,326,7/1/2025 16:11,,,Homestead Springs Golf Course,f482eaf8-2e43-4ac9-8921-e9a7b0ec69d3,7/1/2025 16:11,6090528.465,13332.70944
25428,PARK,Honey Run Park,Township,KNO,C,Public,349.6332863,Honey Run Park,,7/1/2025 16:11,Google Maps,,Honey Run Park,8f7d072f-c444-4ae6-b0d5-00ef71c7a392,7/1/2025 16:11,15230025.95,20372.37308
22844,CEMETERY,Hooker,Township,FAI,CEM,Public,0.80327632,Hooker,,7/1/2025 16:11,Fairfield County,,,f885893d-beec-4162-a892-75eb135b5c91,7/1/2025 16:11,34990.71631,788.1702648
23253,CEMETERY,Hoover,Grove City,FRA,CEM,Public,0.02462286,Hoover,,7/1/2025 16:11,Grove City,,,8a6f1149-df36-43c4-9244-9876257ab146,7/1/2025 16:11,1072.571899,132.4511541
22920,CEMETERY,Hoover Bault Road Cemetery,Township,UNI,CEM,Public,0.31363944,Hoover Bault Road Cemetery,,7/1/2025 16:11,Union County,,,0ba54899-8510-43aa-bd56-40afa12e2f1a,7/1/2025 16:11,13662.13416,467.659993
23927,CEMETERY,Hoover Cemetery,Township,PIC,CEM,Public,1.68322504,Hoover Cemetery,,7/1/2025 16:11,Pickaway parcels,,,c9dfbfa3-fee2-49c8-8ad0-92720ba6167f,7/1/2025 16:11,73321.28271,1181.836868
24447,PARK,Hoover Nature Preserve,Township,DEL,R,Public,1980.852419,Hoover Nature Preserve,,7/1/2025 16:11,DALIS,Hoover Nature Preserve,Hoover Nature Preserve,18fa5d8b-6bc4-4a7f-888a-1c84dccff9a6,7/1/2025 16:11,86285931.37,110960.6039
24448,PARK,Hoover Nature Preserve,Township,DEL,R,Public,339.5220654,Hoover Nature Preserve,,7/1/2025 16:11,DALIS,Hoover Nature Preserve,Hoover Nature Preserve,3306f156-c886-41f2-b911-760b79f00815,7/1/2025 16:11,14789581.17,41308.72194
24449,PARK,Hoover Nature Preserve,Township,FRA,R,Public,39.86214574,Hoover Nature Preserve,,7/1/2025 16:11,DALIS,,Hoover Nature Preserve,7adc6d36-9a4b-4586-ad8b-e493156bed4e,7/1/2025 16:11,1736395.067,7227.884308
24450,PARK,Hoover Nature Preserve,Township,DEL,R,Public,20.63953602,Hoover Nature Preserve,,7/1/2025 16:11,DALIS,,Hoover Nature Preserve,1fac2e52-24d0-495b-a32a-6fc3ac9b0349,7/1/2025 16:11,899058.1887,7160.107337
24451,PARK,Hoover Nature Preserve,Township,DEL,R,Public,4.45253661,Hoover Nature Preserve,,7/1/2025 16:11,DALIS,,,ed85ee9f-9017-4960-8089-ef53f874d8b4,7/1/2025 16:11,193952.4949,2295.841842
24452,PARK,Hoover Nature Preserve,Township,DEL,R,Public,1.94077703,Hoover Nature Preserve,,7/1/2025 16:11,DALIS,,,fe327583-af62-4131-9204-bb86eda23d03,7/1/2025 16:11,84540.24744,1590.226381
24453,PARK,Hoover Nature Preserve,Township,DEL,R,Public,1.37305689,Hoover Nature Preserve,,7/1/2025 16:11,DALIS,,,fa1cc35e-1c4e-4a7f-b50c-85b02e215d6d,7/1/2025 16:11,59810.35828,1041.342974
24454,PARK,Hoover Nature Preserve,Township,DEL,R,Public,0.46462033,Hoover Nature Preserve,,7/1/2025 16:11,DALIS,,,ef4c21ee-567f-4820-9e25-7628181b9932,7/1/2025 16:11,20238.86096,696.6577925
24455,PARK,Hoover Nature Preserve,Galena,DEL,R,Public,0.2983276,Hoover Nature Preserve,,7/1/2025 16:11,DALIS,,,2dbaa0f7-1cd6-489b-b390-332b23da5e1f,7/1/2025 16:11,12995.15051,523.661638
24787,PARK,Hoover Nature Preserve,Galena,DEL,PR,Public,6.37947914,Hoover Nature Preserve,,7/1/2025 16:11,MORPC Standardized ELU 2021,,Hoover Nature Preserve,97cd7a75-b885-4115-a439-74f970bdf21e,7/1/2025 16:11,277890.1117,2067.062653
24788,PARK,Hoover Nature Preserve,Galena,DEL,PR,Public,0.29475653,Hoover Nature Preserve,,7/1/2025 16:11,MORPC Standardized ELU 2021,,,c5c33f00-50b9-4e82-8ed4-16d379573b33,7/1/2025 16:11,12839.59436,606.3173301
22520,PARK,Hoover Park,Grove City,FRA,REC,Private,5.96291746,Hoover Park,327,7/1/2025 16:11,Grove City, ,Hoover Park,da5a4189-cbd6-451e-b18a-4058d0b1391b,7/1/2025 16:11,259744.6844,2824.638103
22595,PARK,Hoover Reservior,Westerville,FRA,R,Public,0.62859043,Hoover Reservior,328,7/1/2025 16:11,,Hoover Reservior,,c90d35c7-9781-4c3c-9586-000754ae9c70,7/1/2025 16:11,27381.39917,765.1464587
22594,PARK,Hoover Reservoir,Westerville,FRA,R,Public,3.61280591,Hoover Reservoir,328,7/1/2025 16:11,,Hoover Reservoir,,14de8b98-3edd-4747-b060-1ffe49c75855,7/1/2025 16:11,157373.8251,1621.612871
22698,PARK,Hoover Reservoir,Columbus,FRA,R,Public,972.6561174,Hoover Reservoir,328,7/1/2025 16:11,Columbus,Hoover Reservoir,Hoover Reservoir,d8f89e63-0a41-4b12-b9c1-0946f33b5367,7/1/2025 16:11,42368900.48,53594.64043
23702,PARK,Hoover Reservoir,Columbus,FRA,P,Public,27.70302654,Hoover Reservoir,,7/1/2025 16:11,FCA,,Hoover Reservoir,c7093d78-7c5b-4411-be19-f623edcd8d0b,7/1/2025 16:11,1206743.836,5392.329251
24261,PARK,Hoover Reservoir Parkland,Township,DEL,PRES,Public,2056.025643,Hoover Reservoir Parkland,,7/1/2025 16:11,,,,6152452a-43e4-40d0-9faf-34102f985881,7/1/2025 16:11,89560477.01,168401.4745
22670,PARK,Hoover Scenic Overlook Trail,Galena,DEL,R,Public,6.05617266,Hoover Scenic Overlook Trail,329,7/1/2025 16:11,DALIS,Hoover Scenic Overlook Trail,Hoover Scenic Overlook Trail,9e34e90b-a1d0-4f59-8d25-ca0e23236544,7/1/2025 16:11,263806.881,5206.360829
25756,CEMETERY,Hopewell Baptist Church Cemetery,Township,PER,CEM,Public,1.42599501,Hopewell Baptist Church Cemetery,,7/1/2025 16:11,Google Maps,,,6a2fb78c-0b54-4481-9f91-5695ac87a8e3,7/1/2025 16:11,62116.34253,1098.34131
22921,CEMETERY,Hopewell Cemetery,Township,UNI,CEM,Public,2.0170674,Hopewell Cemetery,,7/1/2025 16:11,Union County,,,11c5f0ac-8e0e-4dd5-a3da-7bef5cb04021,7/1/2025 16:11,87863.45605,1188.936914
22922,CEMETERY,Hopewell Cemetery,Township,UNI,CEM,Public,0.26457513,Hopewell Cemetery,,7/1/2025 16:11,Union County,,,37c4517b-f5db-47e8-a2e0-41dafbf06c28,7/1/2025 16:11,11524.89246,627.9592595
23320,CEMETERY,Hopewell Church,Township,KNO,CEM,Public,1.14741167,Hopewell Church,,7/1/2025 16:11,Knox,,,59aabb99-1b34-4745-a50c-59f809f9b740,7/1/2025 16:11,49981.25232,905.4479415
23165,PARK,Hopewell Culture Indian Mound,Township,ROS,NAT,Public,375.3385784,Hopewell Culture Indian Mound,,7/1/2025 16:11,Earthworks,Hopewell Culture Indian Mound,Hopewell Culture Indian Mound,1f843541-7312-47d9-90f7-c8831bb49720,7/1/2025 16:11,16349748.47,16109.80867
23166,PARK,Hopewell Culture Indian Mound,Township,ROS,NAT,Public,114.2420498,Hopewell Culture Indian Mound,,7/1/2025 16:11,Earthworks,Hopewell Culture Indian Mound,Hopewell Culture Indian Mound,0e5b10e3-2bd5-4d64-ba7b-2968b0789e18,7/1/2025 16:11,4976383.69,10985.07427
23167,PARK,Hopewell Culture Indian Mound,Township,ROS,NAT,Public,209.9886839,Hopewell Culture Indian Mound,,7/1/2025 16:11,Earthworks,Hopewell Culture Indian Mound,Hopewell Culture Indian Mound,39da7213-d49a-4b8e-96f5-846f06b628b3,7/1/2025 16:11,9147107.073,14768.56749
23168,PARK,Hopewell Culture Indian Mound,Township,ROS,NAT,Public,6.29918622,Hopewell Culture Indian Mound,,7/1/2025 16:11,Earthworks,,Hopewell Culture Indian Mound,2000d9a3-a14b-4bbb-9e00-8dc30f835265,7/1/2025 16:11,274392.5519,9347.538838
23169,PARK,Hopewell Culture Indian Mound,Township,ROS,NAT,Public,119.4161872,Hopewell Culture Indian Mound,,7/1/2025 16:11,Earthworks,Hopewell Culture Indian Mound,Hopewell Culture Indian Mound,bd5ffc3e-18d3-4eed-ac97-d2f7f401cf15,7/1/2025 16:11,5201769.113,10656.69073
23170,PARK,Hopewell Culture Indian Mound,Township,ROS,NAT,Public,274.2972513,Hopewell Culture Indian Mound,,7/1/2025 16:11,Earthworks,Hopewell Culture Indian Mound,Hopewell Culture Indian Mound,9bfdcc76-3098-4544-940e-73dd147486aa,7/1/2025 16:11,11948388.27,16466.56261
23286,PARK,Hopewell Culture Indian Mound,Township,ROS,NAT,Public,25.23985555,Hopewell Culture Indian Mound,,7/1/2025 16:11,Earthworks,,Hopewell Culture Indian Mound,ac61886f-c18e-45d3-93ed-94d0b1bfea26,7/1/2025 16:11,1099448.108,4821.119226
22756,CEMETERY,Hopewell Methodist Episcopal,Township,FRA,CEM,Public,2.73920351,Hopewell Methodist Episcopal,,7/1/2025 16:11,,,,6a577383-3c3c-4944-be81-4f4e24c90c79,7/1/2025 16:11,119319.7046,4788.883062
25893,CEMETERY,Hopewell United Brethren Cemetery,Township,FAI,CEM,Public,0.84273683,Hopewell United Brethren Cemetery,,7/1/2025 16:11,Google Maps,,,0e0e92a7-8acf-4866-ae37-b15436c5c9ed,7/1/2025 16:11,36709.61609,784.7754582
25894,CEMETERY,Hopewell United Brethren Cemetery,Township,FAI,CEM,Public,0.36134022,Hopewell United Brethren Cemetery,,7/1/2025 16:11,Google Maps,,,73720450-abc8-4c41-bdb3-c7b3e7e8c65c,7/1/2025 16:11,15739.97998,556.822462
22330,PARK,Horns Hill Park,Township,LIC,R,Public,103.6106868,Horns Hill Park,330,7/1/2025 16:11,,Horns Hill Park,Horns Hill Park,811e5ad3-8b1d-4788-90f1-4c89f8f48329,7/1/2025 16:11,4513281.516,12498.83247
22095,PARK,Hosa Soccer Complex,Hilliard,FRA,REC,Public,28.89687629,HOSA Soccer Complex,492,7/1/2025 16:11,Hilliard, ,HOSA Soccer Complex,fe12ca28-1eb5-42ce-8b32-51b25045a98b,7/1/2025 16:11,1258747.931,4595.810038
22807,CEMETERY,Hoshor,Township,FAI,CEM,Public,1.72957536,Hoshor,,7/1/2025 16:11,Fairfield County,,,f098c2f2-45ac-4370-aa35-8d79cda5b551,7/1/2025 16:11,75340.30273,1119.81075
25371,CEMETERY,Houck Cemetery,Township,KNO,CEM,Public,0.27335197,Houck Cemetery,,7/1/2025 16:11,Google Maps,,,0f333ede-562c-4904-a21e-8eed41a08f7d,7/1/2025 16:11,11907.21191,467.5552343
25372,CEMETERY,Houck Cemetery,Township,KNO,CEM,Public,0.72184164,Houck Cemetery,,7/1/2025 16:11,Google Maps,,,017ade92-78d3-4e3e-a11a-c6a776647bdf,7/1/2025 16:11,31443.42188,715.5325877
24953,RECREATION,Howard Ball Fields,Township,KNO,REC,Public,15.71677331,Howard Ball Fields,,7/1/2025 16:11,MORPC Standardized ELU 2021,,,de5cc769-14a1-4b78-b388-7f091cb98b80,7/1/2025 16:11,684622.6455,4552.294091
24954,RECREATION,Howard Ball Fields,Township,KNO,REC,Public,19.48086751,Howard Ball Fields,,7/1/2025 16:11,MORPC Standardized ELU 2021,,,2d482bdc-8a3f-41e1-b2fb-e0a831f33d60,7/1/2025 16:11,848586.5885,4198.200869
24955,RECREATION,Howard Ball Fields,Township,KNO,REC,Public,4.73229553,Howard Ball Fields,,7/1/2025 16:11,MORPC Standardized ELU 2021,,,027cfa23-60cc-44a5-a68a-1c77b6dd53c8,7/1/2025 16:11,206138.7932,1847.745807
25087,GREEN SPACE,Howard Street Open Space,Columbus,FRA,NOS,Public,0.06923339,,,7/1/2025 16:11,MORPC Standardized ELU 2021,,,6cb34e2d-b1df-43e6-8753-82567c1ccb8d,7/1/2025 16:11,3015.806396,251.033889
25088,GREEN SPACE,Howard Street Open Space,Columbus,FRA,NOS,Public,0.07477462,,,7/1/2025 16:11,MORPC Standardized ELU 2021,,,1a6e815b-f452-40d3-a77d-e7f0eadadb10,7/1/2025 16:11,3257.182617,259.8661925
25089,GREEN SPACE,Howard Street Open Space,Columbus,FRA,NOS,Public,0.07032077,,,7/1/2025 16:11,MORPC Standardized ELU 2021,,,fdfc628b-9792-4b14-9657-b872714ca65b,7/1/2025 16:11,3063.172729,256.6061937
25090,GREEN SPACE,Howard Street Open Space,Columbus,FRA,NOS,Public,0.04881247,,,7/1/2025 16:11,MORPC Standardized ELU 2021,,,f3dc2661-c103-4e7b-9937-5aaee12bea7f,7/1/2025 16:11,2126.271484,195.9399978
25091,GREEN SPACE,Howard Street Open Space,Columbus,FRA,NOS,Public,0.06841232,,,7/1/2025 16:11,MORPC Standardized ELU 2021,,,efb4fdda-852b-4665-b77c-684c9350f185,7/1/2025 16:11,2980.040527,253.611492
25092,GREEN SPACE,Howard Street Open Space,Columbus,FRA,NOS,Public,0.07343748,,,7/1/2025 16:11,MORPC Standardized ELU 2021,,,294d3709-5fa6-43e3-b254-43ca6963ae4f,7/1/2025 16:11,3198.936768,259.0268511
25093,GREEN SPACE,Howard Street Open Space,Columbus,FRA,NOS,Public,0.05742049,,,7/1/2025 16:11,MORPC Standardized ELU 2021,,,c4a1fa75-6a60-4af3-91b6-c12b9465902b,7/1/2025 16:11,2501.23645,217.0103571
25094,GREEN SPACE,Howard Street Open Space,Columbus,FRA,NOS,Public,0.06028823,,,7/1/2025 16:11,MORPC Standardized ELU 2021,,,772f179c-1487-4b96-854e-a5586959ca72,7/1/2025 16:11,2626.155029,230.9161015
22644,PARK,Howell Park,Bremen,FAI,C,Public,10.04783588,Howell Park,331,7/1/2025 16:11,Fairfield County,,Howell Park,da37b161-bf0e-481f-a994-2c0cd28cb4a9,7/1/2025 16:11,437683.731,2805.247668
24168,CEMETERY,Huber Cemetery,De Graff,LOG,CEM,Public,1.99087971,Huber Cemetery,,7/1/2025 16:11,Logan County Parcels,,,bd37f8ae-b426-4359-8e74-833aa7f4dff4,7/1/2025 16:11,86722.72034,1601.877119
22184,PARK,Huber Park,Reynoldsburg,FRA,C,Public,47.27467573,Huber Park,332,7/1/2025 16:11,,Huber Park,Huber Park,5c6ac1f6-4b31-45b2-8251-28d8de3db420,7/1/2025 16:11,2059284.875,8297.721216
22122,PARK,Huber Village Park,Westerville,FRA,C,Public,30.74240732,Huber Village Park,333,7/1/2025 16:11,Westerville,Huber Village Park,Huber Village Park,83b4f610-8e1b-4316-9719-e5e47204ccad,7/1/2025 16:11,1339139.263,7024.520228
22631,PARK,Huffer Durdin Park,Lancaster,FAI,N,Public,4.93405064,Huffer Durdin Park,334,7/1/2025 16:11,Fairfield County,,,2e3a422d-d6f7-4ef3-a99b-c62861acd3f1,7/1/2025 16:11,214927.2462,2894.140139
25776,PARK,Huffman Hills Mx Park,Township,PER,R,Public,38.15804658,Huffman Hills Mx Park,,7/1/2025 16:11,Google Maps,,Huffman Hills Mx Park,2d84d19f-2e84-413b-9059-dd41c3eb1fc9,7/1/2025 16:11,1662164.509,7344.787492
25370,RECREATION,Huffman Road Heart of Ohio Trail Trailhead,Township,KNO,REC,Public,24.94884278,Huffman Road Heart of Ohio Trail Trailhead,,7/1/2025 16:11,Google Maps,,,61104e71-872e-4302-bf89-33ed5d8015b8,7/1/2025 16:11,1086771.591,31848.38781
22993,CEMETERY,Hunt Cemetery,Township,DEL,CEM,Public,0.98437625,Hunt Cemetery,,7/1/2025 16:11,,,,6a2d71bb-7eeb-421e-9839-9f6f3f936891,7/1/2025 16:11,42879.42944,828.6140158
22625,PARK,Hunter Park,Lancaster,FAI,C,Public,8.13102182,Hunter Park,335,7/1/2025 16:11,Fairfield County,,Hunter Park,c62286a5-2711-4f53-8925-b50673f12a85,7/1/2025 16:11,354187.3108,2982.330389
25408,PARK,Hunter's Edge Wildlife Developments,Township,KNO,W,Public,8.97424838,Hunter's Edge Wildlife Developments,,7/1/2025 16:11,Google Maps,,Hunter's Edge Wildlife Developments,86fb2652-72fb-45aa-b245-376cafbac946,7/1/2025 16:11,390918.2595,3019.261578
22490,PARK,Hunters Ridge Pool Park,Gahanna,FRA,REC,Public,8.7747845,Hunters Ridge Pool Park,336,7/1/2025 16:11,Gahanna, ,Hunters Ridge Pool Park,ee6b81e2-c009-4d60-a747-b8df95fae251,7/1/2025 16:11,382229.6122,5498.174807
23244,PARK,Hunter'S Run Conservancy,Township,FAI,PR,Public,25.8558104,Hunter's Run Conservancy,,7/1/2025 16:11,Fairfield County,,Hunter's Run Conservancy,25252a5a-893d-4f9b-a44d-cbd20b44c6c9,7/1/2025 16:11,1126279.101,5814.070974
25555,CEMETERY,Huntington Township Cemetery,Township,ROS,CEM,Public,7.57286565,Huntington Township Cemetery,,7/1/2025 16:11,Google Maps,,,108a3bc9-2df2-40fe-aaeb-55411180591c,7/1/2025 16:11,329874.0277,2478.55869
22123,PARK,Huntley Bowl Park,Worthington,FRA,C,Public,7.07065158,Huntley Bowl Park,337,7/1/2025 16:11,FCA, ,Huntley Bowl Park,02a51583-0ac5-4fc9-9b9a-4092eb9bc276,7/1/2025 16:11,307997.5829,2937.590722
25218,CEMETERY,Huntsville Cemetery McArthur,Township,LOG,CEM,Public,12.25560754,Huntsville Cemetery McArthur,,7/1/2025 16:11,Google Maps,,,73336a89-d6ca-44e5-8fb3-3cebab479353,7/1/2025 16:11,533854.2642,3210.255966
25551,CEMETERY,Hurst Family Cemetery,Township,ROS,CEM,Private,0.02109773,Hurst Family Cemetery,,7/1/2025 16:11,Google Maps,,,a2f8d71b-2425-40ac-ab04-f7516ee954e7,7/1/2025 16:11,919.0171509,126.8414344
23631,GREEN SPACE,Hutchins Open Space,Dublin,FRA,NOS,Public,25.63598357,,,7/1/2025 16:11,Dublin,,,73b74f7a-c973-4350-a2c8-748045980cec,7/1/2025 16:11,1116703.444,6591.22546
25853,PARK,Hutchison Place Dog Park,South Bloomfield,PIC,N,Public,0.15458599,Hutchison Place Dog Park,,7/1/2025 16:11,Google Maps,,,2f71b4af-1b32-43d7-910c-298d4fa4f72b,7/1/2025 16:11,6733.765503,328.3125857
21981,PARK,Huy Road Park,Columbus,FRA,N,Public,8.17745394,Huy Road Park,338,7/1/2025 16:11,Columbus, ,Huy Road Park,aad409f0-4d59-4aef-a3cc-e66f95df7f69,7/1/2025 16:11,356209.8938,2529.702351
24209,PARK,Hya Park,Columbus,FRA,REC,Public,43.80252668,HYA Park,,7/1/2025 16:11,,,HYA Park,18f1e647-6192-4f22-b04a-2dc1ca6502c1,7/1/2025 16:11,1908038.062,8481.59183
25383,CEMETERY,Hyatt Cemetery,Township,KNO,CEM,Public,0.67317219,Hyatt Cemetery,,7/1/2025 16:11,Google Maps,,,d8059de0-f6e0-4de6-9771-0261c6f1c98d,7/1/2025 16:11,29323.38049,791.2330748
22290,PARK,Hyatts Park,Township,DEL,N,Public,4.320349,Hyatts Park,339,7/1/2025 16:11,DALIS, ,,60fea2ec-a967-4e43-b1d2-29f7d90c587d,7/1/2025 16:11,188194.4023,1954.090573
25469,CEMETERY,Hyer Cemetery,Township,FAY,CEM,Private,0.01573456,Hyer Cemetery,,7/1/2025 16:11,Google Maps,,,44d3f59a-beb9-47af-b4e4-035eb0afb747,7/1/2025 16:11,685.3973999,109.4808162
24279,GREEN SPACE,Hyland Croy Road Open Space,Township,UNI,NOS,Public,3.86144338,,,7/1/2025 16:11,,,,166d899e-71d6-425c-94d0-54b11b9cf452,7/1/2025 16:11,168204.4744,4407.696941
24280,GREEN SPACE,Hyland Croy Road Open Space,Township,UNI,NOS,Public,1.24889215,,,7/1/2025 16:11,,,,3229ae76-4cf7-4835-bba5-e44b0ddd4363,7/1/2025 16:11,54401.74207,1382.419396
24857,RECREATION,Iberia Ball Fields,Township,MRW,REC,Public,0.53125285,Iberia Ball Fields,,7/1/2025 16:11,MORPC Standardized ELU 2021,,,dba537f6-bc5f-445c-9fbe-60afa4af10d6,7/1/2025 16:11,23141.37476,2425.606325
24858,RECREATION,Iberia Ball Fields,Township,MRW,REC,Public,1.99238511,Iberia Ball Fields,,7/1/2025 16:11,MORPC Standardized ELU 2021,,,cf1457d3-5740-4ec7-b84a-4b8619c413bc,7/1/2025 16:11,86788.29517,3439.335151
24859,RECREATION,Iberia Ball Fields,Township,MRW,REC,Public,5.21357226,Iberia Ball Fields,,7/1/2025 16:11,MORPC Standardized ELU 2021,,,85492e0f-090f-4019-913c-54899cab563c,7/1/2025 16:11,227103.2075,2497.927077
23403,CEMETERY,Iberia Cemetery,Township,MRW,CEM,Public,14.71490114,Iberia Cemetery,,7/1/2025 16:11,Morrow County Aerials 2006,,,ae61c62e-c16c-40cf-a00c-de231be66359,7/1/2025 16:11,640981.0939,3200.526046
23431,PARK,Igel/Alum Creek Water Dedication,Columbus,FRA,N,Public,4.33836096,Igel/alum Creek Water dedication,,7/1/2025 16:11,Columbus,,,d898d991-e2ae-4fb0-a08f-590b1589f030,7/1/2025 16:11,188979.0033,3621.224708
23901,PARK,Igs Park,Dublin,FRA,N,Public,3.23800208,IGS Park,,7/1/2025 16:11,,,,c9e990ac-089e-48f4-8c20-b713250664cd,7/1/2025 16:11,141047.3708,1872.846929
25648,CEMETERY,Ilesboro Cemetery,Township,HOC,CEM,Public,0.52895667,Ilesboro Cemetery,,7/1/2025 16:11,Google Maps,,,5a12fec6-0aa5-453e-9337-f46ef83763d5,7/1/2025 16:11,23041.35266,609.2111784
25792,CEMETERY,Iliff Cemetery,Township,PER,CEM,Public,4.33053272,Iliff Cemetery,,7/1/2025 16:11,Google Maps,,,f92a003b-fbe2-4072-bd4c-c90f3448cc34,7/1/2025 16:11,188638.0052,2152.286583
24402,PARK,Imhoff Preserve Public Hunting Area,Township,PER,W,Public,106.0688678,Imhoff Preserve Public Hunting Area,,7/1/2025 16:11,ODNR,Imhoff Preserve Public Hunting Area,Imhoff Preserve Public Hunting Area,d91342a8-6db3-4bec-a106-542a672c2983,7/1/2025 16:11,4620359.88,12217.34455
23925,CEMETERY,Imler Cemetery,Township,PIC,CEM,Public,1.95834143,Imler Cemetery,,7/1/2025 16:11,Pickaway parcels,,,4a94e0bb-5ac6-4b06-b702-cfd4d7aa33f0,7/1/2025 16:11,85305.3526,1350.970734
22074,PARK,Independence Park,Columbus,FRA,N,Public,10.14468763,Independence Park,340,7/1/2025 16:11,Columbus, ,Independence Park,d0bdeca1-f0b3-460f-97e2-77e44590bb0b,7/1/2025 16:11,441902.5933,4327.673285
24477,PARK,Indian Lake State Park,Township,LOG,STATE,Public,6519.390068,Indian Lake State Park,,7/1/2025 16:11,ODNR,Indian Lake State Park,Indian Lake State Park,aabd0fe8-eb82-4795-a0cb-2f2eb3e37f72,7/1/2025 16:11,283984631.4,391323.4374
24478,RECREATION,Indian Lake State Park,Township,LOG,STATE,Public,8.98749312,Indian Lake State Park,,7/1/2025 16:11,ODNR,Indian Lake State Park,Indian Lake State Park,d56e09ac-f966-416a-9a97-47bd32d6a35f,7/1/2025 16:11,391495.2001,4564.730657
24110,PARK,Indian Lake State Wildlife Area,Lakeview ,LOG,W,Public,28.21794234,Indian Lake State Wildlife Area,,7/1/2025 16:11,Logan County Parcels,,Indian Lake State Wildlife Area,9d2d6c1d-3e13-4248-bdfc-75faf4a3e6bb,7/1/2025 16:11,1229173.568,6879.15486
22015,PARK,Indian Mound Park & Rec Center,Columbus,FRA,C,Public,20.2377515,Indian Mound Park,185,7/1/2025 16:11,Columbus,Indian Mound Park,Indian Mound Park,63ee3c57-0272-4beb-9582-c619434174d8,7/1/2025 16:11,881556.4556,3785.62157
23007,CEMETERY,Indian Run,Dublin,FRA,CEM,Public,0.5502631,Indian Run,,7/1/2025 16:11,Dublin,,,c02178dc-931f-426b-a4ac-035467620f57,7/1/2025 16:11,23969.46033,623.6249252
21994,PARK,Indian Run Falls Park,Dublin,FRA,C,Public,9.37541291,Indian Run Falls Park,730,7/1/2025 16:11,Dublin,Indian Run Falls Park,Indian Run Falls Park,b4e2a8be-edc5-4d75-a060-017fcd0fc82e,7/1/2025 16:11,408392.9865,4364.083633
22150,PARK,Indian Run Meadows,Dublin,FRA,N,Public,30.55670464,Indian Run Meadows,342,7/1/2025 16:11,Dublin,Indian Run Meadows,Indian Run Meadows,305de842-ebdb-4332-87c0-eebaf21aa7e6,7/1/2025 16:11,1331050.053,11946.28691
24768,GREEN SPACE,Indian Run Open Space,Dublin,FRA,NOS,Public,8.91411843,,,7/1/2025 16:11,Dublin Parks,,,071fd97b-8195-499e-9856-051e65ff988b,7/1/2025 16:11,388298.9987,4444.092088
22562,PARK,Indian Trails Park,Grove City,FRA,N,Public,3.80410217,Indian Trails Park,343,7/1/2025 16:11,Grove City, ,,7550c5b9-51ca-41b3-8a1d-6f2ebdd325c1,7/1/2025 16:11,165706.6906,1664.347245
23898,PARK,Indian Village Day Camp,Columbus,FRA,SPU,Public,11.79841742,Indian Village Day Camp,,7/1/2025 16:11,,,Indian Village Day Camp,e333d030-a81c-4c9d-8129-3db4f02d030f,7/1/2025 16:11,513939.0629,3971.41491
24952,PARK,Indianfield Bluff Park,Township,KNO,C,Public,25.48396795,Indianfield Bluff Park,,7/1/2025 16:11,MORPC Standardized ELU 2021,,Indianfield Bluff Park,b41051e5-1260-44c2-9b71-0c433a69efbc,7/1/2025 16:11,1110081.644,9828.530533
22023,PARK,Indianola & 8Th Park,Columbus,FRA,N,Public,1.20992154,Indianola & 8th Park,344,7/1/2025 16:11,Columbus, ,,a837344e-3e41-4ab1-879c-dbd6e5e70c0a,7/1/2025 16:11,52704.18237,979.3779499
22610,PARK,Indianola Park,Worthington,FRA,N,Public,2.4084721,Indianola Park,346,7/1/2025 16:11,FCA, ,,8d33be69-54db-45ac-80ab-23f3c595f389,7/1/2025 16:11,104913.0446,1882.147
24763,GREEN SPACE,INDIANOLA STREET ISLAND,Columbus,FRA,NOS,Public,0.12013728,,,7/1/2025 16:11,Columbus Park Boundaries,,,08f63446-1c30-4e5c-a119-11f89748fccb,7/1/2025 16:11,5233.18042,331.4101027
23367,GREEN SPACE,Industrial Complex Open Space,Township,MAR,PRES,Public,43.87272554,,,7/1/2025 16:11,Marion parcels,,,a70b8155-bdab-43d8-b8d0-04dd89e6548e,7/1/2025 16:11,1911095.925,6540.371937
23368,GREEN SPACE,Industrial Complex Open Space,Township,MAR,PRES,Public,28.21959123,,,7/1/2025 16:11,Marion parcels,,,c8292267-219d-4316-8f8f-05f4b86cd291,7/1/2025 16:11,1229245.394,5384.642141
23369,GREEN SPACE,Industrial Complex Open Space,Township,MAR,PRES,Public,12.74680552,,,7/1/2025 16:11,Marion parcels,,,b9a95dfe-cf03-4ff4-b667-48d99ddbaf7d,7/1/2025 16:11,555250.8484,3165.667734
23370,GREEN SPACE,Industrial Complex Open Space,Township,MAR,PRES,Public,0.28600725,,,7/1/2025 16:11,Marion parcels,,,554172c4-7bbe-4ff3-b0af-e14252e96504,7/1/2025 16:11,12458.47583,589.4249739
23371,GREEN SPACE,Industrial Complex Open Space,Township,MAR,PRES,Public,4.67920977,,,7/1/2025 16:11,Marion parcels,,,9f390dde-c23e-4a17-bf7d-699df1dda781,7/1/2025 16:11,203826.3773,1788.208129
23372,GREEN SPACE,Industrial Complex Open Space,Township,MAR,PRES,Public,8.38586287,,,7/1/2025 16:11,Marion parcels,,,b02aa6b6-1213-4e2f-900b-a845b690600f,7/1/2025 16:11,365288.1869,2497.061054
23373,GREEN SPACE,Industrial Complex Open Space,Township,MAR,PRES,Public,23.9502008,,,7/1/2025 16:11,Marion parcels,,,750391ac-1ab1-4f2b-a8cb-d3b4c8d4e4fb,7/1/2025 16:11,1043270.747,4366.152803
23374,GREEN SPACE,Industrial Complex Open Space,Township,MAR,PRES,Public,8.92748239,,,7/1/2025 16:11,Marion parcels,,,6d9db99f-9870-4388-9726-343e72081283,7/1/2025 16:11,388881.1329,3254.59176
23484,GREEN SPACE,Industrial Complex Open Space,Township,MAR,PRES,Public,20.84224214,,,7/1/2025 16:11,Marion County,,,c2865c29-dfae-42cb-a1a9-caba7a84ae85,7/1/2025 16:11,907888.0679,4304.2732
23041,CEMETERY,Infirmary Cemetery,Township,MAD,CEM,Public,0.88029642,Infirmary Cemetery,,7/1/2025 16:11,,,,4228b812-5fa0-4ad3-adad-ce0f1c55e386,7/1/2025 16:11,38345.71191,1425.591043
22337,PARK,Infirmary Mound Park,Township,LIC,R,Public,297.9747927,Infirmary Mound Park,347,7/1/2025 16:11,,Infirmary Mound Park,Infirmary Mound Park,0928ff49-ca2a-4b39-a170-98a730c7061d,7/1/2025 16:11,12979781.97,15393.58999
26421,PARK,INNIS PARK,,FRA,R,,,Innis Park,,7/1/2025 16:11,Columbus,,,05cd0f63-4a3f-4b7c-a554-3d876086820c,7/1/2025 16:11,4869606.929,22206.77663
23538,PARK,Inniswood Metro Park,Metro Parks,FRA,M,Public,122.422148,Inniswood Metro Park,,7/1/2025 16:11,Metro Parks,Inniswood Metro Park,Inniswood Metro Park,122ffbbe-230c-498f-a98c-87f31bb3e751,7/1/2025 16:11,5332708.768,15690.21979
25261,CEMETERY,Inskeep Cemetery,Township,LOG,CEM,Public,0.39698195,Inskeep Cemetery,,7/1/2025 16:11,Google Maps,,,9984679a-4708-4a96-9153-7a8efcfad11c,7/1/2025 16:11,17292.53381,567.4701942
24626,PARK,INTERIOR PARK,Columbus,FRA,N,Public,3.58401945,INTERIOR PARK,,7/1/2025 16:11,Franklin Co Parks,,,2e8b2615-5109-487d-9e9c-4fb050614e48,7/1/2025 16:11,156119.8873,2319.498519
23294,GOLF,Irish Hills Golf Club,Township,KNO,GOLF,Public,135.5734723,Irish Hills Golf Club,,7/1/2025 16:11,orthos,,,165ce5d1-3ed9-42d9-a588-c0d3087d8079,7/1/2025 16:11,5905580.455,13257.43533
24118,PARK,Iron City Park,Bellefontaine,LOG,N,Public,0.29276716,Iron City Park,,7/1/2025 16:11,Logan County Parcels,,,290dd4a3-acad-465b-a678-7275a5beb1ba,7/1/2025 16:11,12752.93774,555.972571
24884,GREEN SPACE,Isaacs Run Open Space,Township,KNO,NOS,Public,3.77192627,,,7/1/2025 16:11,MORPC Standardized ELU 2021,,,d182cc3e-23a5-4e8b-8487-396da74a9432,7/1/2025 16:11,164305.1085,3144.108989
24885,GREEN SPACE,Isaacs Run Open Space,Township,KNO,NOS,Public,1.5307313,,,7/1/2025 16:11,MORPC Standardized ELU 2021,,,e7fee11a-4c71-4e6f-85f9-fddeca37fcce,7/1/2025 16:11,66678.6554,1534.193125
23696,PARK,Island View,Columbus,FRA,NOS,Public,9.3370988,Island View,350,7/1/2025 16:11,Columbus,,,e4cda0fc-4729-4a12-85bd-781401c65d62,7/1/2025 16:11,406724.0232,6887.555263
24487,GREEN SPACE,Island View,Township,FRA,NOS,Public,1.62808053,,,7/1/2025 16:11,Franklin Co Parks,,,c793da19-5ffe-43a0-ac6a-cd3cd97660ea,7/1/2025 16:11,70919.18787,1220.88135
24706,GREEN SPACE,Island View,Township,FRA,NOS,Public,0.51256694,,,7/1/2025 16:11,Franklin Co Parks,,,45564f43-0a09-463a-9cc2-078cb88506bf,7/1/2025 16:11,22327.41602,674.7696054
22070,PARK,Italian Village Park,Columbus,FRA,N,Public,0.83460224,Italian Village Park,351,7/1/2025 16:11,Columbus, ,,11682825-38cc-401f-8caa-495dc019cf0c,7/1/2025 16:11,36355.27332,774.8087148
22185,PARK,Iuka Park,Columbus,FRA,NOS,Public,4.09577702,Iuka Park,352,7/1/2025 16:11,Columbus,,,e07f7623-f272-4af8-b7bb-024cf441fbde,7/1/2025 16:11,178412.0461,3963.617041
21920,PARK,J.F. Kennedy Park,Reynoldsburg,FRA,C,Public,27.27789711,J.F. Kennedy Park,353,7/1/2025 16:11,,J.F. Kennedy Park,J.F. Kennedy Park,8222fefb-de32-40d2-86c5-00dcc26c5ff6,7/1/2025 16:11,1188225.198,5461.16789
24116,PARK,Jack Martin Park,Bellefontaine,LOG,C,Public,4.66305083,Jack Martin Park,,7/1/2025 16:11,Logan County Parcels,,,a8ec3341-d0c5-4378-936f-9cb5158cd06c,7/1/2025 16:11,203122.4939,1851.321866
25881,CEMETERY,Jackson Lake Campground & Park,Township,FAI,SPU,Public,64.76879396,Jackson Lake Campground & Park,,7/1/2025 16:11,Google Maps,,,e71276df-dee2-40d3-a2ef-e55b2d42663c,7/1/2025 16:11,2821328.664,10544.42061
23913,CEMETERY,Jackson Township Cemetery,Township,PIC,CEM,Public,3.80472715,Jackson Township Cemetery,,7/1/2025 16:11,Pickaway parcels,,,0f878fd9-f0b2-4f07-a388-f68a3f1d1f2f,7/1/2025 16:11,165733.9148,1629.464325
23935,PARK,Jackson Township Community Center,Township,PIC,C,Public,8.24509756,Jackson Township Community Center,,7/1/2025 16:11,Pickaway parcels,,Jackson Township Community Center,ebf2a6ee-a31b-400f-bd9a-0efa5d13f03d,7/1/2025 16:11,359156.4499,2436.037686
25850,CEMETERY,James Borrer Farm Cemetery,Township,PIC,CEM,Private,1.42352805,James Borrer Farm Cemetery,,7/1/2025 16:11,Google Maps,,,a2af83a7-9b3a-4340-ba5c-f1383d182cc7,7/1/2025 16:11,62008.88196,1070.104724
22550,PARK,James River Road Open Space,New Albany,FRA,C,Public,15.16568453,James River Road Open Space,563,7/1/2025 16:11,, ,James River Road Open Space,bbe6fead-760c-4fe3-a340-bf87738a84ef,7/1/2025 16:11,660617.2183,4749.969348
25989,GREEN SPACE,Jamison Road Northwest Open Space,Township,FAY,NOS,Public,1.06300514,,,7/1/2025 16:11,Fayette Parcels,,,d5063adf-eefb-43ff-ba0e-d769e09e40a7,7/1/2025 16:11,46304.50378,1055.3211
25251,CEMETERY,Jasinsky Cemetery,Township,LOG,CEM,Public,0.19095491,Jasinsky Cemetery,,7/1/2025 16:11,Google Maps,,,49b07e16-a3fd-41cb-b4f0-56c48009a07b,7/1/2025 16:11,8317.995728,583.0911019
23418,PARK,Jaycox Road Open Space,Genoa Twp,DEL,C,Public,26.07934046,Jaycox Road Open Space,,7/1/2025 16:11,Genoa Twp,,Jaycox Road Open Space,e5df72ed-a29a-4952-8a2f-567bb627aa18,7/1/2025 16:11,1136016.073,4286.807239
23276,PARK,Jefferson Community Park,Jefferson Twp,FRA,C,Public,41.50428932,Jefferson Community Park,,7/1/2025 16:11,Jefferson Twp,,Jefferson Community Park,a8c09f02-f4b0-4716-babe-ce067e728713,7/1/2025 16:11,1807926.842,13982.04431
23808,GREEN SPACE,Jefferson Estates Open Space,Township,FRA,NOS,Public,6.26881283,,,7/1/2025 16:11,Jefferson Twp,,,39bdf3f7-8753-4eb1-b75d-5c411def5ace,7/1/2025 16:11,273069.4869,2573.851906
22261,GOLF,Jefferson Golf And Country Club,Township,FRA,GOLF,Public,200.0988596,Jefferson Golf And Country Club,355,7/1/2025 16:11,Jefferson Twp,,Jefferson Golf And Country Club,cda00c71-9e30-45bf-9be1-0a8c6e71a195,7/1/2025 16:11,8716306.322,39701.69616
23787,GREEN SPACE,Jefferson Run Open Space,Township,FRA,NOS,Public,4.39985774,,,7/1/2025 16:11,parcels,,,f99e9c00-d69c-422f-a3b4-6bfad31f98ca,7/1/2025 16:11,191657.8032,4305.162777
23788,GREEN SPACE,Jefferson Run Open Space,Township,FRA,NOS,Public,4.44670609,,,7/1/2025 16:11,parcels,,,35237bc1-cbf6-4650-bcc6-878056697c11,7/1/2025 16:11,193698.5173,5020.219422
22657,PARK,Jefferson Run Park,Township,FRA,C,Public,21.42428392,Jefferson Run Park,356,7/1/2025 16:11,Jefferson Twp,,Jefferson Run Park,5f310d03-3443-4169-8be0-7a08b07763c3,7/1/2025 16:11,933241.8074,6924.210248
22753,CEMETERY,Jefferson Township,Township,FRA,CEM,Public,5.93725702,Jefferson Township,,7/1/2025 16:11,Jefferson Twp,,Jefferson Township,fef8fdee-95c9-4e8c-8f0c-fa93f60041c7,7/1/2025 16:11,258626.9161,2922.001209
23323,CEMETERY,Jefferson Twp Cem Wesley Chapel,Township,KNO,CEM,Public,3.04496988,Jefferson Twp Cemetery,,7/1/2025 16:11,Knox,,,f3228307-478a-4668-8936-928fb41b0dc1,7/1/2025 16:11,132638.8882,1457.18282
23049,CEMETERY,Jefferson Twp Cemetery,Township,MAD,CEM,Public,10.1560876,Jefferson Twp Cemetery,,7/1/2025 16:11,,,Jefferson Twp Cemetery,d78ab876-0b3d-4ca6-925c-517e179b9c0f,7/1/2025 16:11,442399.1758,3086.822852
22444,PARK,Jefferson Woods Park,Columbus,FRA,N,Public,1.86132258,Jefferson Woods Park,357,7/1/2025 16:11,Columbus, ,,cc4a047e-18fb-40e6-a73d-e192db0bcf87,7/1/2025 16:11,81079.21191,1138.194487
24374,PARK,Jefferson Woods Ravine,Columbus,FRA,CON,Public,7.04058403,Jefferson Woods Ravine,,7/1/2025 16:11,,,Jefferson Woods Ravine,04ee540e-a3b7-4441-8c4e-e4cbb24b4af2,7/1/2025 16:11,306687.8408,3499.841832
22186,PARK,Jeffrey Park,Bexley,FRA,C,Public,33.62339952,Jeffrey Park,358,7/1/2025 16:11,parcels,Jeffrey Park,Jeffrey Park,d4993d8b-ac1e-4bbc-951d-7f96095e8201,7/1/2025 16:11,1464635.284,6135.177411
24259,PARK,Jeffrey Scioto Park,Township,DEL,SPU,Public,19.3836913,Jeffrey Scioto Park,,7/1/2025 16:11,,,,32f32d47-7114-4cde-9e5d-e592b0ac2b8e,7/1/2025 16:11,844353.5933,5978.928742
24761,GREEN SPACE,JEFFREY STREET ISLAND,Columbus,FRA,NOS,Public,0.20027126,,,7/1/2025 16:11,Columbus Park Boundaries,,,fd12adf0-f8a3-4665-912b-a6ded716550c,7/1/2025 16:11,8723.816162,363.7674217
24346,CEMETERY,Jelloway Cemetery,Township,KNO,CEM,Public,0.26204545,Jelloway Cemetery,,7/1/2025 16:11,,,,d875cc7a-452e-4b83-b580-961c0f26e4bd,7/1/2025 16:11,11414.69983,464.7941781
22951,CEMETERY,Jerome Township Cemetery,Township,UNI,CEM,Public,7.01204255,Jerome Township Cemetery,,7/1/2025 16:11,Union County,,,2b0567c8-38f9-46d7-a89e-9b236d95a00e,7/1/2025 16:11,305444.5734,2248.08489
22400,PARK,Jerome Township Park,Township,UNI,C,Public,16.17987589,Jerome Township Park,359,7/1/2025 16:11,Union County, ,Jerome Township Park,c43e31a0-a41a-4869-8e97-4e8ecc1230d4,7/1/2025 16:11,704795.3933,3425.385378
22954,CEMETERY,Jerome Township Soldiers' Monument,Township,UNI,CEM,Public,0.06357113,Jerome Township Soldiers' Monument,,7/1/2025 16:11,Union County,,,feaca530-cebc-4211-b7c9-dc3a7ef567a9,7/1/2025 16:11,2769.158203,210.9322361
23959,GREEN SPACE,Jerome Village,Township,UNI,NOS,Public,4.87917807,,,7/1/2025 16:11,parcels,,,987f405e-3bb8-4e0b-9833-abe8968fe88b,7/1/2025 16:11,212536.9967,5242.929537
23960,GREEN SPACE,Jerome Village,Township,UNI,NOS,Public,1.2204853,,,7/1/2025 16:11,parcels,,,f02721c9-4fa0-481b-b655-81a8a83ac87d,7/1/2025 16:11,53164.3396,2082.734963
23961,GREEN SPACE,Jerome Village,Township,UNI,NOS,Public,2.91042534,,,7/1/2025 16:11,parcels,,,1fe88163-e733-4ac9-8157-0bce40b1ce52,7/1/2025 16:11,126778.1283,4036.146988
23962,GREEN SPACE,Jerome Village,Township,UNI,NOS,Public,5.24871727,,,7/1/2025 16:11,parcels,,,8d32e0aa-bf3c-4d33-b058-4c226d8acfec,7/1/2025 16:11,228634.1238,5854.527006
23963,GREEN SPACE,Jerome Village,Township,UNI,NOS,Public,2.16339947,,,7/1/2025 16:11,parcels,,,ed4e9683-164f-46fc-aad6-f04fe361ec27,7/1/2025 16:11,94237.68091,2344.92833
23964,GREEN SPACE,Jerome Village,Township,UNI,NOS,Public,5.64122945,,,7/1/2025 16:11,parcels,,,cfd902ca-8186-491f-80b0-c245799d2b8e,7/1/2025 16:11,245731.9553,5070.634936
23965,GREEN SPACE,Jerome Village,Township,UNI,NOS,Public,2.05492154,,,7/1/2025 16:11,parcels,,,32ad543a-6795-41a9-9d67-6231c4f954e0,7/1/2025 16:11,89512.38245,1846.466169
23966,GREEN SPACE,Jerome Village,Township,UNI,NOS,Public,7.94139159,,,7/1/2025 16:11,parcels,,,39401474-0fc3-4655-b4f8-0507bd850c78,7/1/2025 16:11,345927.017,7050.675938
24268,GREEN SPACE,Jerome Village,Township,UNI,NOS,Public,5.88909089,,,7/1/2025 16:11,,,,7a255f4d-d109-490a-9897-50017bab0382,7/1/2025 16:11,256528.7996,2193.335774
24269,GREEN SPACE,Jerome Village,Township,UNI,NOS,Public,25.54493462,,,7/1/2025 16:11,,,,b6f06da1-9cf3-4b15-a049-5b038f8ccb02,7/1/2025 16:11,1112737.351,5545.018518
24270,GREEN SPACE,Jerome Village,Township,UNI,NOS,Public,2.93853921,,,7/1/2025 16:11,,,,2572e7df-7e3f-4087-883a-40e9840d1191,7/1/2025 16:11,128002.7677,3011.612827
24271,GREEN SPACE,Jerome Village,Township,UNI,NOS,Public,7.22378648,,,7/1/2025 16:11,,,,53d96a02-56de-4127-8d27-e0999dbdc928,7/1/2025 16:11,314668.1389,5260.685983
24272,GREEN SPACE,Jerome Village,Township,UNI,NOS,Public,1.63638924,,,7/1/2025 16:11,,,,6167c9d7-c349-46bf-b240-cb0ee07d9d1d,7/1/2025 16:11,71281.1145,1766.641604
24273,GREEN SPACE,Jerome Village,Township,UNI,NOS,Public,1.23666207,,,7/1/2025 16:11,,,,d7f592ad-4f00-4ee0-a2fa-c9108b2a990e,7/1/2025 16:11,53868.99927,1361.535227
24274,GREEN SPACE,Jerome Village,Township,UNI,NOS,Public,1.7537329,,,7/1/2025 16:11,parcels,,,31e20e5e-a42d-4400-be2b-4636625d96e0,7/1/2025 16:11,76392.60486,1903.642006
24275,GREEN SPACE,Jerome Village,Township,UNI,NOS,Public,2.81118547,,,7/1/2025 16:11,parcels,,,fc0ac223-88b2-4c01-89d3-2bcc07835432,7/1/2025 16:11,122455.2391,1842.149264
24276,GREEN SPACE,Jerome Village,Township,UNI,NOS,Public,0.8459469,,,7/1/2025 16:11,parcels,,,63b11b2d-4df3-4c07-86cf-d91d176a68b7,7/1/2025 16:11,36849.44617,999.6818465
24277,GREEN SPACE,Jerome Village,Township,UNI,NOS,Public,1.41354953,,,7/1/2025 16:11,parcels,,,4fdde553-9f2a-4c1b-9cba-ee9c440bcbfb,7/1/2025 16:11,61574.21716,1574.345717
25950,CEMETERY,Jerusalem Cemetery,Township,FAI,CEM,Public,0.36729524,Jerusalem Cemetery,,7/1/2025 16:11,Google Maps,,,c15d5ac2-7675-4516-a75f-ab35f14321f1,7/1/2025 16:11,15999.38074,519.9986678
22729,CEMETERY,Jewish (Old),Columbus,FRA,CEM,Public,2.70762633,Jewish (Old),,7/1/2025 16:11,,,,465960a5-3793-49a6-9d7a-279ca6f5f20e,7/1/2025 16:11,117944.203,1412.687378
22020,PARK,Joan Park,Columbus,FRA,N,Public,3.99806678,Joan Park,360,7/1/2025 16:11,Columbus, ,,f2887686-2020-4a78-9a07-10bc964f3f56,7/1/2025 16:11,174155.7892,2611.712344
24755,GREEN SPACE,JOAN PLACE STREET ISLAND,Columbus,FRA,NOS,Public,0.02253558,,,7/1/2025 16:11,Columbus Park Boundaries,,,57699e3c-201d-4d54-9126-ea9b416b2324,7/1/2025 16:11,981.6500244,111.2078598
22792,CEMETERY,Jobs,Township,FAI,CEM,Public,1.49975677,Jobs,,7/1/2025 16:11,Fairfield County,,,22a0fa76-97f4-47f9-9af2-a794bb8f8e18,7/1/2025 16:11,65329.40491,1022.920215
24772,GREEN SPACE,Joe's Triangle Open Space,Dublin,FRA,NOS,Public,0.32202522,,,7/1/2025 16:11,Dublin Parks,,,cb93eb23-d987-46a0-a8f9-863db3dee607,7/1/2025 16:11,14027.41919,626.3240675
25127,PARK,John and Mary Rudolph Nature Area,Russels Point,LOG,C,Public,15.17697549,John and Mary Rudolph Nature Area,,7/1/2025 16:11,Google Maps,,John and Mary Rudolph Nature Area,6f17b59c-13c0-4324-bb2e-d366641278cb,7/1/2025 16:11,661109.0524,5926.346576
25128,PARK,John and Mary Rudolph Nature Area,Russels Point,LOG,C,Public,24.50236087,John and Mary Rudolph Nature Area,,7/1/2025 16:11,Google Maps,,John and Mary Rudolph Nature Area,6ef7adf9-f1c8-4d8c-a450-8498f9308764,7/1/2025 16:11,1067322.84,5660.206717
25129,PARK,John and Mary Rudolph Nature Area,Russels Point,LOG,C,Public,37.11476311,John and Mary Rudolph Nature Area,,7/1/2025 16:11,Google Maps,,John and Mary Rudolph Nature Area,26c2b7e4-dd11-407e-9396-baa5cc8f99d3,7/1/2025 16:11,1616719.081,6985.14552
21923,PARK,John Bishop Park,Whitehall,FRA,C,Public,38.15717604,John Bishop Park,361,7/1/2025 16:11,FCEO,John Bishop Park,John Bishop Park,2f63076f-ec0b-44d1-846a-32adcf9022b6,7/1/2025 16:11,1662126.589,8634.723598
22667,PARK,John Young Park,Township,DEL,N,Public,14.11339612,John Young Park,362,7/1/2025 16:11,DALIS,,John Young Park,73e457a2-79db-42e6-8474-f917b2e0c9eb,7/1/2025 16:11,614779.535,3151.303961
25700,PARK,Johnny Appleseed Roadside Park,Township,HOC,CEM,Public,1.46955004,Johnny Appleseed Roadside Park,,7/1/2025 16:11,Google Maps,,,8038ba38-9a08-41a4-895a-1ee481df6433,7/1/2025 16:11,64013.59973,1659.577556
25484,CEMETERY,Johnson Cemetery,Township,FAY,CEM,Public,1.63159033,Johnson Cemetery,,7/1/2025 16:11,Google Maps,,,38154ce3-923e-49b5-8d89-69003ee0aac4,7/1/2025 16:11,71072.07489,1845.335393
25541,CEMETERY,Johnson Cemetery,Township,ROS,CEM,Private ,0.35849467,Johnson Cemetery,,7/1/2025 16:11,Google Maps,,,7d2c225f-1787-4dfe-a493-8d6a0fb0dbe4,7/1/2025 16:11,15616.02771,500.152019
25837,CEMETERY,Johnson Cemetery,Township,PIC,CEM,Private,0.09777342,Johnson Cemetery,,7/1/2025 16:11,Google Maps,,,c70442f6-b7db-4a8e-a58f-f89fee807602,7/1/2025 16:11,4259.01001,258.223081
22051,PARK,Johnson Memorial Park,Columbus,FRA,C,Public,11.49357598,Johnson Memorial Park,363,7/1/2025 16:11,FCA, ,Johnson Memorial Park,29b6b3f3-9509-4853-8e78-d2329483b6cb,7/1/2025 16:11,500660.1697,2987.373397
22638,PARK,Johnson Park,Baltimore,FAI,C,Public,15.01404136,Johnson Park,364,7/1/2025 16:11,Fairfield County,,Johnson Park,4e87cea4-4f8f-414c-9b28-2da2cee3298e,7/1/2025 16:11,654011.6417,5250.622724
25037,PARK,Johnson Park,Baltimore,FAI,C,Public,0.30390846,Johnson Park,,7/1/2025 16:11,MORPC Standardized ELU 2021,,,087617c4-9b56-4e9a-8092-7ae102032177,7/1/2025 16:11,13238.25256,546.2622983
25038,PARK,Johnson Park,Baltimore,FAI,C,Public,0.59317579,Johnson Park,,7/1/2025 16:11,MORPC Standardized ELU 2021,,,66f0bb65-9441-466c-89c3-4dc6878831a9,7/1/2025 16:11,25838.73755,656.9959256
25225,CEMETERY,Johnston Cemetery,Township,LOG,CEM,Public,0.46798397,Johnston Cemetery,,7/1/2025 16:11,Google Maps,,,fe8299d6-7bfe-4c32-ba01-3c81029bf76c,7/1/2025 16:11,20385.38171,601.6958464
22612,PARK,Johnston Covered Bridge Park,Township,FAI,N,Public,5.45683286,Johnston Covered Bridge Park,365,7/1/2025 16:11,Fairfield County, ,Johnston Covered Bridge Park,a2894235-999a-4bac-bbc4-bff1bc135ef2,7/1/2025 16:11,237699.639,2807.243621
25607,CEMETERY,Jones Cemetery,Township,ROS,CEM,Public,0.48126476,Jones Cemetery,,7/1/2025 16:11,Google Maps,,,df323b06-a1a9-4f42-9b63-29143e24fe4a,7/1/2025 16:11,20963.89325,1332.035736
25217,CEMETERY,Joseph Ollhoff Memorial Gravesite,Township,LOG,CEM,Public,9.11639747,Joseph Ollhoff Memorial Cemetery,,7/1/2025 16:11,Google Maps,,,80021191-2164-4601-8de8-7db986f0afc0,7/1/2025 16:11,397110.2739,2523.701264
22370,PARK,Jr Smith Park,Sunbury,DEL,N,Public,4.72329228,JR Smith Park,366,7/1/2025 16:11,DALIS, ,JR Smith Park,0fb2e4f4-7a94-4bc2-a982-3c0ec469e47a,7/1/2025 16:11,205746.6116,1947.305662
23984,CEMETERY,Jug Street Cemetery,Township,LIC,CEM,Public,0.49242214,Jug Street Cemetery,,7/1/2025 16:11,Licking Co Parcels,,,641906aa-0ee4-4af0-b9c5-268bcbc46ddc,7/1/2025 16:11,21449.90869,590.6111592
22898,CEMETERY,Julian Cemetery,Township,FAI,CEM,Public,0.22499917,Julian Cemetery,,7/1/2025 16:11,Fairfield County,,,b639d1d3-593c-4dfc-8544-c0c9daf3d445,7/1/2025 16:11,9800.96405,395.9992737
25749,PARK,Junction City Community Park,Junction City,PER,C,Public,7.55427149,Junction City Community Park,,7/1/2025 16:11,Google Maps,,Junction City Community Park,3e2672fc-f7ac-437e-8c2f-9168b841b16a,7/1/2025 16:11,329064.0659,2430.721543
25750,PARK,Junction City Community Park,Junction City,PER,C,Public,10.83801824,Junction City Community Park,,7/1/2025 16:11,Google Maps,,Junction City Community Park,e8b807e6-5d23-4b17-899d-365dfe54c2cc,7/1/2025 16:11,472104.0748,2899.010199
25559,PARK,Junction Earthworks Preserve,Township,ROS,PR,Public,157.9559254,Junction Earthworks Preserve,,7/1/2025 16:11,Earthworks,,Junction Earthworks Preserve,a403a7d2-85e8-4d81-aa07-fff06a7fb3a8,7/1/2025 16:11,6880560.11,14375.29478
24435,PARK,Jyaa Belt Field,Township,LIC,N,Public,32.34820017,Jyaa Belt Field,,7/1/2025 16:11,Licking County,,Jyaa Belt Field,c3984d2d-78fc-4a88-8825-ebc8bef4dbfc,7/1/2025 16:11,1409087.599,5492.02183
24123,PARK,Kachelmacher Park ,Logan,HOC,C,Public,6.16746738,Kachelmacher Park ,,7/1/2025 16:11,google maps/orthos,,Kachelmacher Park ,534121a5-2124-4dd9-9704-7ad67d4c1d91,7/1/2025 16:11,268654.8789,2159.855644
22187,PARK,Kaltenbach Park,Dublin,FRA,C,Public,11.87167711,Kaltenbach Park,180,7/1/2025 16:11,, ,Kaltenbach Park,cb09490a-3b0d-486a-b1cd-63644cac48a1,7/1/2025 16:11,517130.2546,4178.249771
22049,PARK,Karns Park,Columbus,FRA,N,Public,2.14878706,Karns Park,149,7/1/2025 16:11,Columbus, ,,25c9afa8-9996-4803-a90c-f20568f2132e,7/1/2025 16:11,93601.16431,1229.539245
23263,PARK,Karr Park,Pataskala,LIC,C,Public,7.97399684,Karr Park,,7/1/2025 16:11,Pataskala,,Karr Park,5e28e753-4d2e-4e04-a6d6-0c8a03d948f7,7/1/2025 16:11,347347.3022,2786.185833
23622,GREEN SPACE,Karrer Barn Open Space,Dublin,FRA,NOS,Public,0.81142124,,,7/1/2025 16:11,Dublin,,,7f67620d-014a-45f7-b6b9-027915eb7037,7/1/2025 16:11,35345.50916,753.0547055
25624,CEMETERY,Karshner Cemetery,Township,HOC,CEM,Private,0.91578323,Karshner Cemetery,,7/1/2025 16:11,Google Maps,,,531041d8-b0f0-4cfa-a58a-36a20fa3012b,7/1/2025 16:11,39891.51764,844.248611
22405,PARK,Keckley Rural Life Center,Township,UNI,R,Public,64.93136834,Keckley Rural Life Center,368,7/1/2025 16:11,Union County,Keckley Rural Life Center,Keckley Rural Life Center,ec1a0665-e9d8-4ca9-a8bf-9211974730f5,7/1/2025 16:11,2828410.405,8775.575789
21972,PARK,Keller Farms,Grove City,FRA,C,Public,5.62400505,Keller Farms,369,7/1/2025 16:11,Grove City, ,Keller Farms,9d060c3f-88e7-4276-96e8-6a75552219e2,7/1/2025 16:11,244981.6595,3215.500032
22634,PARK,Keller Kirn Park,Lancaster,FAI,R,Public,79.84436828,Keller Kirn Park,370,7/1/2025 16:11,Fairfield County,Keller Kirn Park,Keller Kirn Park,b4873981-83d7-4ddd-87c8-67e4daae7e9d,7/1/2025 16:11,3478020.682,8209.649561
22707,PARK,Keller Park,Columbus,FRA,NOS,Public,0.48234667,Keller Park,142,7/1/2025 16:11,Columbus,,,9bb0b50f-ac29-41fe-99b1-dca8049b6198,7/1/2025 16:11,21011.02112,1180.107169
24790,GREEN SPACE,Keller Pines Open Space,Township,DEL,NOS,Public,2.13167457,,,7/1/2025 16:11,MORPC Standardized ELU 2021,,,24d48982-0fe1-4321-bb33-716346a836a4,7/1/2025 16:11,92855.74414,1362.273117
22188,PARK,Kelley Park,Columbus,FRA,CON,Public,7.40105208,Kelley Park,372,7/1/2025 16:11,Columbus, ,Kelley Park,a9c3f284-0469-4578-aa9e-ad31a9d5f49f,7/1/2025 16:11,322389.8286,3403.60571
24060,PARK,Kellner Park,Columbus,FRA,N,Public,0.1506915,Kellner Park,,7/1/2025 16:11,Columbus,,,428f19e0-d957-40d3-ae14-c26994a0865c,7/1/2025 16:11,6564.12146,302.1768514
24982,PARK,Kellogg Parkway Open Space,Marion,MAR,NOS,Public,6.57984556,Kellogg Parkway Open Space,,7/1/2025 16:11,MORPC Standardized ELU 2021,,,2267d520-a107-4d4a-949a-767d7d88210f,7/1/2025 16:11,286618.0725,2866.966138
24983,PARK,Kellogg Parkway Open Space,Marion,MAR,NOS,Public,13.10921844,Kellogg Parkway Open Space,,7/1/2025 16:11,MORPC Standardized ELU 2021,,,a713c957-bbe9-4ecb-95ba-70695790dea3,7/1/2025 16:11,571037.5551,3668.040236
23809,GREEN SPACE,Keltonhurst Drive Open Space,Township,FRA,NOS,Public,2.58602948,,,7/1/2025 16:11,parcels,,,2f031b04-972b-459e-ac71-9ff13071fb8d,7/1/2025 16:11,112647.4445,1428.201141
23810,GREEN SPACE,Keltonhurst Drive Open Space,Township,FRA,NOS,Public,0.81905287,,,7/1/2025 16:11,parcels,,,122eb025-443b-4c34-ba78-216f64f1dd35,7/1/2025 16:11,35677.94348,1192.340702
26428,PARK,KEMP PARKLAND,,FRA,NOS,,,,,7/1/2025 16:11,Columbus,,,aebccae5-b6b7-48e4-80b2-c61be9cf1fde,7/1/2025 16:11,273105.937,2183.493201
25717,CEMETERY,Kemper Family Cemetery,Township,PER,CEM,Private,0.15844099,Kemper Family Cemetery,,7/1/2025 16:11,Google Maps,,,41e4bfe4-3c4c-4d41-ae2a-6548777db2cb,7/1/2025 16:11,6901.689575,353.4440885
22727,CEMETERY,Kempton,Columbus,FRA,CEM,Public,0.33994419,Kempton,,7/1/2025 16:11,,,,3235558c-f91b-495a-988c-93699a889184,7/1/2025 16:11,14807.96912,496.0313699
25102,GREEN SPACE,Kendall Ridge Loop Open Space,Dublin,FRA,NOS,Public,0.51861456,,,7/1/2025 16:11,MORPC Standardized ELU 2021,,,33ce2b3e-1a49-4a7c-82f4-477987980b97,7/1/2025 16:11,22590.85019,562.65389
23712,PARK,Kendall Ridge Open Space,Dublin,FRA,NOS,Public,0.31206621,Kendall Ridge Open Space,,7/1/2025 16:11,Dublin,,,cd694870-f2d2-4c3b-ac0d-128c70d485ea,7/1/2025 16:11,13593.604,428.1067467
22579,PARK,Kendall Ridge Park,Dublin,FRA,N,Public,8.30423328,Kendall Ridge Park,373,7/1/2025 16:11,Dublin, ,Kendall Ridge Park,e15602c8-4b18-4149-9cb0-44dd78c5f0d6,7/1/2025 16:11,361732.4015,2654.55507
22080,PARK,Kenlawn Park,Columbus,FRA,N,Public,3.91064876,Kenlawn Park,374,7/1/2025 16:11,Columbus, ,,26c03604-c344-4ed6-9a96-70beda51419b,7/1/2025 16:11,170347.8602,2417.770383
23693,PARK,Kenney Park,Columbus,FRA,C,Public,27.14486768,Kenney Park,,7/1/2025 16:11,Columbus,Kenney Park,Kenney Park,87d64c8c-cf0c-458e-a3d6-5b0709f27f19,7/1/2025 16:11,1182430.436,6487.82927
23472,PARK,Kensington Place Park,Delaware City,DEL,C,Public,12.21158522,Kensington Place Park,,7/1/2025 16:11,Delaware City,,Kensington Place Park,ba46087a-b6d9-4a4a-8d78-05b84a51b7cb,7/1/2025 16:11,531936.6519,3158.044165
25897,CEMETERY,Kern Cemetery,Township,FAI,CEM,Private,0.0141413,Kern Cemetery,,7/1/2025 16:11,Google Maps,,,ca5988df-5eaa-482a-8ef5-a03a4c64e7c5,7/1/2025 16:11,615.994873,99.9995948
24204,PARK,Kesslebrooke Station Park,Deleware,DEL,N,Public,0.82336152,Kesslebrooke Station Park,,7/1/2025 16:11,,,,37250b6e-0bd8-4f12-bf7a-2dce02f26664,7/1/2025 16:11,35865.62769,886.2973154
24398,PARK,Kessler Swamp State Nature Preserve,Township,HOC,PR,Public,20.39758159,Kessler Swamp State Nature Preserve,,7/1/2025 16:11,ODNR,,Kessler Swamp State Nature Preserve,3629ef50-da91-4647-b5d9-3c636b168f15,7/1/2025 16:11,888518.6541,5117.696939
22000,PARK,Kestrel Park,Dublin,FRA,N,Public,3.55492586,Kestrel Park,377,7/1/2025 16:11,Dublin, ,,e1f09482-ec19-4375-98f5-609dce24eb16,7/1/2025 16:11,154852.5704,1527.932287
24411,GREEN SPACE,Kian Run Open Space,Columbus,FRA,NOS,Public,5.12570798,,,7/1/2025 16:11,,,,d56e9bba-eff0-4f5f-a27f-d4deb56fd0e3,7/1/2025 16:11,223275.8396,2514.070869
22482,PARK,Kilbourne Ballfield,Township,DEL,C,Public,5.10180194,Kilbourne Ballfield,378,7/1/2025 16:11,DALIS, ,Kilbourne Ballfield,5a60567b-5aed-4986-b5b3-aa7f963f0afa,7/1/2025 16:11,222234.4927,2457.41613
22226,PARK,Kilbourne Run Parkland,Columbus,FRA,NOS,Public,9.22756484,Kilbourne Run Parkland,,7/1/2025 16:11,Columbus,,,bdd3e09c-d8ee-43ef-963f-945975df34cb,7/1/2025 16:11,401952.725,4767.748301
23872,PARK,Kilbourne Run Parkland,Columbus,FRA,NOS,Public,6.51119293,Kilbourne Run Parkland,,7/1/2025 16:11,parcels,,,0564370c-38b4-48d5-a13e-792502707e41,7/1/2025 16:11,283627.5636,3095.503035
25366,CEMETERY,Kile Cemetery,Township,MRW,CEM,Private,0.77007974,Kile Cemetery,,7/1/2025 16:11,Google Maps,,,908f2fc5-e535-4971-86a2-d7fc8fd2aff9,7/1/2025 16:11,33544.67346,741.6610106
23176,PARK,Killdeer Plains Wa,Township,MAR,W,Public,98.91100558,Killdeer Plains WA,,7/1/2025 16:11,ODNR,Killdeer Plains WA,Killdeer Plains WA,c6855d8c-f8e4-4430-9b88-eeb115ab8e13,7/1/2025 16:11,4308563.403,8643.765139
23177,PARK,Killdeer Plains Wa,Township,MAR,W,Public,158.8012052,Killdeer Plains Wildlife Area,,7/1/2025 16:11,ODNR,Killdeer Plains Wildlife Area,Killdeer Plains Wildlife Area,3f058662-03ce-4685-847b-8e219c46d56e,7/1/2025 16:11,6917380.499,13530.70101
23349,PARK,Killder Plains Wa,Township,MAR,W,Public,80.07937468,Killder Plains Wildlife Area,,7/1/2025 16:11,ODNR,,Killder Plains Wildlife Area,0837542a-d334-42f0-afab-c9168ea5b45a,7/1/2025 16:11,3488257.561,7930.962543
23350,PARK,Killder Plains Wa,Township,MAR,CON,Public,182.6695523,Killder Plains Wildlife Area,,7/1/2025 16:11,ODNR,,Killder Plains Wildlife Area,af1435ee-d204-41a3-ad41-83b4e66412ab,7/1/2025 16:11,7957085.699,14952.50561
23351,PARK,Killder Plains Wa,Township,MAR,CON,Public,10.82844061,Killder Plains Wildlife Area,,7/1/2025 16:11,ODNR,,Killder Plains Wildlife Area,7dfa3d55-32f3-48ed-bfe7-27ed92429f3a,7/1/2025 16:11,471686.8733,3097.766192
24753,GREEN SPACE,KIMBERLY STREET ISLAND,Columbus,FRA,NOS,Public,0.02690723,,,7/1/2025 16:11,Columbus Park Boundaries,,,7190da27-0d34-4dd9-9969-ad79ea3326b4,7/1/2025 16:11,1172.079468,121.5165947
22189,PARK,Kings Creek Parkland,Columbus,FRA,NOS,Public,4.44782901,Kings Creek Parkland,379,7/1/2025 16:11,Columbus,,,23fc0195-a3b3-4c7c-b890-cf29724c3e6d,7/1/2025 16:11,193747.4315,3372.151251
23381,GOLF,Kings Mill Golf Course,Township,MAR,GOLF,Public,137.8929911,Kings Mill Golf Course,,7/1/2025 16:11,Marion parcels,,,aad2f7d5-c8c2-41f4-8a81-96c71710f8cd,7/1/2025 16:11,6006618.691,11809.78899
22190,PARK,Kingsbury Parkland,Columbus,FRA,NOS,Public,11.72235461,Kingsbury Parkland,380,7/1/2025 16:11,Columbus,,,10214c4c-5842-4bec-bd0d-ae04ef34873d,7/1/2025 16:11,510625.7671,6111.406656
23842,PARK,Kingsdown Pond,Grove City,FRA,NOS,Public,2.19878763,Kingsdown Pond,,7/1/2025 16:11,Grove City,,,ffa8b0fd-1eca-4e3f-9b7e-723c32d88b06,7/1/2025 16:11,95779.18909,1437.020621
23843,PARK,Kingsdown Pond,Grove City,FRA,NOS,Public,1.09157651,Kingsdown Pond,,7/1/2025 16:11,Grove City,,,545dce95-5362-4c40-a467-9531b3523e24,7/1/2025 16:11,47549.07288,894.895945
24073,PARK,Kingsrowe Park,Columbus,FRA,N,Public,0.44498804,Kingsrowe Park,,7/1/2025 16:11,Columbus,,,a1f2a2a0-04d0-4216-80c2-9f02556c8d8b,7/1/2025 16:11,19383.67908,549.9188904
22991,CEMETERY,Kingwood Memorial,Township,DEL,CEM,Public,37.51142223,Kingwood Memorial,,7/1/2025 16:11,,,Kingwood Memorial,663fd6da-72e2-45ab-99df-89f3e1596fc8,7/1/2025 16:11,1633997.552,5367.651424
22704,GOLF,Kinsale Golf Course,Powell,DEL,GOLF,Public,255.8433443,Kinsale Golf Course,381,7/1/2025 16:11,,,Kinsale Golf Course,68a750f8-bd8f-4d4e-a6e3-8830331e75df,7/1/2025 16:11,11144536.08,61448.28996
25455,CEMETERY,Kirk Cemetery,Township,FAY,CEM,Private,0.37527007,Kirk Cemetery,,7/1/2025 16:11,Google Maps,,,d602c768-006d-474a-b9ea-d60d3fa51c2c,7/1/2025 16:11,16346.76422,516.7250551
23028,CEMETERY,Kirkersville Cemetery,Kirkersville,LIC,CEM,Public,12.37651239,Kirkersville Cemetery,,7/1/2025 16:11,,,Kirkersville Cemetery,c409be77-79d0-4749-80b0-f87b57042a66,7/1/2025 16:11,539120.8795,2915.710552
23040,CEMETERY,Kirkwood Cemetery,Township,MAD,CEM,Public,22.98731155,Kirkwood Cemetery,,7/1/2025 16:11,,,,7fe96e79-e435-48c3-bc93-1b43b03ebf73,7/1/2025 16:11,1001327.291,4565.946851
22124,PARK,Kirkwood Park,Columbus,FRA,N,Public,2.82685154,Kirkwood Park,382,7/1/2025 16:11,Columbus, ,,220144c1-452e-4439-9246-9b37aaf15cae,7/1/2025 16:11,123137.6531,2099.714216
23801,GREEN SPACE,Kitzmiller Crossing Open Space,Township,FRA,NOS,Public,1.77599055,,,7/1/2025 16:11,parcels,,,36b0805a-fc65-4370-96af-74d9a4966a37,7/1/2025 16:11,77362.14783,1146.286722
23802,GREEN SPACE,Kitzmiller Crossing Open Space,Township,FRA,NOS,Public,7.21002923,,,7/1/2025 16:11,parcels,,,49e65927-b214-4d41-a1a2-4c81e1fb2463,7/1/2025 16:11,314068.873,3261.86906
23806,GREEN SPACE,Kitzmiller Crossing Open Space,Township,FRA,NOS,Public,4.07591182,,,7/1/2025 16:11,parcels,,,ca607f86-c619-4b97-a3b4-9344f7678df9,7/1/2025 16:11,177546.7189,1699.038986
23807,GREEN SPACE,Kitzmiller Crossing Open Space,Township,FRA,NOS,Public,2.97861398,,,7/1/2025 16:11,parcels,,,f1a902ad-7972-4bb7-ad3f-6636e336affb,7/1/2025 16:11,129748.4247,1474.785809
24434,GREEN SPACE,Kitzmiller Road Open Space,New Albany,FRA,NOS,Public,25.98173187,,,7/1/2025 16:11,Licking County,,,612f1ccc-3a8a-4085-8f97-0898d6811fa6,7/1/2025 16:11,1131764.24,6101.60031
24797,GREEN SPACE,Kitzmiller Road Open Space,New Albany,FRA,NOS,Public,3.45332288,,,7/1/2025 16:11,MORPC Standardized ELU 2021,,,11e887e0-eb1b-4dbe-bacf-a45972472486,7/1/2025 16:11,150426.7446,2015.422921
24798,GREEN SPACE,Kitzmiller Road Open Space,New Albany,FRA,NOS,Public,0.93613254,,,7/1/2025 16:11,MORPC Standardized ELU 2021,,,5145ea62-7cbe-4aaa-bb58-f9ed30946cd8,7/1/2025 16:11,40777.93347,1011.059068
24799,GREEN SPACE,Kitzmiller Road Open Space,New Albany,FRA,NOS,Public,1.05762737,,,7/1/2025 16:11,MORPC Standardized ELU 2021,,,b2725339-019a-4424-a3a8-4d1fd1935666,7/1/2025 16:11,46070.24817,1115.041158
23571,PARK,Kiwanis Picnic Park,Westerville,FRA,NOS,Public,0.7652882,Kiwanis Picnic Park,,7/1/2025 16:11,Westerville,,,6af575c5-44b4-4d4f-af69-552b2d0a8c4c,7/1/2025 16:11,33335.95374,867.2302128
24217,PARK,Kiwanis Riverway Park,Dublin,FRA,C,Public,10.49755514,Kiwanis Riverway Park,,7/1/2025 16:11,Columbus,,Kiwanis Riverway Park,0c38fed2-c8d5-4cbb-97f6-baca822eb0cf,7/1/2025 16:11,457273.5033,6565.467157
24401,PARK,Kleinmaier Rhododendron Hollow,Township,FAI,PR,Public,30.70905741,Kleinmaier Rhododendron Hollow,,7/1/2025 16:11,ODNR,,Kleinmaier Rhododendron Hollow,f37bbf07-d18a-451e-9979-803ceeb72927,7/1/2025 16:11,1337686.541,4992.183221
22591,PARK,Klingbeil Parkland,Columbus,FRA,PRES,Public,52.694167,Klingbeil Parkland,438,7/1/2025 16:11,Columbus,,,5c620007-1f38-469b-a97e-34e0c7552e23,7/1/2025 16:11,2295357.915,6747.495529
25118,CEMETERY,Knight Cemetery,Township,LOG,CEM,Public,0.53660013,Knight Cemetery,,7/1/2025 16:11,Google Maps,,,0b15c142-03cf-490d-8963-8f75571c4fa4,7/1/2025 16:11,23374.302,613.6916067
24148,CEMETERY,Knollwood Cemetery,Logan,HOC,CEM,Public,6.67860583,Knollwood Cemetery,,7/1/2025 16:11,orthos/google maps,,Knollwood Cemetery,88fbd02a-c79e-434e-9cca-48fa5d5fbcfa,7/1/2025 16:11,290920.0701,2234.054956
22858,CEMETERY,Knollwood Court Northeast Cemetery,Lancaster,FAI,CEM,Public,0.0186529,Knollwood Court Northeast Cemetery,,7/1/2025 16:11,Fairfield County,,,2a1d37ee-bc5f-49ad-b192-75b23af29fe4,7/1/2025 16:11,812.5203857,115.4966119
23679,PARK,Know Lake Wildlife Area,Township,KNO,W,Public,766.1566789,Know Lake Wildlife Area,,7/1/2025 16:11,ODNR,Know Lake Wildlife Area,Know Lake Wildlife Area,5256ae89-1abd-4157-a6e1-9623938da59f,7/1/2025 16:11,33373784.93,60105.56415
25418,PARK,Knox County Hellbender Preserve,Township,KNO,PR,Public,25.16508815,Knox County Hellbender Preserve,,7/1/2025 16:11,Google Maps,,Knox County Hellbender Preserve,7a228261-40cc-4d22-a663-6ec528b66d42,7/1/2025 16:11,1096191.24,5209.120526
25419,PARK,Knox County Hellbender Preserve,Township,KNO,PR,Public,16.2562554,Knox County Hellbender Preserve,,7/1/2025 16:11,Google Maps,,Knox County Hellbender Preserve,85f19d52-b6c9-4171-b5af-57ab8c5ca13f,7/1/2025 16:11,708122.4857,4745.953437
23178,PARK,Knox Woods Np,Township,KNO,PR,Public,30.05199028,Knox Woods NP,,7/1/2025 16:11,ODNR,,Knox Woods NP,3436d719-1f3f-4a6f-8fff-acc7d70a443a,7/1/2025 16:11,1309064.697,6630.07427
22046,PARK,Kobacker Park,Columbus,FRA,N,Public,0.34347291,Kobacker Park,384,7/1/2025 16:11,Columbus, ,,f0d1411a-ae39-4366-a7a4-87dd8292becb,7/1/2025 16:11,14961.68005,499.4619539
23688,PARK,Kokosing,Township,KNO,CON,Public,5.06267351,Kokosing,,7/1/2025 16:11,ODNR,,Kokosing,8c17b9ff-c3c3-4af0-b4b5-75aa9353b288,7/1/2025 16:11,220530.0577,2318.26336
23122,PARK,Kokosing Lake Wa,Township,KNO,W,Public,1210.447111,Kokosing Lake Wildlife Area,,7/1/2025 16:11,ODNR,Kokosing Lake Wildlife Area,Kokosing Lake Wildlife Area,cc215538-96ad-4ac0-9a5d-75632c36ca86,7/1/2025 16:11,52727076.17,34437.36954
25410,PARK,Kokosing Nature Preserve,Township,KNO,PR,Public,23.56113989,Kokosing Nature Preserve,,7/1/2025 16:11,Google Maps,,Kokosing Nature Preserve,0760a5e6-ca61-4371-a987-6c763938b6cd,7/1/2025 16:11,1026323.254,4787.749009
25411,PARK,Kokosing Nature Preserve,Township,KNO,PR,Public,21.75403547,Kokosing Nature Preserve,,7/1/2025 16:11,Google Maps,,Kokosing Nature Preserve,e0434d50-6842-4810-9a86-c0600ea16374,7/1/2025 16:11,947605.7848,5153.579614
24949,RECREATION,Kokosing Scenic River - Water Trail,Township,KNO,REC,Public,1.11606822,Kokosing Scenic River - Water Trail,,7/1/2025 16:11,MORPC Standardized ELU 2021,,,cb917a68-eb16-4aed-9d63-950ff9ff3d80,7/1/2025 16:11,48615.93164,957.1253201
24950,RECREATION,Kokosing Scenic River - Water Trail,Township,KNO,REC,Public,0.66995548,Kokosing Scenic River - Water Trail,,7/1/2025 16:11,MORPC Standardized ELU 2021,,,79af8bb1-61c8-4f1f-970d-3c7c859e965c,7/1/2025 16:11,29183.2605,727.0506109
25444,CEMETERY,Koontz Cemetery,Township,FAY,CEM,Public,4.41484087,Koontz Cemetery,,7/1/2025 16:11,Google Maps,,,b06cd55b-bdf7-4650-924b-67b1ed3bf1c0,7/1/2025 16:11,192310.4683,2038.217507
23091,CEMETERY,Kramer,Township,FRA,CEM,Public,0.8045677,Kramer,,7/1/2025 16:11,,,,3b2309f3-d874-4bcd-93df-a165c9e70045,7/1/2025 16:11,35046.96887,734.9780132
22191,PARK,Kraner Park,Columbus,FRA,C,Public,7.76420791,Kraner Park,385,7/1/2025 16:11,Columbus, ,Kraner Park,3c6c21ad-379c-462c-a2f2-95097536ad7f,7/1/2025 16:11,338208.8966,2444.078385
24247,PARK,Krumm Park,Columbus,FRA,C,Public,37.39006682,Krumm Park,386,7/1/2025 16:11,Columbus,Krumm Park,Krumm Park,e0d20ef6-64ae-46ba-bf8f-bf8d5d245a93,7/1/2025 16:11,1628711.31,7059.891868
22325,GOLF,Kyber Run Golf Course,Township,LIC,GOLF,Public,139.4064063,Kyber Run Golf Course,388,7/1/2025 16:11,,,Kyber Run Golf Course,a46a54ef-6e51-4bcd-86ab-fa731c412662,7/1/2025 16:11,6072543.06,12815.19649
23353,PARK,La Rue Baseball and Softball Park,Township,MAR,N,Public,5.57834231,La Rue Baseball and Softball Park,,7/1/2025 16:11,Marion parcels,,La Rue Baseball and Softball Park,6a41f8a4-f22c-4962-819d-0a4c7b8bd5ef,7/1/2025 16:11,242992.5916,2636.241545
23354,PARK,La Rue Baseball and Softball Park,Township,MAR,N,Public,7.02212448,La Rue Baseball and Softball Park,,7/1/2025 16:11,Marion parcels,,La Rue Baseball and Softball Park,f9c3de9f-45ce-4e86-b58e-d1929af03266,7/1/2025 16:11,305883.7421,2983.776672
23355,PARK,La Rue Baseball and Softball Park,Township,MAR,N,Public,11.29600911,La Rue Baseball and Softball Park,,7/1/2025 16:11,Marion parcels,,La Rue Baseball and Softball Park,5a0aeaa2-e5d4-4061-91b7-251c69a764b0,7/1/2025 16:11,492054.1567,3914.523188
23356,PARK,La Rue Pool,Township,MAR,N,Public,0.82490101,La Rue Pool,,7/1/2025 16:11,Marion parcels,,,89ad4a8c-08a2-4b69-9324-32687982d0bc,7/1/2025 16:11,35932.68787,894.4151977
25018,GREEN SPACE,Lafayette & Elm Street Open Space,London,MAD,NOS,Public,0.35780203,,,7/1/2025 16:11,MORPC Standardized ELU 2021,,,cf616077-2db2-4281-804f-fcdc0e221c3f,7/1/2025 16:11,15585.85645,531.824423
24875,PARK,Lake Hudson Park,Granville,LIC,C,Public,5.6263898,Lake Hudson Park,,7/1/2025 16:11,MORPC Standardized ELU 2021,,Lake Hudson Park,5d86414c-dd89-4be2-ad86-6e60511c0220,7/1/2025 16:11,245085.5398,2117.375039
24876,PARK,Lake Hudson Park,Granville,LIC,C,Public,15.44335254,Lake Hudson Park,,7/1/2025 16:11,MORPC Standardized ELU 2021,,Lake Hudson Park,8efac5b2-60f8-44b7-8bac-95355feb1139,7/1/2025 16:11,672712.4374,3719.565836
24877,PARK,Lake Hudson Park,Granville,LIC,C,Public,3.84789365,Lake Hudson Park,,7/1/2025 16:11,MORPC Standardized ELU 2021,,,19d5d209-fa97-433e-a689-50d030d4f91d,7/1/2025 16:11,167614.2476,1618.772231
24475,PARK,Lake Logan State Park,Township,HOC,STATE,Public,716.3583679,Lake Logan State Park,,7/1/2025 16:11,ODNR,Lake Logan State Park,Lake Logan State Park,c7fe251e-a7bd-4ef6-a63e-b2a4a844b06a,7/1/2025 16:11,31204570.51,69397.86538
25337,PARK,Lake Metro Farm Park,Township,MRW,C,Public,41.57423875,Lake Metro Farm Park,,7/1/2025 16:11,Google Maps,,Lake Metro Farm Park,6f831f2f-7eb1-4849-b5e9-82cfae3137f7,7/1/2025 16:11,1810973.84,6142.490595
25338,PARK,Lake Metro Farm Park,Township,MRW,C,Public,21.07335077,Lake Metro Farm Park,,7/1/2025 16:11,Google Maps,,Lake Metro Farm Park,cc51217b-ff60-4501-bcd5-4b05f2a40cf6,7/1/2025 16:11,917955.1594,3872.908761
25339,PARK,Lake Metro Farm Park,Township,MRW,C,Public,55.2123786,Lake Metro Farm Park,,7/1/2025 16:11,Google Maps,,Lake Metro Farm Park,0a14e993-c1b5-4b16-938a-4e0a9a1a16ab,7/1/2025 16:11,2405051.212,7379.709137
25340,PARK,Lake Metro Farm Park,Township,MRW,C,Public,42.41617352,Lake Metro Farm Park,,7/1/2025 16:11,Google Maps,,Lake Metro Farm Park,340744cc-f473-4e1e-a273-e6c997c17674,7/1/2025 16:11,1847648.519,6129.166798
21979,GREEN SPACE,Lakebrook Boulevard Open Space,Columbus,FRA,NOS,Private,1.54170809,,514,7/1/2025 16:11,,,,2542f13c-ee28-4b9c-81ed-567ad5a0a4a6,7/1/2025 16:11,67156.80444,1260.393131
25021,GREEN SPACE,Lakefield Drive Open Space,Township,FRA,NOS,Public,10.67650192,,,7/1/2025 16:11,MORPC Standardized ELU 2021,,,d7ee6a69-12d9-4ac1-8a71-ea94ad9ba5a8,7/1/2025 16:11,465068.4233,3099.436423
25110,PARK,Lakeview Park,Lakeview,LOG,C,Public,10.88278627,Lakeview Park,,7/1/2025 16:11,Google Maps,,Lakeview Park,5eb52170-009e-4595-9897-e3b6e94f2e4f,7/1/2025 16:11,474054.17,3163.456725
22096,PARK,Lakewood Park,Hilliard,FRA,C,Public,5.74767206,Lakewood Park,493,7/1/2025 16:11,, ,Lakewood Park,c4aefe36-9bda-4625-abc1-a516b5f50256,7/1/2025 16:11,250368.5946,1973.487099
25393,PARK,Lamb Park ,Township,KNO,C,Public,4.29458965,Lamb Park,,7/1/2025 16:11,Google Maps,,,815452d0-7a93-4aed-b31f-d1c607461d7b,7/1/2025 16:11,187072.3254,1728.97834
24993,PARK,Lambka Road Park,Township,UNI,C,Public,0.60425706,Lambka Road Park,,7/1/2025 16:11,MORPC Standardized ELU 2021,,,2e956af8-3a57-4fab-9ac0-caf43ed2374f,7/1/2025 16:11,26321.43701,965.6019459
22549,PARK,Lambton Park,New Albany,FRA,C,Public,7.21266308,Lambton Park,562,7/1/2025 16:11,, ,Lambton Park,fbe35f31-025e-43d8-9600-0892105f67d7,7/1/2025 16:11,314183.6033,2643.717998
22192,PARK,Lamby Lane Park,Whitehall,FRA,N,Public,3.70576505,Lamby Lane Park,340,7/1/2025 16:11,, ,,2c8ecf0e-8a85-4cc6-8894-8e37bcfdf4d2,7/1/2025 16:11,161423.1256,1607.153323
25903,CEMETERY,Lamott Cemetery,Township,FAI,CEM,Private,0.12126162,Lamott Cemetery,,7/1/2025 16:11,Google Maps,,,69f11d5b-913c-43b4-9ff4-e62301ce2e06,7/1/2025 16:11,5282.156128,291.9655644
23240,RECREATION,Lancaster Campgrounds,Lancaster,FAI,SPU,Private,45.82669324,Lancaster Campgrounds,,7/1/2025 16:11,Fairfield County,,,111cc995-17be-4aa1-bc0a-7125b1576392,7/1/2025 16:11,1996210.757,6291.693154
22775,CEMETERY,Lancaster Kirkersville Road Northwest Cemetery,Township,FAI,CEM,Public,1.11345665,Lancaster Kirkersville Road Northwest Cemetery ,,7/1/2025 16:11,Fairfield County,,,19ffacdf-2bf8-48a8-ac53-10c0fd21a50a,7/1/2025 16:11,48502.17163,895.4407449
22780,CEMETERY,Lancaster Newark Road Northeast Cemetery,Township,FAI,CEM,Public,0.02066128,Lancaster Newark Road Northeast Cemetery,,7/1/2025 16:11,Fairfield County,,,17659c91-1cc3-4cd1-ba6e-cc7f72de9ae2,7/1/2025 16:11,900.005127,120.0003465
24412,GREEN SPACE,Lancaster Road Open Space,Granville,LIC,NOS,Public,35.07223421,,,7/1/2025 16:11,,,,f170eed2-984d-44dc-baf5-724d9633bc91,7/1/2025 16:11,1527746.523,8863.116645
22833,CEMETERY,Lancaster Thronville Road Northeast Cemetery,Township,FAI,CEM,Public,0.10000109,Lancaster Thronville Road Northeast Cemetery,,7/1/2025 16:11,Fairfield County,,,8f64d03c-6faa-481d-bed2-bc66425b9b16,7/1/2025 16:11,4356.047363,264.0014405
23092,CEMETERY,Landes (Plum Travis),Columbus,FRA,CEM,Public,0.11394387,Landes (Plum Travis),,7/1/2025 16:11,,,,122d24e3-2856-4f20-84f8-c41f3dbff2fb,7/1/2025 16:11,4963.395264,282.9688804
22529,PARK,Lane Woods,Columbus,FRA,PRES,Public,1.67669335,Lane Woods,341,7/1/2025 16:11,Columbus,,,97bdf80d-3f32-4318-8659-ce3c35038a8d,7/1/2025 16:11,73036.76245,1190.456535
25994,PARK,Langston Park,Upper Arlington,FRA,N,Public,14.6761612,Langston Park,,7/1/2025 16:11,Existing Land Use 2021,,Langston Park,205fed95-25b9-46db-8b52-5d85d6ef5584,7/1/2025 16:11,639293.5822,4072.054168
22620,PARK,Lanreco Park,Lancaster,FAI,N,Public,4.95390166,Lanreco Park,343,7/1/2025 16:11,Fairfield County,,,2efdbc73-f38c-47f3-a01c-d20243dccc89,7/1/2025 16:11,215791.9561,2083.682426
24801,GREEN SPACE,Lansdowne Open Space,New Albany,FRA,NOS,Public,3.97391467,,,7/1/2025 16:11,MORPC Standardized ELU 2021,,,06fe7239-3cb2-475f-aaf9-c997285b37a5,7/1/2025 16:11,173103.7233,3021.51864
25272,CEMETERY,Larue Cemetery,Township,MAR,CEM,Public,11.05350431,Larue Cemetery,,7/1/2025 16:11,Google Maps,,,9dcc92e2-bd66-471e-b305-eefa87ac4857,7/1/2025 16:11,481490.6482,2884.267577
25273,CEMETERY,Larue Cemetery,Township,MAR,CEM,Public,4.17228972,Larue Cemetery,,7/1/2025 16:11,Google Maps,,,7281d3f4-20a9-4de6-b7b8-ba6de39aa6e1,7/1/2025 16:11,181744.9403,2223.693999
25637,CEMETERY,Laurel Cemetery,Township,HOC,CEM,Public,0.59341086,Laurel Cemetery,,7/1/2025 16:11,Google Maps,,,1e18372e-a467-431e-ae57-60a0538c68b4,7/1/2025 16:11,25848.97687,651.6031346
25656,CEMETERY,Laurel Chapel Cemetery,Township,HOC,CEM,Public,0.16032298,Laurel Chapel Cemetery,,7/1/2025 16:11,Google Maps,,,8b750d61-f668-4f93-acd7-db3a54d37c17,7/1/2025 16:11,6983.668823,361.7342528
25619,PARK,Laurelville VFW Park,Laurelville ,HOC,C,Public,4.95844145,Laurelville VFW Park,,7/1/2025 16:11,Google Maps,,,28a669bf-e5ea-4ea8-a71c-14c345453f9c,7/1/2025 16:11,215989.7097,3099.313744
25322,CEMETERY,Lawrence Cemetery,Township,MAR,CEM,Private,0.2939879,Lawrence Cemetery,,7/1/2025 16:11,Google Maps,,,c8656d72-43ef-4e86-8d3c-a9952a2bc748,7/1/2025 16:11,12806.11279,452.6616363
22711,PARK,Lazelle Woods Park,Columbus,FRA,C,Public,48.78506065,Lazelle Woods Park,285,7/1/2025 16:11,Columbus,Lazelle Woods Park,Lazelle Woods Park,f7896b71-2034-4c0f-a5bf-ce0eeb4da854,7/1/2025 16:11,2125077.242,9777.22117
23093,CEMETERY,Leatherlips,Dublin,FRA,CEM,Public,0.06709862,Leatherlips,,7/1/2025 16:11,,,,59f7b61e-a424-4491-abdf-e437abd840b0,7/1/2025 16:11,2922.81604,229.4173694
25498,CEMETERY,Leavell Cemetery,Township,FAY,CEM,Private,0.08666532,Leavell Cemetery,,7/1/2025 16:11,Google Maps,,,c1dbc9f6-2169-4d7f-8c28-8f17a8406f72,7/1/2025 16:11,3775.141357,247.0349905
24436,PARK,Lee Lean Hanna Memorial Park,Johnstown,LIC,N,Public,11.34737631,Lee Lean Hanna Memorial Park,,7/1/2025 16:11,Licking County,,Lee Lean Hanna Memorial Park,35b71ac6-ab4a-4841-8d55-0d3b9f3e0d7c,7/1/2025 16:11,494291.712,3413.870928
23094,CEMETERY,Legg Walcutt,Upper Arlington,FRA,CEM,Public,0.27572625,Legg Walcutt,,7/1/2025 16:11,,,,eef477cf-9aaf-4cc7-897f-28a729b184f9,7/1/2025 16:11,12010.6355,461.6631557
23202,PARK,Lehman Parkland,Columbus,FRA,PRES,Public,7.90511267,Lehman Parkland,,7/1/2025 16:11,Columbus,,,926a00dd-7a52-4f66-a36b-31220bdddb3f,7/1/2025 16:11,344346.7079,2406.090052
22329,PARK,Levin Park,Township,LIC,R,Public,21.07630829,Levin Park,346,7/1/2025 16:11,,Levin Park,Levin Park,281ff4a6-44ea-470e-a560-2cb56e489933,7/1/2025 16:11,918083.9886,4926.336591
23553,PARK,Levin Park,Township,LIC,C,Public,64.44229204,Levin Park,,7/1/2025 16:11,Licking County,,Levin Park,295121e6-014b-4dce-9c38-15a59cb9b621,7/1/2025 16:11,2807106.241,6722.04378
22392,PARK,Lewis Memorial Park,Marysville,UNI,N,Public,4.90540581,Lewis Memorial Park,347,7/1/2025 16:11,Union County, ,Lewis Memorial Park,8f77a4e1-c832-4df0-8544-7b5390173365,7/1/2025 16:11,213679.4773,2000.780915
24111,PARK,Lewis Ratcliff Park,Bellefontaine,LOG,C,Public,12.6341743,Lewis Ratcliff Park,,7/1/2025 16:11,Logan County Parcels,,Lewis Ratcliff Park,225bc21f-90f1-45f0-b72c-2d4f532755db,7/1/2025 16:11,550344.6326,4094.934488
25988,GREEN SPACE,Lewis Road Open Space,Township,FAY,SPU,Public,1.00050261,,,7/1/2025 16:11,Fayette Parcels,,,d6850ff1-3e2b-431c-8087-bffadaeb2634,7/1/2025 16:11,43581.89392,850.1549268
25126,CEMETERY,Lewistown Cemetery,Township,LOG,CEM,Public,3.19659268,Lewistown Cemetery,,7/1/2025 16:11,Google Maps,,,9fee2b26-99d3-4cbf-9897-85ea4a93a765,7/1/2025 16:11,139243.5779,1631.198362
22371,PARK,Lexington Glen Park,Delaware City,DEL,C,Public,7.94823995,Lexington Glen Park,348,7/1/2025 16:11,Delaware City, ,Lexington Glen Park,8f4e1beb-6eab-4d07-bda2-fee195d18aa8,7/1/2025 16:11,346225.3328,3401.139613
23309,CEMETERY,Liberty Chapel Cemetery,Township,KNO,CEM,Public,1.94068189,Liberty Chapel Cemetery,,7/1/2025 16:11,Knox,,,7547bbdd-1ca3-4b87-b6a3-28e8ff91a6c6,7/1/2025 16:11,84536.10315,1193.146755
22989,CEMETERY,Liberty Church Cemetery,Township,DEL,CEM,Public,1.94855567,Liberty Church Cemetery,,7/1/2025 16:11,,,,2cd830ca-9c6f-4168-a7d6-65324f5a236a,7/1/2025 16:11,84879.08508,1287.333376
25558,CEMETERY,Liberty Hill Cemetery,Township,ROS,CEM,Public,0.8274649,Liberty Hill Cemetery,,7/1/2025 16:11,Google Maps,,,c2f00d32-6311-4f38-a0cc-5d87b6728123,7/1/2025 16:11,36044.37097,769.6013556
24162,GOLF,Liberty Hills Golf Club ,Bellefontaine,LOG,GOLF,Public,135.0064935,Liberty Hills Golf Club ,,7/1/2025 16:11,Logan County Parcels ,,Liberty Hills Golf Club ,989d1f67-4b62-4742-a93c-867709c5f906,7/1/2025 16:11,5880882.857,15510.65935
22401,PARK,Liberty Park,Milford Center,UNI,N,Public,0.83233843,Liberty Park,603,7/1/2025 16:11,Union County, ,,2f31576a-8269-423a-8f83-88cd4da8d2a1,7/1/2025 16:11,36256.66162,935.8675402
22659,PARK,Liberty Park,Township,DEL,C,Public,170.3286322,Liberty Park,349,7/1/2025 16:11,DALIS,Liberty Park,Liberty Park,2e802177-797f-4a3a-80bc-c16daa509b34,7/1/2025 16:11,7419515.218,15599.092
23262,PARK,Liberty Park,Pataskala,LIC,N,Public,8.01369182,Liberty Park,,7/1/2025 16:11,FCA,,Liberty Park,ff8df5d3-68da-4abc-9f65-29f785fc1f24,7/1/2025 16:11,349076.4155,3086.901095
22399,PARK,Liberty Township Park,Township,UNI,C,Public,8.59185336,Liberty Township Park,350,7/1/2025 16:11,Union County, ,Liberty Township Park,31ebab54-5ad0-4cda-9f8a-6aecf13f5ea4,7/1/2025 16:11,374261.1322,3035.880595
22798,CEMETERY,Liberty Twp,Baltimore,FAI,CEM,Public,3.17463323,Liberty Twp,,7/1/2025 16:11,Fairfield County,,,c4db3693-7b6b-4542-a502-cd1d454e66c9,7/1/2025 16:11,138287.0236,1553.06979
23988,CEMETERY,Liberty Twp Tr Cemetery,Township,LIC,CEM,Public,1.84668404,Liberty Twp Cemetery,,7/1/2025 16:11,Licking Co Parcels,,,ff524db6-c982-40c0-8e04-9e6770368466,7/1/2025 16:11,80441.55701,1170.96063
22252,PARK,Library Park,Powell,DEL,C,Public,10.00458946,Library Park,351,7/1/2025 16:11,DALIS, ,Library Park,24a65324-a3d4-4136-a87b-147851b4f7b6,7/1/2025 16:11,435799.917,2897.552682
24013,CEMETERY,Licking Cemetery,Township,LIC,CEM,Public,0.9545345,Licking Cemetery,,7/1/2025 16:11,Licking Co Parcels,,,999cb228-3fd5-49fc-80cd-7b3c3e204ded,7/1/2025 16:11,41579.52307,1074.794405
24015,CEMETERY,Licking Co Cemetery ,Township,LIC,CEM,Public,5.95588161,Licking Co Cemetery ,,7/1/2025 16:11,Licking Co Parcels,,Licking Co Cemetery ,82c33ba0-7dc6-4217-b858-19ca049cc75a,7/1/2025 16:11,259438.2026,2608.518423
22331,GOLF,Licking Springs Golf Course,Township,LIC,GOLF,Public,219.3037485,Licking Springs Golf Course,352,7/1/2025 16:11,,,Licking Springs Golf Course,1aa57d45-ac76-40c9-8b67-e44ff6232fa9,7/1/2025 16:11,9552871.286,13507.95729
25310,CEMETERY,Likens Cemetery,Township,MAR,CEM,Private,0.58090541,Likens Cemetery,,7/1/2025 16:11,Google Maps,,,dd0519c8-1a44-40b2-8698-25e958c379a5,7/1/2025 16:11,25304.23987,647.1000524
24813,PARK,Lincoln Center Park,Fulton,MRW,N,Public,0.48334017,Lincoln Center Park,,7/1/2025 16:11,MORPC Standardized ELU 2021,,,c2b56b55-4d8f-46ec-8599-116e5ad93568,7/1/2025 16:11,21054.2981,682.473997
24814,PARK,Lincoln Center Park,Fulton,MRW,N,Public,0.53996469,Lincoln Center Park,,7/1/2025 16:11,MORPC Standardized ELU 2021,,,deefa6d0-2631-4855-9cc5-913f7a49253c,7/1/2025 16:11,23520.86182,700.9418203
24815,PARK,Lincoln Center Park,Fulton,MRW,N,Public,0.45938389,Lincoln Center Park,,7/1/2025 16:11,MORPC Standardized ELU 2021,,,b59e168c-dc6b-42bf-9609-cc549203dc5f,7/1/2025 16:11,20010.76233,673.5105284
24816,PARK,Lincoln Center Park,Fulton,MRW,N,Public,0.42915527,Lincoln Center Park,,7/1/2025 16:11,MORPC Standardized ELU 2021,,,d076cc29-1adc-4b18-a982-c6a3587cf7cb,7/1/2025 16:11,18694.00378,632.9410447
24817,PARK,Lincoln Center Park,Fulton,MRW,N,Public,0.49314438,Lincoln Center Park,,7/1/2025 16:11,MORPC Standardized ELU 2021,,,b87c03f5-812d-4502-8559-77d49cafab18,7/1/2025 16:11,21481.36938,655.854637
24818,PARK,Lincoln Center Park,Fulton,MRW,N,Public,0.42270138,Lincoln Center Park,,7/1/2025 16:11,MORPC Standardized ELU 2021,,,bd84c3b2-2680-4d3d-8656-135eb49d0119,7/1/2025 16:11,18412.87244,629.5186215
24819,PARK,Lincoln Center Park,Fulton,MRW,N,Public,0.16003795,Lincoln Center Park,,7/1/2025 16:11,MORPC Standardized ELU 2021,,,0256e3ad-bca6-4a78-a9d7-4c7d720f1923,7/1/2025 16:11,6971.253052,1023.778643
22372,RECREATION,Lincoln Field,Delaware,DEL,REC,Public,8.86615218,Lincoln Field,353,7/1/2025 16:11,DALIS, ,Lincoln Field,08d6c1d1-d173-4a5a-8318-4db309083c13,7/1/2025 16:11,386209.5889,2531.054619
22708,PARK,Lincoln Park,Columbus,FRA,C,Public,15.81841545,Lincoln Park,161,7/1/2025 16:11,Columbus, ,Lincoln Park,c164865a-8d40-47a0-9514-f8aebfd4c8e9,7/1/2025 16:11,689050.1768,4140.764821
23358,PARK,Lincoln Park,Marion,MAR,C,Public,77.47726789,Lincoln Park ,,7/1/2025 16:11,Marion parcels,,Lincoln Park ,89ced6e9-7fef-4866-b5a8-948b64c19e18,7/1/2025 16:11,3374909.789,10941.48023
22066,PARK,Lindbergh Park,Columbus,FRA,N,Public,8.73527639,Lindbergh Park,354,7/1/2025 16:11,Columbus, ,Lindbergh Park,fad440f6-2808-4e9b-b019-4a9daa5bfa60,7/1/2025 16:11,380508.6395,2497.800464
26422,GREEN SPACE,LINDEN GREEN LINE,,FRA,NOS,,,,,7/1/2025 16:11,Columbus,,,78560398-68cb-4280-9869-21a1b40e3cbf,7/1/2025 16:11,2482500.441,73156.86761
22009,PARK,Linden Park Rec Center,Columbus,FRA,C,Public,19.7020511,Linden Park Rec Center,355,7/1/2025 16:11,Columbus, ,Linden Park Rec Center,08fb0ae2-b51d-4711-a1ee-298ca2da76f2,7/1/2025 16:11,858221.3461,3974.073043
24732,GREEN SPACE,LINFIELD STREET ISLAND,Columbus,FRA,NOS,Public,0.0550469,,,7/1/2025 16:11,Columbus Park Boundaries,,,f9a6f2d4-8370-42fc-83a4-ce99ffba4a1e,7/1/2025 16:11,2397.843384,251.814846
23875,PARK,Lintner Park,Gahanna,FRA,C,Public,1.87117064,Lintner Park,159,7/1/2025 16:11,Gahanna, ,Lintner Park,11641915-2595-4765-b04b-8e422971707a,7/1/2025 16:11,81508.19287,1866.381991
26420,PARK,LINVIEW PARK,Columbus,FRA,N,,,,,7/1/2025 16:11,Columbus,,,8cd53358-28ae-4d7a-a1c0-19033feac386,7/1/2025 16:11,213235.1572,1886.960979
24244,PARK,Linwood Park,Columbus,FRA,N,Public,0.08728552,Linwood Park,,7/1/2025 16:11,Columbus,,,9d75827b-3db6-478d-91e9-c31ee209578d,7/1/2025 16:11,3802.157104,246.7374542
22125,PARK,Linworth Park,Worthington,FRA,C,Public,12.55186633,Linworth Park,357,7/1/2025 16:11,, ,Linworth Park,4029699f-b709-4ab9-b7f4-f130d09a02a5,7/1/2025 16:11,546759.2976,4259.766208
24161,PARK,Lions Club Ball Park,West Liberty ,LOG,C,Public,38.51046995,Lions Club Ball Park,,7/1/2025 16:11,Logan County Parcels,,Lions Club Ball Park,4c1dadd0-43ae-4825-bbda-9f74297926ce,7/1/2025 16:11,1677516.071,6750.209363
25209,PARK,Lions Park,Township,LOG,C,Public,6.49539075,Lions Park,,7/1/2025 16:11,Google Maps,,Lions Park,53e0716a-3d4c-47c5-bc2c-c2160c873b31,7/1/2025 16:11,282939.2214,2586.782932
25210,PARK,Lions Park,Township,LOG,C,Public,0.2879438,Lions Park,,7/1/2025 16:11,Google Maps,,,a940ca24-5d5e-4d2c-a517-14f442ee20ee,7/1/2025 16:11,12542.83179,454.665771
25211,PARK,Lions Park,Township,LOG,C,Public,0.40404378,Lions Park,,7/1/2025 16:11,Google Maps,,,e8cf3bde-3b98-4452-8084-1e059d39422c,7/1/2025 16:11,17600.14709,532.5781204
25212,PARK,Lions Park,Township,LOG,C,Public,0.40479258,Lions Park,,7/1/2025 16:11,Google Maps,,,0d85b3d2-fc3b-4ac1-b897-0cc5a4c0bc1e,7/1/2025 16:11,17632.76477,711.870311
25213,PARK,Lions Park,Township,LOG,C,Public,0.78296741,Lions Park,,7/1/2025 16:11,Google Maps,,,4c00789c-146f-44cf-be30-2ca72a389013,7/1/2025 16:11,34106.0603,737.0480661
25214,PARK,Lions Park,Township,LOG,C,Public,0.19329344,Lions Park,,7/1/2025 16:11,Google Maps,,,490332fd-5cf7-4483-96ae-6c48fe9f126b,7/1/2025 16:11,8419.862061,435.5671582
25215,PARK,Lions Park,Township,LOG,C,Public,1.88209423,Lions Park,,7/1/2025 16:11,Google Maps,,,b6fe7b16-093f-4f60-8dec-287d6a5030d6,7/1/2025 16:11,81984.02466,1247.014068
25216,PARK,Lions Park,Township,LOG,C,Public,0.37785299,Lions Park,,7/1/2025 16:11,Google Maps,,,da3b1ebd-e3d6-4870-bf1b-e2b1d1cec1fd,7/1/2025 16:11,16459.27625,588.8145993
22819,CEMETERY,Lithopolis,Township,FAI,CEM,Public,21.51285129,Lithopolis,,7/1/2025 16:11,Fairfield County,,Lithopolis,6c790a60-aafa-47a4-adde-95b7c1becf44,7/1/2025 16:11,937099.8025,4732.827957
23687,PARK,Little Darby,Township,MAD,STATE,Public,221.3079975,Little Darby State Park,,7/1/2025 16:11,ODNR,Little Darby,Little Darby State Park,d9a6a48f-2499-41c1-b907-5d96a4412d0f,7/1/2025 16:11,9640176.371,19467.68953
24389,PARK,Little Darby Creek Preserve,Township,MAD,PR,Public,213.3952414,Little Darby Creek Preserve,,7/1/2025 16:11,ODNR,Little Darby Creek Preserve,Little Darby Creek Preserve,c94f32a8-c667-4d4f-9187-77dcfdd9e598,7/1/2025 16:11,9295496.714,15816.83024
24390,PARK,Little Darby Creek Preserve,Township,MAD,PR,Public,206.3737889,Little Darby Creek Preserve,,7/1/2025 16:11,ODNR,Little Darby Creek Preserve,Little Darby Creek Preserve,0a78395e-6c02-4875-9cb5-54999b7f8859,7/1/2025 16:11,8989642.245,21907.34748
23160,PARK,Little Darby Scenic River,Township,MAD,PR,Public,80.33681324,Little Darby Scenic River,,7/1/2025 16:11,ODNR,,Little Darby Scenic River,95139d69-deda-4822-b52d-88dd4f2995cf,7/1/2025 16:11,3499471.585,9899.917095
23161,PARK,Little Darby Scenic River - Mcdonald,Township,MAD,PR,Public,7.96876616,Little Darby Scenic River - McDonald,,7/1/2025 16:11,ODNR,,Little Darby Scenic River - McDonald,7483970a-160e-4b55-9f92-e31f0fc8cfd9,7/1/2025 16:11,347119.454,2621.117474
23159,PARK,Little Darby Scenic River - Minnich,Township,MAD,PR,Public,120.2869823,Little Darby Scenic River - Minnich,,7/1/2025 16:11,ODNR,Little Darby Scenic River,Little Darby Scenic River - Minnich,4197a58f-a817-4e43-806a-c059a6a7b52a,7/1/2025 16:11,5239700.95,10308.5153
25591,CEMETERY,Little Mound Cemetery,Township,ROS,CEM,Public,3.0662351,Little Mound Cemetery,,7/1/2025 16:11,Google Maps,,,e16c46dd-2d2a-43d5-af2a-2aa8cbf976c8,7/1/2025 16:11,133565.2012,1689.478091
25592,CEMETERY,Little Mound Cemetery,Township,ROS,CEM,Public,0.73257081,Little Mound Cemetery,,7/1/2025 16:11,Google Maps,,,5bceeac5-a5a8-4f52-9a82-468e65077215,7/1/2025 16:11,31910.78448,733.8983066
25593,CEMETERY,Little Mound Cemetery,Township,ROS,CEM,Public,2.27357373,Little Mound Cemetery,,7/1/2025 16:11,Google Maps,,,25b48619-eb7c-43a5-9e3d-40362ed132fb,7/1/2025 16:11,99036.87146,1621.901133
25594,CEMETERY,Little Mound Cemetery,Township,ROS,CEM,Public,0.54127743,Little Mound Cemetery,,7/1/2025 16:11,Google Maps,,,811d336b-2205-4b56-9032-5dcb7f24939c,7/1/2025 16:11,23578.04468,1143.015186
25595,CEMETERY,Little Mound Cemetery,Township,ROS,CEM,Public,0.42439362,Little Mound Cemetery,,7/1/2025 16:11,Google Maps,,,6879abfb-584c-4cbb-9328-a295b469336d,7/1/2025 16:11,18486.58582,858.5857899
23095,CEMETERY,Little Pennsylvania - (Biggert),Township,FRA,CEM,Public,1.04165197,Little Pennsylvania,,7/1/2025 16:11,Metro Parks,,,1777a92c-0ee4-4e13-8ed0-1d2f44484d96,7/1/2025 16:11,45374.35999,990.4097486
22536,GOLF,Little Turtle Country Club,Columbus,FRA,GOLF,Public,168.5435959,Little Turtle Country Club,358,7/1/2025 16:11,,,Little Turtle Country Club,37398609-0458-4f17-a6d7-58e4608303cb,7/1/2025 16:11,7341759.039,52425.30022
22193,PARK,Livingston House,Reynoldsburg,FRA,N,Public,3.3030645,Livingston House,359,7/1/2025 16:11,, ,,142d36e4-23c2-4a47-8461-b5b4a45eacf2,7/1/2025 16:11,143881.4895,1677.876426
22045,PARK,Livingston Park,Columbus,FRA,C,Public,8.21365581,Livingston Park,360,7/1/2025 16:11,Columbus, ,Livingston Park,e9d10b5f-d297-48b1-af17-71c6bd3dec34,7/1/2025 16:11,357786.8469,2526.323233
23432,PARK,Livingston/1-70 Parkland,Columbus,FRA,C,Public,23.24043811,Livingston/1-70 Parkland,,7/1/2025 16:11,Columbus,,Livingston/1-70 Parkland,a146eae5-a00f-482c-89be-5ee0cac19eb5,7/1/2025 16:11,1012353.484,5646.575676
22194,PARK,Livmoor Park,Columbus,FRA,N,Public,0.87929529,Livmoor Park,361,7/1/2025 16:11,Columbus, ,,41b65af3-902c-46bc-b735-5145cd955709,7/1/2025 16:11,38302.10327,879.8146165
22126,PARK,Llewellyn Farm Park,Dublin,FRA,N,Public,8.4097579,Llewellyn Farm Park,362,7/1/2025 16:11,Dublin, ,Llewellyn Farm Park,2bdd5876-1b0e-4b9d-b4a1-41384e972926,7/1/2025 16:11,366329.0542,2617.724003
22680,PARK,Llewellyn Farms South,Dublin,FRA,N,Public,5.44787433,Llewellyn Farms South,363,7/1/2025 16:11,Dublin,,Llewellyn Farms South,b9ea86bb-7665-4b1c-982d-6690a3dc448a,7/1/2025 16:11,237309.4063,3920.696514
25487,CEMETERY,Lloyd Cemetery,Township,FAY,CEM,Private,0.52091677,Lloyd Cemetery,,7/1/2025 16:11,Google Maps,,,d0b000c2-6c2d-4af4-bfe1-fa3b06a95ddd,7/1/2025 16:11,22691.13446,616.9303536
24459,PARK,Lobdell,Township,LIC,PR,Public,208.2927072,Lobdell,,7/1/2025 16:11,,Lobdell,Lobdell,e0203967-6a59-4e84-8d9f-fb4b1a87c255,7/1/2025 16:11,9073230.325,13441.82708
24460,PARK,Lobdell,Township,LIC,PR,Public,6.78155159,Lobdell,,7/1/2025 16:11,,,Lobdell,3b732e2e-7643-4271-af88-27fdbda7a833,7/1/2025 16:11,295404.3872,2538.305266
24461,PARK,Lobdell,Township,LIC,PR,Public,20.59186613,Lobdell,,7/1/2025 16:11,,,Lobdell,08306fc6-8974-44ee-a65a-95a3b248ce09,7/1/2025 16:11,896981.6884,3828.532853
23970,CEMETERY,Lock Cemetery,Township,LIC,CEM,Public,0.5469227,Lock Cemetery,,7/1/2025 16:11,Licking Co Parcels,,,47f7be69-7a45-401d-b7a2-3bd25e873bfa,7/1/2025 16:11,23823.953,656.3624818
22504,PARK,Lock Meadows,Lockbourne,FRA,C,Public,8.1379726,Lock Meadows,365,7/1/2025 16:11,, ,Lock Meadows,7217d766-179e-459d-bb52-1658522008a2,7/1/2025 16:11,354490.0861,3148.350602
22744,CEMETERY,Lockbourne,Lockbourne,FRA,CEM,Public,0.62930883,Lockbourne,,7/1/2025 16:11,,,,8fd497fc-cfb1-465c-8dde-732ef6ab1da8,7/1/2025 16:11,27412.69287,663.4656106
23419,PARK,Lockbourne Clean Ohio,Columbus,FRA,CON,Public,44.47396814,Lockbourne Clean Ohio,435,7/1/2025 16:11,Columbus,,Lockbourne Clean Ohio,afde9389-6e7a-4b2c-a84b-580b0c58ef37,7/1/2025 16:11,1937286.052,10969.48883
23241,PARK,Lockville Park,Township,FAI,N,Public,7.88556309,Lockville Park,,7/1/2025 16:11,Fairfield County,,Lockville Park,3a4563d5-ae7c-487d-b4ba-7ae151fc47a3,7/1/2025 16:11,343495.1279,5068.517227
23562,PARK,Locust Curve Park,Delaware City,DEL,C,Public,8.22909074,Locust Curve Park,,7/1/2025 16:11,Delaware City,,Locust Curve Park,2b755fed-6bc2-4e6c-a41d-0f0e63bf15f2,7/1/2025 16:11,358459.1918,5875.22618
23948,PARK,Logan Elm St Park,Township,PIC,N,Public,4.51376809,Logan Elm St Park,,7/1/2025 16:11,,,,710afaa3-46e3-4290-a1bc-c769877597f4,7/1/2025 16:11,196619.7379,2263.191087
24126,PARK,Logan State Park,Logan,HOC,STATE,Public,226.1452858,Logan State Park,,7/1/2025 16:11,,Logan State Park,Logan State Park,736c62f3-f662-4958-8838-efb471dbde0a,7/1/2025 16:11,9850888.648,23709.57029
23949,PARK,Logan Street Park,Township,PIC,REC,Public,4.78398741,Logan Street Park,,7/1/2025 16:11,parcels,,,d5c75aea-d4a1-437f-aa7b-a5a02f3720a7,7/1/2025 16:11,208390.4918,1865.73051
23950,PARK,Logan Street Park,Township,PIC,REC,Public,3.16239505,Logan Street Park,,7/1/2025 16:11,parcels,,,855b8696-b313-40f7-bc9d-81bde2927bb9,7/1/2025 16:11,137753.9283,1657.787915
25120,CEMETERY,Logansville Cemetery,Township,LOG,CEM,Public,0.54077238,Logansville Cemetery,,7/1/2025 16:11,Google Maps,,,e6d963a3-aa65-460a-8f04-6ab14509ccba,7/1/2025 16:11,23556.04492,624.4919991
21998,PARK,Lombard Open Space,Dublin,FRA,NOS,Private,0.73688241,Lombard Open Space,450,7/1/2025 16:11,Dublin,,,be23dfc4-07a5-4f68-be65-269af883c115,7/1/2025 16:11,32098.5979,736.5536348
22310,GOLF,London Country Club,Township,MAD,GOLF,Public,90.20973395,London Country Club,596,7/1/2025 16:11,,, ,02af0754-8600-45f2-9278-6f28619b612a,7/1/2025 16:11,3929536.011,12994.77659
24219,PARK,London Groveport Parkland,Columbus,FRA,CON,Public,15.21728153,London Groveport Parkland,,7/1/2025 16:11,Columbus,,London Groveport Parkland,024c96ba-a4d4-4686-a0b4-eed0e3458e09,7/1/2025 16:11,662864.7834,3508.170572
23126,PARK,London State Fish Hatchery,Township,MAD,W,Public,84.73057045,London State Fish Hatchery,,7/1/2025 16:11,ODNR,London State Fish Hatchery,London State Fish Hatchery,3ab12ac2-6756-486b-ae48-2b4ce247dc0f,7/1/2025 16:11,3690863.649,11801.28712
25598,CEMETERY,Londonderry Cemetery,Township,ROS,CEM,Public,2.9058688,Londonderry Cemetery,,7/1/2025 16:11,Google Maps,,,974a191a-1f0b-4713-a163-d9af517c9802,7/1/2025 16:11,126579.6448,2065.305296
25599,CEMETERY,Londonderry Cemetery,Township,ROS,CEM,Public,6.26838027,Londonderry Cemetery,,7/1/2025 16:11,Google Maps,,,e580de0f-aea6-4b86-98b7-11da322453a7,7/1/2025 16:11,273050.6447,2181.15441
25600,CEMETERY,Londonderry Cemetery,Township,ROS,CEM,Public,3.25690394,Londonderry Cemetery,,7/1/2025 16:11,Google Maps,,,a504ad20-688f-475a-b843-43bfb68f5996,7/1/2025 16:11,141870.7356,1506.944545
25601,CEMETERY,Londonderry Cemetery,Township,ROS,CEM,Public,1.39643599,Londonderry Cemetery,,7/1/2025 16:11,Google Maps,,,3123ddb8-6412-4580-8d2e-f614edef2237,7/1/2025 16:11,60828.75189,1201.496738
25602,CEMETERY,Londonderry Cemetery,Township,ROS,CEM,Public,1.09857182,Londonderry Cemetery,,7/1/2025 16:11,Google Maps,,,6a7388b8-71a1-4458-bc93-54955f9db2f2,7/1/2025 16:11,47853.78839,938.0392485
23266,PARK,Long Rd Wetland Connector,Columbus,FRA,M,Public,0.43709704,Long Rd Wetland Connector,,7/1/2025 16:11,Columbus,,,4f61accd-ca2a-4678-a2bb-ba7a460ce2b6,7/1/2025 16:11,19039.94727,863.3675208
21995,GREEN SPACE,Longbranch Drive Open Space,Dublin,FRA,NOS,Private,0.47719003,,496,7/1/2025 16:11,,,,621ca811-8f17-4849-9dfd-4d3ae8463af0,7/1/2025 16:11,20786.39758,594.1792622
22407,GOLF,Longerberger Golf Course,Township,LIC,GOLF,Public,792.2390903,Longerberger Golf Course,368,7/1/2025 16:11,,,Longerberger Golf Course,af225884-2480-4ab3-a51c-399fe06d51da,7/1/2025 16:11,34509934.77,31070.84885
23203,PARK,Longwood Wetland Park,Columbus,FRA,CON,Public,15.80619913,Longwood Wetland Park,,7/1/2025 16:11,Columbus,,Longwood Wetland Park,e3ad6e7e-b46c-48b7-8640-aa68ad9b9425,7/1/2025 16:11,688518.0339,3689.580817
23274,PARK,Longwood Wetland Park,Columbus,FRA,M,Public,0.3474788,Longwood Wetland Park,,7/1/2025 16:11,Metro Parks,,,f7689a98-976d-4a45-997e-d4f53388d892,7/1/2025 16:11,15136.17578,1212.527903
25891,CEMETERY,Looker-James-Rice Cemetery,Township,FAI,CEM,Public,3.97079961,Looker-James-Rice Cemetery,,7/1/2025 16:11,Google Maps,,,8c1a4968-961c-4dac-ad90-a135b4c0383b,7/1/2025 16:11,172968.0313,2180.836125
25858,PARK,Love's Dog Park,Township,PIC,C,Public,0.23717026,Love's Dog Park,,7/1/2025 16:11,Google Maps,,,53a28f8c-d744-413c-b69e-0d5cadccb23f,7/1/2025 16:11,10331.13647,394.9908029
23661,PARK,Lowell Trace Open Space,Dublin,FRA,NOS,Public,3.10366926,Lowell Trace Open Space,,7/1/2025 16:11,Dublin,,,67339bc1-6af4-4ca9-bdf8-a65fc231df58,7/1/2025 16:11,135195.8324,3415.981319
23539,PARK,Lower Scioto Park,Columbus,FRA,M,Public,7.19298899,Lower Scioto Park,,7/1/2025 16:11,Columbus,Lower Scioto Park,Lower Scioto Park,382f162d-7630-4874-9412-fb6ea8fd68b8,7/1/2025 16:11,313326.601,3187.592127
25762,PARK,Ludowici Community Foundation Park,Township,PER,C,Public,29.33446349,Ludowici Community Foundation Park,,7/1/2025 16:11,Google Maps,,Ludowici Community Foundation Park,cb95bfe4-d358-4b71-9cfe-5cef644731b8,7/1/2025 16:11,1277809.23,5269.431254
24012,CEMETERY,Luray Cemetery,Township,LIC,CEM,Public,1.38444794,Luray Cemetery,,7/1/2025 16:11,Licking Co Parcels,,,f332b96e-8f5a-4020-8094-3b3ef6c4bc76,7/1/2025 16:11,60306.552,1159.482432
24137,CEMETERY,Lutheran Cemetery,Somerset,PER,CEM,Public,0.98326686,Lutheran Cemetery,,7/1/2025 16:11,orthos/ google maps,,,22ca84cf-ed38-44d8-bba2-0b364c687485,7/1/2025 16:11,42831.10413,837.961815
25873,CEMETERY,Lutheran Cemetery,Township,PIC,CEM,Public,0.64222512,Lutheran Cemetery,,7/1/2025 16:11,Google Maps,,,5006eb89-884a-467b-84ce-fa7e227dce12,7/1/2025 16:11,27975.32629,994.5679265
25874,CEMETERY,Lutheran Cemetery,Township,PIC,CEM,Public,0.30908526,Lutheran Cemetery,,7/1/2025 16:11,Google Maps,,,692d00b9-8082-435a-ae0d-d01322180cbd,7/1/2025 16:11,13463.75366,475.9778704
23978,CEMETERY,Lutheran Cemetery ,Township,LIC,CEM,Public,2.5242579,Lutheran Cemetery,,7/1/2025 16:11,Licking Co Parcels,,,4775ea98-4af6-43b8-a3b3-da5fa187d6ef,7/1/2025 16:11,109956.6741,1328.467165
25716,CEMETERY,Lutheran Reformed Cemetery,Thornville ,PER,CEM,Public,10.24343872,Lutheran Reformed Cemetery,,7/1/2025 16:11,Google Maps,,,7ed8200c-7ef9-43b2-9ee0-822deac4d5ac,7/1/2025 16:11,446204.1903,3101.504471
25523,CEMETERY,Lutz Cemetery,Township,ROS,CEM,Private,0.12151457,Lutz Cemetery,,7/1/2025 16:11,Google Maps,,,a660c98a-2b04-496e-b6fc-9817ff9ef161,7/1/2025 16:11,5293.174805,266.7788935
23249,CEMETERY,M. Wilcox Gravestone,Dublin,FRA,CEM,Public,0.00200971,M. Wilcox Gravestone,,7/1/2025 16:11,Dublin,,,b5930a2f-19c7-4734-82f0-f1fdf77174a7,7/1/2025 16:11,87.54296875,37.48279734
23183,PARK,Macivor Woods,Marysville,UNI,C,Public,56.16334886,MacIvor Woods,,7/1/2025 16:11,Union County,,MacIvor Woods,39805776-11cf-4a56-aefd-4a78ede44595,7/1/2025 16:11,2446475.476,7268.348786
23206,PARK,Mackenbach Parkland,Columbus,FRA,NOS,Public,17.43136743,Mackenbach Parkland,,7/1/2025 16:11,Columbus,,,bbc4a997-d1bd-4039-a85d-dde99f8d8463,7/1/2025 16:11,759310.3652,5495.440604
23129,PARK,Mackey Ford Wa,Township,PIC,W,Public,197.8895921,Mackey Ford Wildlife Area,,7/1/2025 16:11,ODNR,Mackey Ford Wildlife Area,Mackey Ford Wildlife Area,de079e0a-6579-4cb6-94b5-4d97b3e570ef,7/1/2025 16:11,8620070.632,22079.8538
25246,CEMETERY,Macochee Cemetery,Township,LOG,CEM,Public,1.25350536,Macochee Cemetery,,7/1/2025 16:11,Google Maps,,,167df412-1053-485d-aa5f-bc4cd7513d35,7/1/2025 16:11,54602.69336,976.4548186
25247,CEMETERY,Macochee Cemetery,Township,LOG,CEM,Public,0.26348589,Macochee Cemetery,,7/1/2025 16:11,Google Maps,,,3922da39-6bc4-4ff6-9c30-021374c69de8,7/1/2025 16:11,11477.44556,465.2292879
23686,PARK,Madison Lake State Park,Township,MAD,STATE,Public,178.5186923,Madison Lake State Park,,7/1/2025 16:11,ODNR,Madison Lake State Park,Madison Lake State Park,10f5ef5e-ac53-4e28-b3f8-d4d003113d2b,7/1/2025 16:11,7776274.236,19013.79066
25006,PARK,Madison Lake State Park,Township,MAD,STATE,Public,0.16292259,Madison Lake State Park,,7/1/2025 16:11,MORPC Standardized ELU 2021,,,37e84c16-1e94-4559-8110-d59feb748484,7/1/2025 16:11,7096.908081,384.9487954
25007,PARK,Madison Lake State Park,Township,MAD,STATE,Public,0.12380709,Madison Lake State Park,,7/1/2025 16:11,MORPC Standardized ELU 2021,,,f60c2de2-8d81-4ae0-8d48-dc819a4ae512,7/1/2025 16:11,5393.036743,315.6073032
25008,PARK,Madison Lake State Park,Township,MAD,STATE,Public,6.46608218,Madison Lake State Park,,7/1/2025 16:11,MORPC Standardized ELU 2021,,Madison Lake State Park,9ffaf2f3-02d6-409a-bebb-651714d486bb,7/1/2025 16:11,281662.5394,2180.952024
25009,PARK,Madison Lake State Park,Township,MAD,STATE,Public,0.1721559,Madison Lake State Park,,7/1/2025 16:11,MORPC Standardized ELU 2021,,,673e941d-48a2-44af-a678-7a118829af79,7/1/2025 16:11,7499.11084,399.9867973
25010,PARK,Madison Lake State Park,Township,MAD,STATE,Public,0.06212795,Madison Lake State Park,,7/1/2025 16:11,MORPC Standardized ELU 2021,,,b388d8ed-2fea-42ea-be61-2321f1b5c3e6,7/1/2025 16:11,2706.293457,277.5088135
25011,PARK,Madison Lake State Park,Township,MAD,STATE,Public,0.15710944,Madison Lake State Park,,7/1/2025 16:11,MORPC Standardized ELU 2021,,,2a55e4b1-9956-4439-989c-b0905596a079,7/1/2025 16:11,6843.68689,337.9756543
25012,PARK,Madison Lake State Park,Township,MAD,STATE,Public,0.18617105,Madison Lake State Park,,7/1/2025 16:11,MORPC Standardized ELU 2021,,,08b2a3d3-1046-4768-b88c-0de6fd14ada6,7/1/2025 16:11,8109.610962,361.6914807
25013,PARK,Madison Lake State Park,Township,MAD,STATE,Public,0.11687172,Madison Lake State Park,,7/1/2025 16:11,MORPC Standardized ELU 2021,,,7452770d-ffec-4c06-bd7f-fad51736bc0e,7/1/2025 16:11,5090.931885,301.7816425
25014,PARK,Madison Lake State Park,Township,MAD,STATE,Public,3.84112026,Madison Lake State Park,,7/1/2025 16:11,MORPC Standardized ELU 2021,,,81b40283-1861-4645-b8e3-2acdb5678072,7/1/2025 16:11,167319.1982,1808.522729
25015,PARK,Madison Lake State Park,Township,MAD,STATE,Public,0.92639525,Madison Lake State Park,,7/1/2025 16:11,MORPC Standardized ELU 2021,,,40699aca-40c3-45e0-ab6c-7df8a8fa0ab9,7/1/2025 16:11,40353.77722,807.5914468
25016,PARK,Madison Lake State Park,Township,MAD,STATE,Public,14.33689352,Madison Lake State Park,,7/1/2025 16:11,MORPC Standardized ELU 2021,,Madison Lake State Park,23c6f185-25f5-41a5-872c-814be9882050,7/1/2025 16:11,624515.0815,3684.424977
25485,CEMETERY,Madison Mills Cemetery,Township,FAY,CEM,Public,4.49967615,Madison Mills Cemetery,,7/1/2025 16:11,Google Maps,,,e8e5d939-9630-4fbc-9e5e-9b668147aee1,7/1/2025 16:11,196005.8932,1802.822674
24132,RECREATION,Madison Park,New Lexington,PER,REC,Public,0.27250854,Madison Park,,7/1/2025 16:11,,,,a7b4900d-0950-4ef9-a2ec-6a28dc75d7e1,7/1/2025 16:11,11870.47192,439.5220284
22117,PARK,Madison Township Fire Station,Canal Winchester,FRA,N,Public,3.136776,Madison Township Fire Station,517,7/1/2025 16:11,, ,,eb7ed59c-b086-4618-9a78-ed896b952555,7/1/2025 16:11,136637.9628,1670.847621
23565,PARK,Maebelle Way Open Space,Westerville,DEL,N,Public,0.20623083,Maebelle Way Open Space,,7/1/2025 16:11,Westerville,,,2e502043-4f7a-4c77-9516-1aad5da9376f,7/1/2025 16:11,8983.415161,943.311074
23566,PARK,Maebelle Way Open Space,Westerville,FRA,N,Public,2.30117049,Maebelle Way Open Space,,7/1/2025 16:11,Westerville,,,5f6b00fa-1291-4dff-bc8f-fd040941b3e6,7/1/2025 16:11,100238.9867,2246.72569
23567,PARK,Maebelle Way Open Space,Westerville,FRA,N,Public,2.82386392,Maebelle Way Open Space,,7/1/2025 16:11,Westerville,,,eb403ec1-835a-4b9a-8dce-8807fd1633a9,7/1/2025 16:11,123007.512,1993.817891
22396,RECREATION,Magnetic Springs Park,Township,UNI,REC,Public,9.71347063,Magnetic Springs Baseball & Softball Park,373,7/1/2025 16:11,Union County, ,Magnetic Springs Baseball & Softball Park,2f21964e-bdbc-416c-b02f-f79c8d9f8c75,7/1/2025 16:11,423118.7813,2671.996495
22397,PARK,Magnetic Springs Town Park,Magnetic Springs,UNI,N,Public,0.33006872,Magnetic Springs Town Park,602,7/1/2025 16:11,Union County, ,,b53490c0-5e38-4c22-ac5e-84b2f48a7ac1,7/1/2025 16:11,14377.79346,503.4809184
22628,PARK,Maher Park,Lancaster,FAI,C,Public,11.7170659,Maher Park,374,7/1/2025 16:11,Fairfield County,,Maher Park,30199869-c240-4c1a-a6f4-b1acd32dfa8d,7/1/2025 16:11,510395.3899,3006.435759
25846,PARK,Main Park,Township,PIC,N,Public,15.71050464,Main Park,,7/1/2025 16:11,Google Maps,,Main Park,d7a0822b-731f-44fe-8b53-e10c297903b4,7/1/2025 16:11,684349.5818,3224.305083
24722,GREEN SPACE,MAINTENANCE & WAREHOUSE OPERATIONS,Columbus,FRA,SPU,Public,8.60142148,,,7/1/2025 16:11,Columbus Park Boundaries,,,1fe0876b-c615-4286-bf1f-f400be045206,7/1/2025 16:11,374677.9194,3253.093093
23440,PARK,Majestic Paint Parkland,Columbus,FRA,N,Public,4.72906268,Majestic Paint Parkland,,7/1/2025 16:11,Columbus,,,28b678e3-2889-40f8-80e8-fb9b874dc63d,7/1/2025 16:11,205997.9702,6281.363409
22425,PARK,Makris Park,Columbus,FRA,N,Public,0.14004365,Makris Park,376,7/1/2025 16:11,Columbus, ,,d21486c6-5cef-4547-b5b4-d69be6e3193b,7/1/2025 16:11,6100.301392,366.2261636
22349,PARK,Mallard Pond Open Space,Township,FAI,N,Public,17.79378603,Mallard Pond Open Space,267,7/1/2025 16:11,Fairfield County, ,Mallard Pond Open Space,16ff4df8-ae85-499d-a3a0-6b8bc064d944,7/1/2025 16:11,775097.321,8690.803908
25039,PARK,Mallard Pond Open Space,Township,FAI,N,Public,0.2879998,Mallard Pond Open Space,,7/1/2025 16:11,MORPC Standardized ELU 2021,,,56ad467f-6058-4267-8716-983b8fd1d825,7/1/2025 16:11,12545.27124,632.7902832
25521,CEMETERY,Mallow Cemetery,Township,ROS,CEM,Private,0.11739229,Mallow Cemetery,,7/1/2025 16:11,Google Maps,,,60f7e825-5b6b-4d6a-b22f-9961e49035e2,7/1/2025 16:11,5113.608032,298.3060733
25447,CEMETERY,Mallow-Perrill Cemetery,Township,FAY,CEM,Public,2.8212369,Mallow-Perrill Cemetery,,7/1/2025 16:11,Google Maps,,,44f0ab1c-ed33-4372-9668-076d398dae11,7/1/2025 16:11,122893.0792,1454.070365
22521,PARK,Mallway Park,Upper Arlington,FRA,N,Public,0.74974521,Mallway Park,377,7/1/2025 16:11,, ,,dd5a544d-5a5c-4364-a8ac-2df50355538b,7/1/2025 16:11,32658.90112,776.9465638
22021,PARK,Maloney Park,Columbus,FRA,C,Public,24.42257038,Maloney Park,378,7/1/2025 16:11,Columbus,Maloney Park,Maloney Park,51f5b374-2a1e-40b9-afe6-b4e232e51623,7/1/2025 16:11,1063847.166,4662.749189
22714,PARK,Mambourg Lodge,Township,FAI,P,Private,112.0704809,Mambourg Lodge,,7/1/2025 16:11,Fairfield County,,Mambourg Lodge,7063bd19-a571-4a49-8488-00b0cb22eff7,7/1/2025 16:11,4881790.147,9875.851496
22275,PARK,Mambourg Park,Township,FAI,C,Public,24.4650216,Mambourg Park,525,7/1/2025 16:11,Fairfield County, ,Mambourg Park,89ce2ee9-6aa7-4d71-8f70-1bd6962d1b0d,7/1/2025 16:11,1065696.341,4505.036921
22276,PARK,Mambourg Park,Township,FAI,C,Public,7.41282685,Mambourg Park,526,7/1/2025 16:11,Fairfield County, ,Mambourg Park,72c1378c-3d59-41fd-b287-9a4111acc5c2,7/1/2025 16:11,322902.7375,2443.193064
24359,PARK,Maple Canyon Park,Township,FRA,N,Public,2.1621993,Maple Canyon Park,,7/1/2025 16:11,FCA,,,b23e9660-0b4d-4af4-909f-1fe9a1966aa2,7/1/2025 16:11,94185.40147,2163.107516
22924,CEMETERY,Maple Dell Cemetery,Township,UNI,CEM,Public,16.25586229,Maple Dell Cemetery,,7/1/2025 16:11,Union County,,,f3650842-1bac-47ac-b1f9-9efbde39efba,7/1/2025 16:11,708105.3617,4501.492331
22926,CEMETERY,Maple Dell Cemetery,Township,UNI,CEM,Public,1.50261183,Maple Dell Cemetery,,7/1/2025 16:11,Union County,,,8de6dfa7-77f6-4c23-84e4-6a0c4bf90d45,7/1/2025 16:11,65453.77124,1012.241705
22998,CEMETERY,Maple Grove,Township,DEL,CEM,Public,3.05051817,Maple Grove,,7/1/2025 16:11,,,,92f7d328-fa88-4049-a6ff-1b6995f4ff38,7/1/2025 16:11,132880.5718,1484.69031
23053,CEMETERY,Maple Grove Cemetery,Granville,LIC,CEM,Public,29.84378906,Maple Grove Cemetery,,7/1/2025 16:11,,,,6a3aac8a-da10-4643-ab83-b7ee7cf75ea7,7/1/2025 16:11,1299995.452,5493.64651
23054,CEMETERY,Maple Grove Cemetery,Township,LIC,CEM,Public,8.38513006,Maple Grove Cemetery,,7/1/2025 16:11,,,,bd832b05-2ccd-47f4-b9cd-2b7a77450dc2,7/1/2025 16:11,365256.2655,2840.800898
22793,CEMETERY,Maple Grove Old Rome,Township,FAI,CEM,Public,4.90322455,Maple Grove Old Rome,,7/1/2025 16:11,Fairfield County,,,d60277ed-571b-4284-850b-24c9d5c66768,7/1/2025 16:11,213584.4614,1986.85771
25545,PARK,Maple Grove Prairie & Dog Play Area,Township,ROS,C,Public,117.903111,Maple Grove Prairie & Dog Play Area,,7/1/2025 16:11,Google Maps,,Maple Grove Prairie & Dog Play Area,2f40fd49-dab3-4b30-bfcc-338e9277b01e,7/1/2025 16:11,5135859.515,13499.63949
22893,CEMETERY,Maple Hill Cemetery,Township,FAI,CEM,Public,16.27192103,Maple Hill Cemetery,,7/1/2025 16:11,Fairfield County,,,b4114f7c-f989-458b-9d6b-3dc3d65bdc43,7/1/2025 16:11,708804.8802,3569.142926
23072,CEMETERY,Maplewood,New Albany,FRA,CEM,Public,13.29631092,Maplewood,,7/1/2025 16:11,,,Maplewood,a484496b-4b9b-4be7-a434-62d6758a5d00,7/1/2025 16:11,579187.3038,3058.355197
23405,CEMETERY,Marengo Cemetery,Township,MRW,CEM,Public,7.71701425,Marengo Cemetery,,7/1/2025 16:11,Morrow County Aerials 2006,,,c22969ee-76c1-4fc6-bc7b-b1687722618e,7/1/2025 16:11,336153.1406,2368.7963
23406,CEMETERY,Marengo Cemetery,Township,MRW,CEM,Public,4.2759196,Marengo Cemetery,,7/1/2025 16:11,Morrow County Aerials 2006,,,ed9a1574-22d6-49be-b085-b1ef59575407,7/1/2025 16:11,186259.0577,1822.298403
23407,PARK,Marengo Park,Marengo,MRW,N,Public,9.17954629,Marengo Park,,7/1/2025 16:11,Morrow County Aerials 2006,,Marengo Park,c297f1eb-43a6-4204-8a05-c0e909c6db20,7/1/2025 16:11,399861.0363,3284.643587
26423,PARK,MARGARET AGLER PARK COH,,FRA,C,,,,,7/1/2025 16:11,Columbus,,,9ea558c7-c053-44a3-b804-b9032e8b6cc0,7/1/2025 16:11,405014.0725,2640.431503
23584,PARK,Mariner'S Cove Wetlands,Westerville,DEL,C,Public,5.99822065,Mariner's Cove Wetlands,379,7/1/2025 16:11,Westerville, ,Mariner's Cove Wetlands,8801d27d-1209-46a5-a55e-ea24bf78c770,7/1/2025 16:11,261282.4912,2682.820418
23585,PARK,Mariner'S Cove Wetlands,Westerville,DEL,C,Public,3.14241939,Mariner's Cove Wetlands,379,7/1/2025 16:11,Westerville, ,Mariner's Cove Wetlands,9e8cc878-1bcc-4d87-9ac6-6ee655ef6f7a,7/1/2025 16:11,136883.7886,1556.195257
23383,CEMETERY,Marion Cemetery,Marion,MAR,CEM,Public,59.105414,Marion Cemetery,,7/1/2025 16:11,Marion parcels,,,7538d0ea-3268-43a9-8581-8912d03567cd,7/1/2025 16:11,2574631.834,6505.550139
23385,CEMETERY,"Marion Cemetery, South Addition",Marion,MAR,CEM,Public,32.98351718,"Marion Cemetery, South Addition",,7/1/2025 16:11,Marion parcels,,,1fffeaeb-d1c3-42bd-b6c1-724f4aacfc9d,7/1/2025 16:11,1436762.008,5539.208559
23380,GOLF,Marion Country Club,Township,MAR,GOLF,Public,127.118192,Marion Country Club,,7/1/2025 16:11,Marion parcels,,,b7307b21-4c78-4d63-bbd0-fc5026b4cad7,7/1/2025 16:11,5537268.442,16836.91404
23501,GREEN SPACE,Marion Open Space,Marion,MAR,PRES,Public,0.10802057,,,7/1/2025 16:11,Marion County,,,d73a1de0-e734-4e8f-ab31-2e809fc35cf8,7/1/2025 16:11,4705.376343,293.1716926
22055,PARK,Marion-Franklin Park & Com Ctr,Columbus,FRA,C,Public,23.89501799,Marion-Franklin Park,177,7/1/2025 16:11,Columbus,Marion-Franklin Park,Marion-Franklin Park,298e5a55-5d4b-4b09-80ca-470ee4ae2199,7/1/2025 16:11,1040866.984,4109.016521
25462,CEMETERY,Mark Cemetery ,Township,FAY,CEM,Public,0.30971364,Mark Cemetery,,7/1/2025 16:11,Google Maps,,,b44f41a5-33dc-46ba-8cb0-002873bd062a,7/1/2025 16:11,13491.12628,484.4913672
25291,CEMETERY,Markel-Kirts Cemetery,Township,MAR,CEM,Private,0.29847915,Markel-Kirts Cemetery,,7/1/2025 16:11,Google Maps,,,9565e52b-2bb2-4cf9-97f2-dc0be52d0894,7/1/2025 16:11,13001.75171,1026.887638
22966,CEMETERY,Marlboro Cemetery,Township,DEL,CEM,Public,1.4530205,Marlboro Cemetery,,7/1/2025 16:11,,,,106dce55-e72f-4816-9a3a-3f2fc319c098,7/1/2025 16:11,63293.57275,1283.187093
25253,CEMETERY,Marmon Valley Cemetery,Township,LOG,CEM,Public,0.51028053,Marmon Valley Cemetery,,7/1/2025 16:11,Google Maps,,,9838dbcc-280b-49d3-a3d9-94ab21bf6e98,7/1/2025 16:11,22227.82007,775.9892499
25254,CEMETERY,Marmon Valley Cemetery,Township,LOG,CEM,Public,0.33345715,Marmon Valley Cemetery,,7/1/2025 16:11,Google Maps,,,2db68ee2-0829-429a-9a2d-fb42d6c825e1,7/1/2025 16:11,14525.39343,608.7898373
23096,CEMETERY,Marsh,Grove City,FRA,CEM,Public,0.3216593,Marsh,,7/1/2025 16:11,,,,cb62f9ce-cfd1-46c8-8679-38d1bae341ff,7/1/2025 16:11,14011.47925,474.0388914
22622,PARK,Marten'S Park,Lancaster,FAI,C,Public,19.24320137,Marten's Park,381,7/1/2025 16:11,Fairfield County,,Marten's Park,6bf15e9e-597d-4eaa-bd5b-65371a554606,7/1/2025 16:11,838233.8513,4775.085046
24056,PARK,Martin Avenue Park,Columbus,FRA,N,Public,0.34042593,MArtin Avenue Park,,7/1/2025 16:11,Columbus,,,0057063b-cf4b-41fc-bffe-650b844d4411,7/1/2025 16:11,14828.95313,948.8607513
22582,PARK,Martin Commons Park,Dublin,FRA,N,Public,2.34058367,Martin Commons Park,382,7/1/2025 16:11,Dublin, ,,1263e564-db1a-4fe7-a43d-4506f132f370,7/1/2025 16:11,101955.8247,1302.830157
23481,PARK,Martin Luther King Jr Memorial Park,Marion,MAR,C,Public,0.18641966,Martin Luther King Jr Memorial Park,,7/1/2025 16:11,Marion County,,,94fd426f-b458-40ca-ba57-0b1c5301a16f,7/1/2025 16:11,8120.440796,461.4465446
23485,PARK,Martin Luther King Jr Memorial Park,Marion,MAR,C,Public,0.07678622,Martin Luther King Jr Memorial Park,,7/1/2025 16:11,Marion County,,,3b6d3df8-2f38-428c-99e6-8d370c14d59c,7/1/2025 16:11,3344.807617,269.2672041
23486,PARK,Martin Luther King Jr Memorial Park,Marion,MAR,C,Public,0.0768134,Martin Luther King Jr Memorial Park,,7/1/2025 16:11,Marion County,,,dffc56e8-c756-42fd-a66a-4e11e85755f4,7/1/2025 16:11,3345.991577,269.3659984
23487,PARK,Martin Luther King Jr Memorial Park,Marion,MAR,C,Public,0.07918982,Martin Luther King Jr Memorial Park,,7/1/2025 16:11,Marion County,,,c2c9986a-585b-44cf-a084-41b46ba228df,7/1/2025 16:11,3449.508545,271.4791436
23488,PARK,Martin Luther King Jr Memorial Park,Marion,MAR,C,Public,0.09768719,Martin Luther King Jr Memorial Park,,7/1/2025 16:11,Marion County,,,3f84bbdf-e800-4c15-bb23-f11e4e6f3b21,7/1/2025 16:11,4255.254028,283.424302
23489,PARK,Martin Luther King Jr Memorial Park,Marion,MAR,C,Public,0.0917524,Martin Luther King Jr Memorial Park,,7/1/2025 16:11,Marion County,,,4f472c31-9fed-437c-bdca-fcba443b9ca1,7/1/2025 16:11,3996.734741,277.5393626
23490,PARK,Martin Luther King Jr Memorial Park,Marion,MAR,C,Public,0.09126133,Martin Luther King Jr Memorial Park,,7/1/2025 16:11,Marion County,,,bb9669a9-bade-47ba-8609-538cba5d53f0,7/1/2025 16:11,3975.343628,276.4879508
23491,PARK,Martin Luther King Jr Memorial Park,Marion,MAR,C,Public,0.06441646,Martin Luther King Jr Memorial Park,,7/1/2025 16:11,Marion County,,,2d7f26f4-3cf0-4012-8a13-5fc2c66430e9,7/1/2025 16:11,2805.980957,251.1535399
23492,PARK,Martin Luther King Jr Memorial Park,Marion,MAR,C,Public,0.10625279,Martin Luther King Jr Memorial Park,,7/1/2025 16:11,Marion County,,,a81aa359-629f-4395-9306-05c82e809a14,7/1/2025 16:11,4628.371704,319.8317432
23493,PARK,Martin Luther King Jr Memorial Park,Marion,MAR,C,Public,0.13562235,Martin Luther King Jr Memorial Park,,7/1/2025 16:11,Marion County,,,c9ef2662-c60d-4da2-8cdc-16b152f7c67d,7/1/2025 16:11,5907.709595,382.571598
23494,PARK,Martin Luther King Jr Memorial Park,Marion,MAR,C,Public,0.09289415,Martin Luther King Jr Memorial Park,,7/1/2025 16:11,Marion County,,,3c59509b-5d15-4081-9679-97d802d8e728,7/1/2025 16:11,4046.468994,283.1309006
23495,PARK,Martin Luther King Jr Memorial Park,Marion,MAR,C,Public,0.09298146,Martin Luther King Jr Memorial Park,,7/1/2025 16:11,Marion County,,,28c94fe1-b134-46ab-8805-641fe0ff8186,7/1/2025 16:11,4050.272339,283.2152146
23496,PARK,Martin Luther King Jr Memorial Park,Marion,MAR,C,Public,0.09298861,Martin Luther King Jr Memorial Park,,7/1/2025 16:11,Marion County,,,0291cc32-e583-4cc7-9058-ca792689939f,7/1/2025 16:11,4050.583862,283.2349082
23497,PARK,Martin Luther King Jr Memorial Park,Marion,MAR,C,Public,0.09308261,Martin Luther King Jr Memorial Park,,7/1/2025 16:11,Marion County,,,79360b7f-baf8-4fee-b4a6-7ce19752e409,7/1/2025 16:11,4054.678589,283.4482813
23498,PARK,Martin Luther King Jr Memorial Park,Marion,MAR,C,Public,0.09326632,Martin Luther King Jr Memorial Park,,7/1/2025 16:11,Marion County,,,224420bb-d784-4a64-b189-5f6f43b6da1a,7/1/2025 16:11,4062.680664,283.8497444
23499,PARK,Martin Luther King Jr Memorial Park,Marion,MAR,C,Public,0.06413812,Martin Luther King Jr Memorial Park,,7/1/2025 16:11,Marion County,,,7a454b00-b25d-4bbf-839c-7460a29f8a55,7/1/2025 16:11,2793.856567,236.0468021
23500,PARK,Martin Luther King Jr Memorial Park,Marion,MAR,C,Public,0.0641387,Martin Luther King Jr Memorial Park,,7/1/2025 16:11,Marion County,,,bd7e7052-a949-49ce-bd8e-c39a9cf32921,7/1/2025 16:11,2793.881714,236.047789
21958,PARK,Martin Park,Columbus,FRA,N,Public,0.24207381,Martin Park,383,7/1/2025 16:11,Columbus, ,,ef73c65c-81ca-4231-bfd6-764e2260a8f4,7/1/2025 16:11,10544.73523,419.0942514
22373,PARK,Marvin Lane Park,Delaware City,DEL,N,Public,0.87005055,Marvin Lane Park,384,7/1/2025 16:11,Delaware City, ,,4d5b7d4d-1af6-4c65-be82-4e2b06343263,7/1/2025 16:11,37899.40173,766.6724859
22623,PARK,Mary Burnham Park,Lancaster,FAI,C,Public,14.55701016,Mary Burnham Park,385,7/1/2025 16:11,Fairfield County,,Mary Burnham Park,f8bff1b0-d9a1-44da-8942-b14272e36f3c,7/1/2025 16:11,634103.3625,3625.834624
25575,PARK,Mary Lou Patton Park,Chillicothe,ROS,C,Public,26.27582532,Mary Lou Patton Park,,7/1/2025 16:11,Google Maps,,Mary Lou Patton Park,f9dee49f-79c1-4091-a1c3-91e741045f29,7/1/2025 16:11,1144574.951,5542.276541
24115,PARK,Mary Rutan Park,Bellefontaine,LOG,C,Public,27.48931233,Mary Rutan Park,,7/1/2025 16:11,Logan County Parcels,,Mary Rutan Park,11f151ee-cf9e-4e46-9610-d925d1b41c9a,7/1/2025 16:11,1197434.445,7451.133642
23932,PARK,Mary Virginia Crites Hannan Park,Circleville,PIC,C,Public,71.75255493,Mary Virginia Crites Hannan Park,,7/1/2025 16:11,Pickaway parcels,,Mary Virginia Crites Hannan Park,28ba1fcb-a1d8-48ec-b6aa-9426b2a02992,7/1/2025 16:11,3125541.294,9859.004291
24735,GREEN SPACE,MARYLAND STREET ISLAND,Columbus,FRA,NOS,Public,0.06054648,,,7/1/2025 16:11,Columbus Park Boundaries,,,7caf90dc-2aab-4b42-8e03-f103b080f375,7/1/2025 16:11,2637.404785,338.2686985
22918,CEMETERY,Maskill Cemetery,Township,UNI,CEM,Public,2.97797686,Maskill Cemetery,,7/1/2025 16:11,Union County,,,a969345b-b5e2-4ae7-9bfc-ee0c796e53de,7/1/2025 16:11,129720.6719,2501.31194
24997,RECREATION,Mason Park,Mount Sterling,MAD,REC,Public,19.96205839,Mason Park,,7/1/2025 16:11,MORPC Standardized ELU 2021,,,d9638c7d-30b3-4ba6-819d-74e2b79feb38,7/1/2025 16:11,869547.2634,4024.391466
23592,PARK,Mason Run Clean Ohio Parkland,Columbus,FRA,CON,Public,20.29174042,Mason Run Clean Ohio Parkland,,7/1/2025 16:11,Columbus,,Mason Run Clean Ohio Parkland,5a4755de-c366-4b4f-b394-eb2fc3dd337c,7/1/2025 16:11,883908.2126,5697.693708
26414,PARK,Mason Run Park,Columbus,FRA,CON,,,Mason Run,,7/1/2025 16:11,Columbus,,,53b02e47-0457-4196-a6b3-d14c7850505f,7/1/2025 16:11,3425000.465,10067.45958
23829,GOLF,Mastodon Golf Club,Township,LIC,GOLF,Public,58.76624999,Mastodon Golf Club,,7/1/2025 16:11,orthos,,,fd59f6f9-92fc-412e-8644-310bbfe9cf64,7/1/2025 16:11,2559857.849,7335.126983
23830,GOLF,Mastodon Golf Club,Township,LIC,GOLF,Public,31.20569449,Mastodon Golf Club,,7/1/2025 16:11,orthos,,,8d401e80-f725-457f-875a-a567f1760f34,7/1/2025 16:11,1359320.052,5053.893541
24831,PARK,Maxwell Park ,Cardington,MRW,C,Public,0.2851555,Maxwell Park,,7/1/2025 16:11,MORPC Standardized ELU 2021,,,039dcd5f-afe4-42c9-b847-7a55db762263,7/1/2025 16:11,12421.37366,992.8085199
24832,PARK,Maxwell Park ,Cardington,MRW,C,Public,0.17708355,Maxwell Park,,7/1/2025 16:11,MORPC Standardized ELU 2021,,,4b011b93-0e1a-47a0-a2c0-381a315f515e,7/1/2025 16:11,7713.759277,700.2689053
24833,PARK,Maxwell Park ,Cardington,MRW,C,Public,1.41410689,Maxwell Park,,7/1/2025 16:11,MORPC Standardized ELU 2021,,,6df587b3-8fc2-4310-a64f-d36ac8cc3b49,7/1/2025 16:11,61598.49597,3555.686677
24834,PARK,Maxwell Park ,Cardington,MRW,C,Public,17.86331714,Maxwell Park,,7/1/2025 16:11,MORPC Standardized ELU 2021,,Maxwell Park,6dbd271a-bd55-4216-b7b8-68477a0639b6,7/1/2025 16:11,778126.0947,4056.230736
24835,PARK,Maxwell Park ,Cardington,MRW,C,Public,12.94083495,Maxwell Park,,7/1/2025 16:11,MORPC Standardized ELU 2021,,Maxwell Park,8df577a4-8e8e-49e5-8556-38fa60826709,7/1/2025 16:11,563702.7704,5374.6529
22054,PARK,Maybury Park,Columbus,FRA,N,Public,5.24192758,Maybury Park,387,7/1/2025 16:11,Columbus, ,Maybury Park,4aef717c-5dcb-4742-a57b-44921fed4833,7/1/2025 16:11,228338.3652,2373.138215
22043,PARK,Mayme Moore Park,Columbus,FRA,C,Public,3.25974131,Mayme Moore Park,388,7/1/2025 16:11,Columbus, ,Mayme Moore Park,c4540f3c-8749-42c8-827f-cae4b0590180,7/1/2025 16:11,152915.4794,2226.408516
22071,PARK,Maynard & Summit Park,Columbus,FRA,N,Public,0.32265422,Maynard & Summit Park,389,7/1/2025 16:11,Columbus, ,,0a61dba4-bfcd-42ba-8c41-1200817db71f,7/1/2025 16:11,14054.81775,479.0305792
25635,CEMETERY,McBroom Cemetery,Township,HOC,CEM,Public,0.71347933,McBroom Cemetery,,7/1/2025 16:11,Google Maps,,,b8668655-8d91-4671-8053-69951b45615b,7/1/2025 16:11,31079.15961,1170.939747
23905,PARK,Mccarthy Park,Mayrysville,UNI,N,Public,26.68129637,Mccarthy Park,,7/1/2025 16:11,Union County,,Mccarthy Park,0f74fd6a-fee8-4da3-b42f-f353a4376a8b,7/1/2025 16:11,1162237.27,10766.02405
23906,PARK,McCarthy Park,Marysville,UNI,N,Public,0.39319225,McCarthy Park,,7/1/2025 16:11,Union county,,,f9dc3280-08e8-4c1e-914a-ef64b9a1b948,7/1/2025 16:11,17127.45471,1642.918538
25793,CEMETERY,McCaslin Family Cemetery,Township,PER,CEM,Private,0.31047284,McCaslin Family Cemetery,,7/1/2025 16:11,Google Maps,,,a1925a3a-3810-40a3-931e-fa918958a24c,7/1/2025 16:11,13524.19666,469.487418
24432,PARK,McClellan Drive Open Space,New Albany,LIC,N,Public,11.60520068,McClellan Drive Open Space,,7/1/2025 16:11,Licking County,,McClellan Drive Open Space,53f00cc9-0f29-442a-8d32-c6752f073e4b,7/1/2025 16:11,505522.5419,3011.362745
25622,CEMETERY,McClelland Cemetery,Township,HOC,CEM,Public,0.9999374,McClelland Cemetery,,7/1/2025 16:11,Google Maps,,,bee3998d-521a-4038-8ad2-9c22d3e04888,7/1/2025 16:11,43557.27295,923.9995682
22390,PARK,Mccloud Park,Marysville,UNI,N,Public,0.34893711,McCloud Park,391,7/1/2025 16:11,Union County, ,,6d2fb3d2-bda5-4beb-bc0e-3d4682959585,7/1/2025 16:11,15199.70044,714.9767603
21916,PARK,Mccord Park,Worthington,FRA,C,Public,26.1919388,McCord Park,392,7/1/2025 16:11,FCA,McCord Park,McCord Park,c90147ec-d4a1-46aa-9242-fada4d9db0b4,7/1/2025 16:11,1140920.854,4843.246826
22604,PARK,Mccord Soccer Fields,Worthington,FRA,N,Public,2.92341901,McCord Soccer Fields,393,7/1/2025 16:11,FCA, ,,48fd51f5-d131-45f6-a210-d4f6058b1619,7/1/2025 16:11,127344.132,1590.848605
21919,PARK,Mccorkle Park,Gahanna,FRA,C,Public,21.99700841,McCorkle Park,670,7/1/2025 16:11,Gahanna,McCorkle Park,McCorkle Park,7f813643-6212-43c9-bc33-21122f596bc1,7/1/2025 16:11,958189.686,4079.546579
22195,PARK,Mccorkle Park,Gahanna,FRA,REC,Public,12.56831372,McCorkle Park,394,7/1/2025 16:11,Gahanna, ,McCorkle Park,85602c59-a32a-4e66-bfa7-7e67870614e1,7/1/2025 16:11,547475.7452,3542.181347
22465,PARK,Mccoy Park,Columbus,FRA,C,Public,19.83042116,McCoy Park,150,7/1/2025 16:11,Columbus, ,McCoy Park,2dd809b4-2a1a-49fc-9e3b-13e636d3e2ca,7/1/2025 16:11,863813.1458,3983.088623
24985,GREEN SPACE,McCracken Fen State Nature Preserve,Township,LOG,PR,Public,92.42528206,,,7/1/2025 16:11,ODNR Lands,,,bcd2b4b9-8771-4c8a-91d8-0cedb11b617c,7/1/2025 16:11,4026045.287,7798.142335
24120,PARK,Mccracken-Myrtle Park ,Bellefontaine,LOG,N,Public,1.45260398,Mccracken-Myrtle Park ,,7/1/2025 16:11,Logan County Parcels ,,,ad3abbb2-e2d0-4be0-9917-42d6d8ad0fce,7/1/2025 16:11,63275.42957,1826.646694
25222,CEMETERY,McCraken Cemetery,Township,LOG,CEM,Public,0.73448056,McCraken Cemetery,,7/1/2025 16:11,Google Maps,,,e625e8a0-3081-478b-86c3-d8d763264c29,7/1/2025 16:11,31993.97302,745.1515357
22947,CEMETERY,McDonald Cemetery,Township,UNI,CEM,Public,0.49217281,McDonald Cemetery,,7/1/2025 16:11,Union County,,,cbac1c42-c96c-4fd5-8986-0454da955bb6,7/1/2025 16:11,21439.04761,586.7929382
23037,CEMETERY,McDonald Cemetery,Township,MAD,CEM,Public,0.62763399,McDonald Cemetery,,7/1/2025 16:11,,,,6d465d0c-98aa-4241-86c7-bdf998c57ded,7/1/2025 16:11,27339.73669,662.9368521
21992,PARK,Mcfadyens Ac Park,Obetz,FRA,N,Public,1.44806464,McFadyens AC Park,396,7/1/2025 16:11,, ,,136f7445-bf25-4604-92b9-862d815ba50e,7/1/2025 16:11,117781.1553,2483.923115
22196,PARK,Mcferson Commons,Columbus,FRA,N,Public,2.94793936,McFerson Commons,221,7/1/2025 16:11,Columbus, ,,1fec158f-54dd-4c4d-88ab-6d9e8b034d16,7/1/2025 16:11,128412.2382,1981.662241
25045,PARK,McGill Park,Canal Winchester,FRA,C,Public,86.14587379,McGill Park,,7/1/2025 16:11,Google Maps,,McGill Park,7b7fb8ff-a43d-4b12-9322-9fc28e244e3a,7/1/2025 16:11,3752514.263,10040.58705
25434,CEMETERY,McKee Cemetery,Township,KNO,CEM,Public,0.91634795,McKee Cemetery,,7/1/2025 16:11,Google Maps,,,9e1e00b7-fb79-47ea-a7ab-1d521568016a,7/1/2025 16:11,39916.1167,843.8891324
25435,CEMETERY,McKee Cemetery,Township,KNO,CEM,Public,0.18397838,McKee Cemetery,,7/1/2025 16:11,Google Maps,,,204cf75a-b8a4-42f0-841f-063cf68cc136,7/1/2025 16:11,8014.098145,398.2221587
23097,CEMETERY,Mckendree M.E.,Township,FRA,CEM,Public,0.29881963,Mckendree M.E.,,7/1/2025 16:11,,,,b0528d3c-2f03-427b-b451-71a58202977d,7/1/2025 16:11,13016.58325,461.1035013
22485,PARK,Mckenna Creek Parkway,Gahanna,FRA,NOS,Public,5.9123138,Mckenna Creek Parkway,398,7/1/2025 16:11,Gahanna,,,5ced6ec1-79ea-434c-b161-722e1f06be62,7/1/2025 16:11,257540.3895,4172.984868
25453,CEMETERY,McKillip-Kirk Cemetery,Township,FAY,CEM,Private ,0.03818405,McKillip-Krik Cemetery,,7/1/2025 16:11,Google Maps,,,da838edc-fad6-462f-8547-56adb0feb129,7/1/2025 16:11,1663.297485,163.6480951
25836,CEMETERY,McKinley Cemetery,Township,PIC,CEM,Private,0.41141301,McKinley Cemetery,,7/1/2025 16:11,Google Maps,,,123338b1-2179-4c69-99d2-67ad0bb918ae,7/1/2025 16:11,17921.15076,536.2116818
22197,PARK,Mckinley Field,Grandview Heights,FRA,C,Public,5.17464247,McKinley Field,399,7/1/2025 16:11,, ,McKinley Field,a21f6d68-ee01-40d5-89cc-e4a04d6324cd,7/1/2025 16:11,225407.4261,5039.890398
25226,RECREATION,McKinley Fields,Bellefontaine,LOG,REC,Public,37.2583456,McKinley Fields,,7/1/2025 16:11,Google Maps,,,10d94681-71cf-47e2-bba9-a75d56f659c9,7/1/2025 16:11,1622973.534,7326.903077
25227,RECREATION,McKinley Fields,Bellefontaine,LOG,REC,Public,67.47297103,McKinley Fields,,7/1/2025 16:11,Google Maps,,,ba4fbc1b-b944-4d73-aff7-4da7c33a6c45,7/1/2025 16:11,2939122.618,7598.426051
22063,PARK,Mckinley Park,Columbus,FRA,C,Public,6.94738121,McKinley Park,102,7/1/2025 16:11,Columbus, ,McKinley Park,c35bb98a-3ca9-439b-9e70-460c21629b4f,7/1/2025 16:11,302627.9254,2235.897839
23387,PARK,McKinley Park,Marion,MAR,N,Public,17.08327065,McKinley Park,,7/1/2025 16:11,Marion parcels,,McKinley Park,a5fc7995-5dad-4711-a0d2-274ab9f9908e,7/1/2025 16:11,744147.2665,8994.479439
24980,PARK,McKinley Park,Marion,MAR,C,Public,2.74023579,McKinley Park,,7/1/2025 16:11,MORPC Standardized ELU 2021,,,32b5481b-81ba-4a3a-8da3-527c4e009072,7/1/2025 16:11,119364.671,1579.891124
25111,CEMETERY,McKinnon Cemetery,Township,LOG,CEM,Public,0.47554256,McKinnon Cemetery,,7/1/2025 16:11,Google Maps,,,f51f8357-8e97-478c-aef2-a030cf246941,7/1/2025 16:11,20714.63379,586.3893175
25241,CEMETERY,McKirahan Cemetery,Township,LOG,CEM,Public,0.16118516,McKirahan Cemetery,,7/1/2025 16:11,Google Maps,,,667af9e0-605d-43c5-956e-e718340c7aa5,7/1/2025 16:11,7021.225464,346.7656683
25778,CEMETERY,McLuney Cemetery,Township,PER,CEM,Public,1.77182829,McLuney Cemetery,,7/1/2025 16:11,Google Maps,,,bebb7db6-d420-4a22-8c90-09eb0f1760ab,7/1/2025 16:11,77180.84033,1301.73981
25779,CEMETERY,McLuney Cemetery,Township,PER,CEM,Public,1.22613324,McLuney Cemetery,,7/1/2025 16:11,Google Maps,,,48d6059a-e91e-41b3-b007-e9a0d28cab33,7/1/2025 16:11,53410.36377,957.33086
22374,PARK,Mcnamara Park,Township,DEL,R,Public,22.41516932,McNamara Park,401,7/1/2025 16:11,DALIS,McNamara Park,McNamara Park,263f8a17-0a9e-45f4-8e92-eda19f29a4bf,7/1/2025 16:11,976404.7759,7098.381113
22804,CEMETERY,McNamee Cemetery,Township,FAI,CEM,Public,1.3399744,McNamee Cemetery,,7/1/2025 16:11,Fairfield County,,,c74937f8-1ebe-4919-81ce-322df28e8e32,7/1/2025 16:11,58369.28516,970.1975299
26427,GREEN SPACE,MCNAUGHTEN ROAD GREENSPACE PROTECTION COH,,FRA,NOS,,,,,7/1/2025 16:11,Columbus,,,fd2ff943-2f18-4823-88c3-16cf4e8a91f6,7/1/2025 16:11,346467.1561,2913.679807
25570,PARK,Mead Park,Chillicothe,ROS,C,Public,16.21586119,Mead Park,,7/1/2025 16:11,Google Maps,,Mead Park,89f5a529-0410-44bf-8d79-f296ba10b550,7/1/2025 16:11,706362.9133,3364.674736
25879,CEMETERY,Meade Cemetery,Township,PIC,CEM,Public,2.34075159,Meade Cemetery,,7/1/2025 16:11,Google Maps,,,ea55c501-9337-4f8e-b896-d115cf6d29ba,7/1/2025 16:11,101963.1392,1325.724462
23827,GREEN SPACE,Meadow Grove Open Space,Grove City,FRA,NOS,Public,17.75250469,,,7/1/2025 16:11,Grove City,,,ea9d9f8f-abd3-4b63-a66e-b7fb68ceb95b,7/1/2025 16:11,773299.1045,9715.497948
22254,PARK,Meadow View Park,Powell,DEL,C,Public,14.25472545,Meadow View Park,402,7/1/2025 16:11,DALIS, ,Meadow View Park,14692f57-38a4-470b-95cf-a778348fefbd,7/1/2025 16:11,620935.8411,5845.221009
22475,PARK,Meadowgrove Park,Grove City,FRA,C,Public,12.02067683,Meadowgrove Park,403,7/1/2025 16:11,Grove City, ,Meadowgrove Park,97270b3b-2c6d-4108-b8b6-7b1edf0f7650,7/1/2025 16:11,523620.6829,5676.45964
25121,CEMETERY,Means Cemetery,Township,LOG,CEM,Public,0.44758371,Means Cemetery,,7/1/2025 16:11,Google Maps,,,883d347d-d2e1-4a41-a67a-c0f0e3ba0bdd,7/1/2025 16:11,19496.74658,640.7693613
21949,GREEN SPACE,Mecca Road Open Space,Township,FRA,NOS,Public,5.07934132,,555,7/1/2025 16:11,parcels,,,e95aaf4b-5c5c-4a3e-b5de-8c57d22a4af0,7/1/2025 16:11,221256.1079,2185.131696
22341,GOLF,Medallion Golf Course,Township,DEL,GOLF,Public,345.1069355,Medallion Golf Course,404,7/1/2025 16:11,,,Medallion Golf Course,d6b5b39f-41a1-483d-b0e9-54d290e3dec9,7/1/2025 16:11,15032858.11,49445.62594
25667,CEMETERY,Meldrim Cemetery,Township,HOC,CEM,Private,0.25374724,Meldrim Cemetery,,7/1/2025 16:11,Google Maps,,,a590ad75-40ad-47a3-98c7-ee33677cbc72,7/1/2025 16:11,11053.22998,435.2755885
25330,CEMETERY,Mellott Cemetery,Township,MAR,CEM,Private,0.11592508,Mellott Cemetery,,7/1/2025 16:11,Google Maps,,,d891e91b-e57f-47cc-be3b-ca5639f19a18,7/1/2025 16:11,5049.696533,292.515611
24063,PARK,Melrose Park,Columbus,FRA,NOS,Public,0.88362907,Melrose Park,,7/1/2025 16:11,Columbus,,,355c93f7-155f-415c-be41-e94a5342322c,7/1/2025 16:11,38490.88232,723.0762102
23463,PARK,Memorial,Grandview Heights,FRA,N,Public,0.39956872,Memorial,,7/1/2025 16:11,FCA,,,d0ba177a-dce8-432c-8936-3573d51ad359,7/1/2025 16:11,17405.21313,655.0407361
25105,GREEN SPACE,Memorial Drive Open Space,Dublin,FRA,NOS,Public,4.04002794,,,7/1/2025 16:11,MORPC Standardized ELU 2021,,,dc2f1525-e538-4565-b990-25e8db858a2f,7/1/2025 16:11,175983.6172,4613.362626
25404,CEMETERY,Memorial Gardens Cemetery,Township,KNO,CEM,Public,27.19510558,Memorial Gardens Cemetery,,7/1/2025 16:11,Google Maps,,,42901ccc-f312-456c-a001-f39b8e142d36,7/1/2025 16:11,1184618.799,4426.037001
21927,PARK,Memorial Park,Obetz,FRA,R,Public,84.29462872,Memorial Park,406,7/1/2025 16:11,,Memorial Park,Memorial Park,a4c56e28-b879-41a2-b4ee-6d0dfe45173f,7/1/2025 16:11,3671874.012,12535.95591
22408,PARK,Memorial Park,Township,DEL,N,Public,2.6872778,Memorial Park,407,7/1/2025 16:11,DALIS, ,,81a0d0f8-f19b-4012-aa97-1b6a0776a01c,7/1/2025 16:11,117057.8208,1646.417039
24945,PARK,Memorial Park,Mount Vernon,KNO,C,Public,2.74758634,Memorial Park,,7/1/2025 16:11,MORPC Standardized ELU 2021,,,6ff08c2c-5fdd-42ba-96a5-4368a2d633b0,7/1/2025 16:11,119684.8605,2312.802606
24946,PARK,Memorial Park,Mount Vernon,KNO,C,Public,1.25161096,Memorial Park,,7/1/2025 16:11,MORPC Standardized ELU 2021,,,cdb188c6-e133-47aa-bd61-d6c8e6cf0784,7/1/2025 16:11,54520.17395,1357.196906
25373,PARK,Memorial Park,Township,KNO,C,Public,13.44258983,Memorial Park,,7/1/2025 16:11,Google Maps,,Memorial Park,e7d6750e-58dd-478f-b3c3-3ef234962c8d,7/1/2025 16:11,585559.2136,3099.364646
24947,PARK,Memorial Park ,Mount Vernon,KNO,C,Public,52.62027545,Memorial Park,,7/1/2025 16:11,MORPC Standardized ELU 2021,,Memorial Park,66e2f380-5cdf-4195-891b-30c19e7148c4,7/1/2025 16:11,2292139.199,10942.06111
22249,PARK,Memorial Park & Pool,Township,DEL,SPU,Public,17.40660199,Memorial Park & Pool,408,7/1/2025 16:11,DALIS, ,Memorial Park & Pool,db13e2bd-ea33-4b1d-8141-5850f99435b6,7/1/2025 16:11,758231.5828,3862.680597
23098,CEMETERY,Mennonite Church,Columbus,FRA,CEM,Public,0.22387651,Mennonite Church,,7/1/2025 16:11,,,,954fc15f-ce04-4064-bbf1-0ec8fdc4fc38,7/1/2025 16:11,9752.060791,400.1077565
23593,GOLF,Mentel Memorial Golf Course,Columbus,FRA,GOLF,Public,146.0861243,Mentel Memorial Golf Course,82,7/1/2025 16:11,,,Mentel Memorial Golf Course,5af9e6c5-60a5-49bf-9fe6-d208827cc88d,7/1/2025 16:11,6363511.574,10522.46227
26430,PARK,Merchant Park,Hilliard,FRA,N,,,,,7/1/2025 16:11,illiard,,,a6f6f60a-1a85-47a7-8e4b-2d4b2eadbe92,7/1/2025 16:11,393462.0963,3745.247217
22317,PARK,Merri-Mac Park,Township,MAD,R,Public,125.1129592,Merri-Mac Park,409,7/1/2025 16:11,,Merri-Mac Park,Merri-Mac Park,dd4a5ca6-31cd-40ac-be27-1f5f154bcbaf,7/1/2025 16:11,5449920.502,10715.53401
24733,GREEN SPACE,MERRYHILL STREET ISLAND,Columbus,FRA,NOS,Public,0.04078296,,,7/1/2025 16:11,Columbus Park Boundaries,,,19af7a41-bbf2-4e79-8217-0af4fb42fbb8,7/1/2025 16:11,1776.505249,198.904768
25494,CEMETERY,Messmore Cemetery,Township,FAY,CEM,Private,0.0441162,Messmore Cemetery,,7/1/2025 16:11,Google Maps,,,e04ee3c7-d3ff-4ff9-a39f-dbe5f9a31931,7/1/2025 16:11,1921.701477,175.4926365
25587,PARK,Metahqua Park,Township,ROS,C,Public,23.57227093,Metahqua Park,,7/1/2025 16:11,Google Maps,,Metahqua Park,a1ff1e4b-1b87-492f-b5cd-8b36a3f08c7b,7/1/2025 16:11,1026808.122,4774.470609
22794,CEMETERY,Methodist,Township,FAI,CEM,Public,0.19999861,Methodist,,7/1/2025 16:11,Fairfield County,,,a37c5509-e0a5-4d6c-9ae3-a706c89da592,7/1/2025 16:11,8711.939453,395.999154
22795,CEMETERY,Methodist,Township,FAI,CEM,Public,1.45293714,Methodist,,7/1/2025 16:11,Fairfield County,,,cf890635-1e65-40fe-abb7-ae9b83d88ce9,7/1/2025 16:11,63289.94189,1272.130837
25250,CEMETERY,Miami Cemetery,Township,LOG,CEM,Public,1.60050023,Miami Cemetery,,7/1/2025 16:11,Google Maps,,,3cdbbe1c-3d48-49d4-942d-4aa83836dda1,7/1/2025 16:11,69717.79016,1170.007141
25258,PARK,Middleburg Ball Park,Township,LOG,REC,Public,5.61265245,Middleburg Ball Park,,7/1/2025 16:11,Google Maps,,Middleburg Ball Park,9fbd202b-d7f2-4dfc-ad94-7fa2f335c1fc,7/1/2025 16:11,244487.1407,2346.834852
25259,CEMETERY,Middleburg Cemetery,Township,LOG,CEM,Public,2.41413756,Middleburg Cemetery,,7/1/2025 16:11,Google Maps,,,5e5fc9fe-75f9-4348-aa99-35c68b991338,7/1/2025 16:11,105159.832,1421.270788
25260,CEMETERY,Middleburg Cemetery,Township,LOG,CEM,Public,5.20496465,Middleburg Cemetery,,7/1/2025 16:11,Google Maps,,,f472d88a-3bb1-4ab1-8842-1122fa1f45fa,7/1/2025 16:11,226728.2604,1996.055423
23099,CEMETERY,Middletown (Stotler),Canal Winchester,FRA,CEM,Public,0.54825779,Middletown (Stotler),,7/1/2025 16:11,,,,5e1bab88-d118-403a-8ce4-e2e05c3625c8,7/1/2025 16:11,23882.10938,621.8396993
22127,PARK,Mifflin Parkland,Columbus,FRA,N,Public,4.83446409,Mifflin Park,410,7/1/2025 16:11,Columbus, ,Mifflin Park,b93f3ff5-ae10-4059-a1b1-c01421191a2b,7/1/2025 16:11,210589.2556,2056.528552
23260,CEMETERY,Mifflin Presbyterian Columbarium,Gahanna,FRA,CEM,Public,0.75038444,Mifflin Presbyterian Columbarium,,7/1/2025 16:11,FCA,,,7cc5ee1d-5f81-4801-a5c5-d002e7096f1f,7/1/2025 16:11,32686.74646,723.4370537
22731,CEMETERY,Mifflin Township,Gahanna,FRA,CEM,Public,12.42202916,Mifflin Township,,7/1/2025 16:11,,,Mifflin Township,88c7f2b6-7914-4692-87ed-457bd0a82d32,7/1/2025 16:11,541103.5903,4492.568107
26431,PARK,Mildred Park,Hilliard,FRA,N,,,,,7/1/2025 16:11,Hilliard,,,7fc8f73c-2c19-44f6-b75f-8c008732f765,7/1/2025 16:11,186247.5938,1736.706515
22949,CEMETERY,Milford Center Cemetery,Township,UNI,CEM,Public,24.92936982,Milford Center Cemetery,,7/1/2025 16:11,Union County,,,c5c2d65d-6fb0-4418-bc14-aaa5761c491d,7/1/2025 16:11,1085923.351,4971.354692
24988,GREEN SPACE,Milford Center Prairie Non-Dedicated Natural Area,Township,UNI,PR,Public,9.70804823,,,7/1/2025 16:11,ODNR Lands,,,cf384cdf-dabd-428e-8c3f-098dc5f647cd,7/1/2025 16:11,422882.5811,10928.59445
22979,CEMETERY,Mill Creek Baptist Cemetery,Township,DEL,CEM,Public,4.5593581,Mill Creek Baptist Cemetery,,7/1/2025 16:11,,,,28eba9a9-4846-4c72-8940-2d2d4a5af0a1,7/1/2025 16:11,198605.6389,1850.60781
22980,CEMETERY,Mill Creek Cemetery,Township,DEL,CEM,Public,2.00949419,Mill Creek Cemetery,,7/1/2025 16:11,,,,42a6cc39-e6e2-487d-96d6-233b8009e5b2,7/1/2025 16:11,87533.56665,1770.600662
23908,PARK,Mill Creek Park,Marysville,UNI,C,Public,66.89737925,Mill Creek Park,,7/1/2025 16:11,Union County,,Mill Creek Park,cb4a5aa4-985a-4e84-93ec-61a12ec8ac7c,7/1/2025 16:11,2914049.839,12225.69581
24205,PARK,Mill Run Crossing Wetland Park,Deleware,DEL,C,Public,44.99747156,Mill Run Crossing Wetland Park,,7/1/2025 16:11,parcels,,Mill Run Crossing Wetland Park,f614fc90-9b5d-4c8e-9b90-0b803a4220aa,7/1/2025 16:11,1960089.861,7967.263749
22097,PARK,Mill Run Wetlands,Columbus,FRA,C,Public,11.97376235,Mill Run Wetlands,412,7/1/2025 16:11,Hilliard, ,Mill Run Wetlands,f3f5aaad-7517-4ab5-830f-0707019c369f,7/1/2025 16:11,521577.0879,3689.178343
22305,PARK,Mill Street Avenue Open Space,Pataskala,LIC,C,Public,12.90127214,Mill Street Avenue Open Space,592,7/1/2025 16:11,, ,Mill Street Avenue Open Space,b581c693-5860-4bef-b009-f96f22f63d2f,7/1/2025 16:11,561979.4144,5569.133326
23952,PARK,Mill Valley Park,Marysville,UNI,C,Public,116.5328581,Mill Valley Park,,7/1/2025 16:11,Union County,Mill Valley Park,Mill Valley Park,02670235-dc94-4fb5-8dda-c3819c9891a6,7/1/2025 16:11,5076171.26,30492.72688
22199,PARK,Millbrook Park,Columbus,FRA,N,Public,1.63868626,Millbrook Park,163,7/1/2025 16:11,Columbus, ,,d8c0217e-425b-4f5b-b4d2-972b1b176ef1,7/1/2025 16:11,71381.17371,1130.86988
23189,PARK,Millcreek Township Park,Township,UNI,N,Public,7.43287271,Millcreek Township Park,,7/1/2025 16:11,Union County,,Millcreek Township Park,fd2c0f6b-2a81-4ac8-8f8f-d5bdb565eae5,7/1/2025 16:11,323775.9369,2297.980133
25445,CEMETERY,Milledgeville-Plymouth Cemetery,Township,FAY,CEM,Public,13.24168914,Milledgeville-Plymouth Cemetery,,7/1/2025 16:11,Google Maps,,,ee48849d-e128-49b1-aa34-5df2be7acde4,7/1/2025 16:11,576807.9789,3385.601195
23328,CEMETERY,Miller Cemetery,Township,KNO,CEM,Public,1.04987601,Miller Cemetery,,7/1/2025 16:11,Knox,,,12c898fe-65c0-420b-b949-6b434dbbd9ca,7/1/2025 16:11,45732.59875,871.3403788
25135,CEMETERY,Miller Cemetery,Township,LOG,CEM,Public,0.16352098,Miller Cemetery,,7/1/2025 16:11,Google Maps,,,c03afe9c-048f-4b42-adac-da33016aa70e,7/1/2025 16:11,7122.973999,343.0557743
25328,CEMETERY,Miller Cemetery,Township,MAR,CEM,Private,0.38661901,Miller Cemetery,,7/1/2025 16:11,Google Maps,,,3fc5e32f-b360-47ad-8ab5-d7c574ef46ff,7/1/2025 16:11,16841.12402,519.947577
25669,CEMETERY,Miller Chapel Cemetery,Township,HOC,CEM,Public,0.59715244,Miller Chapel Cemetery,,7/1/2025 16:11,Google Maps,,,4e219d0d-86da-4ffa-b51f-99b1cc82912c,7/1/2025 16:11,26011.96014,690.2255965
25670,CEMETERY,Miller Chapel Cemetery,Township,HOC,CEM,Public,1.04656672,Miller Chapel Cemetery,,7/1/2025 16:11,Google Maps,,,d0bb2499-501e-49c9-a3e9-8dbccb114987,7/1/2025 16:11,45588.44635,872.6788304
22284,GOLF,Miller Creek Golf Course,Township,DEL,GOLF,Public,111.7697806,Miller Creek Golf Course,415,7/1/2025 16:11,,,Miller Creek Golf Course,d04a5d2b-b45a-4523-8f04-544634760710,7/1/2025 16:11,4868691.642,10630.39801
23254,CEMETERY,Miller Family,Columbus,FRA,CEM,Public,0.1991894,Miller Family,,7/1/2025 16:11,FCA,,,01c88143-56db-41f9-ade7-96fd19c44ddc,7/1/2025 16:11,8676.690186,454.7649435
22200,PARK,Miller Park,Upper Arlington,FRA,N,Public,3.95212277,Miller Park,418,7/1/2025 16:11,, ,,1a93c0a3-2a5a-493a-9006-9b0b07fb4fb3,7/1/2025 16:11,172154.4679,1614.159964
22619,PARK,Miller Park,Lancaster,FAI,R,Public,22.60605369,Miller Park,417,7/1/2025 16:11,Fairfield County,Miller Park,Miller Park,a94c2015-5b19-47f7-ac87-ff6d66c5d651,7/1/2025 16:11,984719.6989,4187.894036
22671,PARK,Miller Park,Galena,DEL,N,Public,3.1772033,Miller Park,416,7/1/2025 16:11,DALIS,,,65ce318c-c831-43bc-bbd5-169b8a50ac98,7/1/2025 16:11,138398.9761,1776.124207
23549,PARK,Miller Park,Utica,LIC,C,Public,7.26424558,Miller Park,,7/1/2025 16:11,Licking County GIS file,,Miller Park,18d4feaa-fba6-4cff-9dc7-a757abca6597,7/1/2025 16:11,316430.5374,2615.912607
22776,CEMETERY,Millersport Cemetery,Township,FAI,CEM,Public,7.1087722,Millersport Cemetery,,7/1/2025 16:11,Fairfield County,,,c7f04779-e7f7-4d91-856a-589b3096347a,7/1/2025 16:11,309658.1169,5299.964406
22777,CEMETERY,Millersport Cemetery,Millersport,FAI,CEM,Public,0.48704068,Millersport Cemetery,,7/1/2025 16:11,Fairfield County,,,17394e04-7c3d-4e05-bc3c-44216024db7f,7/1/2025 16:11,21215.49219,816.3142557
22778,CEMETERY,Millersport Cemetery,Township,FAI,CEM,Public,2.34627709,Millersport Cemetery,,7/1/2025 16:11,Fairfield County,,,f0283e04-34cc-4b8b-8c6e-a44442520fba,7/1/2025 16:11,102203.8297,2165.225446
22779,CEMETERY,Millersport Cemetery,Township,FAI,CEM,Public,1.05580632,Millersport Cemetery,,7/1/2025 16:11,Fairfield County,,,778273c9-31ca-4ea6-836b-9153681f1dc6,7/1/2025 16:11,45990.92334,1610.167469
22781,CEMETERY,Millersport Cemetery,Township,FAI,CEM,Public,2.9741301,Millersport Cemetery,,7/1/2025 16:11,Fairfield County,,,fdbc7538-fc44-401e-b4a9-7a31de569603,7/1/2025 16:11,129553.1068,2682.324545
25909,CEMETERY,Millersport Cemetery,Township,FAI,CEM,Private,0.01198091,Millersport Cemetery,,7/1/2025 16:11,Google Maps,,,374f11cc-5ac5-4c66-835b-09bf5a57008a,7/1/2025 16:11,521.8883057,100.4161723
22635,PARK,Millersport Park,Lancaster,FAI,R,Public,27.05014005,Millersport Park,419,7/1/2025 16:11,Fairfield County,Millersport Park,Millersport Park,4c37b65e-5a5f-434b-a35c-cc42423c5cea,7/1/2025 16:11,1178304.1,5347.125683
25865,PARK,Millport Park,Ashville,PIC,N,Public,0.16875033,Millport Park,,7/1/2025 16:11,Google Maps,,,48c78487-4713-46dc-9b8e-4836ce41670b,7/1/2025 16:11,7350.764526,396.0000547
25866,PARK,Millport Park,Ashville ,PIC,N,Public,0.16874979,Millport Park,,7/1/2025 16:11,Google Maps,,,24fe1313-f18b-42d6-b44e-d2e5ff771652,7/1/2025 16:11,7350.740723,395.9997488
25441,CEMETERY,Mills-McKillip Cemetery,Township,FAY,CEM,Private,0.32709843,Mills-McKillip Cemetery,,7/1/2025 16:11,Google Maps,,,4783b8c8-7745-4d7a-ae60-3a6b16289bb1,7/1/2025 16:11,14248.40759,540.9078963
23470,PARK,Millstone Creek Park,Westerville,DEL,C,Public,15.01483428,Millstone Creek Park,,7/1/2025 16:11,Westerville,,Millstone Creek Park,0a107270-08eb-42e1-90b3-c9f826765805,7/1/2025 16:11,654046.1805,4269.729197
23325,CEMETERY,Millwood Cemetery,Township,KNO,CEM,Public,2.35775722,Millwood Cemetery,,7/1/2025 16:11,Knox,,,10cc4bf4-bc05-4f40-89d9-31f4c5e82c50,7/1/2025 16:11,102703.9044,1339.179816
23438,PARK,Milo-Grogan Expansion,Columbus,FRA,N,Public,0.61198819,Milo-Grogan Expansion,,7/1/2025 16:11,Columbus,,,91dabb5d-0a3a-4f8b-bdea-fcaa26593da3,7/1/2025 16:11,34752.54382,775.9592844
25084,PARK,Milo-Grogan Green Space and Community Garden,Columbus,FRA,C,Public,0.14315633,Milo-Grogan Green Space and Community Garden,,7/1/2025 16:11,MORPC Standardized ELU 2021,,,3205929f-bb75-4942-8f6b-81ea62b317bd,7/1/2025 16:11,6235.889893,408.006247
25085,PARK,Milo-Grogan Green Space and Community Garden,Columbus,FRA,C,Public,0.09036666,Milo-Grogan Green Space and Community Garden,,7/1/2025 16:11,MORPC Standardized ELU 2021,,,cdc8155e-abc5-4045-aa72-f66c6e45b5c3,7/1/2025 16:11,3936.371582,321.9149693
25086,PARK,Milo-Grogan Green Space and Community Garden,Columbus,FRA,C,Public,0.09304199,Milo-Grogan Green Space and Community Garden,,7/1/2025 16:11,MORPC Standardized ELU 2021,,,c97fd1b1-3b56-4b7e-9ca9-e8330e419dd9,7/1/2025 16:11,4052.908691,323.075303
22042,PARK,Milo-Grogan Park,Columbus,FRA,N,Public,1.24189348,Milo-Grogan Park,420,7/1/2025 16:11,Columbus, ,,28d6c87e-0b0e-4382-9f84-42cbd0ca64dc,7/1/2025 16:11,23062.84753,611.1921303
22669,PARK,Mingo Park,Delaware City,DEL,C,Public,62.88958314,Mingo Park,421,7/1/2025 16:11,Delaware City,,Mingo Park,11048378-98cd-4b93-8a6f-a60f6300c189,7/1/2025 16:11,2739470.242,10231.40272
23676,PARK,Mingo Park,Delaware City,DEL,C,Public,0.20224257,Mingo Park,,7/1/2025 16:11,Delaware City,,,c91045c9-30ac-46d5-bf03-e5dcd5dfd38b,7/1/2025 16:11,8809.686401,741.678226
24124,PARK,Mingo Park,Logan,HOC,C,Public,32.36401967,Mingo Park,,7/1/2025 16:11,google maps/orthos,,Mingo Park,7c39bdf3-e71b-4b2e-ac3c-e5cdb0465778,7/1/2025 16:11,1409776.697,5520.729766
23100,CEMETERY,Mitchell,Dublin,FRA,CEM,Public,0.08797673,Mitchell,,7/1/2025 16:11,Dublin,,,56ca42e6-1bda-4ffc-a6c3-58d9122a3369,7/1/2025 16:11,3832.266479,247.748869
22955,CEMETERY,Mitchell Cemetery,Township,UNI,CEM,Public,5.02503255,Mitchell Cemetery,,7/1/2025 16:11,Union County,,,8f13d4db-9128-4bbb-b50c-07a7817e98b8,7/1/2025 16:11,218890.4178,2349.73769
22151,PARK,Ml Red Trabue Nature Reserve,Dublin,FRA,C,Public,74.06294641,ML Red Trabue Nature Reserve,422,7/1/2025 16:11,Dublin, ,ML Red Trabue Nature Reserve,732f1bfc-9010-4909-bffe-9bf0d360888f,7/1/2025 16:11,3226181.946,16420.45884
22583,PARK,Ml Red Trabue Nature Reserve,Dublin,FRA,PR,Public,0.9965105,ML Red Trabue Nature Reserve,422,7/1/2025 16:11,Dublin, ,,f81b7182-bceb-4aaf-a702-f6f10a25d380,7/1/2025 16:11,43407.99731,1283.542964
23536,PARK,Ml Red Trabue Nature Reserve,Dublin,UNI,C,Public,9.78637387,ML Red Trabue Nature Reserve,422,7/1/2025 16:11,Dublin, ,ML Red Trabue Nature Reserve,4791270e-2399-4088-918f-e8b19c59d23d,7/1/2025 16:11,426294.446,4552.99336
23657,PARK,Ml Red Trabue Nature Reserve,Dublin,UNI,C,Public,5.94277675,ML Red Trabue Nature Reserve,,7/1/2025 16:11,Dublin,,ML Red Trabue Nature Reserve,8f9df012-cf8e-49e5-a2f3-2f916c0d5ca7,7/1/2025 16:11,258867.3556,2083.880131
23659,PARK,Ml Red Trabue Nature Reserve,Dublin,FRA,C,Public,1.45921706,Ml Red Trabue Nature Reserve,,7/1/2025 16:11,Dublin,,,d7179dcd-7d9b-4b91-a45a-f22ac87aebe9,7/1/2025 16:11,63563.49548,1260.128919
23691,PARK,Mock Park Extension,Columbus,FRA,CON,Public,4.87128033,Mock Park Extension,,7/1/2025 16:11,Columbus,,,665673ad-097f-4b66-bcdf-ba907cf0dfd7,7/1/2025 16:11,212192.9712,4433.887257
22081,PARK,Mock Road Park,Columbus,FRA,R,Public,102.6856348,Mock Park,423,7/1/2025 16:11,Columbus,Mock Road Park,Mock Park,8564677c-d495-45c3-bed6-9becb247f4fd,7/1/2025 16:11,4472986.25,9125.409571
22011,PARK,Moeller Park,Columbus,FRA,N,Public,1.73001572,Moeller Park,258,7/1/2025 16:11,Columbus, ,,b1f01ebc-5a0d-41b5-8445-b038e13a05d9,7/1/2025 16:11,75359.48474,1101.457555
23680,PARK,Mohican River Wildlife Area,Township,KNO,W,Public,240.5494182,Mohican River Wildlife Area,,7/1/2025 16:11,ODNR,Mohican River Wildlife Area,Mohican River Wildlife Area,3824120e-0469-47c3-800d-843e093db7b1,7/1/2025 16:11,10478332.66,39409.2065
23123,PARK,Mohican State Park,Township,KNO,STATE,Public,2.38662579,Mohican State Park,,7/1/2025 16:11,ODNR,Mohican State Park,,bc083b21-d63e-44ef-9e55-e1d11d9b1923,7/1/2025 16:11,103961.4194,1300.738831
23329,RECREATION,Mohican Wilderness Campground,Township,KNO,SPU,Private,278.5419311,Mohican Wilderness Campground,,7/1/2025 16:11,Knox,,Mohican Wilderness Campground,2e7f772a-0399-4918-9711-fc48828cb9ce,7/1/2025 16:11,12133286.52,22061.91307
22466,PARK,Moler Street Parkland,Columbus,FRA,PRES,Public,2.50825632,Moler Street Park,257,7/1/2025 16:11,Columbus, ,,ad01560e-ab87-4333-b302-5568a650d60f,7/1/2025 16:11,109259.6453,2024.195521
25787,CEMETERY,Monroe Cemetery,Township,PER,CEM,Public,1.4818057,Monroe Cemetery,,7/1/2025 16:11,Google Maps,,,2f0bb008-9e7b-40d3-9bd9-16306a4a559a,7/1/2025 16:11,64547.45667,1201.58222
25809,CEMETERY,Monroe Cemetery,Township,PER,CEM,Private,0.053311,Monroe Cemetery,,7/1/2025 16:11,Google Maps,,,b38f9dc2-5f09-4e40-8d8e-fbaf51c6216e,7/1/2025 16:11,2322.227295,194.3746713
23941,PARK,Monroe Men's Club,Monroe Twp,PIC,REC,Public,13.35188234,Monroe Men's Club,,7/1/2025 16:11,Parcels,,Monroe Men's Club,be80c9f1-7a13-43ff-a5df-8783bb05926d,7/1/2025 16:11,581607.9947,3918.160083
22201,PARK,Monterey Park,Dublin,FRA,N,Public,3.90083923,Monterey Park,426,7/1/2025 16:11,Dublin, ,,b51c72dd-3cfe-4972-ac69-4d8aefb01d41,7/1/2025 16:11,169920.5571,1693.114555
25269,CEMETERY,Montgomery Cemetery,Township,MAR,CEM,Private,0.03971143,Montgomery Cemetery,,7/1/2025 16:11,Google Maps,,,43f8de26-02b4-483b-afbb-4a120f84bfab,7/1/2025 16:11,1729.830078,177.152424
24131,PARK,Monument Park,New Lexington,PER,N,Public,0.37523496,Monument Park,,7/1/2025 16:11,google maps/orthos,,,477c934d-c77c-4ca4-9a42-856d77140cc1,7/1/2025 16:11,16345.23511,604.0606695
25137,CEMETERY,Moore Cemetery,Township,LOG,CEM,Public,0.22095789,Moore Cemetery,,7/1/2025 16:11,Google Maps,,,16e53ef7-9900-46de-b670-886ba622f92f,7/1/2025 16:11,9624.925659,434.6797259
25119,CEMETERY,Moores Cemetery,Township,LOG,CEM,Public,2.77488813,Moores Cemetery,,7/1/2025 16:11,Google Maps,,,3de3d087-3676-4ae4-8d71-4373d13874fe,7/1/2025 16:11,120874.1271,2778.347927
25374,CEMETERY,Moreland Cemetery,Township,KNO,CEM,Public,0.29984518,Moreland Cemetery,,7/1/2025 16:11,Google Maps,,,55faf50a-f64d-40c3-81f7-0893a480a548,7/1/2025 16:11,13061.25598,472.873958
25375,CEMETERY,Moreland Cemetery,Township,KNO,CEM,Public,0.57394139,Moreland Cemetery,,7/1/2025 16:11,Google Maps,,,0a3bb4ac-1557-4c3d-a340-449ff63b5b8c,7/1/2025 16:11,25000.88684,710.5459813
25629,CEMETERY,Morgan Chapel Cemetery,Township,HOC,CEM,Public,1.5844109,Morgan Chapel Cemetery,,7/1/2025 16:11,Google Maps,,,ec0492e7-a0d2-4d15-860a-02c9916abef6,7/1/2025 16:11,69016.93903,1227.964314
25396,CEMETERY,Morris Chapel Cemetery,Township,KNO,CEM,Public,0.91722362,Morris Chapel Cemetery,,7/1/2025 16:11,Google Maps,,,38a3e20c-3114-4fab-8d46-227603c7d4c5,7/1/2025 16:11,39954.26086,799.6516013
25649,CEMETERY,Morris Chapel Cemetery,Township,HOC,CEM,Public,0.59594953,Morris Chapel Cemetery,,7/1/2025 16:11,Google Maps,,,782ae10f-ed04-4e40-b61c-72603c419878,7/1/2025 16:11,25959.56146,693.5248818
25650,CEMETERY,Morris Chapel Cemetery,Township,HOC,CEM,Public,0.89925016,Morris Chapel Cemetery,,7/1/2025 16:11,Google Maps,,,d2507d57-42a7-4263-ab59-caff7bf11393,7/1/2025 16:11,39171.33704,991.4543443
25692,CEMETERY,Morris Chapel Cemetery,Township,HOC,CEM,Private,0.85735169,Morris Chapel Cemetery,,7/1/2025 16:11,Google Maps,,,34143937-3de2-43ef-8a1b-b741f925b2bf,7/1/2025 16:11,37346.23981,861.0880157
23124,PARK,Morris Woods Nature Area,Township,LIC,PR,Public,107.2020497,Morris Woods Nature Area,,7/1/2025 16:11,ODNR,Morris Woods Nature Area,Morris Woods Nature Area,1e7a408e-4ac8-4283-8424-6bb83a341043,7/1/2025 16:11,4669721.286,9473.760644
23783,GREEN SPACE,Morrison Farms Open Space,Township,FRA,NOS,Public,4.64271379,,,7/1/2025 16:11,Jefferson Twp,,,3e73051e-c115-4da4-ac83-72db53c3d09e,7/1/2025 16:11,202236.6132,2917.875595
23786,GREEN SPACE,Morrison Farms Open Space,Township,FRA,NOS,Public,9.75683546,,,7/1/2025 16:11,Jefferson Twp,,,4602406b-a9dd-4251-8e83-256c9c245ab6,7/1/2025 16:11,425007.7531,4038.299247
23789,GREEN SPACE,Morrison Farms Open Space,Township,FRA,NOS,Public,2.89229193,,,7/1/2025 16:11,parcels,,,e1dc799d-b085-43eb-ae74-d4bfad8f69f1,7/1/2025 16:11,125988.2366,2808.305181
24807,GREEN SPACE,Morse Road & Patio Avenue Open Space,Columbus,FRA,NOS,Public,0.09786002,,,7/1/2025 16:11,MORPC Standardized ELU 2021,,,7b6aa4fc-589a-43c7-9851-7c866919749c,7/1/2025 16:11,4262.782471,367.3681404
25691,CEMETERY,Morse-Lewis Cemetery,Township,HOC,CEM,Private,0.1249992,Morse-Lewis Cemetery,,7/1/2025 16:11,Google Maps,,,66320251-47f7-4592-9bc2-40d391f84d97,7/1/2025 16:11,5444.965149,295.1600598
23725,CEMETERY,Mosher Cemetery,Township,MRW,CEM,Public,0.12129371,Mosher Cemetery,,7/1/2025 16:11,parcels,,,79fac541-201b-4c77-827a-e67bb5a60b72,7/1/2025 16:11,5283.553833,291.4734054
22336,GOLF,Mound Builders Country Club,Newark,LIC,GOLF,Public,139.7496788,Mound Builders Country Club,427,7/1/2025 16:11,,,Mound Builders Country Club,c3e08244-4a05-4ca1-82e8-324257d5f0a3,7/1/2025 16:11,6087496.008,10688.71413
22335,PARK,Mound Builders State Park,Township,LIC,R,Public,65.976173,Mound Builders State Park,428,7/1/2025 16:11,Earthworks,Mound Builders State Park,Mound Builders State Park,3c096139-f41a-45a8-8078-cd80435caecd,7/1/2025 16:11,2873922.096,6351.337988
22554,RECREATION,Mound City Little League Park,Newark,LIC,REC,Public,12.36683684,Mound City Little League Park,429,7/1/2025 16:11,, ,Mound City Little League Park,02a450a0-066c-4dfd-aecb-9707991f663e,7/1/2025 16:11,538699.4128,3262.30892
25333,CEMETERY,Mounds Cemetery,Township,MRW,CEM,Private,0.40418062,Elliott Cemetery,,7/1/2025 16:11,Google Maps,,,421fe430-7ea4-477d-b11b-5e77b7887b7e,7/1/2025 16:11,17606.10791,550.8677828
25528,CEMETERY,Mount Carmel Cemetery,Township,ROS,CEM,Private,0.92028158,Mount Carmel Cemetery,,7/1/2025 16:11,Google Maps,,,6ca38acf-8d1c-45cc-8424-2973f4644d41,7/1/2025 16:11,40087.46576,813.0306668
25898,CEMETERY,Mount Carmel Cemetery,Township,FAI,CEM,Public,1.42751524,Mount Carmel Cemetery,,7/1/2025 16:11,Google Maps,,,19a764a2-a93a-46d1-8ec3-4a6d791a16ae,7/1/2025 16:11,62182.56384,1021.035318
24865,RECREATION,Mount Gilead Recreation Center,Mount Gilead,MRW,REC,Public,6.77802752,Mount Gilead Recreation Center,,7/1/2025 16:11,MORPC Standardized ELU 2021,,,3e8ce078-930a-43f0-ab2e-60b8869d15fb,7/1/2025 16:11,295250.8788,2214.476974
23678,PARK,Mount Gilead State Park,Township,MRW,STATE,Public,215.4316308,Mount Gilead State Park,,7/1/2025 16:11,ODNR,Mount Gilead State Park,Mount Gilead State Park,06a0e1d6-1598-4573-8f98-ad969096e9c8,7/1/2025 16:11,9384201.837,16218.2404
22936,CEMETERY,Mount Herman Cemetery,Township,UNI,CEM,Public,1.02587697,Mount Herman Cemetery,,7/1/2025 16:11,Union County,,,0fd82325-75b5-410f-a310-cd2db9423d89,7/1/2025 16:11,44687.20105,870.9157196
22937,CEMETERY,Mount Herman Cemetery,Township,UNI,CEM,Public,1.22249908,Mount Herman Cemetery,,7/1/2025 16:11,Union County,,,c832eeaf-b331-4230-ba09-263f6246a086,7/1/2025 16:11,53252.05994,933.7554908
23291,CEMETERY,Mount Liberty Cemetery,Township,KNO,CEM,Public,1.98339056,Mount Liberty Cemetery,,7/1/2025 16:11,orthos,,,561993a0-0dfc-44d5-b7ea-c5ab366f31e6,7/1/2025 16:11,86396.49268,1220.224844
25262,CEMETERY,Mount Mariah Cemetery,Township,LOG,CEM,Public,0.1038032,Mount Mariah Cemetery,,7/1/2025 16:11,Google Maps,,,df908617-e6ab-4b11-a7f6-42cce9985eea,7/1/2025 16:11,4521.667725,289.1851711
25263,CEMETERY,Mount Mariah Cemetery,Township,LOG,CEM,Public,1.59961655,Mount Mariah Cemetery,,7/1/2025 16:11,,,,a687b3f0-998a-41d7-a2ef-26c2e582f1e4,7/1/2025 16:11,69679.29688,1275.225083
22783,CEMETERY,Mount Olive Cemetery,Township,FAI,CEM,Public,0.82058572,Mount Olive Cemetery,,7/1/2025 16:11,Fairfield County,,,81ac72e2-597c-4a3c-a2ea-2bba34c6c330,7/1/2025 16:11,35744.71399,790.6537402
25636,CEMETERY,Mount Olive Cemetery,Township,HOC,CEM,Public,8.51354574,Mount Olive Cemetery,,7/1/2025 16:11,Google Maps,,,ca16d0c1-97dc-4be6-a9cf-ea4129a9b35b,7/1/2025 16:11,370850.0526,3127.739836
22978,CEMETERY,Mount Pleasant Cemetery,Township,DEL,CEM,Public,1.28347231,Mount Pleasant Cemetery,,7/1/2025 16:11,,,,d4b17098-5419-477e-83e9-09653ba153d8,7/1/2025 16:11,55908.05396,1326.905788
25402,CEMETERY,Mount Pleasant Cemetery,Township,KNO,CEM,Public,0.78368752,Mount Pleasant Cemetery,,7/1/2025 16:11,Google Maps,,,b33f7ba7-9193-4ad1-83c2-e042def8299e,7/1/2025 16:11,34137.42834,779.6784148
25847,CEMETERY,Mount Pleasant Chruch Cemetery,Township,PIC,CEM,Public,0.44219014,Mount Pleasant Church Cemetery,,7/1/2025 16:11,Google Maps,,,693c4198-4b82-441a-bcfb-dc58c9c467bc,7/1/2025 16:11,19261.80273,565.515464
23285,CEMETERY,Mount Pleasant Presbyterian Cemetery,Township,ROS,CEM,Public,14.84889825,Mount Pleasant Presbyterian Cemetery,,7/1/2025 16:11,Ross LU,,,c448f5b7-f60f-4552-ad3a-6b2333f33346,7/1/2025 16:11,646818.0079,3759.79345
22856,CEMETERY,Mount Tabor Cemetery,Township,FAI,CEM,Public,0.05693119,Mount Tabor Cemetery,,7/1/2025 16:11,Fairfield County,,,6d0974fa-bd19-436b-9cc5-bc2fe13e8c83,7/1/2025 16:11,2479.922852,274.419043
22857,CEMETERY,Mount Tabor Cemetery,Township,FAI,CEM,Public,0.47406361,Mount Tabor Cemetery,,7/1/2025 16:11,Fairfield County,,,9d955117-2e93-43da-ba35-e190da6b146a,7/1/2025 16:11,20650.21069,592.6441226
25571,CEMETERY,Mount Tabor Cemetery,Township,ROS,CEM,Public,5.7762612,Mount Tabor Cemetery,,7/1/2025 16:11,Google Maps,,,81c71bc9-38f1-4065-87d8-c239f3799c9d,7/1/2025 16:11,251613.9377,2903.787572
25658,CEMETERY,Mount Tabor Cemetery,Township,HOC,CEM,Public,1.16935943,Mount Tabor Cemetery,,7/1/2025 16:11,Google Maps,,,f49295e7-63fb-4c69-8db4-2f16d74fcf35,7/1/2025 16:11,50937.29712,962.7331447
23733,CEMETERY,Mount Tabor Methodist Episcopal Cemetery,Township,MRW,CEM,Public,0.26830256,Mount Tabor Methodist Episcopal Cemetery,,7/1/2025 16:11,parcels,,,e98f5cfa-0ccf-4e3f-b6db-d241b8c4089e,7/1/2025 16:11,11687.2594,434.0199747
23734,CEMETERY,Mount Tabor Methodist Episcopal Cemetery,Township,MRW,CEM,Public,0.70637399,Mount Tabor Methodist Episcopal Cemetery,,7/1/2025 16:11,parcels,,,f1ac1ea3-372f-4386-a9ae-1ada09877c91,7/1/2025 16:11,30769.65137,750.9547386
22774,CEMETERY,Mount Zion Cemetery,Township,FAI,CEM,Public,0.6416882,Mount Zion Cemetery,,7/1/2025 16:11,Fairfield County,,,2e4e4d8e-aca5-431c-a083-3988122fa281,7/1/2025 16:11,27951.93811,687.5311016
25943,CEMETERY,Mount Zion Cemetery,Township,FAI,CEM,Public,0.5967768,Mount Zion Cemetery,,7/1/2025 16:11,Google Maps,,,11a485bf-8792-48e1-843c-56aafedcfd1d,7/1/2025 16:11,25995.59766,681.1636644
23009,CEMETERY,Mt Calvary,Township,FRA,CEM,Public,42.11052268,Mt Calvary,,7/1/2025 16:11,,,Mt Calvary,048b9134-41f4-42b1-9a1b-0a08b361e35d,7/1/2025 16:11,1834334.368,5462.748363
23311,CEMETERY,Mt Calvary Cemetery,Mount Vernon,KNO,CEM,Public,53.49520104,Mt Calvary Cemetery,,7/1/2025 16:11,Knox,,Mt Calvary Cemetery,51390789-9919-4d72-8bcc-7e04c4eac515,7/1/2025 16:11,2330250.958,6519.291311
22797,CEMETERY,Mt Carmel,Township,FAI,CEM,Public,1.00702229,Mt Carmel,,7/1/2025 16:11,Fairfield County,,,1c57b33f-e38d-4cf0-a98a-6e72fb4e0850,7/1/2025 16:11,43865.89099,884.8236109
24144,CEMETERY,Mt Horeb Cemetery ,Somerset ,PER,CEM,Public,4.56876542,Mt Horeb Cemetery ,,7/1/2025 16:11,orthos/google maps,,,ac97113a-d211-4fb9-8150-22b03b983cc3,7/1/2025 16:11,199015.4219,2287.264031
23296,GOLF,Mt Veron Country Club,Mount Vernon,KNO,GOLF,Public,186.9224829,Mt Veron Country Club,,7/1/2025 16:11,orthos,,Mt Veron Country Club,1f5337f6-e7a8-4158-b735-2169060c6ad2,7/1/2025 16:11,8142343.358,30174.80218
23068,CEMETERY,Mt Zion United Brethren,Dublin,FRA,CEM,Public,1.56670855,Mt Zion United Brethren,,7/1/2025 16:11,Dublin,,,f9a8d68f-2e83-4d4f-a537-6cd70b3eadce,7/1/2025 16:11,68245.8241,1059.60836
22600,RECREATION,Mt. Carmel Youth Sports Complex (Private),Pickerington,FAI,SPU,Private,53.7668919,Mt. Carmel Youth Sports Complex (Private),637,7/1/2025 16:11,Fairfield County, , ,99dd58b3-593c-4471-af84-78e5b26b3998,7/1/2025 16:11,2342085.811,7886.591867
25236,CEMETERY,Muddy Run Cemetery,Township,LOG,CEM,Public,0.23656267,Muddy Run Cemetery,,7/1/2025 16:11,Google Maps,,,4d082d45-4ca0-4403-bbb2-44ce379432fd,7/1/2025 16:11,10304.67004,529.5145413
22841,CEMETERY,Mudhouse Cemetery,Township,FAI,CEM,Public,1.48450743,Mudhouse Cemetery,,7/1/2025 16:11,Fairfield County,,,28d73a6d-c73c-4eee-9fc0-cbe314927b97,7/1/2025 16:11,64665.1438,1136.760898
23023,CEMETERY,Muffin Township,Gahanna,FRA,CEM,Public,0.72919489,Muffin Township,,7/1/2025 16:11,,,,7a822184-39ec-47b4-94c4-3a1cbec5e021,7/1/2025 16:11,31763.72961,726.7524192
23024,CEMETERY,Muffin Township,Gahanna,FRA,CEM,Public,8.4497836,Muffin Township,,7/1/2025 16:11,,,,bdd912d1-e558-4bfb-84ff-a6bea36eaa75,7/1/2025 16:11,368072.5736,2543.365299
23052,CEMETERY,Muhlenberg Twp Cemetery,Darbyville,PIC,CEM,Public,17.23498,Muhlenberg Twp Cemetery,,7/1/2025 16:11,Pickaway parcels,,Muhlenberg Twp Cemetery,756f7fe2-ada8-45b0-a46e-52dbd5b14c95,7/1/2025 16:11,750755.7289,4193.162908
24289,GOLF,Muirfield Village Golf Course,Dublin,FRA,GOLF,Public,152.6761142,Muirfield Village Golf Course,430,7/1/2025 16:11,,,Muirfield Village Golf Course,b574ad0e-27ce-48af-9094-e442e94b5da8,7/1/2025 16:11,6650571.532,26307.02396
24290,GOLF,Muirfield Village Golf Course,Dublin,DEL,GOLF,Public,147.4462351,Muirfield Village Golf Course,430,7/1/2025 16:11,,,Muirfield Village Golf Course,5211725c-1461-4467-a676-8777926c028b,7/1/2025 16:11,6422758.001,31020.74717
24291,GOLF,Muirfield Village Golf Course,Dublin,FRA,GOLF,Public,32.8499231,Muirfield Village Golf Course,430,7/1/2025 16:11,,,Muirfield Village Golf Course,513d67ff-5db9-4add-b2c8-5a47a7ee6f8d,7/1/2025 16:11,1430942.651,11024.18544
24292,GOLF,Muirfield Village Golf Course,Dublin,FRA,GOLF,Public,2.31178859,Muirfield Village Golf Course,430,7/1/2025 16:11,,,,7957969f-ba46-449e-8471-6f9a91742c06,7/1/2025 16:11,100701.5109,1352.052655
24293,GOLF,Muirfield Village Golf Course,Dublin,FRA,GOLF,Public,2.19672044,Muirfield Village Golf Course,430,7/1/2025 16:11,,,,f677763d-9787-41f1-a836-b7bdd53c38ca,7/1/2025 16:11,95689.14246,1630.160967
24294,GOLF,Muirfield Village Golf Course,Dublin,FRA,GOLF,Public,5.2306919,Muirfield Village Golf Course,430,7/1/2025 16:11,,,Muirfield Village Golf Course,5734851b-6f75-4fd3-9c7d-4efb11bf7a66,7/1/2025 16:11,227848.9388,2892.789162
24295,GOLF,Muirfield Village Golf Course,Dublin,DEL,GOLF,Public,54.63250892,Muirfield Village Golf Course,430,7/1/2025 16:11,,,Muirfield Village Golf Course,6b45f931-a345-4c48-87f5-e7b17ad6a33a,7/1/2025 16:11,2379792.089,15590.28939
24296,GOLF,Muirfield Village Golf Course,Dublin,DEL,GOLF,Public,28.27868202,Muirfield Village Golf Course,430,7/1/2025 16:11,,,Muirfield Village Golf Course,2a52f7d2-1d11-4cc5-85fa-caa711cda6d4,7/1/2025 16:11,1231819.389,8853.724475
24297,GOLF,Muirfield Village Golf Course,Dublin,DEL,GOLF,Public,26.88449114,Muirfield Village Golf Course,430,7/1/2025 16:11,,,Muirfield Village Golf Course,06d30431-dc46-463f-812a-a349009ce1b7,7/1/2025 16:11,1171088.434,5021.268503
24298,GOLF,Muirfield Village Golf Course,Dublin,DEL,GOLF,Public,34.41914513,Muirfield Village Golf Course,430,7/1/2025 16:11,,,Muirfield Village Golf Course,d6d8127a-15fa-4eb6-9ba2-bd42b0128d09,7/1/2025 16:11,1499297.963,9214.225037
24299,GOLF,Muirfield Village Golf Course,Dublin,DEL,GOLF,Public,105.6430735,Muirfield Village Golf Course,430,7/1/2025 16:11,,,Muirfield Village Golf Course,d8b47725-2fb4-4865-94ab-278baefcd134,7/1/2025 16:11,4601812.278,12644.88713
24300,GOLF,Muirfield Village Golf Course,Dublin,DEL,GOLF,Public,52.16056881,Muirfield Village Golf Course,430,7/1/2025 16:11,,,Muirfield Village Golf Course,5972d5b6-f923-414d-9a63-b7e0cd04524f,7/1/2025 16:11,2272114.377,13877.02505
22568,PARK,Muirfield Village Park,Dublin,DEL,C,Public,16.22282408,Muirfield Village Park,565,7/1/2025 16:11,, ,Muirfield Village Park,983a9369-a6c8-4f03-b855-3a22f6d7f43f,7/1/2025 16:11,706666.2172,5202.551482
22685,RECREATION,Municipal Park And Recreation Center,Obetz,FRA,SPU,Public,2.89358092,Municipal Park and Recreation Center,431,7/1/2025 16:11,,,,271a2455-f02f-4e9f-94ea-5dd6dc04cd5d,7/1/2025 16:11,126044.3848,1501.984586
22684,PARK,Murfin Fields,Grove City,FRA,C,Public,50.39875564,Murfin Fields,433,7/1/2025 16:11,Grove City,Murfin Fields,Murfin Fields,4572b02b-bd83-4299-b450-10a1e5ba5902,7/1/2025 16:11,2195369.795,6780.579355
22411,PARK,Murphy Park,Township,DEL,C,Public,5.69334634,Murphy Park,434,7/1/2025 16:11,DALIS, ,Murphy Park,b2fc8522-6a76-44e8-bd27-d253ea28e6b8,7/1/2025 16:11,248002.1669,2548.596813
25708,CEMETERY,Murray City Cemetery,Murray City,HOC,CEM,Public,0.31617287,Murray City Cemetery,,7/1/2025 16:11,Google Maps,,,63c6455e-f0dc-493c-b329-a2f4049281c3,7/1/2025 16:11,13772.49023,474.8541339
25707,PARK,Murray City Park,Murray City,HOC,C,Public,9.31146924,Murray City Park,,7/1/2025 16:11,Google Maps,,Murray City Park,18df28d1-9cbd-42d5-b99a-7a15900e87e6,7/1/2025 16:11,405607.5999,3962.40998
25256,PARK,Myeerah Nature Preserve,Township,LOG,PR,Public,435.549976,Myeerah Nature Preserve,,7/1/2025 16:11,Google Maps,,Myeerah Nature Preserve,b38ab41e-22a3-4860-9216-6c3a58b4aaef,7/1/2025 16:11,18972556.96,18311.62614
25913,CEMETERY,Myers Cemetery,Township,FAI,CEM,Public,1.38759738,Myers Cemetery,,7/1/2025 16:11,Google Maps,,,cb9188c4-6817-46e7-b0e7-7d54d971e12f,7/1/2025 16:11,60443.74219,1023.691168
25914,CEMETERY,Myers Cemetery,Township,FAI,CEM,Public,0.15896484,Myers Cemetery,,7/1/2025 16:11,Google Maps,,,4cd4b187-1b01-4809-8e69-a1bb16543214,7/1/2025 16:11,6924.508423,370.09008
25274,CEMETERY,Myres Cemetery,Township,MAR,CEM,Public,0.24885264,Myres Cemetery,,7/1/2025 16:11,Google Maps,,,5963925a-8374-4dd3-9e3b-806b87f0bb4e,7/1/2025 16:11,10840.02087,420.6350169
24756,GREEN SPACE,MYRTLE STREET ISLAND,Columbus,FRA,NOS,Public,0.00997981,,,7/1/2025 16:11,Columbus Park Boundaries,,,d6764213-83e2-44ff-9745-ddbbe3cd3a8a,7/1/2025 16:11,434.7208252,74.00520274
21918,PARK,Nafzger Park,Columbus,FRA,C,Public,70.53450868,Nafzger Park,435,7/1/2025 16:11,Columbus,Nafzger Park,Nafzger Park,52b317d4-a12e-48e6-bf0f-0f6999ad23dd,7/1/2025 16:11,3072483.198,8511.947361
23208,PARK,Nafzger Park,Columbus,FRA,C,Public,0.97310577,Nafzger Park,,7/1/2025 16:11,Columbus,,,a9034389-1210-4489-b98f-f8301eda76ea,7/1/2025 16:11,42388.4873,1025.892642
23834,PARK,Nafzger Park Expansion,Columbus,FRA,CON,Public,31.3467807,Nafzger Park Expansion,438,7/1/2025 16:11,Columbus,,Nafzger Park Expansion,374c1305-9bc6-4918-a4fb-d2366321c70f,7/1/2025 16:11,1365465.767,7207.353834
24054,PARK,Napoleon Park,Columbus,FRA,REC,Public,6.18080987,Napolean Park,,7/1/2025 16:11,Columbus,,Napolean Park,de106187-14ac-4922-b006-f5b5000eebf5,7/1/2025 16:11,269236.0778,3991.296154
25421,CEMETERY,Nathaniel Critchfield's Cemetery,Township,KNO,CEM,Public,2.90299412,Nathaniel Critchfield's Cemetery,,7/1/2025 16:11,Google Maps,,,dc085591-00cb-4183-afc4-b9ed0921eda8,7/1/2025 16:11,126454.4242,1638.618674
22347,GOLF,National Road Golf Course,Township,MAD,GOLF,Public,127.1292056,National Road Golf Course,590,7/1/2025 16:11,,, ,d8d5caee-9638-410d-97cf-71223997e283,7/1/2025 16:11,5537748.194,14538.1109
22545,PARK,Nature Preserve,New Albany,FRA,PR,Public,27.24406235,Nature Preserve,436,7/1/2025 16:11,, ,Nature Preserve,2ad33b03-df78-47c5-96ac-eee1bfe16705,7/1/2025 16:11,1186751.356,5041.430214
22546,PARK,Nature Preserve,New Albany,FRA,PR,Public,6.32926853,Nature Preserve,437,7/1/2025 16:11,, ,Nature Preserve,e31bfede-4e46-4de4-b4df-e0d35ba49cff,7/1/2025 16:11,275702.937,2948.452626
24427,PARK,Nature Preserve,New Albany,LIC,NOS,Public,2.98497015,Nature Preserve,,7/1/2025 16:11,Licking County,,,15a6006f-a440-4e7c-8061-b1fe5b1217c9,7/1/2025 16:11,130025.2993,1546.636936
24428,PARK,Nature Preserve,New Albany,LIC,NOS,Public,0.34036798,Nature Preserve,,7/1/2025 16:11,Licking County,,,978c2e8a-d0e8-4243-9dc0-559ce863f415,7/1/2025 16:11,14826.42932,885.9655891
24429,PARK,Nature Preserve,New Albany,LIC,NOS,Public,0.2143254,Nature Preserve,,7/1/2025 16:11,Licking County,,,b641287f-9986-4b42-8f40-3422926b86a2,7/1/2025 16:11,9336.014771,977.2487793
24393,PARK,Nature Preserve Conkles Hollow,Township,HOC,PR,Public,14.24935351,Nature Preserve Conkles Hollow,,7/1/2025 16:11,ODNR,,Nature Preserve Conkles Hollow,5a464f15-fe8f-4386-802a-445f0ccf211f,7/1/2025 16:11,620701.8389,4088.778233
23823,GREEN SPACE,Nebraska Lane Open Space,Columbus,FRA,NOS,Public,0.14091948,,,7/1/2025 16:11,,,,a5fae4d0-d4e0-4edd-b158-598d39d3160e,7/1/2025 16:11,6138.452393,1020.644467
23824,GREEN SPACE,Nebraska Lane Open Space,Columbus,FRA,NOS,Public,0.10867676,,,7/1/2025 16:11,,,,57731ca3-233f-4730-9071-eff2d088c294,7/1/2025 16:11,4733.959717,817.8487536
23825,GREEN SPACE,Nebraska Lane Open Space,Columbus,FRA,NOS,Public,4.07201198,,,7/1/2025 16:11,,,,07e1352d-53a7-4991-a898-c73e12159a73,7/1/2025 16:11,177376.8412,4307.774658
22467,PARK,Neff Street Parkland,Columbus,FRA,PRES,Public,3.77075989,Neff Street Park,257,7/1/2025 16:11,Columbus, ,,8cf02f4e-9cd4-4c04-8946-f961328688a2,7/1/2025 16:11,164254.3011,1743.141082
22602,PARK,Nelson Park,Pickerington,FAI,N,Public,1.71692689,Nelson Park,441,7/1/2025 16:11,Fairfield County, ,,2942c441-8abd-421b-8d6f-17871abc0f10,7/1/2025 16:11,74789.33533,1098.489023
22705,PARK,Nelson Park,Columbus,FRA,C,Public,29.54379488,Nelson Park,440,7/1/2025 16:11,parcels,Nelson Park,Nelson Park,9c5d79c5-f878-485d-8cf4-60cd01c1733b,7/1/2025 16:11,1286927.705,9971.775353
25078,PARK,Nelson Park,Columbus,FRA,C,Public,0.55956487,Nelson Park,,7/1/2025 16:11,MORPC Standardized ELU 2021,,,107cc454-aeaf-4c73-9368-276391c9c021,7/1/2025 16:11,24374.64582,785.5502297
22762,CEMETERY,New Albany,New Albany,FRA,CEM,Public,0.50482476,New Albany,,7/1/2025 16:11,,,,5c519464-a5b0-428e-8617-f2a0a3976122,7/1/2025 16:11,21990.16638,623.7966963
22763,CEMETERY,New Albany,New Albany,FRA,CEM,Public,0.00595355,New Albany,,7/1/2025 16:11,,,,c0a4891d-2656-4bf4-ae60-ee62e2cb8923,7/1/2025 16:11,259.3369141,132.7543534
23698,GOLF,New Albany Country Club,New Albany,FRA,GOLF,Private,466.9752438,New Albany Country Club,,7/1/2025 16:11,parcels,,New Albany Country Club,c13aff23-37f7-4670-b2b0-5a183000b356,7/1/2025 16:11,20341441.62,55595.34006
23818,GREEN SPACE,New Albany Farms Open Space,New Albany,FRA,NOS,Public,7.83177962,,,7/1/2025 16:11,parcels,,,8f191995-1201-45da-b80b-bcd39feb58a9,7/1/2025 16:11,341152.3202,3372.071896
22262,GOLF,New Albany Links,New Albany,FRA,GOLF,Public,193.6414761,New Albany Links,443,7/1/2025 16:11,,,New Albany Links,78ad4708-19d2-42c6-b5a5-48fd707f2003,7/1/2025 16:11,8435022.698,56056.20989
22799,CEMETERY,New Basil,Township,FAI,CEM,Public,7.38329784,New Basil,,7/1/2025 16:11,Fairfield County,,New Basil,5212959b-4d5e-4547-8744-4675bf7486bb,7/1/2025 16:11,321616.4536,2407.796818
23437,PARK,New Beginnings Park,Columbus,FRA,N,Public,0.75129581,New Beginnings Park,,7/1/2025 16:11,Columbus,,,19a8ba72-a7da-4fb2-b801-7ee76b689e96,7/1/2025 16:11,32726.44543,735.1317017
23185,PARK,New California Park,Township,UNI,N,Public,8.54536564,New California Park,,7/1/2025 16:11,Union County,,New California Park,95894158-3f24-4381-ae01-aae2b235da1e,7/1/2025 16:11,372236.127,2490.062817
23187,PARK,New California Park,Township,UNI,N,Public,8.54536564,New California Park,,7/1/2025 16:11,Union County,,New California Park,b5514a64-8306-4bd2-89ba-ace2fcff0632,7/1/2025 16:11,372236.127,2490.062817
22956,CEMETERY,New Darby Cemetery,Township,UNI,CEM,Public,0.37546391,New Darby Cemetery,,7/1/2025 16:11,Union County,,,d5e8107a-16c4-445e-a90d-456e1f723741,7/1/2025 16:11,16355.20789,546.8228701
22957,CEMETERY,New Darby Cemetery,Township,UNI,CEM,Public,1.2526079,New Darby Cemetery,,7/1/2025 16:11,Union County,,,98657caa-87ea-47d6-a7cc-83a6c1468758,7/1/2025 16:11,54563.60022,961.1077878
23920,CEMETERY,New Holland Cemetery,New Holland,PIC,CEM,Public,14.21703343,New Holland Cemetery,,7/1/2025 16:11,Pickaway parcels,,New Holland Cemetery,ca3ac1f9-41e3-4ec7-b3e4-14275c9c3cda,7/1/2025 16:11,619293.9763,3357.436957
24049,PARK,New Holland Park,New Holland,PIC,N,Public,2.14646219,New Holland Park,,7/1/2025 16:11,,,,95e19c3e-47c3-46e2-b8c4-2eb0b8ad8c59,7/1/2025 16:11,93499.8927,1360.847259
25491,PARK,New Holland Park and Pond,New Holland,FAY,C,Public,1.1387564,New Holland Park and Pond,,7/1/2025 16:11,Google Maps,,,64f392bf-5791-4230-ba28-37a14bf37898,7/1/2025 16:11,49604.22888,936.9945445
25492,PARK,New Holland Park and Pond,New Holland,FAY,C,Public,10.61319391,New Holland Park and Pond,,7/1/2025 16:11,Google Maps,,New Holland Park and Pond,8f6ebe32-f9d5-41b2-a3a5-3f27a09d358f,7/1/2025 16:11,462310.7267,2920.541873
25493,PARK,New Holland Park and Pond,New Holland,FAY,C,Public,1.1928838,New Holland Park and Pond ,,7/1/2025 16:11,Google Maps,,,50b68cd7-ab53-42f9-9b58-9ed1bbf06326,7/1/2025 16:11,51962.01849,1581.190714
25751,CEMETERY,New Lebanon Cemetery,Junction City ,PER,CEM,Public,4.86031405,New Lebanon Cemetery,,7/1/2025 16:11,Google Maps,,,914e25cd-c496-45ad-ba9a-ef1465810b76,7/1/2025 16:11,211715.2799,1829.755788
25767,CEMETERY,New Lexington Cemetery,Township,PER,CEM,Public,5.67459165,New Lexington Cemetery,,7/1/2025 16:11,Google Maps,,,5af6d5e0-1464-4647-a35b-6c602e3d2ea6,7/1/2025 16:11,247185.2124,2293.953691
25768,CEMETERY,New Lexington Cemetery,Township,PER,CEM,Public,26.19240856,New Lexington Cemetery,,7/1/2025 16:11,Google Maps,,,af6e1561-4018-4ab8-b8f9-7ae3c932f146,7/1/2025 16:11,1140941.317,4265.663983
22919,CEMETERY,New Mill Creek Cemetery,Township,UNI,CEM,Public,1.47594544,New Mill Creek Cemetery,,7/1/2025 16:11,Union County,,,4051431f-0b34-408c-82d1-bd1515168373,7/1/2025 16:11,64292.18323,1243.618484
22814,CEMETERY,New Oakthorpe,Township,FAI,CEM,Public,1.85950338,New Oakthorpe,,7/1/2025 16:11,Fairfield County,,,5ba59a69-312a-45c7-9b93-a0194528737d,7/1/2025 16:11,80999.96741,1228.843694
22650,PARK,New Park,Reynoldsburg,FRA,C,Public,7.95343757,New Park,445,7/1/2025 16:11,, ,New Park,d93c0ca9-f530-49c4-9b8b-32bc464add9d,7/1/2025 16:11,346451.7404,6685.926255
25141,CEMETERY,New Philadelphia Cemetery,Township,LOG,CEM,Public,2.03488944,New Philadelphia Cemetery,,7/1/2025 16:11,Google Maps,,,b63fc70d-ab26-4305-b8e1-6a6bdcf44336,7/1/2025 16:11,88639.78406,1348.333572
25142,CEMETERY,New Philadelphia Cemetery,Township,LOG,CEM,Public,0.41711766,New Philadelphia Cemetery,,7/1/2025 16:11,Google Maps,,,83069c20-00c9-4312-9c1a-5fff3a73ac1b,7/1/2025 16:11,18169.64502,561.7712908
25665,CEMETERY,New Plymouth Cemetery,Township,HOC,CEM,Public,1.3510726,New Plymouth Cemetery,,7/1/2025 16:11,Google Maps,,,4625179d-1543-41b1-8c6d-cdf7448bc9f0,7/1/2025 16:11,58852.72241,1038.68968
25723,CEMETERY,New Reading Cemetery,Township,PER,CEM,Public,0.25000099,New Reading Cemetery,,7/1/2025 16:11,Google Maps,,,6786dd97-8c85-4e80-b475-beee2dc31492,7/1/2025 16:11,10890.04309,462.0008083
25724,CEMETERY,New Reading Cemetery,Township,PER,CEM,Public,0.25000071,New Reading Cemetery,,7/1/2025 16:11,Google Maps,,,c66a0b9c-2718-465d-98f7-e4330562b23d,7/1/2025 16:11,10890.03101,462.0004609
25725,CEMETERY,New Reading Cemetery,Township,PER,CEM,Public,0.25000071,New Reading Cemetery,,7/1/2025 16:11,Google Maps,,,90b0f1f4-457e-4f23-a268-a0a236533d6f,7/1/2025 16:11,10890.03088,462.0004609
25726,CEMETERY,New Reading Cemetery,Township,PER,CEM,Public,0.24999947,New Reading Cemetery,,7/1/2025 16:11,Google Maps,,,f139fe6c-d8e4-4313-95d6-d4f5ebc62fd3,7/1/2025 16:11,10889.97668,461.999806
25727,CEMETERY,New Reading Cemetery,Township,PER,CEM,Public,0.25000071,New Reading Cemetery,,7/1/2025 16:11,Google Maps,,,657b7df3-443a-4339-a12c-51d00cd7dbd3,7/1/2025 16:11,10890.03101,462.0004609
25728,CEMETERY,New Reading Cemetery,Township,PER,CEM,Public,0.25000007,New Reading Cemetery,,7/1/2025 16:11,Google Maps,,,149e5010-385d-4280-a246-709d09fafb56,7/1/2025 16:11,10890.00317,462.0001135
25729,CEMETERY,New Reading Cemetery,Township,PER,CEM,Public,0.24999883,New Reading Cemetery,,7/1/2025 16:11,Google Maps,,,e8dafc40-e0e5-46ef-858e-d5bf03e76ecd,7/1/2025 16:11,10889.94922,461.9994585
25730,CEMETERY,New Reading Cemetery,Township,PER,CEM,Public,0.24999918,New Reading Cemetery,,7/1/2025 16:11,Google Maps,,,2c7cbc81-6f00-4675-8a84-784aa7d69e4d,7/1/2025 16:11,10889.96448,461.9994585
25731,CEMETERY,New Reading Cemetery,Township,PER,CEM,Public,0.2500005,New Reading Cemetery,,7/1/2025 16:11,Google Maps,,,cf9d2bd3-3d05-4621-b411-34266d9df3fa,7/1/2025 16:11,10890.02185,462.0001533
25732,CEMETERY,New Reading Cemetery,Township,PER,CEM,Public,0.24999918,New Reading Cemetery,,7/1/2025 16:11,Google Maps,,,db08da69-011b-44d0-aa65-19be1dfda929,7/1/2025 16:11,10889.96448,461.9994586
25733,CEMETERY,New Reading Cemetery,Township,PER,CEM,Public,0.24999926,New Reading Cemetery,,7/1/2025 16:11,Google Maps,,,fe640ac4-5f88-4b6a-ab0b-a7751b38e930,7/1/2025 16:11,10889.96765,461.9994984
25734,CEMETERY,New Reading Cemetery,Township,PER,CEM,Public,0.25000071,New Reading Cemetery,,7/1/2025 16:11,Google Maps,,,b1398956-2bbc-456a-a9e8-26c1e7cb4e06,7/1/2025 16:11,10890.03076,462.0004609
25048,RECREATION,New Salem Burnham Recreational Area,Township,FAI,REC,Public,1.58047827,New Salem Burnham Recreational Area,,7/1/2025 16:11,MORPC Standardized ELU 2021,,,268a7762-abac-4e2f-90fb-978543f01bde,7/1/2025 16:11,68845.63342,1218.200363
25049,RECREATION,New Salem Burnham Recreational Area,Township,FAI,REC,Public,0.21268605,New Salem Burnham Recreational Area,,7/1/2025 16:11,MORPC Standardized ELU 2021,,,362f9f9b-426a-460c-a578-a9c08f62ecde,7/1/2025 16:11,9264.60437,419.6999661
25050,RECREATION,New Salem Burnham Recreational Area,Township,FAI,REC,Public,0.21268547,New Salem Burnham Recreational Area,,7/1/2025 16:11,MORPC Standardized ELU 2021,,,0653d17b-83e9-45db-ad8b-5d49516364b3,7/1/2025 16:11,9264.579224,419.6999661
25051,RECREATION,New Salem Burnham Recreational Area,Township,FAI,REC,Public,0.23734196,New Salem Burnham Recreational Area,,7/1/2025 16:11,MORPC Standardized ELU 2021,,,f92e34b0-597c-4691-8ab2-9fd64da240ef,7/1/2025 16:11,10338.61536,427.6002368
25252,CEMETERY,New Salem Cemetery,Township,LOG,CEM,Public,1.37591305,New Salem Cemetery,,7/1/2025 16:11,Google Maps,,,8b7b08eb-2f6d-4945-9d98-85bfc13ad43f,7/1/2025 16:11,59934.77258,1146.336862
24141,CEMETERY,New St Josephs Priory Cemetery,Somerset,PER,CEM,Public,3.33687008,New St Josephs Priory Cemetery,,7/1/2025 16:11,orthos/google maps,,,c2251b48-4f62-4fb3-b6b6-d75e5a05f238,7/1/2025 16:11,145354.0603,1525.81135
22883,CEMETERY,New St Thomas Luthern,Township,FAI,CEM,Public,1.12500288,New St Thomas Luthern,,7/1/2025 16:11,Fairfield County,,,8858b766-e52c-4a23-b97f-3b8f0b012cba,7/1/2025 16:11,49005.12549,891.0010662
25759,CEMETERY,New Straitsville Joint Cemetery,Township,PER,CEM,Public,20.77669212,New Straitsville Joint Cemetery,,7/1/2025 16:11,Google Maps,,,0d5909b4-b2ed-4cff-8d35-2f3939b0717e,7/1/2025 16:11,905032.7085,4696.022929
23000,CEMETERY,Newark Memorial Gardens,Township,LIC,CEM,Public,24.18554833,Newark Memorial Gardens,,7/1/2025 16:11,Existing Land Use 2021,,Newark Memorial Gardens,fab872ef-3684-49dd-ac40-5410d3c49697,7/1/2025 16:11,1053522.485,4556.544943
25998,CEMETERY,Newark Memorial Gardens,Township,LIC,CEM,Public,9.4743706,Newark Memorial Gardens,,7/1/2025 16:11,Existing Land Use 2021,,,d56bde41-55dc-47bb-ac14-f318c273b5c0,7/1/2025 16:11,412703.5834,3015.219446
25999,CEMETERY,Newark Memorial Gardens,Township,LIC,CEM,Public,0.99376736,Newark Memorial Gardens,,7/1/2025 16:11,Existing Land Use 2021,,,8fba6a9e-83b0-48e6-a03c-43d8b1e60c65,7/1/2025 16:11,43288.5061,1289.099977
26000,CEMETERY,Newark Memorial Gardens,Township,LIC,CEM,Public,2.1302891,Newark Memorial Gardens,,7/1/2025 16:11,Existing Land Use 2021,,,79fdc6f0-c1ed-40b7-a874-f30c20087945,7/1/2025 16:11,92795.39307,1264.040972
26001,CEMETERY,Newark Memorial Gardens,Township,LIC,CEM,Public,5.21937712,Newark Memorial Gardens,,7/1/2025 16:11,Existing Land Use 2021,,,68027906-3549-4ab6-a087-3fbf5e207958,7/1/2025 16:11,227356.0673,1936.780413
26002,CEMETERY,Newark Memorial Gardens,Township,LIC,CEM,Public,1.91323288,Newark Memorial Gardens,,7/1/2025 16:11,Existing Land Use 2021,,,1af2fcf9-5e94-468a-9522-273c89f4c8b1,7/1/2025 16:11,83340.42444,1472.730713
26003,CEMETERY,Newark Memorial Gardens,Township,LIC,CEM,Public,3.1264948,Newark Memorial Gardens,,7/1/2025 16:11,Existing Land Use 2021,,,25c1734a-0f6d-442c-a96a-8968b64435b7,7/1/2025 16:11,136190.1134,2127.669031
26004,CEMETERY,Newark Memorial Gardens,Township,LIC,CEM,Public,0.9533639,Newark Memorial Gardens,,7/1/2025 16:11,Existing Land Use 2021,,,0226496d-85db-46e2-adb0-d6428c0ecf12,7/1/2025 16:11,41528.53162,837.3421305
26005,CEMETERY,Newark Memorial Gardens,Township,LIC,CEM,Public,2.02227799,Newark Memorial Gardens,,7/1/2025 16:11,Existing Land Use 2021,,,8169c470-ce88-4977-9be1-8c9ca3adc4c5,7/1/2025 16:11,88090.4292,1417.647497
26006,CEMETERY,Newark Memorial Gardens,Township,LIC,CEM,Public,0.50108819,Newark Memorial Gardens,,7/1/2025 16:11,Existing Land Use 2021,,,4e6e193f-a925-4d10-adb4-0479e19c240c,7/1/2025 16:11,21827.40161,682.0224143
26007,CEMETERY,Newark Memorial Gardens,Township,LIC,CEM,Public,1.79312845,Newark Memorial Gardens,,7/1/2025 16:11,Existing Land Use 2021,,,d97ba373-02e5-4b00-9633-1ac5784b3d1f,7/1/2025 16:11,78108.67517,1268.399794
26008,CEMETERY,Newark Memorial Gardens,Township,LIC,CEM,Public,3.16403534,Newark Memorial Gardens,,7/1/2025 16:11,Existing Land Use 2021,,,b2df2fdf-336b-4c10-ab88-db8a1516be9a,7/1/2025 16:11,137825.3796,2291.089168
26009,CEMETERY,Newark Memorial Gardens,Township,LIC,CEM,Public,20.36532051,Newark Memorial Gardens,,7/1/2025 16:11,Existing Land Use 2021,,,48dadf9f-d47f-4eca-b9da-6b9b45093a63,7/1/2025 16:11,887113.3612,4139.298857
26010,CEMETERY,Newark Memorial Gardens,Township,LIC,CEM,Public,0.89626863,Newark Memorial Gardens,,7/1/2025 16:11,Existing Land Use 2021,,,883d1b27-0e96-4dde-a411-471a0223a81e,7/1/2025 16:11,39041.46143,1004.119363
26011,CEMETERY,Newark Memorial Gardens,Township,LIC,CEM,Public,0.54081043,Newark Memorial Gardens,,7/1/2025 16:11,Existing Land Use 2021,,,d74f6fce-fd1b-4f7a-8de8-16afafae47a6,7/1/2025 16:11,23557.70239,617.8062132
26012,CEMETERY,Newark Memorial Gardens,Township,LIC,CEM,Public,0.92252768,Newark Memorial Gardens,,7/1/2025 16:11,Existing Land Use 2021,,,9c2fdf30-d225-4bc7-884b-8a29d78277a0,7/1/2025 16:11,40185.30579,848.6223021
24004,CEMETERY,Newark Twp Cemetery Trs,Township,LIC,CEM,Public,0.2942223,Newark Twp Cemetery,,7/1/2025 16:11,Licking Co Parcels,,,ad1ac997-11b4-4b8a-9755-0f1f3fb80d96,7/1/2025 16:11,12816.32349,490.5954852
24779,GREEN SPACE,Newell Recreation Preserve,Township,LIC,REC,Public,39.99224676,,,7/1/2025 16:11,MORPC Standardized ELU 2021,,,891ad15e-37ce-4206-9a5c-258ae475cf66,7/1/2025 16:11,1742062.269,5500.662913
22977,CEMETERY,Newhouse Cemetery,Township,DEL,CEM,Public,1.364901,Newhouse Cemetery,,7/1/2025 16:11,,,,10d53107-5b97-4583-b371-28d6bfefbf8f,7/1/2025 16:11,59455.08777,977.0681558
25895,CEMETERY,Newkirk Cemetery,Township,FAI,CEM,Private,0.21935104,Newkirk Cemetery,,7/1/2025 16:11,Google Maps,,,2d1cbb54-b573-45d2-ad70-72948ea94c27,7/1/2025 16:11,9554.931396,394.3724901
25644,CEMETERY,Nihizer Cemetery,Township,HOC,CEM,Private ,1.04479266,Nihizer Cemetery,,7/1/2025 16:11,Google Maps,,,7a74b49d-ac03-4b42-b6b4-4bb624b3fcf7,7/1/2025 16:11,45511.16821,936.1843619
23250,CEMETERY,Noah Rose,Township,FRA,CEM,Public,0.02200856,Noah Rose,,7/1/2025 16:11,FCA,,,785a8a21-34fe-4794-8de2-cc64400a6257,7/1/2025 16:11,958.6928711,126.4096889
25550,CEMETERY,Noble Cemetery,Township,ROS,CEM,Private,0.3173556,Noble Cemetery,,7/1/2025 16:11,Google Maps,,,b9f11c90-baf6-4c7e-97e7-4394d21617f9,7/1/2025 16:11,13824.0097,482.7812738
24239,PARK,Noe-Bixby North Parkland,Columbus,FRA,N,Public,4.4379577,Noe-Bixby North Parkland,,7/1/2025 16:11,,,,5559dbbe-4a56-400c-8c09-7ba3c5e5be80,7/1/2025 16:11,193317.4374,1878.364901
22202,PARK,Noe-Bixby Park,Columbus,FRA,N,Public,11.12637558,Noe-Bixby Park,459,7/1/2025 16:11,FCA, ,Noe-Bixby Park,ddb16024-80b9-4335-9e36-28804c381f1a,7/1/2025 16:11,484664.9197,3987.900461
26426,PARK,NOE-BIXBY PARKLAND COH,Columbus,FRA,PRES,,,,,7/1/2025 16:11,Columbus,,,d8401d8e-815b-460f-ba94-58f0a86591e1,7/1/2025 16:11,2376898.27,9269.331946
24074,PARK,North 4Th Park,Columbus,FRA,N,Public,0.45979885,North 4th Park,,7/1/2025 16:11,Columbus,,,bced8011-1f37-4116-bc0e-0dc4ee511d79,7/1/2025 16:11,20028.83813,1260.452788
24226,PARK,North Bank Park,Columbus,FRA,C,Public,28.07021537,North Bank Park,,7/1/2025 16:11,,,North Bank Park,0e4cbd2f-e84d-41af-8e90-765a89b5f059,7/1/2025 16:11,1222738.581,10705.32085
23727,CEMETERY,North Canaan Cemetery,Township,MRW,CEM,Public,2.44159662,North Canaan Cemetery,,7/1/2025 16:11,parcels,,,510de784-657e-4290-b9f5-23efd59e55e4,7/1/2025 16:11,106355.9485,1319.036406
22082,PARK,North East Park And Howard Rec Center,Columbus,FRA,N,Public,3.80303912,North East Park,461,7/1/2025 16:11,Columbus, ,,4fd229ee-07cb-4506-8541-82446001d817,7/1/2025 16:11,165660.3839,1975.695286
25367,CEMETERY,North Fork Cemetery,Township,MRW,CEM,Public,6.88606942,North Fork Cemetery,,7/1/2025 16:11,Google Maps,,,9602e0a3-30d7-4154-a9e6-415e67d729cb,7/1/2025 16:11,299957.1838,2212.86942
24097,CEMETERY,North Greenfield Cemetery ,West Mansfield ,LOG,CEM,Public,3.72644116,North Greenfield Cemetery ,,7/1/2025 16:11,,,,6a79e990-3eea-4626-9390-6a5ff86b1012,7/1/2025 16:11,162323.7772,2347.68935
25405,CEMETERY,North Liberty Cemetery,Township,KNO,CEM,Public,2.82084155,North Liberty Cemetery,,7/1/2025 16:11,Google Maps,,,cfe58b45-0ad4-4881-b961-f8788f08bc97,7/1/2025 16:11,122875.8575,1457.347237
25406,CEMETERY,North Liberty Cemetery,Township,KNO,CEM,Public,0.58148526,North Liberty Cemetery,,7/1/2025 16:11,Google Maps,,,96ba6855-1ab5-426e-9f2a-e251d85a70c4,7/1/2025 16:11,25329.49792,706.6109075
24361,PARK,North Murray Hill Road Open Space,Township,FRA,NOS,Public,1.05383542,North Murray Hill Road Open Space,,7/1/2025 16:11,FCA,,,5270a3e0-604e-4924-9bd3-9091867d603a,7/1/2025 16:11,45905.07117,1174.963304
22375,PARK,North Orange Park,Township,DEL,C,Public,39.84584299,North Orange Park,462,7/1/2025 16:11,DALIS,North Orange Park,North Orange Park,063eb378-cdc7-4b8b-bbe8-c088621c9c69,7/1/2025 16:11,1735684.921,8518.679733
24207,PARK,North Road Park,Township,DEL,C,Public,21.66082993,North Road Park,,7/1/2025 16:11,,,North Road Park,fdf0a7f6-e192-47c8-81ac-202f2a1e8ff7,7/1/2025 16:11,943545.7516,3915.86482
23558,PARK,North St Park,Newark,LIC,N,Public,0.94914248,North St Park,,7/1/2025 16:11,Licking County GIS file,,,75b324e1-2cb6-468a-a691-3c1356cd8158,7/1/2025 16:11,41344.64636,1116.018369
25364,CEMETERY,North Woodbury Lutheran Cemetery,Township,MRW,CEM,Public,0.57226458,North Woodbury Lutheran Cemetery,,7/1/2025 16:11,Google Maps,,,35528d78-2f98-45d6-abf9-c516a9ee129c,7/1/2025 16:11,24927.84534,740.2335653
22128,PARK,Northam Park,Upper Arlington,FRA,C,Public,21.73184029,Northam Park,463,7/1/2025 16:11,,Northam Park,Northam Park,2c974caf-f823-471b-a66f-e49cd15fdf70,7/1/2025 16:11,946638.963,4369.675833
22083,PARK,Northcrest Park,Columbus,FRA,N,Public,18.43656098,Northcrest Park,464,7/1/2025 16:11,Columbus, ,Northcrest Park,76609d11-4486-4ace-9724-04c3435cffaa,7/1/2025 16:11,803096.5966,4876.109558
21936,PARK,Northeast Quad Park,Dublin,FRA,C,Public,33.93123818,Northeast Quad Park,465,7/1/2025 16:11,Dublin,Northeast Quad Park,Northeast Quad Park,3a210ea3-4e85-45a6-a2f9-75c830fd57bb,7/1/2025 16:11,1478044.735,5591.696329
22008,PARK,Northern Woods Park,Columbus,FRA,N,Public,1.90590167,Northern Woods Park,466,7/1/2025 16:11,Columbus, ,,58a8ad41-e2d7-48d1-92ff-2b20bce4f5d0,7/1/2025 16:11,83021.07666,1265.413017
22084,PARK,Northgate Park,Columbus,FRA,N,Public,5.38230897,Northgate Park,12,7/1/2025 16:11,Columbus, ,Northgate Park,4d8d164b-2385-4b91-a587-33b4b453be2d,7/1/2025 16:11,234453.3789,2170.399487
23019,CEMETERY,Northlawn Cemetery,Township,DEL,CEM,Public,18.55885703,Northlawn Cemetery,,7/1/2025 16:11,,,,9680e12d-3061-4d57-85bd-18c280f99b6d,7/1/2025 16:11,808423.8124,3870.476205
23699,PARK,Northmoor Park,Columbus,FRA,C,Public,8.48254076,Northmoor Park,468,7/1/2025 16:11,Columbus,Northmoor Park,Northmoor Park,b31d00be-9d71-43be-9923-b35b3872485a,7/1/2025 16:11,369499.4755,4350.021138
22027,PARK,Northtowne Park,Columbus,FRA,N,Public,3.6386884,Northtowne Park,469,7/1/2025 16:11,Columbus, ,,4f542d08-2dfb-4222-9df5-4fb2d08b24b4,7/1/2025 16:11,158501.2666,1744.122106
24764,GREEN SPACE,NORTHWEST BLVD STREET ISLANDS,Columbus,FRA,NOS,Public,1.0656543,,,7/1/2025 16:11,Columbus Park Boundaries,,,c9c4ec37-0269-4701-9fc6-a39ddfacb27c,7/1/2025 16:11,46419.90125,4292.828542
21915,PARK,Northwest Park,Upper Arlington,FRA,C,Public,21.22576066,Northwest Park,470,7/1/2025 16:11,,Northwest Park,Northwest Park,7fdb67e2-c097-4c91-a3ac-701d13569dca,7/1/2025 16:11,924594.1344,4624.440452
24157,CEMETERY,Northwood Cemetery,Bellefontaine,LOG,CEM,Public,2.91469455,Northwood Cemetery,,7/1/2025 16:11,Logan County Parcels,,,193ca15a-e6a2-4834-a2d6-a0d3d5c83d5b,7/1/2025 16:11,126964.0948,1510.836229
22959,CEMETERY,Norton Cemetery,Township,DEL,CEM,Public,0.68130644,Norton Cemetery,,7/1/2025 16:11,,,,ce09eb2e-87bc-43c2-b3a1-fb17fcc62eb6,7/1/2025 16:11,29677.7085,690.7462482
22203,PARK,Norton Field,Whitehall,FRA,N,Public,1.69382494,Norton Field,471,7/1/2025 16:11,, ,,38366f7c-12f6-42a9-b6a8-9a07fb7def98,7/1/2025 16:11,73783.01453,1265.10262
22376,PARK,Nottingham Park,Delaware City,DEL,C,Public,5.82634656,Nottingham Park,472,7/1/2025 16:11,Delaware City, ,Nottingham Park,5b307852-8c39-4419-8c4f-39bf2707e777,7/1/2025 16:11,253795.656,1965.32123
25993,PARK,Nottingham Park,Delaware,DEL,C,Public,1.50718127,Nottingham Park,,7/1/2025 16:11,Existing Land Use 2021,,,4f3663f2-f490-470f-824a-ccc102fabff2,7/1/2025 16:11,65652.81628,1030.962642
25507,CEMETERY,Nuckols Cemetery,Township,ROS,CEM,Private,0.18635906,Nuckols Cemetery,,7/1/2025 16:11,Google Maps,,,2bedc23b-fe7e-4d9b-80d2-e3482507639c,7/1/2025 16:11,8117.800537,360.8109582
25687,CEMETERY,Nunemaker Cemetery,Township,HOC,CEM,Private,1.14232646,Nunemaker Cemetery,,7/1/2025 16:11,Google Maps,,,ba7c5727-e615-45ef-bffb-3e528cba7c89,7/1/2025 16:11,49759.7406,898.5767735
26038,Park,Nursery Park,Upper Arlington,FRA,C,Public,1.24054265,Nursery Park,,7/1/2025 16:11,,,,39f2db0f-df8c-4563-a3aa-964ae530d839,7/1/2025 16:11,54038.03769,1045.303414
22263,GOLF,O.S.U. Golf Course,Upper Arlington,FRA,GOLF,Public,288.6325184,O.S.U. Golf Course,473,7/1/2025 16:11,,,O.S.U. Golf Course,3861b55c-fa48-425a-bdc8-eb332cd6bb37,7/1/2025 16:11,12572832.5,14245.7477
22129,PARK,Oak Creek Parkland,Columbus,FRA,NOS,Public,5.92729885,Oak Creek Parkland,242,7/1/2025 16:11,Columbus,,,89afaa9e-4258-493c-946f-66fd514355c9,7/1/2025 16:11,258193.1373,2386.637307
23101,CEMETERY,Oak Grove,Township,FRA,CEM,Public,6.11420229,Oak Grove,,7/1/2025 16:11,Metro Parks,,Oak Grove,ca2152f9-15b6-4d92-80ca-8c21e20abe9e,7/1/2025 16:11,266334.6519,2520.787312
23001,CEMETERY,Oak Grove Cemetery,Delaware,DEL,CEM,Public,80.8990993,Oak Grove Cemetery,,7/1/2025 16:11,,,Oak Grove Cemetery,c63973cf-8491-43dd-b5ca-091a3464913f,7/1/2025 16:11,3523964.766,10564.65063
23317,CEMETERY,Oak Grove Cemetery,Gambier,KNO,CEM,Public,9.44408953,Oak Grove Cemetery,,7/1/2025 16:11,Knox,,Oak Grove Cemetery,0ff1a8ac-202a-42ba-828a-83af1784edfe,7/1/2025 16:11,411384.5398,2671.799286
24151,CEMETERY,Oak Grove Cemetery,Logan,HOC,CEM,Public,30.82898406,Oak Grove Cemetery,,7/1/2025 16:11,orthos/google maps,,,2e161bdd-cfd9-416a-8a5c-4a66f1b5360a,7/1/2025 16:11,1342910.546,4785.828868
25632,CEMETERY,Oak Grove Cemetery,Township,HOC,CEM,Public,0.54020635,Oak Grove Cemetery,,7/1/2025 16:11,Google Maps,,,b81816d4-9510-47b1-9e5d-5e179b8a413a,7/1/2025 16:11,23531.38861,719.4101377
22346,GOLF,Oak Haven Golf Course,Township,DEL,GOLF,Public,154.1137329,Oak Haven Golf Course,475,7/1/2025 16:11,,,Oak Haven Golf Course,58b2677f-bdd6-473e-8105-9ee6ca4da415,7/1/2025 16:11,6713194.207,14310.33299
23065,CEMETERY,Oak Hill Cemetery,London,MAD,CEM,Public,15.70285009,Oak Hill Cemetery,,7/1/2025 16:11,,,,7ad3144a-218f-4d75-a326-c9f174cb5fc9,7/1/2025 16:11,684016.1498,3771.837495
23979,CEMETERY,Oak Hill Cemetery,Township,LIC,CEM,Public,3.18456004,Oak Hill Cemetery,,7/1/2025 16:11,Licking Co Parcels,,,2abc581a-77ed-4a04-a0e7-ee447219a170,7/1/2025 16:11,138719.4352,1969.870583
21963,GREEN SPACE,Oak Park Drive Open Space,Township,FRA,NOS,Private,1.78769975,,546,7/1/2025 16:11,,,,78c5b503-e97f-4826-b16e-afe6a2f537d0,7/1/2025 16:11,77872.20093,1204.235196
21964,GREEN SPACE,Oak Park Drive Open Space,Township,FRA,NOS,Private,2.57001992,,488,7/1/2025 16:11,,,,13b032cb-20f7-4370-a8db-35602ecf913e,7/1/2025 16:11,111950.0677,1814.44239
21965,GREEN SPACE,Oak Park Drive Open Space,Township,FRA,NOS,Private,0.00830316,,489,7/1/2025 16:11,,,,acce9dc2-4193-4ae0-aef4-445a1da9cbf5,7/1/2025 16:11,361.6856689,76.10964891
21966,GREEN SPACE,Oak Park Drive Open Space,Township,FRA,NOS,Private,1.49011281,,490,7/1/2025 16:11,,,,733dae6a-b3fb-47cc-af75-0e67ae6bb4e5,7/1/2025 16:11,64909.31384,1323.407064
23636,GREEN SPACE,"Oak Park Open Space """"E""""",Dublin,UNI,NOS,Public,9.06786566,,,7/1/2025 16:11,Dublin,,,dabba953-9440-46f2-8686-fbe89ad47700,7/1/2025 16:11,394996.2279,3927.05565
23635,GREEN SPACE,"Oak Park Open Space """"F""""",Dublin,UNI,NOS,Public,6.29324173,,,7/1/2025 16:11,Dublin,,,ee8060ad-a43b-4f8d-a23a-5171d140e7cf,7/1/2025 16:11,274133.6085,4498.451406
23634,GREEN SPACE,"Oak Park Open Space """"H""""",Dublin,UNI,NOS,Public,8.61369686,,,7/1/2025 16:11,Dublin,,,598c9948-2aa5-4128-b413-f3349e723f2d,7/1/2025 16:11,375212.635,4939.722552
22939,CEMETERY,Oakdale Cemetery,Marysville,UNI,CEM,Public,40.5044022,Oakdale Cemetery,,7/1/2025 16:11,Union County,,Oakdale Cemetery,2d286871-a0f9-4d56-82d3-868da3709ee0,7/1/2025 16:11,1764371.762,5662.967942
22245,GOLF,Oakhurst Country Club,Township,FRA,GOLF,Public,164.8700496,Oakhurst Country Club,476,7/1/2025 16:11,,,Oakhurst Country Club,8eb3e181-cbfd-4dcf-8359-16f20c4761a5,7/1/2025 16:11,7181739.494,12480.51169
22377,PARK,Oakhurst Park,Delaware City,DEL,N,Public,4.01153492,Oakhurst Park,477,7/1/2025 16:11,Delaware City, ,,6591139c-21ca-4216-b506-af85e8fa1d27,7/1/2025 16:11,174742.4612,2093.927496
25298,PARK,Oakland Park,Marion,MAR,N,Public,0.67250385,Oakland Park,,7/1/2025 16:11,Google Maps,,,f3c2ee3b-b3b1-411f-9e48-87e0d23e2dde,7/1/2025 16:11,29294.26819,968.3431312
24809,PARK,Oakland Park Conservation Club,Township,MRW,C,Public,5.00274562,Oakland Park Conservation Club,,7/1/2025 16:11,MORPC Standardized ELU 2021,,,2e301b2c-f42b-4c8c-962b-df7a07a20630,7/1/2025 16:11,217919.5989,1999.397938
24810,PARK,Oakland Park Conservation Club,Township,MRW,C,Public,1.74532909,Oakland Park Conservation Club,,7/1/2025 16:11,MORPC Standardized ELU 2021,,,fb800213-2f33-4f02-9b5e-0ee6f193c870,7/1/2025 16:11,76026.5354,1221.622029
24811,PARK,Oakland Park Conservation Club,Township,MRW,C,Public,1.39521981,Oakland Park Conservation Club,,7/1/2025 16:11,MORPC Standardized ELU 2021,,,f7e0d30e-39c8-4953-93e0-b155d85df51e,7/1/2025 16:11,60775.77478,1112.696679
24812,PARK,Oakland Park Conservation Club,Township,MRW,C,Public,37.20709908,Oakland Park Conservation Club,,7/1/2025 16:11,MORPC Standardized ELU 2021,,Oakland Park Conservation Club,ab66e97b-1b59-401e-90b1-1c3b188587c4,7/1/2025 16:11,1620741.236,7489.749559
22718,RECREATION,Oakthorpe Public Fishing Lake,Township,FAI,REC,Public,78.57010429,Oakthorpe Public Fishing Lake,,7/1/2025 16:11,Fairfield County,,,de9adf62-293f-45a8-85b6-4b247ae700e5,7/1/2025 16:11,3422513.743,10474.223
25813,CEMETERY,Oakwood Cemetery,Township,PER,CEM,Public,2.63094762,Oakwood Cemetery,,7/1/2025 16:11,Google Maps,,,45dce40d-39a4-480c-9902-13be0abe982e,7/1/2025 16:11,114604.0785,2406.675784
25814,CEMETERY,Oakwood Cemetery,Township,PER,CEM,Public,7.03629689,Oakwood Cemetery,,7/1/2025 16:11,Google Maps,,,29952829-03a9-4c71-bdcb-a776543776d8,7/1/2025 16:11,306501.0925,2470.83718
22719,CEMETERY,Obetz (Lutheran),Obetz,FRA,CEM,Public,30.29439072,Obetz (Lutheran),,7/1/2025 16:11,,,Obetz (Lutheran),19385c7b-7704-4607-9e67-a046e009fe12,7/1/2025 16:11,1319623.659,5828.800219
21969,PARK,Obetz Open Space,Obetz,FRA,N,Public,0.06206694,Obetz Open Space,541,7/1/2025 16:11,, ,,5f76013d-80de-40ac-b5cf-1bfe33a761fb,7/1/2025 16:11,2703.635986,247.3957696
23348,PARK,Octa Baseball Fields,Octa,FAY,N,Public,6.88841417,Octa Baseball Fields,,7/1/2025 16:11,Orthos,,Octa Baseball Fields,862e5e0b-d171-4dc0-8404-6f6770c65a3d,7/1/2025 16:11,300059.3212,2290.416167
25977,PARK,Octa Community Park,Township,FAY,C,Public,21.56839968,Octa Community Park,,7/1/2025 16:11,Fayette Parcels,,Octa Community Park,e8f4d0ce-d6ba-4e68-8a5e-4717127d4bdc,7/1/2025 16:11,939519.49,4852.470671
23957,PARK,ODNR Open Space,Township,UNI,W,Public,8.34692658,ODNR Open Space,,7/1/2025 16:11,ODNR,,ODNR Open Space,80762139-0b37-43a5-80ce-9727887c8214,7/1/2025 16:11,363592.1219,3026.61084
24198,PARK,ODNR Open Space,Township,UNI,PRES,Public,18.73396888,ODNR Open Space,,7/1/2025 16:11,ODNR,,,e3d3a13c-9a56-4727-ab8f-53a4cba3321e,7/1/2025 16:11,816051.6837,4692.438211
24199,PARK,ODNR Open Space,Township,UNI,PRES,Public,20.47722192,ODNR Open Space,,7/1/2025 16:11,ODNR,,,a852512c-8562-4450-ae1f-210949c92818,7/1/2025 16:11,891987.7869,5130.448914
24200,PARK,ODNR Open Space,Township,UNI,PRES,Public,39.23387958,ODNR Open Space,,7/1/2025 16:11,ODNR,,,81bd2619-06eb-4ffa-a125-6ff5cd05f315,7/1/2025 16:11,1709027.795,9778.203996
24201,PARK,ODNR Open Space,Township,UNI,PRES,Public,0.29958978,ODNR Open Space,,7/1/2025 16:11,,,,39264db7-760c-4a80-ba5e-ce6ce6f724b6,7/1/2025 16:11,13050.1311,1280.254021
23164,PARK,Odnr Wildlife Area,Township,ROS,W,Public,170.6543563,ODNR Wildlife Area,,7/1/2025 16:11,ODNR,ODNR Wildlife Area,ODNR Wildlife Area,82e95b62-aba9-44f8-8367-1d981ef50c54,7/1/2025 16:11,7433703.762,11733.27067
23435,PARK,Ohio Ave Street Park,Columbus,FRA,N,Public,0.34165174,Ohio Ave Street Park,,7/1/2025 16:11,Columbus,,,4f4b9c64-6943-4de2-8ba7-4c80919b9291,7/1/2025 16:11,14882.34985,823.8311302
24017,PARK,Ohio Canal Greenway,Township,LIC,REC,Public,36.72202223,Ohio Canal Greenway,,7/1/2025 16:11,ODNR,,Ohio Canal Greenway,640a8983-0e30-43ac-a34b-0d397bdd7390,7/1/2025 16:11,1599611.288,27327.87261
24440,PARK,Ohio Canal Greenway,Township,LIC,STATE,Public,11.77671197,Ohio Canal Greenway,,7/1/2025 16:11,Licking County,,Ohio Canal Greenway,d879aee8-40b0-46cd-8fd8-1e3735b0f51b,7/1/2025 16:11,512993.5735,11228.51569
24445,PARK,Ohio Canal Greenway,Township,LIC,STATE,Public,5.72882619,Ohio Canal Greenway,,7/1/2025 16:11,Licking County,,Ohio Canal Greenway,2bfdcb26-e921-4388-9e1a-35017e8fffe3,7/1/2025 16:11,249547.6689,5284.257044
24153,RECREATION,Ohio State Eagles Recreation Park,Bellefontaine,LOG,SPU,Public,35.65562811,Ohio State Eagles Recreation Park,,7/1/2025 16:11,Logan County Parcels,,Ohio State Eagles Recreation Park,955c3380-77aa-4e73-bb2e-9abe95732e97,7/1/2025 16:11,1553159.16,5252.770093
24789,PARK,Ohio to Erie & Walnut Creek Trail,Galena,DEL,REC,Public,0.97967769,Ohio to Erie & Walnut Creek Trail,,7/1/2025 16:11,MORPC Standardized ELU 2021,,,f3dcefee-eb4c-4e35-a97e-f335ca7a3300,7/1/2025 16:11,42674.76062,2208.664334
24780,GREEN SPACE,Ohio to Erie Trail,Township,DEL,REC,Public,1.03572448,,,7/1/2025 16:11,MORPC Standardized ELU 2021,,,fdcbc7ad-cdfe-4ca7-9608-cb7526b5a7d9,7/1/2025 16:11,45116.15869,1076.970052
24781,GREEN SPACE,Ohio to Erie Trail,Township,DEL,REC,Public,0.95726016,,,7/1/2025 16:11,MORPC Standardized ELU 2021,,,77c89679-a0cd-4fa4-8c48-4ba8442ecb9a,7/1/2025 16:11,41698.25269,1595.406218
24782,GREEN SPACE,Ohio to Erie Trail,Township,DEL,REC,Public,0.11195872,,,7/1/2025 16:11,MORPC Standardized ELU 2021,,,b399bddd-b286-4ab0-9f25-7aa59fefc4a5,7/1/2025 16:11,4876.921753,481.1008068
24784,GREEN SPACE,Ohio to Erie Trail,Sunbury,DEL,REC,Public,1.66594839,,,7/1/2025 16:11,MORPC Standardized ELU 2021,,,e670b27e-e8c4-435e-9001-e22ffe7c35b7,7/1/2025 16:11,72568.71191,2401.740302
24785,GREEN SPACE,Ohio to Erie Trail,Sunbury,DEL,REC,Public,1.35375874,,,7/1/2025 16:11,MORPC Standardized ELU 2021,,,89605c2c-1950-491b-aead-099b3b1e8777,7/1/2025 16:11,58969.73071,1950.958083
24786,GREEN SPACE,Ohio to Erie Trail,Township,DEL,REC,Public,0.4326338,,,7/1/2025 16:11,MORPC Standardized ELU 2021,,,961572b0-f4af-4b16-950c-94f2d0ef8f27,7/1/2025 16:11,18845.52844,871.4941623
24915,RECREATION,Ohio to Erie Trail,Township,KNO,REC,Public,1.00376609,Ohio to Erie Trail,,7/1/2025 16:11,MORPC Standardized ELU 2021,,,cabfe6b2-83f1-414f-bb20-9e52ec5f3051,7/1/2025 16:11,43724.05066,1590.125222
24916,RECREATION,Ohio to Erie Trail,Township,KNO,REC,Public,28.20763794,Ohio to Erie Trail,,7/1/2025 16:11,MORPC Standardized ELU 2021,,,d92b6e76-cca8-4674-b636-2c4e911517c1,7/1/2025 16:11,1228724.708,34906.37434
24917,RECREATION,Ohio to Erie Trail,Mount Vernon,KNO,REC,Public,1.25769588,Ohio to Erie Trail,,7/1/2025 16:11,MORPC Standardized ELU 2021,,,a2c6f5fc-b00a-4d6e-9e09-492b03510ef4,7/1/2025 16:11,54785.2323,1980.903301
24914,RECREATION,Ohio to Erie Trailhead,Township,KNO,REC,Public,1.0122317,Ohio to Erie Trailhead,,7/1/2025 16:11,MORPC Standardized ELU 2021,,,e834e361-e412-41ea-8004-e56a6e5deab9,7/1/2025 16:11,44092.81287,871.496787
22294,PARK,Ohio Wildlife Center,Township,DEL,C,Public,6.20752329,Ohio Wildlife Center,531,7/1/2025 16:11,DALIS, ,Ohio Wildlife Center,1e1eff17-e55e-453f-a834-c8becede3051,7/1/2025 16:11,270399.7144,2528.774482
22295,PARK,Ohio Wildlife Center,Township,DEL,C,Public,8.05283595,Ohio Wildlife Center,532,7/1/2025 16:11,DALIS, ,Ohio Wildlife Center,ca07cc15-b425-4a4b-bf20-44483b11bfba,7/1/2025 16:11,350781.5341,2396.613914
22796,CEMETERY,Old Baltimore,Baltimore,FAI,CEM,Public,1.07924694,Old Baltimore,,7/1/2025 16:11,Fairfield County,,,094b49d5-842f-49fe-b7f2-388a9c4840ec,7/1/2025 16:11,47011.9967,935.9995002
25633,CEMETERY,Old Baptist Cemetery,Township,HOC,CEM,Public,0.40477972,Old Baptist Cemetery,,7/1/2025 16:11,Google Maps,,,ca8955a9-4889-4f37-aa8d-c5ca55c1234d,7/1/2025 16:11,17632.20453,549.162618
25657,CEMETERY,Old Beery Cemetery,Township,HOC,CEM,Private,0.10342475,Old Beery Cemetery,,7/1/2025 16:11,Google Maps,,,b03d0b30-c6b6-49f5-8a92-0a9bfb1b809a,7/1/2025 16:11,4505.182373,290.8917145
23564,PARK,Old Church Park,Sunbury,DEL,N,Public,0.27820933,Old Church Park,,7/1/2025 16:11,DALIS,,,64f79436-4e97-4f5e-8982-de2af008e118,7/1/2025 16:11,12118.79834,440.399329
23252,CEMETERY,Old Concord United Methodist Church,Township,FRA,CEM,Public,0.69125448,Old Concord,,7/1/2025 16:11,FCA,,,e268b367-117d-45d9-9759-6615123458ad,7/1/2025 16:11,30111.04492,829.8666923
24378,PARK,Old Courtright Parkland,Columbus,FRA,CON,Public,1.35476298,Old Courtright Parkland,,7/1/2025 16:11,Columbus,,,7231b63d-80d1-4120-b8a1-0961743708bc,7/1/2025 16:11,59013.47546,1060.174095
25451,CEMETERY,Old Creamer Cemetery,Township,FAY,CEM,Private,0.1377414,Old Creamer Cemetery,,7/1/2025 16:11,Google Maps,,,fccaa181-f72f-43ed-838e-09fa648d5210,7/1/2025 16:11,6000.01532,314.1432874
22958,CEMETERY,Old Darby Cemetery,Unionville Center,UNI,CEM,Public,0.82329621,Old Darby Cemetery,,7/1/2025 16:11,Union County,,,6a9c6ee6-2602-4e34-bd52-b58a75c4f5ff,7/1/2025 16:11,35862.78247,757.1081557
22877,CEMETERY,Old Dutch Hollow Luthern,Township,FAI,CEM,Public,0.81407707,Old Dutch Hollow Luthern,,7/1/2025 16:11,Fairfield County,,,958430b3-0ff6-47bc-a8dd-d77a93c9ec60,7/1/2025 16:11,35461.19739,754.5611976
22968,CEMETERY,Old Eden Cemetery,Township,DEL,CEM,Public,1.18258889,Old Eden Cemetery,,7/1/2025 16:11,ODNR,,,cf68ba88-31b2-495d-8674-a12fec9d3d11,7/1/2025 16:11,51513.5719,915.1535354
24903,PARK,Old Frank Lefty Tomlinson Park,Newark,LIC,C,Private,13.05433454,Old Frank Lefty Tomlinson Park,,7/1/2025 16:11,MORPC Standardized ELU 2021,,Old Frank Lefty Tomlinson Park,02ee5ad6-18e2-456c-ac3f-f234613104fb,7/1/2025 16:11,568646.813,5222.69581
22726,CEMETERY,Old Franklinton,Columbus,FRA,CEM,Public,1.60234392,Old Franklinton,,7/1/2025 16:11,Columbus,,,41600fb9-18ba-4b74-8ddd-104790492ffc,7/1/2025 16:11,69798.1012,1075.450953
25417,CEMETERY,Old Jelloway Drake Cemetery,Township,KNO,CEM,Public,0.89977705,Old Jelloway Drake Cemetery,,7/1/2025 16:11,Google Maps,,,64b82850-d75a-47da-8c66-d87727362afe,7/1/2025 16:11,39194.28796,812.1036144
24150,CEMETERY,Old Logan Cemetery,Logan,HOC,CEM,Public,4.14330913,Old Logan Cemetery,,7/1/2025 16:11,orthos/google maps,,,c4da47ea-c08a-4497-86e8-18dc820ea005,7/1/2025 16:11,180482.5458,1712.828097
25643,CEMETERY,Old Lutheran Cemetery,Township,HOC,CEM,Public,0.34592519,Old Lutheran Cemetery,,7/1/2025 16:11,Google Maps,,,4f33eac2-ce81-406f-85f8-2270ec3d721b,7/1/2025 16:11,15068.50128,496.7738736
25304,CEMETERY,Old Marion Cemetery,Marion,MAR,CEM,Public,2.21711363,Old Marion Cemetery,,7/1/2025 16:11,Google Maps,,,e874e188-878a-487a-9304-e9455dbc3e54,7/1/2025 16:11,96577.46985,1522.999141
22874,CEMETERY,Old Methodist Cemetery,Township,FAI,CEM,Public,0.48477332,Old Methodist Cemetery,,7/1/2025 16:11,Fairfield County,,,78baa753-5c4e-4a5d-800d-f962ac60f0fc,7/1/2025 16:11,21116.72571,636.9582947
25616,CEMETERY,Old Methodist Cemetery,Adelphi,ROS,CEM,Public,0.50135367,Old Methodist Cemetery,,7/1/2025 16:11,Google Maps,,,5d427d43-d2c5-4f52-a20b-a0f0bca070f1,7/1/2025 16:11,21838.96576,593.4173585
22815,CEMETERY,Old Oakthorpe,Township,FAI,CEM,Public,0.51543372,Old Oakthorpe,,7/1/2025 16:11,Fairfield County,,,2d89852e-f316-4a06-82b5-ec3446369b58,7/1/2025 16:11,22452.29309,608.7122509
23937,PARK,Old Pickaway School Field,Township,PIC,C,Public,9.54601147,Old Pickaway School Field,,7/1/2025 16:11,Pickaway parcels,,Old Pickaway School Field,d1bb4ae4-d195-4328-9b9a-2d3c13247907,7/1/2025 16:11,415824.2599,2794.533837
25766,CEMETERY,Old Presbyterian Cemetery,Township,PER,CEM,Public,1.42495471,Old Presbyterian Cemetery,,7/1/2025 16:11,Google Maps,,,69897d6f-27ec-43cb-9211-e8a8ff1b5c9f,7/1/2025 16:11,62071.0271,1013.800742
25506,CEMETERY,Old Pricer Cemetery,Township,ROS,CEM,Private,0.64771789,Old Pricer Cemetery,,7/1/2025 16:11,Google Maps,,,6553aa7e-3969-4fb7-b93a-dc9898cfe077,7/1/2025 16:11,28214.59131,673.6149175
22907,CEMETERY,Old Richwood Cemetery,Richwood,UNI,CEM,Public,0.12285199,Old Richwood Cemetery,,7/1/2025 16:11,Union County,,,4e685953-f4e4-4939-8e2c-98946bbebce7,7/1/2025 16:11,5351.432617,293.8310274
25828,CEMETERY,Old Ridge Way Farm Cemetery,Township,PIC,CEM,Private,0.11530639,Old Ridge Way Farm Cemetery,,7/1/2025 16:11,Google Map,,,4519deb0-8c88-490b-81e7-e628f753c87b,7/1/2025 16:11,5022.746338,284.4392539
22800,CEMETERY,Old School,Thurston,FAI,CEM,Public,1.28703142,Old School,,7/1/2025 16:11,Fairfield County,,,05ee1581-d4cc-4d54-95a8-712ae83b19e6,7/1/2025 16:11,56063.0885,1113.559512
22801,CEMETERY,Old School,Thurston,FAI,CEM,Public,1.17222413,Old School,,7/1/2025 16:11,Fairfield County,,,489a9e71-0872-4286-8a5e-f60d7f87fd02,7/1/2025 16:11,51062.08313,891.9571234
22882,CEMETERY,Old St Thomas Luthern,Township,FAI,CEM,Public,1.50178427,Old St Thomas Luthern,,7/1/2025 16:11,Fairfield County,,,0f14b8f8-5353-4939-8117-bce6f2139e14,7/1/2025 16:11,65417.72302,1142.820115
25501,CEMETERY,Old Stone Cemetery,Township,ROS,CEM,Private,0.02794671,Old Stone Cemetery,,7/1/2025 16:11,Google Maps,,,1066a0e0-db3a-44bb-95aa-44078387255f,7/1/2025 16:11,1217.358582,144.4588334
25680,PARK,Old Town Creek Trail,Logan,HOC,C,Public,57.05124717,Old Town Creek Trail,,7/1/2025 16:11,Google Maps,,Old Town Creek Trail,d37f1019-f416-4e03-9a47-ca52d3942d75,7/1/2025 16:11,2485152.327,7351.56662
25679,PARK,Old Town Creek Trail ,Logan,HOC,C,Public,11.4534295,Old Town Creek Trail,,7/1/2025 16:11,Google Maps,,Old Town Creek Trail,e911c79a-5340-4452-baa9-38a31ae4710c,7/1/2025 16:11,498911.3893,3089.18023
22935,CEMETERY,Old Union Cemetery,Township,UNI,CEM,Public,1.02333858,Old Union Cemetery,,7/1/2025 16:11,Union County,,,92d8f8e2-f41d-43f6-86e8-cd86c3ab4125,7/1/2025 16:11,44576.62866,835.6134801
22976,CEMETERY,Old Welsh Church Cemetery,Township,DEL,CEM,Public,0.57117368,Old Welsh Church Cemetery,,7/1/2025 16:11,,,,29650699-351d-4f87-88b5-2ca214fc2bd6,7/1/2025 16:11,24880.32568,635.1487192
22735,CEMETERY,Olde Methodist,Westerville,FRA,CEM,Public,0.6015067,Olde Methodist,,7/1/2025 16:11,,,,bf7f4ff2-220c-415c-a0fd-957b28e3be0d,7/1/2025 16:11,26201.63171,662.1081254
22658,PARK,Olde Quarry Park ,Jefferson Township,FRA,C,Public,84.3568898,Olde Quarry Park ,611,7/1/2025 16:11,Jefferson Twp, ,Olde Quarry Park ,32500fed-8ecc-4064-8af2-aeefc4fd1f08,7/1/2025 16:11,3674586.12,10269.7313
21947,PARK,Olde Ridenour Road Open Space,Gahanna,FRA,N,Public,0.52071348,Olde Ridenour Road Open Space,553,7/1/2025 16:11,, ,,2751be37-1109-4003-b75f-19f3eef4acd9,7/1/2025 16:11,22682.27881,604.6654564
22085,PARK,Olde Sawmill Park,Columbus,FRA,C,Public,8.67321548,Olde Sawmill Park,7,7/1/2025 16:11,Columbus, ,Olde Sawmill Park,59234663-86fc-4906-b713-d648dbef76ec,7/1/2025 16:11,377805.2668,2494.942445
22378,PARK,Olde Town Park,Westerville,DEL,C,Public,8.4524011,Olde Town Park,479,7/1/2025 16:11,Westerville, ,Olde Town Park,8e529475-9892-43c2-954a-8617e9badfe3,7/1/2025 16:11,368186.5917,2915.020116
23427,PARK,Olenbrook Parkland,Columbus,DEL,CON,Public,3.48007348,Olenbrook Parkland,288,7/1/2025 16:11,Columbus,,,05c8ddc1-feea-4002-83cf-4f010dc0d17f,7/1/2025 16:11,151592.0011,2634.131177
24909,GREEN SPACE,Olentangy - Issac Scenic River Area,Township,DEL,PR,Public,2.51207146,,,7/1/2025 16:11,MORPC Standardized ELU 2021,,,507c198f-d42a-43ac-969b-54cbd559de5f,7/1/2025 16:11,109425.8323,1730.869819
23428,PARK,Olentangy Meadows Parkland,Columbus,DEL,PRES,Public,8.44671704,Olentangy Meadows Parkland,386,7/1/2025 16:11,Columbus,,,e3edbfc1-3d93-4d97-bc13-ffea1dca72d0,7/1/2025 16:11,367938.9965,4206.300139
22527,PARK,Olentangy Parkland Far North,Columbus,FRA,C,Public,13.64242003,Olentangy Parkland Far North,386,7/1/2025 16:11,Columbus, ,Olentangy Parkland Far North,2cf9f55c-5b05-42b2-9ab7-6efab32a5a28,7/1/2025 16:11,594263.8164,3802.699776
21982,PARK,Olentangy River Canoe Fortage Parkland,Columbus,FRA,PRES,Public,1.53692156,Olentangy River Canoe Fortage Parkland,490,7/1/2025 16:11,Columbus,,,fdaf8173-1948-44be-a410-501044945880,7/1/2025 16:11,66948.3031,1139.400726
23867,PARK,Olentangy River Parklands,Worthington,FRA,PRES,Public,108.3798489,Olentangy River Parklands,480,7/1/2025 16:11,,,,03871f6a-9289-45e2-93e0-04bf1ea5b072,7/1/2025 16:11,4721026.218,20370.1518
23868,PARK,Olentangy River Parklands,Columbus,FRA,CON,Public,43.76028745,Olentangy River Parklands,480,7/1/2025 16:11,Columbus,Olentangy River Parklands,Olentangy River Parklands,15e61ffb-454a-4304-839c-c9cb14522045,7/1/2025 16:11,1906198.122,8789.939066
24911,GREEN SPACE,Olentangy Scenic River,Township,DEL,PR,Public,0.41136862,,,7/1/2025 16:11,ODNR Lands,,,277d5378-ead9-4d18-b61f-b3e12e9cfae0,7/1/2025 16:11,17919.2168,589.1662451
24912,GREEN SPACE,Olentangy Scenic River,Township,DEL,PR,Public,18.96079587,,,7/1/2025 16:11,ODNR Lands,,,5792eeed-fe80-4481-810e-9c2d51d7384c,7/1/2025 16:11,825932.2679,3851.643982
23756,PARK,Olentangy Trail,Columbus,FRA,R,Public,42.32250882,Olentangy Trail,,7/1/2025 16:11,orthos,,Olentangy Trail,94cee398-37a1-4b3a-b0e2-4703c263c1fe,7/1/2025 16:11,1843568.484,8638.688755
23757,PARK,Olentangy Trail,Columbus,FRA,R,Public,17.72025112,Olentangy Trail,,7/1/2025 16:11,orthos,,Olentangy Trail,0681fbfc-6bd7-44d9-8715-dc469230718f,7/1/2025 16:11,771894.1385,12701.96606
23759,PARK,Olentangy Trail,Columbus,FRA,R,Public,2.93076392,Olentangy Trail,,7/1/2025 16:11,orthos,,,e3d69d63-8865-4057-bbc9-ec00686cc91e,7/1/2025 16:11,127664.0765,2812.11037
23760,PARK,Olentangy Trail,Columbus,FRA,R,Public,14.85920454,Olentangy Trail,,7/1/2025 16:11,orthos,,Olentangy Trail,81ebaf3c-0d32-4a30-a1f4-a1dea2aaca9c,7/1/2025 16:11,647266.95,5527.455007
23761,PARK,Olentangy Trail,Columbus,FRA,R,Public,3.21057509,Olentangy Trail,,7/1/2025 16:11,orthos,,,d98c953b-0c3b-4ceb-9932-9001f7ad5074,7/1/2025 16:11,139852.6511,3608.103206
24707,PARK,Olentangy Trail,Columbus,FRA,C,Public,0.30586236,Olentangy Trail,,7/1/2025 16:11,Franklin Co Parks,,,986a2bef-c78b-4029-8c34-1e89181f893c,7/1/2025 16:11,13323.3645,494.9134621
24709,PARK,Olentangy Trail,Columbus,FRA,C,Public,0.29602508,,,7/1/2025 16:11,Franklin Co Parks,,,28be380d-274f-454c-ace4-1070719b0c35,7/1/2025 16:11,12894.85272,467.8773272
24711,PARK,Olentangy Trail,Columbus,FRA,C,Public,0.31253517,,,7/1/2025 16:11,Franklin Co Parks,,,3e94001f-c7b4-4d0a-bbfa-a727a6e325a5,7/1/2025 16:11,13614.03204,494.7368848
23758,PARK,Olentangy Trail ,Worthington,FRA,REC,Public,4.02570085,Olentangy Trail ,,7/1/2025 16:11,orthos,,,78008b1c-111b-4051-b56c-f816bce37b11,7/1/2025 16:11,175359.5291,1685.776803
24235,PARK,Olentangy Trail Parkland,Columbus,FRA,C,Public,32.52526301,Olentangy Trail,,7/1/2025 16:11,,,Olentangy Trail,324dec30-b66a-4e0b-bf79-2e737116fee9,7/1/2025 16:11,1416800.456,19415.56928
23446,PARK,Olentangy-Broadmeadows Trail,Columbus,FRA,N,Public,0.37060051,Olentangy-Broadmeadows Trail,,7/1/2025 16:11,Columbus,,,b05a13d0-138b-4557-a0cb-730402530e0d,7/1/2025 16:11,16143.35852,1059.320394
25664,CEMETERY,Olive Branch Cemetery,Township,HOC,CEM,Public,0.99983412,Olive Branch Cemetery ,,7/1/2025 16:11,Google Maps,,,45a3703d-91a5-4e5d-b149-3845d5baf2e1,7/1/2025 16:11,43552.77429,858.0003928
25124,CEMETERY,Olive Chapel Cemetery,Township,LOG,CEM,Public,1.11071684,Olive Chaple Cemetery,,7/1/2025 16:11,Google Maps,,,1811b5d7-be88-49a4-a51c-477de6300517,7/1/2025 16:11,48382.82556,879.9848866
24777,PARK,Olive Green ,Township,DEL,C,Public,1.15877095,Olive Green,,7/1/2025 16:11,MORPC Standardized ELU 2021,,,e9508b7d-b4e7-4668-be18-d12d3de7074e,7/1/2025 16:11,50476.06274,1128.954365
23475,PARK,Olivedale Park,Lancaster,FAI,C,Public,15.3592655,Olivedale Park,,7/1/2025 16:11,Fairfield,,Olivedale Park,8252f108-86f9-4034-9e90-4db5e87a3425,7/1/2025 16:11,669049.6055,3430.107797
25735,CEMETERY,Olivet Cemetery,Township,PER,CEM,Public,0.49870495,Olivet Cemetery,,7/1/2025 16:11,Google Maps,,,c00eb74f-6efd-44ac-98fc-fe85dce6b0f3,7/1/2025 16:11,21723.58789,802.39488
25736,CEMETERY,Olivet Cemetery,Township,PER,CEM,Public,0.76164749,Olivet Cemetery,,7/1/2025 16:11,Google Maps,,,2b9d3844-4d30-4814-8e72-d8dd4577b9f6,7/1/2025 16:11,33177.36426,1445.665687
22983,CEMETERY,Oller Cemetery,Township,DEL,CEM,Public,0.90594028,Oller Cemetery,,7/1/2025 16:11,,,,3a145e0d-b6a8-45f9-acc3-5ef0f59d11ac,7/1/2025 16:11,39462.75867,878.2225188
24522,GREEN SPACE,OPEN SPACE,Columbus,FRA,NOS,Public,3.49312301,,,7/1/2025 16:11,Fanklin Co Parks,,,ceade4cc-0aac-4531-8a4e-a0e458279aee,7/1/2025 16:11,152160.4384,5910.240421
24525,GREEN SPACE,OPEN SPACE,Columbus,FRA,NOS,Public,0.00392785,,,7/1/2025 16:11,Fanklin Co Parks,,,f58dc50e-1f1d-4649-bb45-0f19fd9d3881,7/1/2025 16:11,171.0970127,58.84909814
24526,GREEN SPACE,OPEN SPACE,Columbus,FRA,NOS,Public,0.00845349,,,7/1/2025 16:11,Fanklin Co Parks,,,75d0b6d5-5059-4728-bde0-fa4e1c698cf0,7/1/2025 16:11,368.234336,77.03362325
24539,GREEN SPACE,OPEN SPACE,Columbus,FRA,NOS,Public,0.26366056,,,7/1/2025 16:11,Fanklin Co Parks,,,578ab6d7-58b4-423c-9a5d-85e9de824626,7/1/2025 16:11,11485.05445,1343.026221
24555,GREEN SPACE,OPEN SPACE,Columbus,FRA,NOS,Public,0.67886732,,,7/1/2025 16:11,Fanklin Co Parks,,,1b425035-e453-425e-9476-5e3c66e506bb,7/1/2025 16:11,29571.46057,833.119467
24558,GREEN SPACE,OPEN SPACE,Columbus,FRA,NOS,Public,0.65037862,,,7/1/2025 16:11,Fanklin Co Parks,,,20b2be03-ffe0-4fc6-bd29-bf5ed8ed5cc9,7/1/2025 16:11,28330.49206,1746.613591
24577,GREEN SPACE,OPEN SPACE,Columbus,FRA,NOS,Public,0.00256104,,,7/1/2025 16:11,Fanklin Co Parks,,,7d741d73-4abd-4c93-b7dc-ce95ffcccfb8,7/1/2025 16:11,111.559082,49.76966123
24582,GREEN SPACE,OPEN SPACE,Columbus,FRA,NOS,Public,0.0021043,,,7/1/2025 16:11,Fanklin Co Parks,,,8340b53c-37b7-4bcf-9e68-cc93b97bcc47,7/1/2025 16:11,91.66333008,45.91747215
24586,GREEN SPACE,OPEN SPACE,Columbus,FRA,NOS,Public,0.0030691,,,7/1/2025 16:11,Fanklin Co Parks,,,dea6d73b-95c6-47e4-a8aa-f784cd9734e7,7/1/2025 16:11,133.6903076,53.95586976
24599,GREEN SPACE,OPEN SPACE,Columbus,FRA,NOS,Public,1.16191697,,,7/1/2025 16:11,Fanklin Co Parks,,,1776ff88-6d31-4563-b061-dd9fbfa122da,7/1/2025 16:11,50613.10337,3248.135833
24602,GREEN SPACE,OPEN SPACE,Columbus,FRA,NOS,Public,0.11830811,,,7/1/2025 16:11,Fanklin Co Parks,,,ae126164-4f28-4ca1-8c65-1c7e50890c69,7/1/2025 16:11,5153.501221,594.1442685
24630,GREEN SPACE,OPEN SPACE,Reynoldsburg,FRA,NOS,Public,0.61597224,,,7/1/2025 16:11,Franklin Co Parks,,,fd544f3f-0713-4a07-8126-fc81bccd6c9f,7/1/2025 16:11,26831.75094,3909.229057
24676,GREEN SPACE,OPEN SPACE,Gahanna,FRA,NOS,Public,1.89598057,,,7/1/2025 16:11,Frankiln Co Parks,,,5a05e5ae-8f20-429e-9e62-d0d245f23125,7/1/2025 16:11,82588.91317,3244.137311
24523,GREEN SPACE,OPEN SPACE 0.031 ACRES,Columbus,FRA,NOS,Public,0.03186733,,,7/1/2025 16:11,Fanklin Co Parks,,,7eb14adb-bd29-44d5-895b-895ddaf44491,7/1/2025 16:11,1388.140991,286.8486512
24612,GREEN SPACE,OPEN SPACE 5.884 ACRES,Columbus,FRA,NOS,Public,5.89508689,,,7/1/2025 16:11,Fanklin Co Parks,,,b05adca8-7172-41ce-aeca-86b97d1a4897,7/1/2025 16:11,256789.9833,10128.04397
24644,GREEN SPACE,OPEN SPACE A,Gahanna,FRA,NOS,Public,0.37143255,,,7/1/2025 16:11,Frankiln Co Parks,,,e1cdf0ce-52d2-4d06-b3af-497f4d9ab117,7/1/2025 16:11,16179.60213,589.5744882
24687,GREEN SPACE,OPEN SPACE B,Gahanna,FRA,NOS,Public,0.35130577,,,7/1/2025 16:11,Frankiln Co Parks,,,80f60c53-a150-4429-a21e-0e5d1df5ce0f,7/1/2025 16:11,15302.87929,458.3620216
24647,GREEN SPACE,OPEN SPACE C,Gahanna,FRA,NOS,Public,0.16124478,,,7/1/2025 16:11,Frankiln Co Parks,,,85bdb7fa-713c-4611-a5f7-75d8114dda98,7/1/2025 16:11,7023.822746,322.7016256
22987,CEMETERY,Orange Twp Cemetery,Township,DEL,CEM,Public,5.71082885,Orange Twp Cemetery,,7/1/2025 16:11,,,Orange Twp Cemetery,d199321e-083c-4f11-8648-d6efa3ea65b0,7/1/2025 16:11,248763.7047,3042.785059
22130,PARK,Orchard Park,Groveport,FRA,C,Public,10.51508305,Orchard Park,481,7/1/2025 16:11,, ,Orchard Park,6b24e652-508a-4aef-b470-d03430724584,7/1/2025 16:11,458037.0177,3306.989512
25028,PARK,Orient - Bragg Memorial Park,Township,PIC,C,Public,5.78857209,Orient - Bragg Memorial Park,,7/1/2025 16:11,MORPC Standardized ELU 2021,,Orient - Bragg Memorial Park,aa10d869-83c5-4759-9b8f-1336934b3995,7/1/2025 16:11,252150.2007,2249.253873
25029,PARK,Orient - Bragg Memorial Park,Township,PIC,C,Public,0.76590207,Orient - Bragg Memorial Park,,7/1/2025 16:11,MORPC Standardized ELU 2021,,,f713fc79-757d-4b67-aea6-feffdbca5041,7/1/2025 16:11,33362.69421,819.2501724
25834,CEMETERY,Orient Feeble Minded Institute Cemetery,Township,PIC,CEM,Private,0.92995567,Orient Feeble Minded Institute Cemetery,,7/1/2025 16:11,Google Maps,,,f152b338-9f19-4441-8d9d-e02d2e576b3b,7/1/2025 16:11,40508.86877,787.5776925
25942,PARK,Osborne Acres Playground,West Rushville,FAI,N,Public,0.25000168,Osborne Acres Playground ,,7/1/2025 16:11,Google Maps,,,5c059aeb-ba5c-4a75-b984-7b62702d09a6,7/1/2025 16:11,10890.07324,462.0026987
24258,PARK,O'Shaughnessy Nature Preserve,Township,DEL,CON,Public,80.34340485,O'Shaughnessy Nature Preserve,,7/1/2025 16:11,,,O'Shaughnessy Nature Preserve,3816d632-1a23-469b-9fa9-1793e1046afc,7/1/2025 16:11,3499758.716,10310.61003
24257,PARK,O'Shaughnessy Reservoir,Township,DEL,R,Public,1281.721883,O'Shaughnessy Reservoir,482,7/1/2025 16:11,DALIS,O'Shaughnessy Reservoir,O'Shaughnessy Reservoir,56ca2955-3d06-47ec-9905-4c47e7483640,7/1/2025 16:11,55831805.2,108129.3251
23303,PARK,O'Shaugnessy Reservoir,Township,DEL,R,Public,56.5503341,O'Shaugnessy Reservoir,,7/1/2025 16:11,DALIS,,O'Shaugnessy Reservoir,a0164a8c-6a57-4aee-aaf1-245a24a25661,7/1/2025 16:11,2463332.553,12391.83289
23305,PARK,O'Shaugnessy Reservoir,Township,DEL,R,Public,46.51764724,O'Shaugnessy Reservoir,,7/1/2025 16:11,DALIS,,O'Shaugnessy Reservoir,66a4bca4-85c3-4e7a-9891-be5963a8d7d5,7/1/2025 16:11,2026308.713,14021.11439
22737,CEMETERY,Otterbein,Westerville,FRA,CEM,Public,4.01693346,Otterbein,,7/1/2025 16:11,,,,d83a2a32-7c77-44f5-82c1-50a77947fde4,7/1/2025 16:11,174977.6217,1691.570868
22736,CEMETERY,Otterbein Cemetery,Westerville,FRA,CEM,Public,1.94554578,Otterbein Cemetery,,7/1/2025 16:11,,,,71458783-6618-43f5-89c4-1e8bec49875f,7/1/2025 16:11,84747.974,1200.672482
25297,CEMETERY,Otterbein Cemetery,Township,MAR,CEM,Private,0.30862467,Otterbein Cemetery,,7/1/2025 16:11,Google Maps,,,acd2d67a-f78a-4a8c-b350-035b5f1210d0,7/1/2025 16:11,13443.69055,481.5430737
25697,CEMETERY,Otterbein Chapel Cemetery,Township,HOC,CEM,Public,0.52191471,Otterbein Chapel Cemetery,,7/1/2025 16:11,Google Maps,,,22bacb5f-c167-4454-82d2-d6055d889386,7/1/2025 16:11,22734.6051,646.7074039
25698,CEMETERY,Otterbein Chapel Cemetery,Township,HOC,CEM,Public,0.56672877,Otterbein Chapel Cemetery,,7/1/2025 16:11,Google Maps,,,10a84189-8194-46bd-893c-74db9b3b63b7,7/1/2025 16:11,24686.70544,658.4752052
23073,CEMETERY,Otterbien Cemetery,Westerville,FRA,CEM,Public,4.9010936,Otterbien Cemetery,,7/1/2025 16:11,,,,9d9ae6b4-cc9d-4092-9927-2abcee3b4587,7/1/2025 16:11,213491.637,1926.663395
23544,PARK,Ottie Park,Pleasantville,FAI,N,Public,2.06919432,Ottie Park,,7/1/2025 16:11,Fairfield County,,,e7bb36ff-f3db-4563-a48e-a917b470e854,7/1/2025 16:11,90134.08179,1420.467161
24249,PARK,Overbrook Ravine Park,Columbus,FRA,C,Public,13.70131553,Overbrook Ravine Park,,7/1/2025 16:11,Columbus,,Overbrook Ravine Park,52723736-9c74-4aaf-ba81-fde302bc30f1,7/1/2025 16:11,596829.304,18132.76537
23559,PARK,Overlook Park,Newark,LIC,C,Public,12.62017535,Overlook Park,,7/1/2025 16:11,Licking County GIS file,,Overlook Park,a50cd56b-4798-4db2-be4a-8e023a8c55b1,7/1/2025 16:11,549734.8384,3756.897649
24900,PARK,Overlook Park ,Newark,LIC,N,Public,0.82155153,Overlook Park,,7/1/2025 16:11,MORPC Standardized ELU 2021,,,4286ae05-bf4d-408e-b669-297d5b8129d3,7/1/2025 16:11,35786.7843,1021.06264
24901,PARK,Overlook Park ,Newark,LIC,C,Public,0.77032802,Overlook Park ,,7/1/2025 16:11,MORPC Standardized ELU 2021,,,7bd5f5c5-6581-469a-b1ce-526c6b49aeb9,7/1/2025 16:11,33555.48853,1006.268985
25576,CEMETERY,Overly Chapel Cemetery,Township,ROS,CEM,Public,0.42032569,Overly Chapel Cemetery,,7/1/2025 16:11,Google Maps,,,f2ff3c46-9621-45da-b061-96b4f71c9935,7/1/2025 16:11,18309.38708,568.0169839
24986,GREEN SPACE,Owens Fen State Nature Preserve,Township,LOG,PR,Public,18.21444009,,,7/1/2025 16:11,ODNR Lands,,,7a854654-9d9a-413f-b242-66dbdab874cf,7/1/2025 16:11,793421.0104,4042.25776
23326,CEMETERY,Owl Creek Cemetery Assoc,Township,KNO,CEM,Public,5.91455322,Owl Creek Cemetery Assoc,,7/1/2025 16:11,Knox,,Owl Creek Cemetery Assoc,da398737-eeb9-4486-99e9-97e1c6d71d29,7/1/2025 16:11,257637.9382,2493.544726
24891,PARK,Owl Creek Trail,Fredericktown ,KNO,REC,Public,6.45157421,Owl Creek Trail,,7/1/2025 16:11,MORPC Standardized ELU 2021,,Owl Creek Trail,1fa7ba7a-bf2d-4df3-abb6-1e66f003da60,7/1/2025 16:11,281030.5724,5583.551921
22204,PARK,Oxford Park,Upper Arlington,FRA,N,Public,1.16516948,Oxford Park,484,7/1/2025 16:11,, ,,137463fb-a160-4019-91d7-8096ad279e53,7/1/2025 16:11,50754.78271,1252.211926
22379,RECREATION,Oxford Township Community Center,Township,DEL,REC,Public,12.89359989,Oxford Township Community Center,485,7/1/2025 16:11,DALIS, ,Oxford Township Community Center,3d86daf3-f277-45e3-a008-e27cca5c296b,7/1/2025 16:11,561645.2112,5030.673985
25302,CEMETERY,Page Cemetery,Township,MAR,CEM,Private,0.78606902,Page Cemetery,,7/1/2025 16:11,Google Maps,,,ff023b4d-a0a8-4f62-ae35-91f8b47fd200,7/1/2025 16:11,34241.1665,719.3706719
23045,CEMETERY,Paint Creek Cemetery,Township,MAD,CEM,Public,0.53054209,Paint Creek Cemetery,,7/1/2025 16:11,,,,2a5fbd72-b99b-4e47-9e67-08928222ed77,7/1/2025 16:11,23110.41339,623.5082578
23681,PARK,Paint Creek Lake Wildlife Area,Township,ROS,STATE,Public,5.21626712,Paint Creek Lake Wildlife Area,,7/1/2025 16:11,ODNR,,Paint Creek Lake Wildlife Area,03e4fbea-1677-4ad3-bd6d-83948b4993b8,7/1/2025 16:11,227220.5958,14288.96451
23683,PARK,Paint Creek Lake Wildlife Area,Township,ROS,W,Public,918.2637654,Paint Creek Lake Wildlife Area,,7/1/2025 16:11,ODNR,Paint Creek Lake Wildlife Area,Paint Creek Lake Wildlife Area,3063139a-d347-4398-a1cd-cb7eb196bf96,7/1/2025 16:11,39999569.62,71871.3668
23682,PARK,Paint Creek State Park,Township,ROS,STATE,Public,1937.635486,Paint Creek State Park,,7/1/2025 16:11,ODNR,Paint Creek State Park,Paint Creek State Park,1649a4a3-d809-4477-b15c-060ec276997c,7/1/2025 16:11,84403401.75,88128.0135
23153,PARK,Paint Creek Wa,Township,FAY,W,Public,14.02994752,Paint Creek WA,,7/1/2025 16:11,ODNR,Paint Creek WA,Paint Creek WA,8576a10c-18eb-4d4c-9053-8b7a49592f04,7/1/2025 16:11,611144.5138,7323.511777
23154,PARK,Paint Creek Wa,Township,FAY,W,Public,9.92940487,Paint Creek WA,,7/1/2025 16:11,ODNR,,Paint Creek WA,a5d101d6-0013-42d1-8bd3-711a5b9451ad,7/1/2025 16:11,432524.876,5764.813483
23042,CEMETERY,Paint Township Cemetery,Township,MAD,CEM,Public,10.38233914,Paint Township Cemetery,,7/1/2025 16:11,,,,5128b305-9266-441d-ae95-863f8961471b,7/1/2025 16:11,452254.6927,4852.869623
23043,CEMETERY,Paint Township Cemetery,Township,MAD,CEM,Public,2.40033387,Paint Township Cemetery,,7/1/2025 16:11,,,,868a65ae-3ef0-49b1-9eb1-bccca8f92c70,7/1/2025 16:11,104558.5433,1314.548926
23044,CEMETERY,Paint Township Cemetery,Township,MAD,CEM,Public,0.8954788,Paint Township Cemetery,,7/1/2025 16:11,,,,360418bc-6d94-4a0e-ac2d-1de2799bcd40,7/1/2025 16:11,39007.05676,1026.020871
25509,CEMETERY,Pake Cemetery,Township,ROS,CEM,Private,0.08788068,Pake Cemetery,,7/1/2025 16:11,Google Maps,,,307f305f-78bf-456a-a274-bad693210d0d,7/1/2025 16:11,3828.082153,251.3147367
22540,PARK,Palmer Road Swamp Preserve,Township,LIC,PR,Private,25.56923631,Palmer Road Swamp Preserve,486,7/1/2025 16:11,, ,Palmer Road Swamp Preserve,9e41290c-5507-4081-a105-99056c1a692f,7/1/2025 16:11,1113795.934,5493.708736
24741,GREEN SPACE,PALMETTO STREET ISLANDS,Columbus,FRA,NOS,Public,0.22691991,,,7/1/2025 16:11,Columbus Park Boundaries,,,9114373c-d537-404a-92e8-e2d195afa2a2,7/1/2025 16:11,9884.63147,744.999995
22048,PARK,Palsgrove Park,Columbus,FRA,N,Public,0.95227764,Palsgrove Park,487,7/1/2025 16:11,Columbus, ,,e2b0b88b-15a2-4f41-aa8e-6853c755ed5e,7/1/2025 16:11,41481.21411,1070.034345
23046,CEMETERY,Pancake Cemetery,Township,MAD,CEM,Public,0.15833781,Pancake Cemetery,,7/1/2025 16:11,,,,254b4fb9-246c-4b42-bc87-9305da9ca7c0,7/1/2025 16:11,6897.195068,332.2415738
23573,PARK,Paramount Senior Living Open Space,Westerville,FRA,NOS,Public,2.3003308,Paramount Senior Living Open Space,,7/1/2025 16:11,Westerville,,,06d41fa7-495c-4bca-8009-f49f22ea5369,7/1/2025 16:11,100202.4099,3530.850688
25134,CEMETERY,Parish Cemetery,Township,LOG,CEM,Public,0.17233489,Parish Cemetery,,7/1/2025 16:11,Google Maps,,,806a2fa9-7be3-4b17-ad2a-6584f0f1a22b,7/1/2025 16:11,7506.907715,353.3402284
24505,GREEN SPACE,PARK,Columbus,FRA,NOS,Public,0.00922868,,,7/1/2025 16:11,Franklin Co Parks,,,11982b4d-390a-4b50-9cd8-55d4d4bb963a,7/1/2025 16:11,402.0010986,94.872336
24506,GREEN SPACE,PARK,Columbus,FRA,NOS,Public,0.00922868,,,7/1/2025 16:11,Franklin Co Parks,,,1c399c9f-6ad4-4775-8e62-d40043d709fb,7/1/2025 16:11,402.0010986,94.872336
24507,GREEN SPACE,PARK,Marble Cliff,FRA,NOS,Public,0.64471846,,,7/1/2025 16:11,Franklin Co Parks,,,6fddfcaa-e75e-4985-8e51-f7404b0b188c,7/1/2025 16:11,28083.93636,1201.815561
24508,PARK,PARK,Marble Cliff,FRA,NOS,Public,0.64471846,PARK,,7/1/2025 16:11,Franklin Co Parks,,,58a9d807-2e83-4090-a0f4-4c3da96b61b5,7/1/2025 16:11,28083.93636,1201.815561
24510,PARK,PARK,Bexley,FRA,C,Public,0.96892864,PARK,,7/1/2025 16:11,Franklin Co Parks,,,1fed7a48-ac01-4953-b1e1-56c307041e7b,7/1/2025 16:11,42206.53125,1216.755399
24511,PARK,PARK,Bexley,FRA,C,Public,0.10789103,PARK,,7/1/2025 16:11,Franklin Co Parks,,,e31e3de4-7c86-4d6a-b872-8df330c95cb4,7/1/2025 16:11,4699.733276,319.4540809
24513,GREEN SPACE,PARK,Columbus,FRA,NOS,Public,0.14437313,,,7/1/2025 16:11,Fanklin Co Parks,,,2dea0859-7392-4758-9cac-3d48fcf7fa46,7/1/2025 16:11,6288.893496,323.3854424
24514,GREEN SPACE,PARK,Columbus,FRA,NOS,Public,0.0489244,,,7/1/2025 16:11,Fanklin Co Parks,,,5811805f-5a2f-482c-ac64-f9ff050a5c2f,7/1/2025 16:11,2131.146621,211.0444716
24515,GREEN SPACE,PARK,Columbus,FRA,NOS,Public,0.1458359,,,7/1/2025 16:11,Fanklin Co Parks,,,f4f05ce4-c120-4d65-a37a-51922a696c46,7/1/2025 16:11,6352.611777,328.7838705
24516,GREEN SPACE,PARK,Columbus,FRA,NOS,Public,0.05854247,,,7/1/2025 16:11,Fanklin Co Parks,,,49998c48-d893-45e6-8799-5186ad991e6a,7/1/2025 16:11,2550.110176,191.4973051
24517,GREEN SPACE,PARK,Columbus,FRA,NOS,Public,0.27777595,,,7/1/2025 16:11,Fanklin Co Parks,,,396afb4e-9a49-417c-ad8e-7b5cd5461447,7/1/2025 16:11,12099.92011,468.8851924
24519,GREEN SPACE,PARK,Columbus,FRA,NOS,Public,0.08910322,,,7/1/2025 16:11,Fanklin Co Parks,,,d917b441-a2b5-4d06-83d5-2eb13287d37c,7/1/2025 16:11,3881.3363,419.5923928
24520,GREEN SPACE,PARK,Columbus,FRA,NOS,Public,0.08328543,,,7/1/2025 16:11,Fanklin Co Parks,,,7925ebfa-c84a-4fb9-bc12-439ebd539565,7/1/2025 16:11,3627.913541,394.1031462
24521,GREEN SPACE,PARK,Columbus,FRA,NOS,Public,0.04004706,,,7/1/2025 16:11,Fanklin Co Parks,,,b2b202f1-53ef-475d-b0c6-dee600e707a9,7/1/2025 16:11,1744.450073,205.2805712
24524,GREEN SPACE,PARK,Columbus,FRA,NOS,Public,0.23422366,,,7/1/2025 16:11,Fanklin Co Parks,,,9be2b0e7-4111-4373-8eec-d4a990508a84,7/1/2025 16:11,10202.78254,1383.08416
24529,GREEN SPACE,PARK,Columbus,FRA,NOS,Public,0.08776995,,,7/1/2025 16:11,Fanklin Co Parks,,,ac2f29b2-6b3d-40e8-a588-14a1285ebf93,7/1/2025 16:11,3823.259125,733.6549034
24530,GREEN SPACE,PARK,Columbus,FRA,NOS,Public,0.10776462,,,7/1/2025 16:11,Fanklin Co Parks,,,18faf230-6f65-4ffb-832c-6d3e6d4da1ab,7/1/2025 16:11,4694.226807,1084.787463
24531,GREEN SPACE,PARK,Columbus,FRA,NOS,Public,0.03315503,,,7/1/2025 16:11,Fanklin Co Parks,,,a78163bd-ed6b-4028-aaf6-5f8349f9fa82,7/1/2025 16:11,1444.233128,216.1115253
24532,GREEN SPACE,PARK,Columbus,FRA,NOS,Public,0.07163215,,,7/1/2025 16:11,Fanklin Co Parks,,,a59f51d8-ba51-4f11-a85b-beb8b0efa68c,7/1/2025 16:11,3120.296366,729.8140566
24534,GREEN SPACE,PARK,Columbus,FRA,NOS,Public,0.02574551,,,7/1/2025 16:11,Fanklin Co Parks,,,dc81deea-6bb7-4fe8-b602-67bec723e6ca,7/1/2025 16:11,1121.474437,208.6715356
24536,GREEN SPACE,PARK,Columbus,FRA,NOS,Public,0.08803089,,,7/1/2025 16:11,Fanklin Co Parks,,,c6535924-004c-46b9-a589-5b1e1243e888,7/1/2025 16:11,3834.625352,414.9841463
24537,GREEN SPACE,PARK,Columbus,FRA,NOS,Public,0.16502021,,,7/1/2025 16:11,Fanklin Co Parks,,,9f83a878-ea00-4e52-8a9f-bb94e2b01603,7/1/2025 16:11,7188.280336,526.4327235
24538,GREEN SPACE,PARK,Columbus,FRA,NOS,Public,0.04914077,,,7/1/2025 16:11,Fanklin Co Parks,,,3ed79ea5-6259-4a27-b996-4545fbda5cb3,7/1/2025 16:11,2140.571905,249.4808375
24540,GREEN SPACE,PARK,Columbus,FRA,NOS,Public,0.24660211,,,7/1/2025 16:11,Fanklin Co Parks,,,01d59ab0-4b91-432e-81cd-eb11051e82a9,7/1/2025 16:11,10741.98797,1109.855902
24541,GREEN SPACE,PARK,Columbus,FRA,NOS,Public,0.03468709,,,7/1/2025 16:11,Fanklin Co Parks,,,4703bb8d-998c-4398-8a97-4b9e19bded5a,7/1/2025 16:11,1510.969793,225.0339947
24542,GREEN SPACE,PARK,Columbus,FRA,NOS,Public,0.02965171,,,7/1/2025 16:11,Fanklin Co Parks,,,a743daca-7945-4231-a3a5-bd2f5fb75405,7/1/2025 16:11,1291.628629,195.8869993
24543,GREEN SPACE,PARK,Columbus,FRA,NOS,Public,0.20456025,,,7/1/2025 16:11,Fanklin Co Parks,,,8cff5c1d-ecbb-4901-b298-be636d86dc99,7/1/2025 16:11,8910.644531,929.4720331
24544,GREEN SPACE,PARK,Columbus,FRA,NOS,Public,0.22061391,,,7/1/2025 16:11,Fanklin Co Parks,,,a3eaee01-bafd-4048-83e6-5cd696d72e87,7/1/2025 16:11,9609.941703,540.5400126
24545,GREEN SPACE,PARK,Columbus,FRA,NOS,Public,0.15256189,,,7/1/2025 16:11,Fanklin Co Parks,,,d2b78ab4-1226-4d1e-b6f4-2e13df749853,7/1/2025 16:11,6645.595825,439.4062718
24546,GREEN SPACE,PARK,Columbus,FRA,NOS,Public,0.13929823,,,7/1/2025 16:11,Fanklin Co Parks,,,8deba1af-aa1e-4b2f-a3ea-a6e09c108714,7/1/2025 16:11,6067.830859,401.7625695
24547,GREEN SPACE,PARK,Columbus,FRA,NOS,Public,0.02607161,,,7/1/2025 16:11,Fanklin Co Parks,,,e95bc333-96d3-4aca-b1f3-69047fb96ce8,7/1/2025 16:11,1135.679484,205.2218856
24548,GREEN SPACE,PARK,Columbus,FRA,NOS,Public,0.19527895,,,7/1/2025 16:11,Fanklin Co Parks,,,200f4609-e838-4250-8c9d-87fa36e1ee58,7/1/2025 16:11,8506.351129,387.3687708
24549,GREEN SPACE,PARK,Columbus,FRA,NOS,Public,0.1404058,,,7/1/2025 16:11,Fanklin Co Parks,,,c7e019b0-c766-4364-9385-3eab740a4322,7/1/2025 16:11,6116.07663,839.1351076
24550,GREEN SPACE,PARK,Columbus,FRA,NOS,Public,0.02872641,,,7/1/2025 16:11,Fanklin Co Parks,,,fb7feb7a-f1be-4d2c-b3f5-be2ad5330d39,7/1/2025 16:11,1251.322409,190.3796331
24551,GREEN SPACE,PARK,Columbus,FRA,NOS,Public,0.04532969,,,7/1/2025 16:11,Fanklin Co Parks,,,204e3730-0423-4134-87be-5d2b379f0aaa,7/1/2025 16:11,1974.561131,210.3034469
24552,GREEN SPACE,PARK,Columbus,FRA,NOS,Public,0.04334407,,,7/1/2025 16:11,Fanklin Co Parks,,,cfad1ed5-280a-4c8a-8ca7-c97a9b2004a8,7/1/2025 16:11,1888.067725,220.2187726
24553,GREEN SPACE,PARK,Columbus,FRA,NOS,Public,0.11271624,,,7/1/2025 16:11,Fanklin Co Parks,,,52a65c5d-7628-4ce1-82f6-c69a4be91378,7/1/2025 16:11,4909.919539,385.3731101
24556,GREEN SPACE,PARK,Columbus,FRA,NOS,Public,3.83707788,,,7/1/2025 16:11,Fanklin Co Parks,,,193d9ece-d60f-4d50-a12d-6c0360daee96,7/1/2025 16:11,167143.1126,2537.306379
24557,GREEN SPACE,PARK,Columbus,FRA,NOS,Public,0.20618756,,,7/1/2025 16:11,Fanklin Co Parks,,,b233c238-c5e8-4a63-98a7-3d5a19528229,7/1/2025 16:11,8981.529952,399.4242802
24559,GREEN SPACE,PARK,Columbus,FRA,NOS,Public,0.14703491,,,7/1/2025 16:11,Fanklin Co Parks,,,215d3aef-38b6-4f7c-924d-c4f521381f73,7/1/2025 16:11,6404.840678,878.9858326
24560,GREEN SPACE,PARK,Columbus,FRA,NOS,Public,0.08990792,,,7/1/2025 16:11,Fanklin Co Parks,,,d4a50508-2df9-4112-b5d4-b28ecc224e42,7/1/2025 16:11,3916.388881,423.0705629
24561,GREEN SPACE,PARK,Columbus,FRA,NOS,Public,0.29020567,,,7/1/2025 16:11,Fanklin Co Parks,,,571c8616-91d3-44e5-ada5-1b78ad296b0c,7/1/2025 16:11,12641.35899,1396.199043
24562,GREEN SPACE,PARK,Columbus,FRA,NOS,Public,0.09632781,,,7/1/2025 16:11,Fanklin Co Parks,,,146fd699-bbef-457f-83b0-59ef72223ae0,7/1/2025 16:11,4196.039344,335.6747848
24563,GREEN SPACE,PARK,Columbus,FRA,NOS,Public,0.02898598,,,7/1/2025 16:11,Fanklin Co Parks,,,32208779-97d0-4cc9-becf-0bcb501f0ea8,7/1/2025 16:11,1262.629517,285.2629339
24564,GREEN SPACE,PARK,Columbus,FRA,NOS,Public,0.08411003,,,7/1/2025 16:11,Fanklin Co Parks,,,31799e5d-766c-4d35-862d-c7c719b1acfa,7/1/2025 16:11,3663.832712,214.5718521
24565,GREEN SPACE,PARK,Columbus,FRA,NOS,Public,0.11271565,,,7/1/2025 16:11,Fanklin Co Parks,,,d098857f-b259-4008-8d0c-c0134845c51c,7/1/2025 16:11,4909.893629,385.3727906
24566,GREEN SPACE,PARK,Columbus,FRA,NOS,Public,0.48018144,,,7/1/2025 16:11,Fanklin Co Parks,,,b9107976-63b4-43a4-855b-4d65b0fb021d,7/1/2025 16:11,20916.70327,899.6886136
24567,GREEN SPACE,PARK,Columbus,FRA,NOS,Public,0.28521725,,,7/1/2025 16:11,Fanklin Co Parks,,,780efc7c-3780-41d6-9db9-94f3fa26433e,7/1/2025 16:11,12424.0633,484.8469723
24569,GREEN SPACE,PARK,Columbus,FRA,NOS,Public,0.20047036,,,7/1/2025 16:11,Fanklin Co Parks,,,e323c51e-0d43-44c2-80d8-d5b68ddfb104,7/1/2025 16:11,8732.488913,899.6101742
24571,GREEN SPACE,PARK,Columbus,FRA,NOS,Public,0.14224438,,,7/1/2025 16:11,Fanklin Co Parks,,,7f24b22a-0e2f-4649-884b-f46cc29b7ec3,7/1/2025 16:11,6196.165161,1471.122366
24572,GREEN SPACE,PARK,Columbus,FRA,NOS,Public,0.23376153,,,7/1/2025 16:11,Fanklin Co Parks,,,6b301811-cfae-41d3-83e5-0674f4f59e96,7/1/2025 16:11,10182.65237,1381.646985
24573,GREEN SPACE,PARK,Columbus,FRA,NOS,Public,0.02349055,,,7/1/2025 16:11,Fanklin Co Parks,,,70e075e4-36c4-4223-a49e-26a27e4f0457,7/1/2025 16:11,1023.248326,194.3202185
24574,GREEN SPACE,PARK,Columbus,FRA,NOS,Public,0.06298734,,,7/1/2025 16:11,Fanklin Co Parks,,,3d9ca5c7-bdcb-4944-97e1-b41c3da218c1,7/1/2025 16:11,2743.728846,663.3904099
24575,GREEN SPACE,PARK,Columbus,FRA,NOS,Public,0.01576828,,,7/1/2025 16:11,Fanklin Co Parks,,,771f4747-cd30-4520-8b60-15e7e6f40816,7/1/2025 16:11,686.8662697,206.795119
24576,GREEN SPACE,PARK,Columbus,FRA,NOS,Public,0.17588346,,,7/1/2025 16:11,Fanklin Co Parks,,,0b8f5c65-22b7-48fa-afa1-a6aac69be175,7/1/2025 16:11,7661.483434,836.4654301
24578,GREEN SPACE,PARK,Columbus,FRA,NOS,Public,0.02744092,,,7/1/2025 16:11,Fanklin Co Parks,,,7f5cd827-ff21-43b8-a56a-ea72ce2d0c19,7/1/2025 16:11,1195.326437,217.2540578
24579,GREEN SPACE,PARK,Columbus,FRA,NOS,Public,0.35453577,,,7/1/2025 16:11,Fanklin Co Parks,,,e9a56216-ab0e-4155-beb7-f2dd8ec9cbd6,7/1/2025 16:11,15443.57826,696.3161991
24580,GREEN SPACE,PARK,Columbus,FRA,NOS,Public,0.02951724,,,7/1/2025 16:11,Fanklin Co Parks,,,baeb45ed-94ac-4ab3-a121-8e7cf26cc6a2,7/1/2025 16:11,1285.770898,194.9617106
24581,GREEN SPACE,PARK,Columbus,FRA,NOS,Public,0.18007591,,,7/1/2025 16:11,Fanklin Co Parks,,,93d6444d-98a6-443a-8b68-4b30d0975177,7/1/2025 16:11,7844.106779,855.5706975
24583,GREEN SPACE,PARK,Columbus,FRA,NOS,Public,0.05351214,,,7/1/2025 16:11,Fanklin Co Parks,,,341c5d22-839f-4d7c-b41c-a8912ea6f401,7/1/2025 16:11,2330.988635,219.648298
24584,GREEN SPACE,PARK,Columbus,FRA,NOS,Public,0.02198774,,,7/1/2025 16:11,Fanklin Co Parks,,,41e58839-9af7-4f1a-bc58-7dc2bb4a50a3,7/1/2025 16:11,957.7860704,195.3171298
24585,GREEN SPACE,PARK,Columbus,FRA,NOS,Public,0.01685131,,,7/1/2025 16:11,Fanklin Co Parks,,,83fb6c5b-e8d5-4d32-8ce7-daf6af19677f,7/1/2025 16:11,734.0430837,190.0660561
24587,GREEN SPACE,PARK,Columbus,FRA,NOS,Public,0.08909215,,,7/1/2025 16:11,Fanklin Co Parks,,,c56d4e59-4b46-440c-8b61-bad86a3137d3,7/1/2025 16:11,3880.854057,663.4555989
24588,GREEN SPACE,PARK,Columbus,FRA,NOS,Public,0.02611263,,,7/1/2025 16:11,Fanklin Co Parks,,,32f6b037-547a-43fe-b155-e7976164ab45,7/1/2025 16:11,1137.466187,269.357716
24589,GREEN SPACE,PARK,Columbus,FRA,NOS,Public,0.14515289,,,7/1/2025 16:11,Fanklin Co Parks,,,74c190a7-edd8-4baa-8d4d-c11b27759f09,7/1/2025 16:11,6322.859736,670.119779
24590,GREEN SPACE,PARK,Columbus,FRA,NOS,Public,0.08185352,,,7/1/2025 16:11,Fanklin Co Parks,,,ab606dd4-98a9-444e-bce6-5a4d23128786,7/1/2025 16:11,3565.539242,669.0014898
24591,GREEN SPACE,PARK,Columbus,FRA,NOS,Public,0.1643034,,,7/1/2025 16:11,Fanklin Co Parks,,,7b65a20a-708c-495f-b4c7-2c7935067a26,7/1/2025 16:11,7157.056202,783.2545526
24594,GREEN SPACE,PARK,Columbus,FRA,NOS,Public,0.01469024,,,7/1/2025 16:11,Fanklin Co Parks,,,5af307ba-78c4-4804-8bd0-cc6739fc5673,7/1/2025 16:11,639.906785,185.0255075
24595,GREEN SPACE,PARK,Columbus,FRA,NOS,Public,0.06894056,,,7/1/2025 16:11,Fanklin Co Parks,,,bf339502-52e9-434e-bc7b-8b17378a6469,7/1/2025 16:11,3003.050514,728.108907
24597,GREEN SPACE,PARK,Columbus,FRA,NOS,Public,0.15979353,,,7/1/2025 16:11,Fanklin Co Parks,,,5f9227c8-02d8-4b92-b5b7-b331a0abbbaf,7/1/2025 16:11,6960.60611,398.1799695
24598,GREEN SPACE,PARK,Columbus,FRA,NOS,Public,0.16367215,,,7/1/2025 16:11,Fanklin Co Parks,,,86ed713f-c46d-4074-812d-0a06f409541a,7/1/2025 16:11,7129.558788,522.6255562
24600,GREEN SPACE,PARK,Columbus,FRA,NOS,Public,0.0495292,,,7/1/2025 16:11,Fanklin Co Parks,,,72c4cf8a-de35-47d3-9f1a-ff559bf18913,7/1/2025 16:11,2157.492152,201.6244238
24601,GREEN SPACE,PARK,Columbus,FRA,NOS,Public,0.04189371,,,7/1/2025 16:11,Fanklin Co Parks,,,2f2f91d3-a58a-4aed-a8d0-e681dd2e8c6e,7/1/2025 16:11,1824.890137,443.8933103
24606,GREEN SPACE,PARK,Columbus,FRA,NOS,Public,0.01489437,,,7/1/2025 16:11,Fanklin Co Parks,,,1c73dc1c-526b-4e15-8e8d-be20bfeadb03,7/1/2025 16:11,648.7987272,170.9794181
24607,GREEN SPACE,PARK,Columbus,FRA,NOS,Public,0.11292766,,,7/1/2025 16:11,Fanklin Co Parks,,,f7f39912-5223-495e-8193-a28edbfb497a,7/1/2025 16:11,4919.129089,528.5370745
24609,GREEN SPACE,PARK,Columbus,FRA,NOS,Public,0.02693383,,,7/1/2025 16:11,Fanklin Co Parks,,,b6598222-cac3-4ec6-bbb5-2f4430b7729a,7/1/2025 16:11,1173.237427,271.6574661
24610,GREEN SPACE,PARK,Columbus,FRA,NOS,Public,0.21223507,,,7/1/2025 16:11,Fanklin Co Parks,,,0192a126-34cc-4566-bf5f-96e386bd4c98,7/1/2025 16:11,9244.95984,1256.32887
24611,GREEN SPACE,PARK,Columbus,FRA,NOS,Public,0.05404443,,,7/1/2025 16:11,Fanklin Co Parks,,,4d9a6e06-f178-4750-b890-c68c48e8d6a0,7/1/2025 16:11,2354.175401,653.8704076
24614,GREEN SPACE,PARK,Columbus,FRA,NOS,Public,0.1388066,,,7/1/2025 16:11,Fanklin Co Parks,,,7ebe602d-041b-44e5-b39e-1d6b5d8b080e,7/1/2025 16:11,6046.415428,666.3422732
24615,GREEN SPACE,PARK,Columbus,FRA,NOS,Public,0.06168092,,,7/1/2025 16:11,Fanklin Co Parks,,,081321cf-661f-42cf-b5fe-829bf775a74c,7/1/2025 16:11,2686.820838,300.044745
24618,GREEN SPACE,PARK,Columbus,FRA,NOS,Public,0.04507159,,,7/1/2025 16:11,Fanklin Co Parks,,,4fff3536-7f1f-4236-a779-bff77a79ba5b,7/1/2025 16:11,1963.318357,157.0725505
24620,GREEN SPACE,PARK,Columbus,FRA,NOS,Public,0.08410954,,,7/1/2025 16:11,Fanklin Co Parks,,,97ab74ef-d77e-49b6-aa9e-ff162392cbcf,7/1/2025 16:11,3663.811348,214.5712265
24622,GREEN SPACE,PARK,Columbus,FRA,NOS,Public,0.19247389,,,7/1/2025 16:11,Fanklin Co Parks,,,3799fbc5-fa88-468b-8d4a-1f08fc9fb8e0,7/1/2025 16:11,8384.162788,865.0066277
24624,GREEN SPACE,PARK,Reynoldsburg,FRA,NOS,Public,0.38802672,,,7/1/2025 16:11,Franklin Co Parks,,,fdc2c083-9003-445f-ad09-7c99547c5d94,7/1/2025 16:11,16902.44409,775.9686742
24628,GREEN SPACE,PARK,Grove City,FRA,NOS,Public,0.03317303,,,7/1/2025 16:11,Franklin Co Parks,,,a19931c5-6185-49db-b994-fbfd8e95bf02,7/1/2025 16:11,1445.017212,194.276764
24629,GREEN SPACE,PARK,Whitehall,FRA,NOS,Public,0.13846433,,,7/1/2025 16:11,Franklin Co Parks,,,54058fec-b6a6-41bd-a6da-a24d3a10777c,7/1/2025 16:11,6031.506104,346.7716921
24631,GREEN SPACE,PARK,Grandview Heights,FRA,NOS,Public,0.22406812,,,7/1/2025 16:11,Frankiln Co Parks,,,9d757fb2-78c5-4ac3-ab7a-e50ef7d77a8c,7/1/2025 16:11,9760.407471,392.5446518
24632,GREEN SPACE,PARK,Bexley,FRA,NOS,Public,0.03179608,,,7/1/2025 16:11,Frankiln Co Parks,,,4179f23b-a6a3-4cad-9eae-462d426ed283,7/1/2025 16:11,1385.037433,249.6975915
24633,GREEN SPACE,PARK,Bexley,FRA,NOS,Public,0.03186079,,,7/1/2025 16:11,Frankiln Co Parks,,,c87a33b8-4751-462f-8c31-5223fda203b8,7/1/2025 16:11,1387.855814,250.1653523
24636,GREEN SPACE,PARK,Upper Arlington,FRA,NOS,Public,0.13608411,,,7/1/2025 16:11,Frankiln Co Parks,,,c30d5296-eaa3-405f-b2fb-7691f6050d66,7/1/2025 16:11,5927.823853,1470.590668
24637,GREEN SPACE,PARK,Bexley,FRA,NOS,Public,0.04446783,,,7/1/2025 16:11,Frankiln Co Parks,,,79607413-34b9-43eb-8d56-f89e11f71650,7/1/2025 16:11,1937.018584,341.695387
24638,GREEN SPACE,PARK,Bexley,FRA,NOS,Public,0.03207143,,,7/1/2025 16:11,Frankiln Co Parks,,,40358c9d-dd64-4b0c-a7c7-336e8af41c49,7/1/2025 16:11,1397.031487,251.696709
24639,GREEN SPACE,PARK,Bexley,FRA,NOS,Public,0.03186079,,,7/1/2025 16:11,Frankiln Co Parks,,,981b877c-798c-4706-a08a-b1bd727b18fb,7/1/2025 16:11,1387.856069,250.1652049
24640,GREEN SPACE,PARK,Bexley,FRA,NOS,Public,0.11462512,,,7/1/2025 16:11,Frankiln Co Parks,,,13686181-05b9-4ec2-9f75-1e158576fcae,7/1/2025 16:11,4993.070295,672.1380332
24641,GREEN SPACE,PARK,Marble Cliff,FRA,NOS,Public,0.23736643,,,7/1/2025 16:11,Frankiln Co Parks,,,ed495b6f-9390-4fa5-b8b7-81400032ff81,7/1/2025 16:11,10339.68181,498.028599
24642,GREEN SPACE,PARK,Bexley,FRA,NOS,Public,0.05505904,,,7/1/2025 16:11,Frankiln Co Parks,,,d97f5cc1-7d93-4225-9d57-e5a5df1caee8,7/1/2025 16:11,2398.371702,205.3145521
24643,GREEN SPACE,PARK,Bexley,FRA,NOS,Public,0.5186086,,,7/1/2025 16:11,Frankiln Co Parks,,,c7cb5608-0003-4117-bf8c-10f18bd2ca12,7/1/2025 16:11,22590.59054,2898.173067
24645,GREEN SPACE,PARK,Bexley,FRA,NOS,Public,0.04201286,,,7/1/2025 16:11,Frankiln Co Parks,,,a6278fc3-f041-425f-831c-b0a683a6030e,7/1/2025 16:11,1830.080281,323.9114906
24646,GREEN SPACE,PARK,Bexley,FRA,NOS,Public,0.03186078,,,7/1/2025 16:11,Frankiln Co Parks,,,1be5f508-06d9-4b0e-9bb4-453bc0b8b69d,7/1/2025 16:11,1387.855602,250.1655232
24648,GREEN SPACE,PARK,Bexley,FRA,NOS,Public,0.05256213,,,7/1/2025 16:11,Frankiln Co Parks,,,4670b96a-18e6-4d99-bf39-b5f0224d3190,7/1/2025 16:11,2289.606497,260.4021606
24649,GREEN SPACE,PARK,Bexley,FRA,NOS,Public,0.1256257,,,7/1/2025 16:11,Frankiln Co Parks,,,88338f68-87ad-4446-97e9-80ba01887d61,7/1/2025 16:11,5472.255657,312.508059
24650,GREEN SPACE,PARK,Bexley,FRA,NOS,Public,0.03186075,,,7/1/2025 16:11,Frankiln Co Parks,,,f8af9459-4e57-4bd6-80e5-336833457cba,7/1/2025 16:11,1387.854409,250.1651198
24651,GREEN SPACE,PARK,Bexley,FRA,NOS,Public,0.04639542,,,7/1/2025 16:11,Frankiln Co Parks,,,cceba167-113e-42e1-949e-e7ff4773c8bb,7/1/2025 16:11,2020.984365,355.6951833
24652,GREEN SPACE,PARK,Bexley,FRA,NOS,Public,0.04639669,,,7/1/2025 16:11,Frankiln Co Parks,,,014ec04e-8a58-4976-9ab6-bc782cf83c61,7/1/2025 16:11,2021.03991,355.6957468
24653,GREEN SPACE,PARK,Bexley,FRA,NOS,Public,0.5932725,,,7/1/2025 16:11,Frankiln Co Parks,,,7ed7f6e0-7dab-4986-a60a-e01f43bdb8bd,7/1/2025 16:11,25842.95024,1027.997688
24654,GREEN SPACE,PARK,Bexley,FRA,NOS,Public,0.04419226,,,7/1/2025 16:11,Frankiln Co Parks,,,58a80489-3021-464a-ad64-a5adc097e452,7/1/2025 16:11,1925.014775,339.6951313
24655,GREEN SPACE,PARK,Bexley,FRA,NOS,Public,0.03207102,,,7/1/2025 16:11,Frankiln Co Parks,,,9c232b02-805c-4557-8294-fb77f13998b5,7/1/2025 16:11,1397.013474,251.6964712
24656,GREEN SPACE,PARK,Columbus,FRA,NOS,Public,0.32171421,,,7/1/2025 16:11,Frankiln Co Parks,,,50c05201-ac8f-48e0-bceb-fd10d9d5511e,7/1/2025 16:11,14013.87094,2725.48762
24658,GREEN SPACE,PARK,Bexley,FRA,NOS,Public,0.15284081,,,7/1/2025 16:11,Frankiln Co Parks,,,77870634-21cf-4e2c-a575-123ae08d774d,7/1/2025 16:11,6657.745485,1128.659629
24659,GREEN SPACE,PARK,Bexley,FRA,NOS,Public,0.04419229,,,7/1/2025 16:11,Frankiln Co Parks,,,f94dbe41-03f6-42c7-a5f6-667420d4f139,7/1/2025 16:11,1925.016221,339.6951667
24660,GREEN SPACE,PARK,Grandview Heights,FRA,NOS,Public,1.12738933,,,7/1/2025 16:11,Frankiln Co Parks,,,e91052fa-d134-407f-ba88-5993a4e1ec51,7/1/2025 16:11,49109.07913,1325.094655
24661,GREEN SPACE,PARK,Upper Arlington,FRA,NOS,Public,0.17168159,,,7/1/2025 16:11,Frankiln Co Parks,,,029dfb27-cdb7-4c67-80ca-f9490f27b671,7/1/2025 16:11,7478.450001,390.9992681
24662,GREEN SPACE,PARK,Bexley,FRA,NOS,Public,0.04866993,,,7/1/2025 16:11,Frankiln Co Parks,,,def74a47-3120-4f7f-bc7b-ab8c974beeee,7/1/2025 16:11,2120.062091,372.2062407
24663,GREEN SPACE,PARK,Bexley,FRA,NOS,Public,0.0317961,,,7/1/2025 16:11,Frankiln Co Parks,,,dbd7971f-7370-425e-9d8a-88167c43baac,7/1/2025 16:11,1385.038074,249.6975681
24664,GREEN SPACE,PARK,Bexley,FRA,NOS,Public,0.04201476,,,7/1/2025 16:11,Frankiln Co Parks,,,a3efa663-8f94-4f55-9951-514b4fa9b43e,7/1/2025 16:11,1830.162763,323.9131592
24665,GREEN SPACE,PARK,Bexley,FRA,NOS,Public,0.04887604,,,7/1/2025 16:11,Frankiln Co Parks,,,ab5a4efa-e3ef-47ce-a717-971691b6ab08,7/1/2025 16:11,2129.040501,373.6978998
24666,GREEN SPACE,PARK,Upper Arlington,FRA,NOS,Public,0.67607589,,,7/1/2025 16:11,Frankiln Co Parks,,,3240246d-bc40-4f07-8bc8-f1faa8f1931e,7/1/2025 16:11,29449.86596,900.9812997
24667,GREEN SPACE,PARK,Bexley,FRA,NOS,Public,0.05248504,,,7/1/2025 16:11,Frankiln Co Parks,,,cb12c5c7-a38e-4d82-9718-55f0b20583b6,7/1/2025 16:11,2286.248206,260.0618004
24668,GREEN SPACE,PARK,Bexley,FRA,NOS,Public,0.10686216,,,7/1/2025 16:11,Frankiln Co Parks,,,7730aba5-3ee1-4eec-a72d-0b16f5d0140e,7/1/2025 16:11,4654.915942,290.2655579
24670,GREEN SPACE,PARK,Bexley,FRA,NOS,Public,0.04612058,,,7/1/2025 16:11,Frankiln Co Parks,,,df6f0162-513c-4df8-8294-c5c3329002f9,7/1/2025 16:11,2009.012595,353.6954676
24671,GREEN SPACE,PARK,Bexley,FRA,NOS,Public,0.14168216,,,7/1/2025 16:11,Frankiln Co Parks,,,be5b020f-43c5-44a2-84b1-16da98186275,7/1/2025 16:11,6171.675049,1334.787703
24672,GREEN SPACE,PARK,Grandview Heights,FRA,NOS,Public,0.0112722,,,7/1/2025 16:11,Frankiln Co Parks,,,bfb4ffe2-a7c0-497f-83a2-efdfb2ddf298,7/1/2025 16:11,491.0171987,137.103435
24673,GREEN SPACE,PARK,Bexley,FRA,NOS,Public,0.0461206,,,7/1/2025 16:11,Frankiln Co Parks,,,e7bb7eb6-9ee7-4558-821a-5bb7751fd075,7/1/2025 16:11,2009.013372,353.6956046
24674,GREEN SPACE,PARK,Bexley,FRA,NOS,Public,0.04446714,,,7/1/2025 16:11,Frankiln Co Parks,,,dcaee543-2215-4bff-b86e-c3359e87b431,7/1/2025 16:11,1936.988525,341.6947337
24675,GREEN SPACE,PARK,Bexley,FRA,NOS,Public,0.04446777,,,7/1/2025 16:11,Frankiln Co Parks,,,4e2e59cc-e996-4842-a1d8-0ecd567651f6,7/1/2025 16:11,1937.01587,341.6949471
24677,GREEN SPACE,PARK,Upper Arlington,FRA,NOS,Public,0.03936012,,,7/1/2025 16:11,Frankiln Co Parks,,,c7238ea5-2770-4a48-9ce4-f7e688967348,7/1/2025 16:11,1714.526855,358.2980283
24678,GREEN SPACE,PARK,Bexley,FRA,NOS,Public,0.03207201,,,7/1/2025 16:11,Frankiln Co Parks,,,c579a19f-6d4c-4dc3-9b80-8bbc23bf90a6,7/1/2025 16:11,1397.05651,251.6978167
24679,GREEN SPACE,PARK,Bexley,FRA,NOS,Public,0.04446778,,,7/1/2025 16:11,Frankiln Co Parks,,,796c4bba-7737-4dd4-a959-1956cc72c36a,7/1/2025 16:11,1937.016362,341.6950104
24680,GREEN SPACE,PARK,Urbancrest,FRA,NOS,Public,0.90540922,,,7/1/2025 16:11,Frankiln Co Parks,,,948020ef-c6dc-41e2-ae35-6ab99e97a081,7/1/2025 16:11,39439.62572,3206.020101
24681,GREEN SPACE,PARK,Bexley,FRA,NOS,Public,0.0502435,,,7/1/2025 16:11,Frankiln Co Parks,,,c8d1f930-da83-42c5-b52e-49d01a30a803,7/1/2025 16:11,2188.606888,201.9279533
24682,GREEN SPACE,PARK,Bexley,FRA,NOS,Public,0.04611985,,,7/1/2025 16:11,Frankiln Co Parks,,,6f0cf34a-5c04-4744-adb4-aeba35a24002,7/1/2025 16:11,2008.980685,353.6947009
24683,GREEN SPACE,PARK,Bexley,FRA,NOS,Public,0.04612065,,,7/1/2025 16:11,Frankiln Co Parks,,,849d49a6-f0d4-49ed-8d68-2fdab30c9c3e,7/1/2025 16:11,2009.015692,353.6954717
24684,GREEN SPACE,PARK,Westerville,FRA,NOS,Public,2.20505103,,,7/1/2025 16:11,Frankiln Co Parks,,,14615c93-eac5-404d-bab3-392cdcda0787,7/1/2025 16:11,96052.02307,1981.626901
24686,GREEN SPACE,PARK,Bexley,FRA,NOS,Public,0.15294233,,,7/1/2025 16:11,Frankiln Co Parks,,,47fba14d-c419-438a-bdaa-3e9667e0cee7,7/1/2025 16:11,6662.167964,1129.194832
24688,GREEN SPACE,PARK,Upper Arlington,FRA,NOS,Public,0.79714065,,,7/1/2025 16:11,Frankiln Co Parks,,,0b0d14d1-9d5b-4e20-8d85-4189c9adbede,7/1/2025 16:11,34723.44687,875.6850928
24689,GREEN SPACE,PARK,Upper Arlington,FRA,NOS,Public,0.66642592,,,7/1/2025 16:11,Frankiln Co Parks,,,17bc5ad7-d4a3-4e30-a1ec-d07eeac7dfaf,7/1/2025 16:11,29029.5132,986.2825096
24690,GREEN SPACE,PARK,Upper Arlington,FRA,NOS,Public,0.09784202,,,7/1/2025 16:11,Frankiln Co Parks,,,70f10156-5c21-4c0b-913b-e7b074e1dbe6,7/1/2025 16:11,4261.998169,341.5212439
24691,GREEN SPACE,PARK,Grandview Heights,FRA,NOS,Public,0.07205118,,,7/1/2025 16:11,Frankiln Co Parks,,,be193df0-25aa-4c6d-9189-4cd4dad34f2d,7/1/2025 16:11,3138.549386,280.8511589
24692,GREEN SPACE,PARK,Bexley,FRA,NOS,Public,0.0320711,,,7/1/2025 16:11,Frankiln Co Parks,,,eaec84d0-d608-4c3d-95b5-cacf6d2e6b10,7/1/2025 16:11,1397.016982,251.6970589
24693,GREEN SPACE,PARK,Bexley,FRA,NOS,Public,0.04867001,,,7/1/2025 16:11,Frankiln Co Parks,,,dccba30b-8103-4be2-ac43-94cbc21f3cb2,7/1/2025 16:11,2120.065492,372.2068121
24694,GREEN SPACE,PARK,Bexley,FRA,NOS,Public,0.04887667,,,7/1/2025 16:11,Frankiln Co Parks,,,56ebf342-c570-46af-9a72-f35b55c05ff0,7/1/2025 16:11,2129.067681,373.6980633
24695,GREEN SPACE,PARK,Bexley,FRA,NOS,Public,0.05262431,,,7/1/2025 16:11,Frankiln Co Parks,,,9ebfd84a-15ec-4de6-bb70-0f910d503ebc,7/1/2025 16:11,2292.315015,260.6698918
24696,GREEN SPACE,PARK,Bexley,FRA,NOS,Public,0.03185379,,,7/1/2025 16:11,Frankiln Co Parks,,,2aa21103-bbf6-40ed-ac07-56ee3b62e68e,7/1/2025 16:11,1387.551198,250.1317048
24698,GREEN SPACE,PARK,Township,FRA,NOS,Public,0.44241472,,,7/1/2025 16:11,Franklin Co Parks,,,824e5c40-fb89-4976-965f-2a489fc1d14d,7/1/2025 16:11,19271.58534,734.7206758
24700,GREEN SPACE,PARK,Columbus,FRA,NOS,Public,0.4707304,,,7/1/2025 16:11,Franklin Co Parks,,,73e15a7f-35e7-491b-a87d-6b8db006ec1e,7/1/2025 16:11,20505.01648,521.4993939
24702,GREEN SPACE,PARK,Columbus,FRA,NOS,Public,0.12331068,,,7/1/2025 16:11,Franklin Co Parks,,,c81cb823-f489-4879-b8be-b12d614f2992,7/1/2025 16:11,5371.413058,285.2275745
24703,GREEN SPACE,PARK,Columbus,FRA,NOS,Public,0.15736455,,,7/1/2025 16:11,Franklin Co Parks,,,9f787c9e-0b2d-43bb-9445-e8900131e308,7/1/2025 16:11,6854.799763,1017.687095
24704,GREEN SPACE,PARK,Columbus,FRA,NOS,Public,0.09051785,,,7/1/2025 16:11,Franklin Co Parks,,,2f2a498c-5214-46a5-b6bb-a1da01edaf8b,7/1/2025 16:11,3942.957639,605.8746294
24705,GREEN SPACE,PARK,Columbus,FRA,NOS,Public,0.14045895,,,7/1/2025 16:11,Franklin Co Parks,,,5991e5d1-28f3-42d0-a602-c08bc5666e85,7/1/2025 16:11,6118.391731,329.2753106
24708,GREEN SPACE,PARK,Riverlea,FRA,NOS,Public,0.45758799,,,7/1/2025 16:11,Franklin Co Parks,,,4dd20a79-baa1-46db-a51e-c3cbd32d8cac,7/1/2025 16:11,19932.53258,753.1591169
24710,GREEN SPACE,PARK,Riverlea,FRA,NOS,Public,0.24949364,,,7/1/2025 16:11,Franklin Co Parks,,,203b18d9-e099-41be-8062-bb0095144900,7/1/2025 16:11,10867.94306,408.0877876
24712,GREEN SPACE,PARK,Columbus,FRA,NOS,Public,0.09126289,,,7/1/2025 16:11,Franklin Co Parks,,,d54cc28f-ec77-48ca-8e0f-f90a4008d7ef,7/1/2025 16:11,3975.411368,814.2712809
24713,GREEN SPACE,PARK,Columbus,FRA,NOS,Public,0.036504,,,7/1/2025 16:11,Franklin Co Parks,,,ae565ae9-d0f2-4b62-8d4a-833b3441180f,7/1/2025 16:11,1590.114314,372.2077788
24714,GREEN SPACE,PARK,Upper Arlington,FRA,NOS,Public,0.05207418,,,7/1/2025 16:11,Franklin Co Parks,,,c1b104c8-1925-4ade-bc83-46e70e3e625a,7/1/2025 16:11,2268.351318,242.4487349
24715,GREEN SPACE,PARK,Upper Arlington,FRA,NOS,Public,0.16667574,,,7/1/2025 16:11,Franklin Co Parks,,,c55898bb-989d-40cb-af76-54c46cc75b23,7/1/2025 16:11,7260.395221,1521.053057
22576,PARK,Park Avenue Field,London,MAD,C,Public,5.68053614,Park Avenue Field,578,7/1/2025 16:11,MORPC Standardized ELU 2021, ,Park Avenue Field,3aeb092b-ea9f-4af5-8091-c8a73057e4fb,7/1/2025 16:11,247444.1543,2404.85363
25017,PARK,Park Avenue Field,London,MAD,C,Public,5.06151604,Park Avenue Field,,7/1/2025 16:11,MORPC Standardized ELU 2021,,Park Avenue Field,64956fe7-3975-480b-8b44-8d40890b0310,7/1/2025 16:11,220479.6389,2101.894337
22205,PARK,Park Blvd./Devil'S Hill Park,Worthington,FRA,N,Public,4.9496951,Park Blvd./Devil's Hill Park,628,7/1/2025 16:11,FCA, ,Devil's Hill Park,fe65e39f-2993-4e2b-97bd-f31ff758f9d7,7/1/2025 16:11,215608.7189,3601.933443
23946,PARK,Park Drive Park,Township,PIC,N,Public,1.92187553,Park Drive Park,,7/1/2025 16:11,Pickaway County,,,46e93444-bce0-4caa-9ed5-9fb2b6e59fc8,7/1/2025 16:11,83716.89807,1214.009837
23667,PARK,Park Mill Open Space,Dublin,UNI,NOS,Public,2.75271648,Park Mill Open Space,,7/1/2025 16:11,Dublin,,,38a04716-3522-4d65-9707-84a0a77a8053,7/1/2025 16:11,119908.3296,1746.551397
23668,PARK,"Park Place Open Space """"A""""",Dublin,UNI,NOS,Public,3.265437,"Park Place Open Space """"A""""",,7/1/2025 16:11,Dublin,,,82ddb485-91af-4619-a549-04ecbe867fb9,7/1/2025 16:11,142242.4357,1821.714036
23669,PARK,"Park Place Open Space """"B""""",Dublin,UNI,NOS,Public,0.58734163,"Park Place Open Space """"B""""",,7/1/2025 16:11,Dublin,,,c3da59ee-8981-4f8b-a179-54a6f47a5d77,7/1/2025 16:11,25584.60144,643.0511668
23670,PARK,Park Place Park,Dublin,UNI,N,Public,4.65999081,Park Place Park,,7/1/2025 16:11,Dublin,,,77c6ce76-fb79-4d8f-a9b5-12ea2c9b94ab,7/1/2025 16:11,202989.1992,2179.229487
24019,PARK,Parker Community Park,Alexandira,LIC,REC,Public,6.60500601,Parker Community Park,,7/1/2025 16:11,,,Parker Community Park,d3091ebb-d746-4b74-8cc8-43c9862cee33,7/1/2025 16:11,287714.0614,2935.124552
22206,PARK,Parkridge Park,Columbus,FRA,R,Public,42.57526598,Parkridge,629,7/1/2025 16:11,Columbus,Parkridge Park,Parkridge,af55a26b-e341-4c16-a757-e698665856de,7/1/2025 16:11,1854578.586,8701.121918
24804,PARK,Parkridge Park,Columbus ,FRA,C,Public,0.79904469,Parkridge Park,,7/1/2025 16:11,MORPC Standardized ELU 2021,,,29f19a12-479b-40e1-9230-8fa365625995,7/1/2025 16:11,34806.38672,784.4453645
24805,PARK,Parkridge Park,Columbus,FRA,C,Public,1.38072752,Parkridge Park,,7/1/2025 16:11,MORPC Standardized ELU 2021,,,5e138a63-6d08-4a30-88e6-6e66c24131ed,7/1/2025 16:11,60144.49133,1935.684362
24806,PARK,Parkridge Park,Columbus,FRA,C,Public,1.6774093,Parkridge Park,,7/1/2025 16:11,MORPC Standardized ELU 2021,,,b0879a80-04eb-46f4-bcab-e0ba8236b9c5,7/1/2025 16:11,73067.94836,1494.967538
23219,PARK,Parkview Parkland,Columbus,FRA,CON,Public,3.61638829,Parkview Parkland,361,7/1/2025 16:11,Columbus,,,9c4afbab-48d6-484f-a33b-cf6d6ea01431,7/1/2025 16:11,157529.874,1884.838685
23704,PARK,Parkway Drive Open Space,Columbus,FRA,NOS,Public,1.64802635,Parkway Drive Open Space,,7/1/2025 16:11,FCEO,,,84330ce1-1eec-48b5-9007-4e83437998b4,7/1/2025 16:11,71788.02771,1609.089
23464,PARK,Parkway Mini,Grandview Heights,FRA,N,Public,0.1889031,Parkway Mini,,7/1/2025 16:11,FCA,,,cd2ca4e4-9e0d-46a7-8af8-663cb473ffce,7/1/2025 16:11,8228.619019,365.0493523
23186,PARK,Pastime Park,Plain City,UNI,C,Public,43.82545894,Pastime Park,,7/1/2025 16:11,Union County,,Pastime Park,f79631a3-0035-4836-8f39-e6dd0c61d420,7/1/2025 16:11,1909036.991,7478.772493
23020,CEMETERY,Pataskala Cemetery,Pataskala,LIC,CEM,Public,19.05680995,Pataskala Cemetery,,7/1/2025 16:11,,,,f04cd559-c7be-46d1-b0ee-dc30dc061ad2,7/1/2025 16:11,830114.6415,4121.939937
24426,PARK,Pataskala City Park,Pataskala,LIC,C,Public,16.96529022,Pataskala City Park,,7/1/2025 16:11,Licking County,,Pataskala City Park,e8cd9bdf-75ea-4b34-94fe-3c0869428143,7/1/2025 16:11,739008.0417,4842.775506
24883,PARK,Pataskala Lions Park,Township,LIC,C,Public,32.98735484,Pataskala Lions Park,,7/1/2025 16:11,MORPC Standardized ELU 2021,,Pataskala Lions Park,57b4fe8f-598c-4f63-990c-815ae9443ea0,7/1/2025 16:11,1436929.177,4877.483134
23482,PARK,Patterson Park,Marion,MAR,C,Public,1.56818111,Patterson Park,,7/1/2025 16:11,Marion County,,,1b74cde1-be1b-47d8-8295-284040a39393,7/1/2025 16:11,68309.96899,1064.490156
22806,CEMETERY,Paugh Knepper,Township,FAI,CEM,Public,0.49999812,Paugh Knepper,,7/1/2025 16:11,Fairfield County,,,b1e02fba-45dc-4c4a-ad77-4baf1cac3213,7/1/2025 16:11,21779.91833,593.998768
21955,PARK,Paul J. Falco,Marble Cliff,FRA,N,Public,0.7353996,Paul J. Falco,631,7/1/2025 16:11,, ,,55f6a967-3f5a-4f58-84ee-79365672fafe,7/1/2025 16:11,32034.00671,715.4047906
25851,CEMETERY,Paul Peters Farm Cemetery,Township,PIC,CEM,Private,0.71143664,Paul Peters Farm Cemetery,,7/1/2025 16:11,Google Maps,,,9796ea34-c12e-4311-8dce-8e8a36baff87,7/1/2025 16:11,30990.17969,752.7995559
21984,PARK,Paul S. Metzger Park,Westerville,FRA,C,Public,31.71023867,Paul S. Metzger Park,632,7/1/2025 16:11,Westerville,Paul S. Metzger Park,Paul S. Metzger Park,9a298310-94d8-4a1b-9922-4eb809fbcca6,7/1/2025 16:11,1381297.997,4875.079744
24802,GREEN SPACE,Pavillion at New Albany Preserve,Columbus,FRA,NOS,Public,2.4309085,,,7/1/2025 16:11,MORPC Standardized ELU 2021,,,2b8a40dd-6c01-4cae-a747-75b2d2baa4bf,7/1/2025 16:11,105890.3743,1278.674561
25276,CEMETERY,Pawpaw Cemetery,Township,MAR,CEM,Public,0.83123507,Pawpaw Cemetery,,7/1/2025 16:11,Google Maps,,,628ff475-0eef-43be-a117-3162fc217769,7/1/2025 16:11,36208.59973,761.2811976
25702,CEMETERY,Payne Cemetery,Township,HOC,CEM,Public,0.53772995,Payne Cemetery,,7/1/2025 16:11,Google Maps,,,680b033c-41cb-4403-8701-09780e446aaa,7/1/2025 16:11,23423.51648,646.2249391
23746,CEMETERY,Peace Chruch Cemetery,Township,MRW,CEM,Public,0.13316092,Peace Chruch Cemetery,,7/1/2025 16:11,parcels,,,c9f448ca-e83b-4a00-a3d1-49b42739c462,7/1/2025 16:11,5800.489624,305.0728237
23015,CEMETERY,Peachblow Cemetery,Township,DEL,CEM,Public,0.43008977,Peachblow Cemetery,,7/1/2025 16:11,,,,105eff76-4416-4e5c-a3e2-9f80f42a62e2,7/1/2025 16:11,18734.71033,631.997943
24808,GREEN SPACE,Peachwood Place Open Space,Columbus,FRA,NOS,Public,1.42183665,,,7/1/2025 16:11,MORPC Standardized ELU 2021,,,c161dd11-33b5-42c8-8aa2-bc1c89cb3f24,7/1/2025 16:11,61935.20496,1384.086615
25331,CEMETERY,Peak Cemetery,Township,MRW,CEM,Public,0.66630371,Peak Cemetery,,7/1/2025 16:11,Google Maps,,,ec166566-9b2c-4057-9d0e-ea5e97f648b4,7/1/2025 16:11,29024.18958,706.1289092
23902,PARK,Pearl King,Township,MAD,M,Public,20.0705389,Pearl King,,7/1/2025 16:11,Metro Parks,,Pearl King,dfed36e4-b22b-466f-b359-55b04614a778,7/1/2025 16:11,874272.6743,3846.861758
25845,CEMETERY,Peck Farm Cemetery,Township,PIC,CEM,Private,0.75731467,Peck Farm Cemetery,,7/1/2025 16:11,Google Maps,,,dda4bd3b-69e2-4d09-894b-cb2600126dae,7/1/2025 16:11,32988.62701,730.0267542
23190,PARK,Peoria Park,Township,UNI,N,Public,0.53889425,Peoria Park,,7/1/2025 16:11,Union County,,,dc65a1db-1735-4bc4-886c-6f2b53b2021a,7/1/2025 16:11,23474.23352,666.7486624
24087,PARK,Perhar Parkland,Columbus,FRA,C,Public,5.28753016,Perhar Parkland,,7/1/2025 16:11,Columbus,,Perhar Parkland,625b7b56-b5ff-4920-bdc4-839dbb6cdddb,7/1/2025 16:11,230324.8138,2133.128999
24102,GOLF,Perry County Club,New Lexington,PER,GOLF,Public,92.24278501,Perry County Club,,7/1/2025 16:11,google maps/orthos,,Perry County Club,f80bebb9-91a4-4dc7-bb69-f54638def5fd,7/1/2025 16:11,4018095.715,12146.38323
21928,PARK,Perry Park,Worthington,FRA,C,Public,19.11935071,Perry Park,634,7/1/2025 16:11,, ,Perry Park,aa1dd764-1c99-48ac-8c93-42d7db99d2c8,7/1/2025 16:11,832838.9172,5334.983117
24096,PARK,Perry Park,Zanesfield ,LOG,N,Public,8.19866619,Perry Park,,7/1/2025 16:11,google maps/orthos,,Perry Park,3f970a75-994c-4519-9cd5-3965a4666f8d,7/1/2025 16:11,357133.8994,2766.276211
24367,PARK,Perry Park,Columbus,FRA,C,Public,1.79433399,Perry Park,,7/1/2025 16:11,Columbus,,,298e47dd-28b0-41fe-bfd1-2659d101ae34,7/1/2025 16:11,78161.18811,1296.325847
24403,PARK,Perry Sf,Township,PER,STATE,Public,4780.57397,Perry State Park,,7/1/2025 16:11,ODNR,Perry SF,Perry State Park,9f4705ff-4dab-4738-acce-b0777cc01f79,7/1/2025 16:11,208241802.1,137309.8955
24008,CEMETERY,Perry Twp Cemetery,Township,LIC,CEM,Public,1.83458018,Perry Twp Cemetery,,7/1/2025 16:11,Licking Co Parcels,,,db046f2e-3a45-4d97-9291-84cb92b9fe83,7/1/2025 16:11,79914.31287,1259.994322
24009,CEMETERY,Perryton Cemetery,Township,LIC,CEM,Public,0.47495304,Perryton Cemetery,,7/1/2025 16:11,Licking Co Parcels,,,9f8e1b02-2ff8-439b-a229-4d4069286bb0,7/1/2025 16:11,20688.95435,611.1163604
23067,CEMETERY,Pet Cemetery,Columbus,FRA,CEM,Public,3.04552014,Pet Cemetery,,7/1/2025 16:11,,,,4f19564f-0080-4b88-94a8-9ded0960b71c,7/1/2025 16:11,132662.8572,1481.879442
23931,CEMETERY,Pet Cemetery,Township,PIC,CEM,Public,4.27675138,Pet Cemetery,,7/1/2025 16:11,Pickaway parcels,,,67e23a7c-6149-4a52-97df-1ee08d6c0f2e,7/1/2025 16:11,186295.29,2294.606206
23102,CEMETERY,Peters,Township,FRA,CEM,Public,0.02767801,Peters,,7/1/2025 16:11,,,,a026e3ca-0e5e-4bbd-8324-59c721b97c35,7/1/2025 16:11,1205.654297,140.3064587
23103,CEMETERY,Peters Family,Columbus,FRA,CEM,Public,0.01421132,Peters Family,,7/1/2025 16:11,,,,e951c068-d4b9-47be-b057-efddd654c6c1,7/1/2025 16:11,619.0450439,99.6560329
24718,GREEN SPACE,PETZINGER STREET ISLAND,Columbus,FRA,NOS,Public,0.01682394,,,7/1/2025 16:11,Columbus Park Boundaries,,,e5f144b6-06bb-43b1-8528-e14b61f7bf62,7/1/2025 16:11,732.8509521,102.129573
24213,PARK,Pfeifer Park,Canal Winchester,FRA,N,Public,1.6553192,Pfeifer Park,,7/1/2025 16:11,,,,166f64a6-bf6f-4c56-8337-e2792a70e432,7/1/2025 16:11,72105.70447,1650.773518
23980,CEMETERY,Philipps Cemetery,Township,LIC,CEM,Public,2.05213622,Philipps Cemetery,,7/1/2025 16:11,Licking Co Parcels,,,c27c6627-5eb9-4b46-a71b-77ed0cc20d98,7/1/2025 16:11,89391.05396,1279.371346
25401,PARK,Phillips Park,Mount Vernon,KNO,C,Public,4.89828547,Phillips Park,,7/1/2025 16:11,Google Maps,,,c12dd244-e6ea-46c8-b868-8367513cfe98,7/1/2025 16:11,213369.3148,2304.28334
25237,CEMETERY,Piatt Cemetery,Township,LOG,CEM,Public,4.49997411,Piatt Cemetery,,7/1/2025 16:11,Google Maps,,,2a0e9308-9c9d-4776-845c-eadff9b2cc1b,7/1/2025 16:11,196018.8721,1785.432037
22353,GOLF,Pickaway Country Club,Township,PIC,GOLF,Public,151.22104,Pickaway Country Club,591,7/1/2025 16:11,,, ,f598c252-0a55-46e4-b05b-7362307f998e,7/1/2025 16:11,6587188.502,12060.92211
23934,PARK,Pickaway Trail,Township,PIC,REC,Public,52.5370513,Pickaway Trail,,7/1/2025 16:11,Pickaway parcels,,Pickaway Trail,a924a52b-e51f-4163-af74-88e5f18687d5,7/1/2025 16:11,2288513.955,57738.25391
23936,PARK,Pickaway Trail,Township,PIC,SPU,Public,27.27351188,Pickaway Trail,,7/1/2025 16:11,Pickaway parcels,,,91d8055e-5e5e-4af0-8d9d-4fefe9f2a82c,7/1/2025 16:11,1188034.177,40625.43832
23939,PARK,Pickaway Trail,Township,PIC,REC,Public,12.70882958,Pickaway Trail,,7/1/2025 16:11,Pickaway parcels,,Pickaway Trail,1333d36f-4d26-411d-9d1e-0519328e2619,7/1/2025 16:11,553596.6165,16492.60512
24041,PARK,Pickaway Trail,Township,PIC,SPU,Public,5.47296217,Pickaway Trail,,7/1/2025 16:11,Pickaway County,,,59f33690-9980-4e4d-a42f-c14458d806e7,7/1/2025 16:11,238402.232,4998.670432
24044,PARK,Pickaway Trail,Township,PIC,SPU,Public,9.16412684,Pickaway Trail,,7/1/2025 16:11,Pickaway County,,,9847ecef-8339-4b72-abe6-4d733407b888,7/1/2025 16:11,399189.3648,12857.7713
24045,PARK,Pickaway Trail,Township,PIC,SPU,Public,4.87055975,Pickaway Trail,,7/1/2025 16:11,Pickaway County,,,c0a58caa-af5d-4e30-a2ab-3acb355cfe66,7/1/2025 16:11,212161.583,7521.311273
24046,PARK,Pickaway Trail,Township,PIC,SPU,Public,13.56456832,Pickaway Trail,,7/1/2025 16:11,Pickaway County,,,26cfad93-4faa-4e20-a59e-288a1012ac97,7/1/2025 16:11,590872.5961,14270.69944
24048,PARK,Pickaway Trail,New Holland,PIC,SPU,Public,0.59388235,Pickaway Trail,,7/1/2025 16:11,,,,90561532-de2b-44e9-acf2-158bb5149463,7/1/2025 16:11,25869.5152,1330.248894
24050,PARK,Pickaway Trail,Township,PIC,SPU,Public,12.77408205,Pickaway Trail,,7/1/2025 16:11,,,,cbcd4467-0050-400b-8d46-1e8196059ddf,7/1/2025 16:11,556439.0138,16012.82048
22603,RECREATION,Pickerington Community Pool,Pickerington,FAI,SPU,Public,4.08037035,Pickerington Community Pool,,7/1/2025 16:11,Fairfield County, ,,6b6d2f6d-6e39-4901-8a81-e52e6eda5e19,7/1/2025 16:11,177740.9323,1670.812701
23541,PARK,Pickerington Ponds,Columbus,FRA,M,Public,1154.060998,Pickerington Ponds Metro Park,,7/1/2025 16:11,Metro Parks,Pickerington Ponds Metro Park,Pickerington Ponds Metro Park,cc2326fe-2e81-4370-9e54-eadf8e0146d9,7/1/2025 16:11,50270897.06,78255.09398
23542,PARK,Pickerington Ponds,Columbus,FAI,M,Public,438.1436139,Pickerington Ponds Metro Park,,7/1/2025 16:11,Metro Parks,Pickerington Ponds Metro Park,Pickerington Ponds Metro Park,c2e4f502-4ce9-4811-910b-25c31fae91f7,7/1/2025 16:11,19085535.82,22156.1171
22131,PARK,Pierce Field,Grandview Heights,FRA,N,Public,4.47452343,Pierce Field,638,7/1/2025 16:11,, ,,16648f84-876d-4813-88df-ea58cdd3a5d4,7/1/2025 16:11,194910.2405,1950.689752
25397,CEMETERY,Pike Cemetery,Township,KNO,CEM,Public,1.68067864,Pike Cemetery,,7/1/2025 16:11,Google Maps,,,43bd479e-2dd3-4aa5-b1b8-e2aaec22247a,7/1/2025 16:11,73210.36157,1119.240434
22896,CEMETERY,Pine Grove Cemetery,Township,FAI,CEM,Public,1.38304068,Pine Grove Cemetery,,7/1/2025 16:11,Fairfield County,,,6d0ecc86-3854-4004-9d0d-1dab8611d524,7/1/2025 16:11,60245.25195,1023.144301
22897,CEMETERY,Pine Grove Cemetery,Township,FAI,CEM,Public,0.60333173,Pine Grove Cemetery,,7/1/2025 16:11,Fairfield County,,,ac7826f3-7205-4fef-8731-e7ddf53ef202,7/1/2025 16:11,26281.13025,651.901951
25630,CEMETERY,Pine Hill Cemetery,Township,HOC,CEM,Public,0.47446151,Pine Hill Cemetery,,7/1/2025 16:11,Google Maps,,,dc92907f-6df6-458e-a051-60ce50420c89,7/1/2025 16:11,20667.54333,610.5025605
22271,GOLF,Pine Hill Golf Course,Township,FAI,GOLF,Public,123.0076868,Pine Hill Golf Course,639,7/1/2025 16:11,Fairfield County,,Pine Hill Golf Course,da292d5c-2ed0-4f20-9338-c6f59b3a9953,7/1/2025 16:11,5358214.838,9782.847555
22934,CEMETERY,Pine Lane Cemetery,Township,UNI,CEM,Public,0.34758117,Pine Lane Cemetery,,7/1/2025 16:11,Union County,,,742e5eed-79ff-47ca-8f1b-e3c637014733,7/1/2025 16:11,15140.63599,528.1734303
21929,PARK,Pine Quarry Park,Reynoldsburg,FRA,C,Public,40.78513421,Pine Quarry Park,640,7/1/2025 16:11,,Pine Quarry Park,Pine Quarry Park,71b87ba7-596a-4398-a114-2493ac2012e7,7/1/2025 16:11,1776600.446,6828.614346
25567,PARK,Pine Street Park,Chillicothe,ROS,C,Public,0.91459266,Pine Street Park,,7/1/2025 16:11,Google Maps,,,1dfabf7f-ef39-4fe8-9fdd-46ce0b990fa8,7/1/2025 16:11,39839.65643,864.4344462
23819,GREEN SPACE,Pinecrest Open Space,Township,FRA,NOS,Public,5.22792339,,,7/1/2025 16:11,,,,56a0cff2-c7c2-456a-9b76-d644f3cd7c08,7/1/2025 16:11,227728.3435,4431.611316
23820,GREEN SPACE,Pinecrest Open Space,Township,FRA,NOS,Public,0.94392068,,,7/1/2025 16:11,,,,8294c35e-390c-44dd-82d0-ceb3a80037d9,7/1/2025 16:11,41117.18518,2632.265912
25363,PARK,Pines Softball Field,Township,MRW,CEM,Public,17.6979923,Pines Softball Field ,,7/1/2025 16:11,Google Maps,,,7acfc87e-7e6c-4421-8457-e893133662d1,7/1/2025 16:11,770924.5444,5277.401057
21988,PARK,Pingree Park,Worthington,FRA,N,Public,1.12119473,Pingree Park,641,7/1/2025 16:11,, ,,9c5e75ec-529b-4d63-a14a-dd6414843afc,7/1/2025 16:11,48839.24207,886.5251967
22093,PARK,Pingue Park,Columbus,FRA,N,Public,5.1968243,Pingue Park,11,7/1/2025 16:11,Columbus, ,Pingue Park,0b276767-fb24-4a02-86ee-f70dea99579f,7/1/2025 16:11,226373.6665,1895.273776
22567,GOLF,Pinnacle Golf Club,Grove City,FRA,GOLF,Public,53.80377582,Pinnacle Golf Club,643,7/1/2025 16:11,Grove City,,Pinnacle Golf Club,49cd179e-8e16-41b0-9e91-adc1082a2db8,7/1/2025 16:11,2343692.474,8359.860648
22689,GOLF,Pinnacle Golf Club,Grove City,FRA,GOLF,Public,146.3249737,Pinnacle Golf Club,643,7/1/2025 16:11,Grove City,,Pinnacle Golf Club,4aadb3ab-e58b-43fd-ade3-6b2deee0e062,7/1/2025 16:11,6373915.856,21346.1524
22420,PARK,Pipers Glen Basin,Gahanna,FRA,N,Public,1.19316618,Pipers Glen Basin,644,7/1/2025 16:11,Gahanna, ,,df3bfd58-81b3-4380-9285-691979d537fc,7/1/2025 16:11,51974.31873,943.8263933
22772,CEMETERY,Pisgah,Pickerington,FAI,CEM,Public,0.92535411,Pisgah,,7/1/2025 16:11,Fairfield County,,,8be42da0-169b-4ba1-a14b-277803c65e99,7/1/2025 16:11,40308.42493,1061.338971
25631,CEMETERY,Pisgah Cemetery,Township,HOC,CEM,Public,1.32340516,Pisgah Cemetery,,7/1/2025 16:11,Google Maps,,,6479311c-ffeb-4e7e-b93b-6044b6aee8a4,7/1/2025 16:11,57647.52869,1252.788624
25720,CEMETERY,Pisgah Cemetery,Township,PER,CEM,Public,0.59854521,Pisgah Cemetery,,7/1/2025 16:11,Google Maps,,,35cf6a56-c8c7-4b21-b114-bf0d9cfbfe86,7/1/2025 16:11,26072.62915,655.936826
25239,CEMETERY,Pisgy Cemetery,Township,LOG,CEM,Public,0.44012458,Pisgy Cemetery,,7/1/2025 16:11,Google Maps,,,b1a5f963-7f17-450c-8f8d-d09280709cf8,7/1/2025 16:11,19171.8269,565.3092784
22498,PARK,Pizzurro Park,Gahanna,FRA,C,Public,23.50345877,Pizzurro Park,645,7/1/2025 16:11,Gahanna,Pizzurro Park,Pizzurro Park,05b30b9e-debf-4e73-8463-b1351f894c17,7/1/2025 16:11,1023810.664,12288.59976
23814,GREEN SPACE,Planters Grove Open Space,New Albany,FRA,NOS,Public,10.88406183,,,7/1/2025 16:11,parcels,,,f9713582-e1b6-497d-b671-422de06a2451,7/1/2025 16:11,474109.7332,7199.883675
24528,GREEN SPACE,PLANTING STRIP,Columbus,FRA,NOS,Public,0.10809706,,,7/1/2025 16:11,Fanklin Co Parks,,,7b333994-416b-4833-b9ef-6abd383d0fdb,7/1/2025 16:11,4708.708178,513.846259
24613,GREEN SPACE,PLANTING STRIP,Columbus,FRA,NOS,Public,0.04931399,,,7/1/2025 16:11,Fanklin Co Parks,,,493bf77e-2619-4ca7-84b2-c80f14ae3878,7/1/2025 16:11,2148.117224,262.1148256
25556,PARK,Playground ,Township,ROS,SPU,Public,0.05326106,Playground,,7/1/2025 16:11,Google Maps,,,e168e059-37c6-4ab6-9590-d078a3d73b24,7/1/2025 16:11,2320.051758,197.4930786
24206,PARK,Playground Park,Deleware,DEL,N,Public,0.77752069,Playground Park,,7/1/2025 16:11,,,,45d8d409-7cf3-408f-b5ae-9dbe1733cec3,7/1/2025 16:11,33868.802,775.9625971
23048,CEMETERY,Pleasant Cemetery,Township,MAD,CEM,Public,37.22473401,Pleasant Cemetery,,7/1/2025 16:11,,,Pleasant Cemetery,c59820f8-7185-48a6-89b4-04e693211c51,7/1/2025 16:11,1621509.414,5528.627825
23390,CEMETERY,Pleasant Cemetery,Township,MAR,CEM,Public,0.48908253,Pleasant Cemetery,,7/1/2025 16:11,Marion parcels,,,7b43a970-50dc-49df-b53e-fbe3dbb14adf,7/1/2025 16:11,21304.43494,799.2153467
23391,CEMETERY,Pleasant Cemetery,Township,MAR,CEM,Public,1.73839346,Pleasant Cemetery,,7/1/2025 16:11,Marion parcels,,,6625ebde-201b-42b3-aa94-d1379f64cf78,7/1/2025 16:11,75724.41919,1121.872927
23910,CEMETERY,Pleasant Cemetery,Township,PIC,CEM,Public,9.15848915,Pleasant Cemetery,,7/1/2025 16:11,Pickaway parcels,,Pleasant Cemetery,de9e59cf-210b-4b53-99a2-9aba42341150,7/1/2025 16:11,398943.7885,3139.837173
25794,CEMETERY,Pleasant Grove Cemetery,Township,PER,CEM,Private,1.52511265,Pleasant Grove Cemetery ,,7/1/2025 16:11,Google Maps,,,8c199cbd-97bd-41df-8e6f-719596b2b681,7/1/2025 16:11,66433.9071,1163.62559
23738,CEMETERY,Pleasant Grove Cemetery ,Township,MRW,CEM,Public,0.86355807,Pleasant Grove Cemetery,,7/1/2025 16:11,parcels,,,e9bebc61-55c7-4f2b-b4e0-dc2d483bd36b,7/1/2025 16:11,37616.58972,877.2376614
23739,CEMETERY,Pleasant Grove Cemetery ,Township,MRW,CEM,Public,0.40413898,Pleasant Grove Cemetery ,,7/1/2025 16:11,parcels,,,e12bdb90-2de3-48f6-9eed-3c819d7a5eaa,7/1/2025 16:11,17604.29382,534.0562205
22818,CEMETERY,Pleasant Hill,Township,FAI,CEM,Public,0.66106412,Pleasant Hill,,7/1/2025 16:11,Fairfield County,,,ce4d8e7a-6d4d-436e-9479-27fbd471f5a0,7/1/2025 16:11,28795.953,714.6558107
22870,CEMETERY,Pleasant Hill Cemetery,Township,FAI,CEM,Public,0.68605463,Pleasant Hill Cemetery,,7/1/2025 16:11,Fairfield County,,,be42b313-893c-47c1-9dae-a30ea47e12b5,7/1/2025 16:11,29884.53955,684.8551823
22952,CEMETERY,Pleasant Hill Cemetery,Township,UNI,CEM,Public,1.25811762,Pleasant Hill Cemetery,,7/1/2025 16:11,Union County,,,136a4312-c975-461d-81fa-939b30baf746,7/1/2025 16:11,54803.60339,987.691704
25289,CEMETERY,Pleasant Hill Cemetery,Township,MAR,CEM,Public,5.10453038,Pleasant Hill Cemetery,,7/1/2025 16:11,Google Maps,,,84e16772-8688-46fa-8df9-57ec0cb6fb47,7/1/2025 16:11,222353.3433,1892.115218
25529,CEMETERY,Pleasant Hill Cemetery,Township,ROS,CEM,Public,0.57372519,Pleasant Hill Cemetery,,7/1/2025 16:11,Google Maps,,,76a5fe6f-4756-4fd3-9c3b-b13c76305521,7/1/2025 16:11,24991.46948,713.9391421
25530,CEMETERY,Pleasant Hill Cemetery,Township,ROS,CEM,Public,0.35180194,Pleasant Hill Cemetery,,7/1/2025 16:11,Google Maps,,,edfa2357-9e21-46d2-a729-5f8f9b62e078,7/1/2025 16:11,15324.49268,664.9068058
25612,CEMETERY,Pleasant Hill Cemetery,Township,ROS,CEM,Public,1.38387224,Pleasant Hill Cemetery,,7/1/2025 16:11,Google Maps,,,00a0a37e-fddf-47e5-957a-07a9b7a976f7,7/1/2025 16:11,60281.47491,1161.95421
25613,CEMETERY,Pleasant Hill Cemetery,Township,ROS,CEM,Public,1.86888982,Pleasant Hill Cemetery,,7/1/2025 16:11,Google Maps,,,bf2a95f5-dedb-41c7-a46a-94c1e5599ce9,7/1/2025 16:11,81408.84076,1415.095078
25910,CEMETERY,Pleasant Hill Cemetery,Township,FAI,CEM,Public,0.08842757,Pleasant Hill Cemetery,,7/1/2025 16:11,Google Maps,,,2f354a04-4ee4-4aaf-a193-1bb8c1071e72,7/1/2025 16:11,3851.905029,791.2104076
25911,CEMETERY,Pleasant Hill Cemetery,Township,FAI,CEM,Public,1.90181144,Pleasant Hill Cemetery,,7/1/2025 16:11,Google Maps,,,e0760fcd-53dd-4a57-86f5-f0a26e93182b,7/1/2025 16:11,82842.90625,1312.910934
25912,CEMETERY,Pleasant Hill Cemetery,Township,FAI,CEM,Public,0.15271551,Pleasant Hilll Cemetery,,7/1/2025 16:11,Google Maps,,,f7fd8977-0b42-48c8-8c3e-762a7518ddb3,7/1/2025 16:11,6652.287598,729.6837019
22866,CEMETERY,Pleasant Hill Mennonite Cemetery,Township,FAI,CEM,Public,0.48750214,Pleasant Hill Mennonite Cemetery,,7/1/2025 16:11,Fairfield County,,,a76f9946-44df-4bee-ba33-bc594dcfd795,7/1/2025 16:11,21235.59326,627.0012914
24007,CEMETERY,Pleasant Hill Road Cemetery,Township,LIC,CEM,Public,1.46608192,Pleasant Hill Road Cemetery,,7/1/2025 16:11,Licking Co Parcels,,,ede1870b-1692-4794-92e1-327aa9865ba9,7/1/2025 16:11,63862.52856,1220.306861
23377,GREEN SPACE,Pleasant Township Open Space,Township,MAR,PRES,Public,81.89329614,,,7/1/2025 16:11,Marion parcels,,,fb636393-1819-4bc3-a356-2dbab29b1bdb,7/1/2025 16:11,3567271.98,8010.571874
23378,GREEN SPACE,Pleasant Township Open Space,Township,MAR,PRES,Public,70.71605069,,,7/1/2025 16:11,Marion parcels,,,cb276d5d-7a89-40d2-bc2a-47b771abb4c3,7/1/2025 16:11,3080391.167,7829.526205
23504,PARK,Pleasant Township Park,Township,MAR,C,Public,12.30840593,Pleasant Township Park,,7/1/2025 16:11,Marion County,,Pleasant Township Park,9ced1d7d-38f6-4ce6-aa1b-1b2fa9b0faf7,7/1/2025 16:11,536154.1624,3825.340069
23502,PARK,Pleasant Township Park ,Township,MAR,C,Public,26.94448649,Pleasant Township Park,,7/1/2025 16:11,Marion County,,Pleasant Township Park,33230b6a-793e-4a29-8c87-00de2200251c,7/1/2025 16:11,1173701.832,5749.364152
23503,PARK,Pleasant Township Park ,Township,MAR,C,Public,20.60021365,Pleasant Township Park,,7/1/2025 16:11,Marion County,,Pleasant Township Park,065db29a-842a-477b-8fe8-d1eb527b8049,7/1/2025 16:11,897345.3063,4005.191957
23598,PARK,Pleasant Valley,Township,ROS,W,Public,1487.078836,Pleasant Valley Wildlife Area,,7/1/2025 16:11,ODNR,Pleasant Valley,Pleasant Valley Wildlife Area,d88d432b-d721-4695-aa6e-a1f4cf53e754,7/1/2025 16:11,64777154.11,61389.3261
25652,CEMETERY,Pleasant Valley Cemetery,Township,HOC,CEM,Public,1.1066556,Pleasant Valley Cemetery,,7/1/2025 16:11,Google Maps,,,9d809216-2502-461c-b193-9426b70680bf,7/1/2025 16:11,48205.91809,1035.742021
22274,GOLF,Pleasant Valley Golf Course,Township,FAI,GOLF,Public,100.4469962,Pleasant Valley Golf Course,646,7/1/2025 16:11,Fairfield County,,Pleasant Valley Golf Course,11b4b505-cc09-4076-9f18-9048b8ca58c0,7/1/2025 16:11,4375471.156,10988.20112
22642,PARK,Pleasantville Park,Pleasantville,FAI,N,Public,0.83322613,Pleasantville Park,647,7/1/2025 16:11,Fairfield County,,,c4e97834-d3ab-4a80-a2a3-192b413ec3b1,7/1/2025 16:11,36295.33032,811.1355094
24416,PARK,Pleasantville Park,Pleasantville,FAI,C,Public,3.7073747,Pleasantville Park,,7/1/2025 16:11,,,,2e50c870-783e-49d3-86e1-163ef96a7c24,7/1/2025 16:11,161493.2419,1768.302725
22852,CEMETERY,Pleasantville Road Cemetery,Township,FAI,CEM,Public,0.00223532,Pleasantville Road Cemetery,,7/1/2025 16:11,Fairfield County,,,a77ce953-bf11-477e-9c47-5fbee0286190,7/1/2025 16:11,97.37060547,39.64649463
25116,CEMETERY,Plum Cemetery,Township,LOG,CEM,Public,4.23106395,Plum Cemetery,,7/1/2025 16:11,Google Maps,,,5b95cda0-503f-4776-9225-ab8e39e06d2a,7/1/2025 16:11,184305.1454,2101.751268
25569,PARK,Poland Park ,Chillicothe,ROS,C,Public,3.04863923,Poland Park,,7/1/2025 16:11,Google Maps,,,617517b3-ac30-43cf-b16e-329d6e5f0847,7/1/2025 16:11,132798.7249,1432.172676
25342,CEMETERY,Pompey Cemetery,Township,MRW,CEM,Public,0.39972778,Pompey Cemetery,,7/1/2025 16:11,Google Maps,,,94a43284-f2b7-45e1-b1af-887487c790f1,7/1/2025 16:11,17412.14221,528.4934253
23255,CEMETERY,Pontifical College Josephinum,Columbus,FRA,CEM,Public,1.21938813,Pontifical College Josephinum,,7/1/2025 16:11,FCA,,,e76cc5ee-2cbd-406c-8cc3-8391a766a3ce,7/1/2025 16:11,53116.547,892.4036163
25539,CEMETERY,Poole Cemetery,Township,ROS,CEM,Private,0.17177856,Poole Cemetery,,7/1/2025 16:11,Google Maps,,,a75fc141-a9a5-4c17-b643-7e6230790ff0,7/1/2025 16:11,7482.673828,358.282185
22790,CEMETERY,Poplar Creek,Township,FAI,CEM,Public,1.0943377,Poplar Creek,,7/1/2025 16:11,Fairfield County,,,db69d994-7f7f-48d2-b16c-eb42e2449edb,7/1/2025 16:11,47669.34998,873.8629758
23983,CEMETERY,Poplar Fork Cemetery,Township,LIC,CEM,Public,4.86095571,Poplar Fork Cemetery,,7/1/2025 16:11,Licking Co Parcels,,,2570a61e-997a-431b-840c-e870dd2f108f,7/1/2025 16:11,211743.231,1928.059374
24088,PARK,Poplar Park,Columbus,FRA,N,Public,0.10014931,Poplar Park,,7/1/2025 16:11,Columbus,,,11d2f2a4-4b9b-407e-9820-0d2a5a97f4eb,7/1/2025 16:11,4362.503662,331.3137799
22652,PARK,Portman Park,Columbus,FRA,C,Public,77.34540392,Portman Park,649,7/1/2025 16:11,Columbus,Portman Park,Portman Park,472504fc-d225-4b8c-9387-c29991c78037,7/1/2025 16:11,3369165.795,9916.817528
23458,PARK,Portman Park,Columbus,FRA,C,Public,11.37907305,Portman Park,,7/1/2025 16:11,Columbus,,Portman Park,4beadaaa-8255-4342-b589-d3c251744700,7/1/2025 16:11,495672.4218,3337.89585
23864,PARK,Portman Park Addition,Columbus,FRA,C,Public,2.77848966,Portman Park,649,7/1/2025 16:11,Columbus,,,f67effde-5c0e-48d9-bec8-9ea7f3c3a2dc,7/1/2025 16:11,121031.0095,1737.211481
23660,PARK,Post Preserve Park,Dublin,UNI,N,Public,9.27271045,Post Preserve Park,,7/1/2025 16:11,Dublin,,Post Preserve Park,ea0ea77a-9515-4b8b-ad96-aeb4d1256313,7/1/2025 16:11,403919.2676,3335.227978
23104,CEMETERY,Postle,Columbus,FRA,CEM,Public,0.21194091,Postle,,7/1/2025 16:11,,,,2f8ade09-96e7-43aa-a4e6-a98d142830ff,7/1/2025 16:11,9232.14624,407.4538166
25520,CEMETERY,Potts Hill Cemetery,Township,ROS,CEM,Public,0.47845946,Potts Hill Cemetery,,7/1/2025 16:11,Google Maps,,,449a0da1-24b2-4f72-81d9-0bcf111cc8de,7/1/2025 16:11,20841.69427,588.2725556
22994,CEMETERY,Powell Cemetery,Powell,DEL,CEM,Public,1.47352748,Powell Cemetery,,7/1/2025 16:11,,,,e8f5a2b4-ee39-4d91-9157-0411a2af5c70,7/1/2025 16:11,64186.85706,1017.877636
23105,CEMETERY,Powell Methodist (Brice Methodist),Columbus,FRA,CEM,Public,0.31493168,Powell Methodist,,7/1/2025 16:11,,,,9226ff24-078b-4c09-ae01-e4dc36190a2a,7/1/2025 16:11,13718.42371,477.2742318
24113,PARK,Powell Park,Bellefontaine,LOG,N,Public,1.08279449,Powell Park,,7/1/2025 16:11,Logan Parcel Data,,,c44fdd40-c50c-4e3e-874c-7730cf6653ec,7/1/2025 16:11,47166.52771,868.7755001
22410,PARK,Powell Place Open Space,Powell,DEL,N,Public,4.76753345,Powell Place Open Space,600,7/1/2025 16:11,, , ,5580c97a-00cf-4008-8f02-6d9a5cbdf907,7/1/2025 16:11,207673.7573,2361.260975
23858,PARK,Prairie Oaks Metro Park,Metro Parks,FRA,M,Public,2274.478473,Prairie Oaks Metro Park,,7/1/2025 16:11,Metro Parks,Prairie Oaks Metro Park,Prairie Oaks Metro Park,34ddfc3f-232b-4279-8f4a-ed3689dd3fe5,7/1/2025 16:11,99076282.27,184164.9783
23589,PARK,Prairie Parkland,Columbus,FRA,PRES,Public,24.81861092,Prairie Parkland,,7/1/2025 16:11,,,,19e1585a-479e-4a87-8d86-ffe0ece14106,7/1/2025 16:11,1081098.692,5563.152012
23815,GREEN SPACE,Prembrooke Green Open Space,New Albany,FRA,NOS,Public,0.64228409,,,7/1/2025 16:11,parcels,,,bfb82582-7ee5-43cd-826c-0ee9d1e207dd,7/1/2025 16:11,27977.89502,772.2743432
22655,PARK,Preserve East Parkland,Columbus,FRA,CON,Public,25.56236866,Preserve East Parkland,610,7/1/2025 16:11,Columbus,,Preserve East Parkland,34dc3244-bd37-465c-97e2-8e10c5c713e0,7/1/2025 16:11,1113496.779,5257.119752
23838,PARK,Presley Drive Open Space,Grove City,FRA,NOS,Public,6.69068664,Presley Drive Open Space,,7/1/2025 16:11,Grove City,,,1425543b-1ede-4b85-a1eb-a7acf353936a,7/1/2025 16:11,291446.3101,4713.757027
23839,PARK,Presley Drive Open Space,Grove City,FRA,NOS,Public,1.12947368,Presley Drive Open Space,,7/1/2025 16:11,Grove City,,,24c041d9-0112-464b-9339-a2bd6785d3f0,7/1/2025 16:11,49199.87366,1243.818387
22599,PARK,Preston Trails Park,Pickerington,FAI,C,Public,35.17572686,Preston Trails Park,651,7/1/2025 16:11,Fairfield County,Preston Trails Park,Preston Trails Park,19b50001-528c-4d21-abfd-11f7db3c4aa8,7/1/2025 16:11,1532254.662,7423.959345
23426,PARK,Prestwick Commons Park,Columbus,DEL,N,Public,4.90380025,Prestwick Commons Park,289,7/1/2025 16:11,Columbus,,,ea6d8041-56c3-4a17-8cab-66086924d5b1,7/1/2025 16:11,213609.538,2276.080924
22901,CEMETERY,Price Cemetery,Township,UNI,CEM,Public,11.7163797,Price Cemetery,,7/1/2025 16:11,Union County,,,aed91423-8b9c-4f7f-96dc-1b2e86f7b212,7/1/2025 16:11,510365.4999,3489.299903
23878,PARK,Price Road Park,Gahanna,FRA,C,Public,52.00256804,Price Road Park,,7/1/2025 16:11,Gahanna,Price Road Park,Price Road Park,1651a2de-b548-4109-b7f2-a4eac293927e,7/1/2025 16:11,2265231.864,7716.437154
22426,PARK,Pride Park,Columbus,FRA,N,Public,0.08860696,Pride Park,653,7/1/2025 16:11,Columbus, ,,d6f7e32a-fbe6-46cb-89ba-370bf7e170f6,7/1/2025 16:11,3859.719238,335.2391781
23179,PARK,Private,Township,KNO,PR,Public,343.7214317,Private,,7/1/2025 16:11,,,Private,c19fd96d-46bc-4287-923f-b3c51964f51e,7/1/2025 16:11,14972505.56,20873.9555
23396,CEMETERY,Prospect Cemetery,Prospect,MAR,CEM,Public,15.9390862,Prospect Cemetery,,7/1/2025 16:11,Marion parcels,,,6537251c-d07b-403e-aebb-167d6215425f,7/1/2025 16:11,694306.5948,5143.204111
25645,CEMETERY,Prospect Cemetery,Township,HOC,CEM,Public,0.99068636,Prospect Cemetery,,7/1/2025 16:11,Google Maps,,,b39d01da-9bda-472a-a802-f80c147c0161,7/1/2025 16:11,43154.29773,1112.078672
23398,PARK,Prospect Community Park,Prospect,MAR,N,Public,35.3967421,Prospect Community Park,,7/1/2025 16:11,Marion parcels,,Prospect Community Park,932fbed5-79ac-4de7-8634-db5927c2f24a,7/1/2025 16:11,1541882.086,5645.770999
24669,GREEN SPACE,PUBLIC PARK OR PLAYGROUND,Gahanna,FRA,NOS,Public,3.39472004,,,7/1/2025 16:11,Frankiln Co Parks,,,1bbd0ba4-7729-4c70-b4c1-4fbb00000bb9,7/1/2025 16:11,147874.0052,2903.43804
25358,CEMETERY,Pulaskiville Cemetery,Township,MRW,CEM,Public,1.28268286,Pulaskiville Cemetery,,7/1/2025 16:11,Google Maps,,,ca9c7f17-6d20-495a-bdb0-58ea3b753e1b,7/1/2025 16:11,55873.66565,955.0747219
22469,PARK,Pump House Park,Columbus,FRA,N,Public,4.03525959,Pump House Park,375,7/1/2025 16:11,Columbus, ,,78aa0dca-5bff-4ad0-9db7-3f2a621b3854,7/1/2025 16:11,175775.9077,1927.458629
24625,PARK,Pump House Park,Columbus,FRA,C,Public,1.45101376,Pump House Park,,7/1/2025 16:11,Franklin Co Parks,,,e89d24eb-8d93-4a87-bfd4-4447da08c73f,7/1/2025 16:11,63206.15948,1438.217627
21983,PARK,Pumphrey Park,Columbus,FRA,N,Public,0.67352786,Pumphrey Park,654,7/1/2025 16:11,Columbus, ,,4dc66d55-086a-4b65-a8da-a82ba7c6db31,7/1/2025 16:11,29338.87366,852.0897884
23239,GOLF,Pumpkin Vine Golf Course,Township,FAI,GOLF,Public,124.4041611,Pumpkin Vine Golf Course,,7/1/2025 16:11,Fairfield County,,Pumpkin Vine Golf Course,2700b201-572b-4410-8143-9704caa3ff04,7/1/2025 16:11,5419045.256,14158.17238
25345,CEMETERY,Purvis Cemetery,Township,MRW,CEM,Public,0.20561945,Purvis Cemetery,,7/1/2025 16:11,Google Maps,,,c988337a-a660-4451-b37d-2c257d14fa7b,7/1/2025 16:11,8956.783325,378.6124813
22561,PARK,Quail Creek Park,Grove City,FRA,C,Public,5.03882746,Quail Creek Park,655,7/1/2025 16:11,Grove City, ,Quail Creek Park,fc64fcdd-bd14-4edd-bffe-bee973f67f0f,7/1/2025 16:11,219491.3237,1937.050192
23850,PARK,Quail Creek Park Open Space,Grove City,FRA,N,Public,1.27593672,Quail Creek Park Open Space,,7/1/2025 16:11,Grove City,,,c7e5ba8c-45c4-4a39-a75c-fb6d1f1c7869,7/1/2025 16:11,55579.80334,1066.603135
22900,CEMETERY,Quaker Cemetery,Township,UNI,CEM,Public,1.19432161,Quaker Cemetery,,7/1/2025 16:11,Union County,,,b5eaffb6-3f98-4768-b142-4ca989550631,7/1/2025 16:11,52024.64929,934.2553621
25255,CEMETERY,Quaker Cemetery,Township,LOG,CEM,Public,0.07984332,Quaker Cemetery,,7/1/2025 16:11,Google Maps,,,3547f310-aae5-4b54-a360-fe986b49a19b,7/1/2025 16:11,3477.974731,243.0294899
23526,PARK,Quarry Park,Marion,MAR,C,Public,31.46729592,Quarry Park,,7/1/2025 16:11,Marion County,,Quarry Park,2232623d-aac0-4579-95d7-bcf277d78192,7/1/2025 16:11,1370715.41,6487.525601
23527,PARK,Quarry Park,Marion,MAR,C,Public,17.65769706,Quarry Park,,7/1/2025 16:11,Marion County,,Quarry Park,7bc761a4-fc38-47bf-8a2e-007d04fa43ef,7/1/2025 16:11,769169.2837,3551.111555
23528,PARK,Quarry Park,Marion,MAR,C,Public,7.18541588,Quarry Park,,7/1/2025 16:11,Marion County,,Quarry Park,cac48683-a6d4-4e07-9486-8bde5f37b229,7/1/2025 16:11,312996.7157,3204.352288
23529,PARK,Quarry Park,Marion,MAR,C,Public,6.42010677,Quarry Park,,7/1/2025 16:11,Marion County,,Quarry Park,9e256d84-a689-4e1d-8e43-773e17ee8fc3,7/1/2025 16:11,279659.8512,2470.721557
23530,PARK,Quarry Park,Marion,MAR,C,Public,18.29233937,Quarry Park,,7/1/2025 16:11,Marion County,,Quarry Park,dda1ff76-ad85-4e5d-9a9d-fdae3fff67d6,7/1/2025 16:11,796814.3029,4375.271099
23531,PARK,Quarry Park,Marion,MAR,C,Public,0.48316242,Quarry Park,,7/1/2025 16:11,Marion County,,,d56eb496-6264-4536-8084-3969ab9ec1dc,7/1/2025 16:11,21046.55481,605.3779992
24214,PARK,Quarry Park,Columbus ,FRA,M,Public,117.6075355,Quarry Park,,7/1/2025 16:11,Metro Park,Quarry Metro Park,Quarry Park,82cbf70c-1730-49ab-954d-71fe4d803d95,7/1/2025 16:11,5122984.245,14896.31618
24215,PARK,Quarry Park,Columbus,FRA,M,Public,62.46004678,Quarry Park,,7/1/2025 16:11,Metro Park,,Quarry Park,045940cc-ea27-4ab8-b54d-7aa76bdfd675,7/1/2025 16:11,2720759.638,10834.82902
23478,PARK,Quarry Park ,Marion,MAR,C,Public,36.89950052,Quarry Park,,7/1/2025 16:11,Marion County,,Quarry Park,472fca65-c208-4eb1-8594-a70bb228c262,7/1/2025 16:11,1607342.243,6387.04678
23422,PARK,Quarry Pointe B Parkland,Columbus,FRA,N,Public,2.38429805,Quarry Pointe B Parkland,,7/1/2025 16:11,Columbus,,,2b707f43-d198-432d-ba7f-dc4d831f8508,7/1/2025 16:11,103860.0226,1878.72039
23423,PARK,Quarry Pointe C Parkland,Columbus,FRA,N,Public,3.67188318,Quarry Pointe C Parkland,,7/1/2025 16:11,Columbus,,,3063aadd-a44a-44b0-b73f-22d0dbbc5490,7/1/2025 16:11,159947.2317,2488.359886
24165,CEMETERY,Quincy Cemetery,Quincy,LOG,CEM,Public,10.62984065,Quincy Cemetery,,7/1/2025 16:11,Logan County Parcels,,Quincy Cemetery,472d4e84-0a80-4033-b95b-3da98d2d8713,7/1/2025 16:11,463035.8586,2732.678721
22559,GOLF,Racoon International Golf Club,Township,LIC,GOLF,Public,158.4813026,Racoon International Golf Club,566,7/1/2025 16:11,,, ,f4199524-5ef0-4778-b8fe-2e45ad1b234c,7/1/2025 16:11,6903445.542,12164.83636
22278,PARK,Racoon Run Dam,Township,FAI,C,Public,12.37367494,Racoon Run Dam,528,7/1/2025 16:11,Fairfield County, ,Racoon Run Dam,121c47bd-f56e-478e-9e84-243fbb5ecfa0,7/1/2025 16:11,538997.2804,3707.148565
24421,PARK,Racoon Valley Park,Granville,LIC,REC,Public,7.05793847,Racoon Valley Park,,7/1/2025 16:11,Licking County,,Racoon Valley Park,2dfd49a4-a03b-41b5-9a54-50934b9a21dc,7/1/2025 16:11,307443.7998,3274.083683
24422,PARK,Racoon Valley Park,Granville,LIC,REC,Public,59.37552273,Racoon Valley Park,,7/1/2025 16:11,Licking County,,Racoon Valley Park,a2579ed8-93aa-4e00-b430-0b6833f85f85,7/1/2025 16:11,2586397.77,7948.974638
24878,PARK,Racoon Valley Park,Granville,LIC,REC,Public,2.54426719,Racoon Valley Park,,7/1/2025 16:11,MORPC Standardized ELU 2021,,,f5c1dbef-9a41-459e-9b5c-3f5d9621d4d0,7/1/2025 16:11,110828.2789,2190.807684
24879,PARK,Racoon Valley Park,Granville,LIC,REC,Public,14.95701348,Racoon Valley Park,,7/1/2025 16:11,MORPC Standardized ELU 2021,,Racoon Valley Park,acbb6b3c-d071-4a62-999f-5d335630bbfd,7/1/2025 16:11,651527.5074,3515.796069
22964,CEMETERY,Radnor Cemetery,Township,DEL,CEM,Public,6.24359823,Radnor Cemetery,,7/1/2025 16:11,,,Radnor Cemetery,b5e38db5-8830-405d-ba29-db7121b04dfa,7/1/2025 16:11,271971.1392,2292.470647
24720,GREEN SPACE,RAINBOW STREET ISLANDS,Columbus,FRA,NOS,Public,0.23384999,,,7/1/2025 16:11,Columbus Park Boundaries,,,ef087be7-376d-467a-b3f8-ca72bee6f6e8,7/1/2025 16:11,10186.50513,754.6927306
24951,RECREATION,Ramser 4-H Activity Center,Township,KNO,REC,Public,10.20195812,Ramser 4-H Activity Center,,7/1/2025 16:11,MORPC Standardized ELU 2021,,,3cfb9bc5-f0de-40d5-a3f4-efeb0abdc1b2,7/1/2025 16:11,444397.2961,2753.432232
24959,PARK,Ramser Arboretum,Township,KNO,CON,Public,153.0110112,Ramser Arboretum,,7/1/2025 16:11,MORPC Standardized ELU 2021,,Ramser Arboretum,33c83604-4bd6-45f4-a99c-c7cbfafd6dee,7/1/2025 16:11,6665159.647,12881.7883
24960,PARK,Ramser Arboretum,Township,KNO,CON,Public,20.71308013,Ramser Arboretum,,7/1/2025 16:11,MORPC Standardized ELU 2021,,Ramser Arboretum,80dcdd01-033f-492b-bb35-9e7af21047f9,7/1/2025 16:11,902261.7706,4213.690959
24961,PARK,Ramser Arboretum,Township,KNO,CON,Public,117.0683854,Ramser Arboretum,,7/1/2025 16:11,MORPC Standardized ELU 2021,,Ramser Arboretum,3aa10c07-485a-4544-9ac2-f4b33467019d,7/1/2025 16:11,5099498.87,10976.30883
24962,PARK,Ramser Arboretum,Township,KNO,CON,Public,0.16591954,Ramser Arboretum,,7/1/2025 16:11,MORPC Standardized ELU 2021,,,758c8dcd-81f0-4f96-8c9e-6cc67b918cfd,7/1/2025 16:11,7227.4552,367.4000556
24963,PARK,Ramser Arboretum,Township,KNO,CON,Public,0.17523697,Ramser Arboretum,,7/1/2025 16:11,MORPC Standardized ELU 2021,,,377a4a9b-f90a-4412-81a7-a11fed875a38,7/1/2025 16:11,7633.322388,381.5567596
24964,PARK,Ramser Arboretum,Township,KNO,CON,Public,0.18454402,Ramser Arboretum,,7/1/2025 16:11,MORPC Standardized ELU 2021,,,da175a41-0196-48e9-9ab7-01d1008fd3c1,7/1/2025 16:11,8038.737793,395.7236496
24965,PARK,Ramser Arboretum,Township,KNO,CON,Public,0.27868587,Ramser Arboretum,,7/1/2025 16:11,MORPC Standardized ELU 2021,,,f5322886-961d-485c-8ad0-d90e687c73e7,7/1/2025 16:11,12139.5564,467.3169012
24966,PARK,Ramser Arboretum,Township,KNO,CON,Public,80.59348843,Ramser Arboretum,,7/1/2025 16:11,MORPC Standardized ELU 2021,,Ramser Arboretum,2cd916ad-2b17-43f1-803e-c4ffd2dd0ed3,7/1/2025 16:11,3510652.356,9962.058017
24967,PARK,Ramser Arboretum,Township,KNO,CON,Public,59.12346696,Ramser Arboretum,,7/1/2025 16:11,MORPC Standardized ELU 2021,,Ramser Arboretum,d1135259-a8bc-4acb-a957-9f8ca67a0364,7/1/2025 16:11,2575418.221,6679.270639
24968,PARK,Ramser Arboretum,Township,KNO,CON,Public,0.15404553,Ramser Arboretum,,7/1/2025 16:11,MORPC Standardized ELU 2021,,,c8bc2320-37ad-4e29-b2cb-89b15e69f284,7/1/2025 16:11,6710.223633,347.2185362
24969,PARK,Ramser Arboretum,Township,KNO,CON,Public,50.02411028,Ramser Arboretum,,7/1/2025 16:11,MORPC Standardized ELU 2021,,Ramser Arboretum,6ba739ad-9a97-4171-92c0-ba2f590cbdf0,7/1/2025 16:11,2179050.244,5945.600871
24970,PARK,Ramser Arboretum,Township,KNO,CON,Public,2.70005578,Ramser Arboretum,,7/1/2025 16:11,MORPC Standardized ELU 2021,,,e4016979-0c7e-460e-83ca-87f89a5bff41,7/1/2025 16:11,117614.4299,1519.341331
24971,PARK,Ramser Arboretum,Township,KNO,CON,Public,46.01017121,Ramser Arboretum,,7/1/2025 16:11,MORPC Standardized ELU 2021,,Ramser Arboretum,2e89181f-80ed-477e-ad36-e3f832873301,7/1/2025 16:11,2004203.058,7113.863655
24972,PARK,Ramser Arboretum,Township,KNO,CON,Public,15.49825075,Ramser Arboretum,,7/1/2025 16:11,MORPC Standardized ELU 2021,,Ramser Arboretum,350b36aa-3874-47a0-aa6f-7043921bf582,7/1/2025 16:11,675103.8029,3712.381626
24973,PARK,Ramser Arboretum,Township,KNO,CON,Public,5.93326151,Ramser Arboretum,,7/1/2025 16:11,MORPC Standardized ELU 2021,,Ramser Arboretum,f257c315-e9d7-4c92-9981-31b1fea02b44,7/1/2025 16:11,258452.8715,2879.552356
24974,PARK,Ramser Arboretum,Township,KNO,CON,Public,50.20383963,Ramser Arboretum,,7/1/2025 16:11,MORPC Standardized ELU 2021,,Ramser Arboretum,1b1cfac5-4364-4c4e-b6ad-d73b8b1e86be,7/1/2025 16:11,2186879.254,5953.303726
24975,PARK,Ramser Arboretum,Township,KNO,CON,Public,0.02379302,Ramser Arboretum,,7/1/2025 16:11,MORPC Standardized ELU 2021,,,0b4a423e-3015-449f-8b6d-cb63402d5585,7/1/2025 16:11,1036.424072,149.1016474
24976,PARK,Ramser Arboretum,Township,KNO,CON,Public,1.3495508,Ramser Arboretum,,7/1/2025 16:11,MORPC Standardized ELU 2021,,,d0631947-583e-4094-813b-afa11205bd33,7/1/2025 16:11,58786.43298,1356.291325
24977,PARK,Ramser Arboretum,Township,KNO,CON,Public,22.37588496,Ramser Arboretum,,7/1/2025 16:11,MORPC Standardized ELU 2021,,Ramser Arboretum,e3b0f4e7-ec39-4ea0-8cb7-7da32c7b65b6,7/1/2025 16:11,974693.5486,4461.499048
24978,PARK,Ramser Arboretum,Township,KNO,CON,Public,12.58685832,Ramser Arboretum,,7/1/2025 16:11,MORPC Standardized ELU 2021,,Ramser Arboretum,9c1aac57-dbae-43f5-b8cc-47f67544cc20,7/1/2025 16:11,548283.5485,8312.730595
24979,PARK,Ramser Arboretum,Township,KNO,CON,Public,4.45864892,Ramser Arboretum,,7/1/2025 16:11,MORPC Standardized ELU 2021,,,263c7733-15ee-4c63-85e3-6acaba0fc9f3,7/1/2025 16:11,194218.7473,1841.303133
25398,PARK,Ramser Arboretum MVNU Woods,Township,KNO,CON,Public,65.2338227,Ramser Arboretum MVNU Woods,,7/1/2025 16:11,Google Maps,,Ramser Arboretum MVNU Woods,054bcbc9-ac89-43a6-afd3-036df78a4162,7/1/2025 16:11,2841585.317,6942.003168
25395,PARK,Ramser Park ,Mount Vernon,KNO,C,Public,89.58747809,Ramser Park,,7/1/2025 16:11,Google Maps,,Ramser Park,7820c317-15d0-4a33-affd-22ea5324f91a,7/1/2025 16:11,3902430.546,11806.446
23106,CEMETERY,Rarey,Township,FRA,CEM,Public,0.19833171,Rarey,,7/1/2025 16:11,,,,6ee367da-373a-4546-bfd5-a4b5dd430469,7/1/2025 16:11,8639.329224,431.8601849
22207,PARK,Rathburn Woods,Gahanna,FRA,N,Public,1.48325072,Rathburn Woods,657,7/1/2025 16:11,Gahanna, ,,9d845e62-e791-47ec-8e75-cafc4df1d424,7/1/2025 16:11,64610.401,1075.627814
22338,GOLF,Rattlesnake Ridge Golf Course,Township,DEL,GOLF,Public,204.3039427,Rattlesnake Ridge Golf Course,658,7/1/2025 16:11,,,Rattlesnake Ridge Golf Course,a68db878-e1af-46dc-8383-6bbf55b12985,7/1/2025 16:11,8899479.746,20157.37943
24278,GREEN SPACE,Ravenhill Parkway Open Space,Township,UNI,NOS,Public,2.13137917,,,7/1/2025 16:11,,,,9e227525-028d-4b88-b641-da59f2248246,7/1/2025 16:11,92842.87634,3102.326859
22803,CEMETERY,Raver Cemetery,Township,FAI,CEM,Public,0.99992127,Raver Cemetery,,7/1/2025 16:11,Fairfield County,,,224f7aa0-9bcc-4e02-a054-7ea8dca25184,7/1/2025 16:11,43556.57043,836.0191243
25973,PARK,Rawlings Street Park,Washington Court House,FAY,N,Public,0.20067963,Rawlings Street Park,,7/1/2025 16:11,Fayette Parcels,,,44516f9f-588a-4884-8193-98e8c10482fa,7/1/2025 16:11,8741.604492,442.7341101
25974,PARK,Rawlings Street Park,Washington Court House,FAY,N,Public,0.19495268,Rawlings Street Park,,7/1/2025 16:11,Fayette Parcels,,,ae8f8d8f-d748-488b-bbac-b86f4a6837a3,7/1/2025 16:11,8492.138672,440.1875537
22928,CEMETERY,Raymond Cemetery,Township,UNI,CEM,Public,8.57627902,Raymond Cemetery,,7/1/2025 16:11,Union County,,,b64c09c0-5c6b-4462-a8f6-582aa17cee0c,7/1/2025 16:11,373582.7137,2940.821667
25117,CEMETERY,Rea Cemetery,Township,LOG,CEM,Public,1.89851149,Rea Cemetery,,7/1/2025 16:11,Google Maps,,,b25a833e-23da-4508-9154-9ea1efb0e950,7/1/2025 16:11,82699.16064,1533.795281
25744,CEMETERY,Ream Cemetery,Township,PER,CEM,Public,0.52500161,Ream Cemetery,,7/1/2025 16:11,Google Maps,,,dfb12ca6-e6ef-4869-8d7f-8e5cbb8dcdd9,7/1/2025 16:11,22869.07019,660.0007964
23928,CEMETERY,Reber Hill Cemetery,Township,PIC,CEM,Public,32.55199085,Reber Hill Cemetery,,7/1/2025 16:11,Pickaway parcels,,Reber Hill Cemetery,425417d6-bb83-4e87-a5ee-c1a2b670d0e1,7/1/2025 16:11,1417964.722,4798.459516
22996,CEMETERY,Red Bank Cemetery,Township,DEL,CEM,Public,0.69709187,Red Bank Cemetery,,7/1/2025 16:11,,,,c19d2b5e-cd8c-4a6f-b4ac-a717ec537326,7/1/2025 16:11,30365.32153,717.0588674
25365,CEMETERY,Red Hill Cemetery,Township,MRW,CEM,Public,0.6444705,Red Hill Cemetery,,7/1/2025 16:11,Google Maps,,,1e6201f4-7b0d-4129-89b9-39fb3b3ca493,7/1/2025 16:11,28073.13464,682.8072953
23632,GREEN SPACE,Red Stone Loop Open Space,Dublin,UNI,NOS,Public,0.12008007,,,7/1/2025 16:11,Dublin,,,aa5d4a80-cde6-4839-8990-5f4a2bddca6f,7/1/2025 16:11,5230.687988,341.6113651
23548,PARK,Reddington Road Park,Newark,LIC,STATE,Public,9.313862,Reddington Road Park,,7/1/2025 16:11,Licking County GIS file,,Reddington Road Park,5187c680-8cf0-4abe-9b81-21a10c3cd930,7/1/2025 16:11,405711.8286,2996.727013
22062,PARK,Redick Park,Columbus,FRA,C,Public,23.55512205,Redick Park,659,7/1/2025 16:11,Columbus,Redick Park,Redick Park,8e71820b-498d-4253-bcf4-0f5f256ab2d9,7/1/2025 16:11,1026061.117,5106.602883
24360,PARK,Redmond Road Open Space,Township,FRA,N,Public,2.58556938,Redmond Road Open Space,,7/1/2025 16:11,FCA,,,5702e55a-95d9-494d-a695-b7425ddf585d,7/1/2025 16:11,112627.402,1803.04294
22132,PARK,Reed Road,Upper Arlington,FRA,C,Public,13.6519653,Reed Road,660,7/1/2025 16:11,, ,Reed Road,1684ca73-40e0-4c2a-89c4-4fd74476e748,7/1/2025 16:11,594679.6086,3815.001414
25710,CEMETERY,Reform Baptist Cemetery,Township,PER,CEM,Public,1.06161947,Reform Baptist Cemetery,,7/1/2025 16:11,Google Maps,,,8212e04b-5e81-4f11-ac06-12f7f19fe50b,7/1/2025 16:11,46244.14404,860.6016606
24021,PARK,Refugee Preserve Coh,Columbus,FRA,PR,Public,34.34059541,Refugee Preserve Coh,,7/1/2025 16:11,Columbus,,Refugee Preserve Coh,d2749719-78a2-42e3-9c60-cbe5ae481bcd,7/1/2025 16:11,1495876.336,5844.210918
25775,CEMETERY,Rehoboth Methodist Cemetery,Township,PER,CEM,Public,0.12049494,Rehoboth Methodist Cemetery,,7/1/2025 16:11,Google Maps,,,5b1d565a-aaa5-4bad-bb6d-34498e3dd495,7/1/2025 16:11,5248.759521,290.1377049
22208,PARK,Reibel Woods,Township,FRA,N,Public,2.55797131,Reibel Woods,661,7/1/2025 16:11,FCA, ,,0e192f17-c1cd-47a1-92d3-4c9223fec8f7,7/1/2025 16:11,111425.2301,2380.685541
22816,CEMETERY,Reid,Township,FAI,CEM,Public,0.76493585,Reid,,7/1/2025 16:11,Fairfield County,,,c6a3bc83-576d-43da-804f-7006583d544e,7/1/2025 16:11,33320.60559,733.459474
25288,CEMETERY,Reidel Cemetery,Township,MAR,CEM,Private,0.06811825,Reidel Cemetery,,7/1/2025 16:11,Google Maps,,,e8fc90df-0c5f-4d37-b0fa-62d00cbbaae7,7/1/2025 16:11,2967.231323,245.8736869
25795,CEMETERY,Rendville Cemetery,Rendville,PER,CEM,Public,0.07520629,Rendville Cemetery,,7/1/2025 16:11,Google Maps,,,6c154c0f-db94-4d77-8e94-f3f390790085,7/1/2025 16:11,3275.98584,245.9994106
25796,CEMETERY,Rendville Cemetery,Rendville,PER,CEM,Public,0.09641867,Rendville Cemetery,,7/1/2025 16:11,Google Maps,,,20f5822d-2395-4459-817f-57d9822bf410,7/1/2025 16:11,4199.99707,267.9998649
25797,CEMETERY,Rendville Cemetery,Rendville,PER,CEM,Public,0.09641867,Rendville Cemetery,,7/1/2025 16:11,Google Maps,,,8ce655fb-bc55-4cb1-b4d5-9bc6ed1859f8,7/1/2025 16:11,4199.996948,267.999865
25798,CEMETERY,Rendville Cemetery,Rendville,PER,CEM,Public,0.09641867,Rendville Cemetery,,7/1/2025 16:11,Google Maps,,,aed12afc-b3a4-4480-b6ba-bd270f3d0973,7/1/2025 16:11,4199.99707,267.999865
25799,CEMETERY,Rendville Cemetery,Rendville,PER,CEM,Public,0.09640664,Rendville Cemetery,,7/1/2025 16:11,Google Maps,,,5bb6fdf7-05b7-4945-8997-6b4d5290df2b,7/1/2025 16:11,4199.473389,267.9874055
25800,CEMETERY,Rendville Cemetery,Rendville,PER,CEM,Public,0.09641903,Rendville Cemetery,,7/1/2025 16:11,Google Maps,,,ba8c5531-62ed-457d-8c15-968b92aea84a,7/1/2025 16:11,4200.013062,268.0003927
25801,CEMETERY,Rendville Cemetery,Rendville,PER,CEM,Public,0.0964187,Rendville Cemetery,,7/1/2025 16:11,Google Maps,,,1c81f2b2-eb43-4ba5-8a82-47c95f30157c,7/1/2025 16:11,4199.998535,268.0000472
25802,CEMETERY,Rendville Cemetery,Rendville,PER,CEM,Public,0.0964187,Rendville Cemetery,,7/1/2025 16:11,Google Maps,,,391b098c-d671-4818-a476-0065d8e31593,7/1/2025 16:11,4199.998657,268.0000472
25803,CEMETERY,Rendville Cemetery,Rendville,PER,CEM,Public,0.09641903,Rendville Cemetery,,7/1/2025 16:11,Google Maps,,,607b37a0-5ac2-4bd6-9c8d-f71f884dcceb,7/1/2025 16:11,4200.012939,268.0003927
25804,CEMETERY,Rendville Cemetery,Rendville,PER,CEM,Public,0.09641231,Rendville Cemetery,,7/1/2025 16:11,Google Maps,,,2588932d-3e88-4cc8-9361-fff6b2781c88,7/1/2025 16:11,4199.720215,267.993163
25805,CEMETERY,Rendville Cemetery,Rendville,PER,CEM,Public,0.09641862,Rendville Cemetery,,7/1/2025 16:11,Google Maps,,,d3c3c6e7-d741-47c1-b620-3f43e6d414c3,7/1/2025 16:11,4199.995117,267.9998489
25806,CEMETERY,Rendville Cemetery,Rendville,PER,CEM,Public,0.09641867,Rendville Cemetery,,7/1/2025 16:11,Google Maps,,,422e2640-ebef-41f3-86ff-d4b0b9df743b,7/1/2025 16:11,4199.99707,267.999865
25807,CEMETERY,Rendville Cemetery,Rendville,PER,CEM,Public,2.64050173,Rendville Cemetery,,7/1/2025 16:11,Google Maps,,,07a2b0fa-d23b-4760-b0b4-767b75d8b820,7/1/2025 16:11,115020.2554,1493.384885
25808,CEMETERY,Rendville Cemetery,Rendville,PER,CEM,Public,3.65277648,Rendville Cemetery,,7/1/2025 16:11,Google Maps,,,39877787-25cf-49a1-9a88-60a2df61c04c,7/1/2025 16:11,159114.9435,1812.177226
26418,PARK,RENNER PARKLAND,Columbus,FRA,PRES,,,,,7/1/2025 16:11,,,,0e865766-a416-42cf-beee-d19404f2d199,7/1/2025 16:11,955529.4369,5254.372138
22563,PARK,Restoration Drive Open Space,Marysville,UNI,N,Public,0.34686192,Restoration Drive Open Space,567,7/1/2025 16:11,Union County, ,,390709c9-894a-412b-9c91-7e7104671101,7/1/2025 16:11,15109.30627,463.4566849
23003,CEMETERY,Resurrection Cemetery,Township,DEL,CEM,Public,86.61348374,Resurrection Cemetery,,7/1/2025 16:11,,,Resurrection Cemetery,627fce1b-eda3-4d95-a82a-ea82eabc2a35,7/1/2025 16:11,3772883.352,8273.41089
22312,PARK,Retreat At Turnberry,Columbus,FAI,C,Public,18.19031007,Retreat at Turnberry,662,7/1/2025 16:11,Columbus, ,Retreat at Turnberry,93dca73a-0c23-4d87-8808-d069be360403,7/1/2025 16:11,792369.9069,4273.159732
23234,PARK,Reynolds Crossing Park,Columbus,FRA,N,Public,4.41847434,Reynolds Crossing Park,,7/1/2025 16:11,Columbus,,,15a93fbe-57d2-483b-879e-97e4787078ce,7/1/2025 16:11,192468.7426,1930.311444
25686,CEMETERY,Rhodes and Huddle Cemetery,Township,HOC,CEM,Private,0.24915941,Rhodes and Huddle Cemetery,,7/1/2025 16:11,Google Maps,,,17be5e33-8cbd-48b9-95cc-c83558386e16,7/1/2025 16:11,10853.38379,417.2572678
22456,PARK,Rhodes Park,Columbus,FRA,C,Public,51.12898476,Rhodes Park,105,7/1/2025 16:11,Columbus,Rhodes Park,Rhodes Park,b7664ad8-7fc1-4402-a57c-f56c99d77e42,7/1/2025 16:11,2227178.577,6468.947648
23921,CEMETERY,Rice Cemetery,Township,PIC,CEM,Public,0.53419315,Rice Cemetery,,7/1/2025 16:11,Pickaway parcels,,,8ff4a7ee-720d-4c4a-9c3b-70bcec652860,7/1/2025 16:11,23269.45343,858.2891684
23307,CEMETERY,Rich Hill Cemetery,Township,KNO,CEM,Public,2.42916121,Rich Hill Cemetery,,7/1/2025 16:11,Knox,,,905009b1-bfb3-4f69-912a-e02569abe14d,7/1/2025 16:11,105814.262,1393.2055
23376,PARK,Richland Township Open Space,Township,MAR,PRES,Public,6.88258119,Richland Township Open Space,,7/1/2025 16:11,Marion parcels,,,5ffd0349-2f59-443e-982e-6cfe71809e47,7/1/2025 16:11,299805.2371,2294.887781
24159,PARK,Richland Township Park ,Belle Center,LOG,N,Public,10.2341559,Richland Township Park ,,7/1/2025 16:11,Logan County Parcels,,Richland Township Park ,11ee6bfb-a66d-4a57-a1e6-ada1b984c751,7/1/2025 16:11,445799.8308,3884.533344
22432,PARK,Richter Workers Memorial Park,Columbus,FRA,SPU,Public,0.29756406,Richter Workers Memorial Park,101,7/1/2025 16:11,Columbus, ,,1a54a293-7426-4769-90b5-344b6d25abde,7/1/2025 16:11,12961.8905,539.0122645
22324,PARK,Richwood Lake,Township,UNI,R,Public,31.12525741,Richwood Lake,667,7/1/2025 16:11,Union County,Richwood Lake,Richwood Lake,74c9bac2-4e65-4e89-8eb2-63b716d0ae0c,7/1/2025 16:11,1355816.213,6364.726988
24989,PARK,Richwood Lake,Township,UNI,R,Public,4.99533212,Richwood Lake,,7/1/2025 16:11,MORPC Standardized ELU 2021,,,93313a46-38d8-4177-8cb4-6227bfbdb9b9,7/1/2025 16:11,217596.667,1967.621981
22395,PARK,Richwood Park,Township,UNI,R,Public,31.30731988,Richwood Park,668,7/1/2025 16:11,Union County,Richwood Park,Richwood Park,23d708a8-24fe-4a52-97e0-9ac8f8856e70,7/1/2025 16:11,1363746.854,6419.24343
24080,PARK,Rickenbacker House,Columbus,FRA,SPU,Public,0.71739146,Rickenbacker House,,7/1/2025 16:11,Columbus,,,bb796eff-7bf7-4dd8-b9ef-c13d5ff4bfc2,7/1/2025 16:11,31249.57214,717.2721998
25392,CEMETERY,Ridenour Cemetery,Township,KNO,CEM,Public,0.29371415,Ridenour Cemetery,,7/1/2025 16:11,Google Maps,,,34fe2362-5d5a-4297-a99f-eb110de0df27,7/1/2025 16:11,12794.18811,455.0606929
25718,CEMETERY,Ridge Cemetery,Township,PER,CEM,Public,1.930247,Ridge Cemetery,,7/1/2025 16:11,Google Maps,,,d33d0381-1220-4875-af63-2eac397a138e,7/1/2025 16:11,84081.5592,1282.469608
25264,RECREATION,Ridgeway Baseball Fields,Ridgeway,LOG,REC,Public,1.97164612,Ridgeway Baseball Fields,,7/1/2025 16:11,Google Maps,,,bd14e281-3ecd-48e4-9bc2-50457df5ce46,7/1/2025 16:11,85884.90479,1283.793594
25265,RECREATION,Ridgeway Baseball Fields,Ridgeway,LOG,REC,Public,3.15874963,Ridgeway Baseball Fields,,7/1/2025 16:11,Google Maps,,,df6a8e0c-086a-4dce-922f-4eff88d0c45b,7/1/2025 16:11,137595.1342,1512.935964
22531,PARK,Ridgewood Park,Westerville,FRA,C,Public,28.2252344,Ridgewood Park,671,7/1/2025 16:11,,Ridgewood Park,Ridgewood Park,aa8fa706-ef3b-4d3b-9032-5a7f889e3f7b,7/1/2025 16:11,1229491.21,8319.573606
25860,CEMETERY,Rife Farm Cemetery,Township,PIC,CEM,Private,0.09855417,Rife Farm Cemetery,,7/1/2025 16:11,Google Maps,,,62bea7e9-baf5-4aeb-b6f2-2778f5f83466,7/1/2025 16:11,4293.019653,256.7821365
25106,GREEN SPACE,Riggins Court Open Space,Hilliard,FRA,NOS,Public,2.79865401,,,7/1/2025 16:11,MORPC Standardized ELU 2021,,,71651b33-446c-4b33-8bcb-33a669c82330,7/1/2025 16:11,121909.3688,2070.539218
25107,GREEN SPACE,Riggins Road Open Space,Hilliard,FRA,NOS,Public,1.74546608,,,7/1/2025 16:11,MORPC Standardized ELU 2021,,,44fa71ed-cd97-46d3-b955-a1e578fe529f,7/1/2025 16:11,76032.50232,2924.364931
25108,GREEN SPACE,Riggins Road Open Space,Hilliard,FRA,NOS,Public,4.75151528,,,7/1/2025 16:11,MORPC Standardized ELU 2021,,,357db883-1377-4b8f-96b3-821f3a8946ec,7/1/2025 16:11,206976.0056,3083.244959
24376,PARK,Riggins Run North Park,Columbus,FRA,N,Public,2.07938041,Riggins Run North Park,,7/1/2025 16:11,Columbus,,,2cb70c0a-88c3-4c27-9ea9-45610a6ee222,7/1/2025 16:11,90577.81079,1144.292681
24377,PARK,Riggins Run South Parkland,Columbus,FRA,CON,Public,10.02609447,Riggins Run South Parkland,,7/1/2025 16:11,Columbus,,Riggins Run South Parkland,4a5b3975-c4a4-438a-ab1b-14bf165ba459,7/1/2025 16:11,436736.6752,4305.746267
22769,CEMETERY,Rings,Township,FRA,CEM,Public,0.19433808,Rings,,7/1/2025 16:11,,,,f0524427-5000-4c95-adc1-72e82cc43176,7/1/2025 16:11,8465.366821,371.3303294
23611,GREEN SPACE,Rings Road Open Space,Dublin,FRA,NOS,Public,7.03431376,,,7/1/2025 16:11,Dublin,,,e9e2c360-90ff-491c-89a1-a2cfe58ffdea,7/1/2025 16:11,306414.7078,3757.009983
22617,PARK,Rising Park,Lancaster,FAI,R,Public,75.13105966,Rising Park,672,7/1/2025 16:11,Fairfield County,Rising Park,Rising Park,f898d7bf-c0e7-4637-b8bd-c84508b460bc,7/1/2025 16:11,3272708.961,7208.717549
25872,CEMETERY,Ritter Cemetery,Township,PIC,CEM,Public,0.95454021,Ritter Cemetery,,7/1/2025 16:11,Google Maps,,,de045d29-19a1-405f-b13c-8ca49503a14b,7/1/2025 16:11,41579.77161,1269.716637
23399,CEMETERY,River Cliff Union Cemetery,Mount Gilead,MRW,CEM,Public,35.29048399,River Cliff Union Cemetery,,7/1/2025 16:11,Morrow County Aerials 2006,,,c656c049-abfe-4c71-9055-6350c4141b82,7/1/2025 16:11,1537253.482,5405.485835
22585,PARK,River Frontage,Dublin,FRA,NOS,Public,4.79075621,River Frontage,674,7/1/2025 16:11,Dublin,,,c881f8a8-1fb0-4e39-8874-d76650cfae51,7/1/2025 16:11,208685.3402,1871.464126
24870,RECREATION,River Valley Baseball for Youth Complex,Township,MAR,REC,Public,38.54651693,River Valley Baseball for Youth Complex,,7/1/2025 16:11,MORPC Standardized ELU 2021,,,078717f7-9c7a-44fb-8a99-a0a8e4d96373,7/1/2025 16:11,1679086.278,6150.661156
24871,RECREATION,River Valley Baseball for Youth Complex,Township,MAR,REC,Public,0.99451973,River Valley Baseball for Youth Complex,,7/1/2025 16:11,MORPC Standardized ELU 2021,,,59dfd423-27b0-4dba-a52e-b28997f30665,7/1/2025 16:11,43321.27954,869.2846206
24872,RECREATION,River Valley Baseball for Youth Complex,Township,MAR,REC,Public,8.18838634,River Valley Baseball for Youth Complex,,7/1/2025 16:11,MORPC Standardized ELU 2021,,,d484b440-9e99-43d6-aa3b-87e5d48477ff,7/1/2025 16:11,356686.1085,3117.11767
22209,PARK,Riverbend Addition,Columbus,FRA,NOS,Public,11.20878255,Riverbend Addition,675,7/1/2025 16:11,Columbus,,,dfa65b12-d21e-4337-afa3-91e7a188e7ad,7/1/2025 16:11,488254.5676,3283.147836
22068,PARK,Riverbend Park,Columbus,FRA,N,Public,4.28510356,Riverbend Park,676,7/1/2025 16:11,Columbus, ,,d16fee77-c88f-499b-a4bd-0aac1c270a52,7/1/2025 16:11,186659.1108,1861.751403
23058,CEMETERY,Riverside,Columbus,FRA,CEM,Public,13.65280801,Riverside,,7/1/2025 16:11,,,Riverside,f4e76ab1-bb56-4c3b-acd7-cb7a981d0218,7/1/2025 16:11,594716.3168,3620.095642
25314,CEMETERY,Riverside Cemetery,Township,MAR,CEM,Private,0.25447059,Riverside Cemetery,,7/1/2025 16:11,Google Maps,,,c90e4299-be18-4147-9bf1-f062023e6d4b,7/1/2025 16:11,11084.73865,426.9523343
25315,CEMETERY,Riverside Cemetery,Township,MAR,CEM,Private,0.21365976,Riverside Cemetery,,7/1/2025 16:11,Google Maps,,,83d81cfd-5a44-4d24-920a-efaa2faa5959,7/1/2025 16:11,9307.018921,390.3682529
24769,PARK,Riverside Crossing Park,Dublin,FRA,C,Public,13.36454788,Riverside Crossing Park,,7/1/2025 16:11,Dublin Parks,,Riverside Crossing Park,5e9deb2e-c99f-45d1-b156-82299a197a87,7/1/2025 16:11,582159.7064,6502.17917
22681,PARK,Riverside Drive Park,Dublin,FRA,C,Public,40.21718922,Riverside Drive Park,677,7/1/2025 16:11,Dublin,Riverside Drive Park,Riverside Drive Park,1da9815a-8e87-45ac-b6b0-9c25f785a7b7,7/1/2025 16:11,1751860.762,5917.483197
22017,PARK,Riverside Green Park,Columbus,FRA,N,Public,5.58766887,Riverside Green Park,18,7/1/2025 16:11,Columbus, ,Riverside Green Park,3b80c0cf-0911-4187-9581-a56b238ca4d3,7/1/2025 16:11,243398.8557,2480.761916
22210,PARK,Riverside Green South Park,Columbus,FRA,NOS,Public,1.38635743,Riverside Green South Park,262,7/1/2025 16:11,FCA,,,3638fabf-8b12-4c5b-b91e-3a28376fe81c,7/1/2025 16:11,60389.72937,1917.617106
23310,PARK,Riverside Park,Mount Vernon,KNO,C,Public,14.4768895,Riverside Park,,7/1/2025 16:11,Knox,,Riverside Park,30bf8407-547a-4a5f-aa33-0b0186285d80,7/1/2025 16:11,630613.3062,4909.951013
24948,PARK,Riverside Park,Mount Vernon,KNO,C,Public,19.07380181,Riverside Park,,7/1/2025 16:11,MORPC Standardized ELU 2021,,Riverside Park,d0f9e936-f307-47c5-9204-b31ec1ad9f44,7/1/2025 16:11,830854.8071,7730.670837
23629,GREEN SPACE,"Riverside Woods Open Space """"A""""",Dublin,FRA,NOS,Public,2.03721056,,,7/1/2025 16:11,Dublin,,,2bb08290-d132-45e3-b36b-8f7b6d379df1,7/1/2025 16:11,88740.89197,1226.460617
22682,GREEN SPACE,"Riverside Woods Open Space """"B""""",Dublin,FRA,NOS,Public,18.75813013,,680,7/1/2025 16:11,Dublin,,,0beb1bf6-dc78-4fd8-90db-0222a6bbf4a5,7/1/2025 16:11,817104.1487,10819.01595
22380,PARK,Riverview Park,Township,DEL,C,Public,39.81093793,Riverview Park,681,7/1/2025 16:11,DALIS,Riverview Park,Riverview Park,f5ce1e68-bf39-4e8c-9d1c-e244684ba3b1,7/1/2025 16:11,1734164.456,7182.89027
22555,PARK,Riverview Preserve,Newark,LIC,R,Public,39.52572231,Riverview Preserve,682,7/1/2025 16:11,,Riverview Preserve,Riverview Preserve,29c0651e-a52b-4495-8335-3eeb04fdd9cd,7/1/2025 16:11,1721740.464,12208.51351
24484,GREEN SPACE,Riviera Reserve D1,Dublin,FRA,NOS,Public,21.69376805,,,7/1/2025 16:11,Dublin GIS,,,7dbda430-26fc-45e3-b7d8-7f6e88bc3553,7/1/2025 16:11,944980.5366,6059.537413
24485,GREEN SPACE,Riviera Reserve D2,Dublin,UNI,NOS,Public,2.63992335,,,7/1/2025 16:11,Dublin GIS,,,2ada89d1-2c35-45e5-b76d-e30eb3c84847,7/1/2025 16:11,114995.062,1637.284957
24486,GREEN SPACE,Riviera Reserve F,Dublin,FRA,NOS,Public,4.15085437,,,7/1/2025 16:11,Dublin GIS,,,8415468a-f5e3-460c-abd7-ce2a5941a999,7/1/2025 16:11,180811.2163,2584.607516
24480,GREEN SPACE,Riviera Reserve I,Dublin,UNI,NOS,Public,5.99145733,,,7/1/2025 16:11,Dublin GIS,,,d9acc480-d6b8-4c15-bdfd-e25bc61304a6,7/1/2025 16:11,260987.8812,2408.894701
24483,GREEN SPACE,Riviera Reserve J1,Dublin,UNI,NOS,Public,0.56263724,,,7/1/2025 16:11,Dublin GIS,,,6d8a5206-7df4-41a4-81c9-7b65ee2f8c81,7/1/2025 16:11,24508.47803,712.5277043
24482,GREEN SPACE,Riviera Reserve J2,Dublin,UNI,NOS,Public,1.68376046,,,7/1/2025 16:11,Dublin GIS,,,8e1f92a4-81d8-4786-8b47-7b7b35e1a641,7/1/2025 16:11,73344.60571,1998.470338
24481,GREEN SPACE,Riviera Reserve N2,Dublin,UNI,NOS,Public,15.17440743,,,7/1/2025 16:11,Dublin GIS,,,128c7dec-4a35-474c-81b2-512bdb7744d0,7/1/2025 16:11,660997.1874,7075.302432
24767,GREEN SPACE,Riviera Reserve O,Dublin,UNI,NOS,Public,0.00974326,,,7/1/2025 16:11,Dublin Parks,,,bcefac56-08f2-414d-b725-e3d408194309,7/1/2025 16:11,424.4163818,73.12287378
22662,PARK,Ro Park At Glen Oak,Township,DEL,N,Public,13.68959403,RO Park at Glen Oak,685,7/1/2025 16:11,DALIS,,RO Park at Glen Oak,c79d70af-828f-45d1-b934-b8916a840202,7/1/2025 16:11,596318.7163,3183.118701
22649,PARK,Robbins Loop Drive Open Space,Reynoldsburg,LIC,N,Public,9.73398796,Robbins Loop Drive Open Space,605,7/1/2025 16:11,,,Robbins Loop Drive Open Space,dece8e8e-c294-4818-8f2f-87b428ce0bf4,7/1/2025 16:11,424012.5156,6090.270038
25544,CEMETERY,Roberts Cemetery,Township,ROS,CEM,Private,0.17287666,Roberts Cemetery,,7/1/2025 16:11,Google Maps,,,95fddb4c-7f0c-4df6-8385-4ecf6fe9899b,7/1/2025 16:11,7530.507385,351.1660368
24190,PARK,Roberts Pass Trail,London,MAD,R,Public,3.10761125,Roberts Pass Trail,,7/1/2025 16:11,,,,c0db28ce-413b-4b2c-9d3f-200b03423e56,7/1/2025 16:11,135367.546,2915.242543
24192,PARK,Roberts Pass Trail,London,MAD,REC,Public,14.96446532,Roberts Pass Trail,,7/1/2025 16:11,,,Roberts Pass Trail,3935886f-6f3f-45f6-801f-de6814166415,7/1/2025 16:11,651852.109,15974.9208
24193,PARK,Roberts Pass Trail,London,MAD,REC,Public,8.59713231,Roberts Pass Trail,,7/1/2025 16:11,,,Roberts Pass Trail,9556a409-093e-4a9e-b678-e756545ad4a1,7/1/2025 16:11,374491.0831,8181.190056
24194,PARK,Roberts Pass Trail,London,MAD,N,Public,4.4424444,Roberts Pass Trail,,7/1/2025 16:11,,,,ce9ee8cd-4348-401a-a457-17f9d0e4952c,7/1/2025 16:11,193512.8781,1911.089674
24195,PARK,Roberts Pass Trail,London,MAD,NOS,Public,0.72420468,Roberts Pass Trail,,7/1/2025 16:11,,,,6acc19bd-5e0a-49e6-86db-18d273feb448,7/1/2025 16:11,31546.35583,831.5527056
24197,PARK,Roberts Pass Trail,London,MAD,SPU,Public,7.21700246,Roberts Pass Trail,,7/1/2025 16:11,,,,9b1f3497-0ec4-4125-92dc-bcd2de67c783,7/1/2025 16:11,314372.6266,6546.738203
26415,PARK,ROBERTS ROAD PARKLAND,Columbus,FRA,CON,,,,,7/1/2025 16:11,Columbus,,,f7b29897-9af0-4de4-a278-bbc35fdeaadf,7/1/2025 16:11,82228.25378,1191.355994
25695,CEMETERY,Robey Cemetery,Township,HOC,CEM,Private,0.27214689,Robey Cemetery,,7/1/2025 16:11,Google Maps,,,c7a88723-04c2-4f7c-9822-562a33454f57,7/1/2025 16:11,11854.71863,461.4010117
22162,PARK,Robinwood Park,Whitehall,FRA,N,Public,0.68913809,Robinwood Park,686,7/1/2025 16:11,, ,,83f86720-6868-4b51-93f1-96880b536504,7/1/2025 16:11,30018.85486,804.7197711
24396,PARK,Rockbridge,Township,HOC,PR,Public,124.656395,Rockbridge,,7/1/2025 16:11,ODNR,Rockbridge,Rockbridge,e489540b-d22a-451a-a959-ec1f237bcfa8,7/1/2025 16:11,5430032.566,20232.0117
24397,PARK,Rockbridge,Township,HOC,PR,Public,85.49975797,Rockbridge,,7/1/2025 16:11,ODNR,,Rockbridge,ff41c14f-9e75-4d8d-be24-07d82f842102,7/1/2025 16:11,3724369.457,11020.84024
22713,PARK,Rockmill Historic Grist Mill,Township,FAI,SPU,Public,0.76511743,Rockmill Historic Grist Mill,,7/1/2025 16:11,Fairfield County,,,47a57314-f573-40cf-be35-d7963eb20ff1,7/1/2025 16:11,33328.51538,783.065927
22648,PARK,Rockmill Lake Park,Township,FAI,R,Public,84.8440389,Rockmill Lake Park,688,7/1/2025 16:11,ODNR,Rockmill Lake Park,Rockmill Lake Park,c878761e-556e-4670-a37f-fe5bd11dd484,7/1/2025 16:11,3695806.334,10072.26323
22647,PARK,Rockmill Park,Township,FAI,N,Public,0.76511743,Rockmill Park,689,7/1/2025 16:11,Fairfield County,,,5e94d0a0-e691-4287-90db-454c003acc29,7/1/2025 16:11,33328.51538,783.065927
25653,PARK,Rockstall Nature Preserve,Township,HOC,PR,Public,334.6747443,Rockstall Nature Preserve,,7/1/2025 16:11,Google Maps,,Rockstall Nature Preserve,0a10c434-2cf3-4f34-aff7-a60731b5dae8,7/1/2025 16:11,14578431.86,28167.56904
23451,PARK,Rocky Creek Parkland,Columbus,FRA,CON,Public,6.08264751,Rocky Creek,61,7/1/2025 16:11,Columbus,Big Run Park,Rocky Creek,a5c48445-8967-4537-84b7-18e0ee86becd,7/1/2025 16:11,264960.1122,4594.684917
24000,CEMETERY,Rocky Fork Cemetery,Township,LIC,CEM,Public,0.81879829,Rocky Fork Cemetery,,7/1/2025 16:11,Licking Co Parcels,,,70766fd4-218c-4b23-8884-28e00069f199,7/1/2025 16:11,35666.85364,781.5111713
23223,PARK,Rocky Fork Creek Parkland,Columbus,FRA,CON,Public,7.46229701,Rocky Fork Creek Parkland,,7/1/2025 16:11,Columbus,,Rocky Fork Creek Parkland,cdfff4ef-226a-4a25-bfa7-b075a49b333b,7/1/2025 16:11,325057.6576,3962.837615
22264,RECREATION,Rocky Fork Hunt Club,Township,FRA,SPU,Private,190.095726,Rocky Fork Country Club,690,7/1/2025 16:11,,Rocky Fork Hunt Club,Rocky Fork Country Club,b70b4e92-8a7c-44ce-bd33-da136afaa472,7/1/2025 16:11,8280569.812,14007.77815
22552,PARK,Rocky Fork Metro Park,New Albany,FRA,M,Public,338.0526557,Rocky Fork Metro Park,444,7/1/2025 16:11,Metro Parks,Rocky Fork Metro Park,Rocky Fork Metro Park,2109ed78-e9ea-44de-9a7c-83e448e88046,7/1/2025 16:11,14725573.68,27969.91519
23265,PARK,Rocky Fork Metro Park,Metro Parks,FRA,M,Public,183.1247728,Rocky Fork Metro Park,,7/1/2025 16:11,Metro Parks,Rocky Fork Metro Park,Rocky Fork Metro Park,48e2cce7-6fb6-428d-aecc-af010458e236,7/1/2025 16:11,7976915.103,16062.11431
23456,PARK,Rocky Fork Metro Park,Metro Parks,FRA,M,Public,240.1903948,Rocky Fork Metro Park,,7/1/2025 16:11,Metro Parks,Rocky Fork Metro Park,Rocky Fork Metro Park,8b94e127-8f19-4271-bae0-03b7e6a7db1a,7/1/2025 16:11,10462693.6,14735.26887
23468,PARK,Rocky Fork Metro Park,Metro Parks,FRA,M,Public,236.5850749,Rocky Fork Metro Park,,7/1/2025 16:11,Metro Parks,Rocky Fork Metro Park,Rocky Fork Metro Park,cc4d61a9-94df-4b1c-b267-3b8b96a3e38e,7/1/2025 16:11,10305645.86,21173.87276
24252,PARK,Rocky Fork Natural Area,Columbus,FRA,CON,Public,45.66847201,Rocky Fork Natural Area,,7/1/2025 16:11,Columbus,,Rocky Fork Natural Area,48460692-b039-412a-8316-8d2fbd6d6b18,7/1/2025 16:11,1989318.641,12081.64195
23880,PARK,Rocky Fork Reserve,Gahanna,FRA,PRES,Public,6.66535174,Rocky Fork Reserve,,7/1/2025 16:11,Gahanna,,,c401ded6-bc9f-4fde-abab-2e5b9db39c5c,7/1/2025 16:11,290342.7219,2533.624874
23222,PARK,Rocky Fork/Warner Rd Parkland,Columbus,FRA,CON,Public,3.69219721,Rocky Fork/Warner Rd Parkland,,7/1/2025 16:11,Columbus,,,e44d66f2-f5c4-4ea3-b2f1-74f858c27545,7/1/2025 16:11,160832.1106,3171.233184
22211,PARK,Rodebaugh Park,Reynoldsburg,FRA,N,Public,3.52513054,Rodebaugh Park,691,7/1/2025 16:11,, ,,84e83c56-0a69-4cda-b71c-6265e3cdf8e1,7/1/2025 16:11,153554.6863,2166.462635
24366,PARK,Rodgers Park,Valleyview,FRA,N,Public,5.59401084,Rodgers Park,,7/1/2025 16:11,,,Rodgers Park,07f50a04-4505-4e9b-b5b2-0c8bdfef63b3,7/1/2025 16:11,243675.1123,3635.506456
23601,PARK,Rododendron Cove State Park,Township,FAI,PR,Public,69.60440863,Rododendron Cove State Park,,7/1/2025 16:11,ODNR,Rododendron Cove State Park,Rododendron Cove State Park,df7c800e-d228-4dbe-8c26-29c76a39d586,7/1/2025 16:11,3031968.039,8578.116285
21925,PARK,Roger A. Reynolds Municipal Park,Hilliard,FRA,R,Public,131.1993169,Roger A. Reynolds Municipal Park,319,7/1/2025 16:11,Hilliard,Roger A. Reynolds Municipal Park,Roger A. Reynolds Municipal Park,db7599ff-9a31-4f98-8230-ebfc04585b41,7/1/2025 16:11,5715042.243,12490.35257
25780,PARK,Roger Dillon Memorial Park,Township,PER,REC,Public,8.12210572,Roger Dillon Memorial park,,7/1/2025 16:11,Google Maps,,Roger Dillon Memorial park,3eb50a57-ea60-4e5f-96ad-83831ebab259,7/1/2025 16:11,353798.9255,2945.358785
25475,CEMETERY,Rogers Cemetery,Township,FAY,CEM,Private,0.06573096,Rogers Cemetery,,7/1/2025 16:11,Google Maps,,,0b2ce8da-6e9f-4264-9055-ddfbc6204e62,7/1/2025 16:11,2863.240784,219.2225793
25503,CEMETERY,Rogers McElwain Cemetery,Township,FAY,CEM,Private,0.16584494,Rogers McElwain Cemetery,,7/1/2025 16:11,Google Maps,,,2b516e68-4375-4dad-b6ac-77aa907e606b,7/1/2025 16:11,7224.205811,340.7544536
25034,RECREATION,Roller Field,Township,FAI,REC,Public,19.70851397,Roller Field,,7/1/2025 16:11,MORPC Standardized ELU 2021,,,303a332c-e49b-4710-8f03-06f94bec3d6f,7/1/2025 16:11,858502.8687,3810.135074
24437,PARK,Rolling Meadows,Johnstown,LIC,P,Public,2.70295206,Rolling Meadows,,7/1/2025 16:11,Licking County,,,a3cfbf83-3037-4a20-b34a-7d616380cfd1,7/1/2025 16:11,117740.5916,1474.073085
22319,GOLF,Rolling Meadows Golf Course,Township,UNI,GOLF,Public,182.57063,Rolling Meadows Golf Course,692,7/1/2025 16:11,Union County,,Rolling Meadows Golf Course,d94f97d7-5b82-4277-ae04-aafa606f9340,7/1/2025 16:11,7952776.644,15095.75877
23483,PARK,Roosevelt Park,Marion,MAR,C,Public,1.14181523,Roosevelt Park,,7/1/2025 16:11,Marion County,,,6b3f3555-5e1e-4562-9adf-46b682856912,7/1/2025 16:11,49737.47119,1084.238192
24721,PARK,Roosevelt Park,Columbus,FRA,N,Public,3.05443026,Roosevelt Park,,7/1/2025 16:11,Columbus Park Boundaries,,,3cd74dd0-b05e-4094-903c-ac1a9ae65c9c,7/1/2025 16:11,133050.9823,1786.582409
22547,PARK,Rose Run Park,New Albany,FRA,C,Public,5.75869955,Rose Run Park,559,7/1/2025 16:11,, ,Rose Run Park,93230338-b296-47e0-a543-dbe6b162e1f5,7/1/2025 16:11,250848.9523,3450.580677
24430,PARK,Rose Run Park,New Albany,LIC,NOS,Public,0.15044127,Rose Run Park,,7/1/2025 16:11,Licking County,,,eb351628-3b5b-475a-9f64-8d13ecb7aaba,7/1/2025 16:11,6553.221558,328.2239832
24431,PARK,Rose Run Park,New Albany,LIC,NOS,Public,7.6480512,Rose Run Park,,7/1/2025 16:11,Licking County,,,1cc6e229-fc68-463a-9d64-8c6dc0d85f45,7/1/2025 16:11,333149.1106,3066.614114
24554,GREEN SPACE,ROSELLEN PARK,Columbus,FRA,NOS,Public,0.19843919,,,7/1/2025 16:11,Fanklin Co Parks,,,f02d9809-fb9f-4b10-9c51-76c83d7fe732,7/1/2025 16:11,8644.011353,1131.563206
24568,GREEN SPACE,ROSELLEN PARK,Columbus,FRA,NOS,Public,0.05048336,,,7/1/2025 16:11,Fanklin Co Parks,,,877e4768-4e5b-42ea-8ee2-2abbe506ee73,7/1/2025 16:11,2199.055298,295.4902494
24616,GREEN SPACE,ROSELLEN PARK,Columbus,FRA,NOS,Public,0.20013734,,,7/1/2025 16:11,Fanklin Co Parks,,,e71611c9-0655-4f9b-bdd5-376db0e88e58,7/1/2025 16:11,8717.982666,1192.843553
21950,PARK,Rosemont Parkland,Columbus,FRA,N,Public,3.39856597,Rosemont Park,694,7/1/2025 16:11,Columbus, ,,a2b8b488-b006-441a-a727-9dee91a48173,7/1/2025 16:11,148041.5336,1817.378094
24145,CEMETERY,Roseville Cemetery ,Somerset ,PER,CEM,Public,7.13970255,Roseville Cemetery ,,7/1/2025 16:11,orthos/google maps,,Roseville Cemetery ,82e769c1-9f03-4d9e-a9dc-bca1dcc92edc,7/1/2025 16:11,311005.4427,2383.480435
23120,PARK,Ross County Park,Township,ROS,C,Public,79.88875643,Ross County Park,,7/1/2025 16:11,ODNR,Ross County Park,Ross County Park,9c1b4925-1c64-4e6d-8e56-109071a64d71,7/1/2025 16:11,3479954.23,12354.02984
23600,PARK,Ross Lake Wa,Township,ROS,W,Public,1098.726481,Ross Lake Wildlife Area,,7/1/2025 16:11,ODNR,Ross Lake Wildlife Area,Ross Lake Wildlife Area,b5161996-7b09-40ed-adb5-f87d6b287ff3,7/1/2025 16:11,47860525.52,47194.50133
25965,GREEN SPACE,Ross Street Open Space,Township,FAY,NOS,Public,0.25919593,,,7/1/2025 16:11,Fayette Parcels,,,f20c5fe8-9446-4b3c-9b54-1c7a8f50f4b2,7/1/2025 16:11,11290.57483,434.0316694
22668,PARK,Ross Street Park,Delaware City,DEL,N,Public,15.2091064,Ross Street Park,695,7/1/2025 16:11,Delaware City,,Ross Street Park,2b72c8af-b41e-424c-aa37-3f63b64de20c,7/1/2025 16:11,662508.676,13759.32993
25470,RECREATION,Roszmann Field,Washington Court House,FAY,REC,Public,2.36308051,Roszmann Field,,7/1/2025 16:11,Google Maps,,,17a2a2e4-6981-40a0-ad54-4e2371222ef0,7/1/2025 16:11,102935.787,1331.945928
25471,RECREATION,Roszmann Field,Washington Court House,FAY,REC,Public,1.74655715,Roszmann Field,,7/1/2025 16:11,Google Maps,,,ef41739a-5e70-449a-99fa-1f404863ab7b,7/1/2025 16:11,76080.0293,1289.946331
25299,PARK,Rotary Park,Marion,MAR,N,Public,0.60251543,Rotary Park,,7/1/2025 16:11,Google Maps,,,6c2e8573-a2af-472b-8a8d-f327f0373837,7/1/2025 16:11,26245.57166,666.1861874
25300,PARK,Rotary Park,Marion,MAR,N,Public,1.8446463,Rotary Park,,7/1/2025 16:11,Google Maps,,,f61bf294-2569-489b-b9b1-354d03b6d4b4,7/1/2025 16:11,80352.79297,1136.27335
25420,PARK,Rotary Park,Township,KNO,REC,Public,21.06047285,Rotary Park,,7/1/2025 16:11,Google Maps,,Rotary Park,52db3c87-27d4-4df8-b540-78e1c703411a,7/1/2025 16:11,917394.1976,21494.37463
25488,CEMETERY,Rowe Cemetery,Township,FAY,CEM,Private,0.28049745,Rowe Cemetery,,7/1/2025 16:11,Google Maps,,,3ba6679c-4750-41c2-a773-99186c0282bd,7/1/2025 16:11,12218.46906,442.863301
25522,CEMETERY,Rowe Cemetery,Township,ROS,CEM,Public,0.85141184,Rowe Cemetery,,7/1/2025 16:11,Google Maps,,,7424a3b6-5fbb-4487-93d2-18e226a74299,7/1/2025 16:11,37087.49976,1151.160241
25562,CEMETERY,Rowland Cemetery,Township,ROS,CEM,Public,3.34093494,Rowland Cemetery,,7/1/2025 16:11,Google Maps,,,a9bc8992-3296-4241-b6fe-3470187d7189,7/1/2025 16:11,145531.126,1565.856885
22293,GOLF,Royal American Golf Links,Township,DEL,GOLF,Public,166.9515387,Royal American Golf Links,696,7/1/2025 16:11,,,Royal American Golf Links,ee61268e-ad04-439e-9bd2-4b53904c80e0,7/1/2025 16:11,7272409.026,14411.64572
23775,GREEN SPACE,Royal Elm Open Space,Township,FRA,NOS,Public,9.31203536,,,7/1/2025 16:11,Jefferson Twp,,,57536e2a-e954-4c3b-a8b2-808103d7d780,7/1/2025 16:11,405632.2604,4442.547897
23776,GREEN SPACE,Royal Elm Open Space,Township,FRA,NOS,Public,14.29485563,,,7/1/2025 16:11,Jefferson Twp,,,a2c2b23b-d636-48cc-a13a-280885b6fdb7,7/1/2025 16:11,622683.9111,4615.593964
22241,PARK,Royal Gardens Park,Gahanna,FRA,N,Public,0.26187859,Royal Gardens Park,697,7/1/2025 16:11,, ,,dbae27e9-231d-43ee-920c-123d8d201bfc,7/1/2025 16:11,11407.4314,446.1424729
22853,CEMETERY,Royalton Cemetery,Township,FAI,CEM,Public,0.63094838,Royalton Cemetery,,7/1/2025 16:11,Fairfield County,,,e741ddb3-6875-40d5-98ab-f42d072268f4,7/1/2025 16:11,27484.11121,669.9999689
24742,GREEN SPACE,ROYS STREET ISLAND,Columbus,FRA,NOS,Public,0.02895444,,,7/1/2025 16:11,Columbus Park Boundaries,,,fabd7d5c-4d4a-4967-9cad-a5b1de3d7673,7/1/2025 16:11,1261.255371,143.4325264
25941,CEMETERY,Ruffner Cemetery,Township,FAI,CEM,Public,0.06378715,Ruffner Cemetery,,7/1/2025 16:11,Google Maps,,,fe5038ce-edbc-4c41-8cb3-e097cf3f6b4e,7/1/2025 16:11,2778.568726,213.8977941
22672,PARK,Ruffner Park,Galena,DEL,N,Public,16.79854019,Ruffner Park,698,7/1/2025 16:11,DALIS,,Ruffner Park,5098a9d9-4164-4516-80f5-654ebb75e13e,7/1/2025 16:11,731744.4109,4278.072062
23039,CEMETERY,Rupert Cemetery,Township,MAD,CEM,Public,1.08732953,Rupert Cemetery,,7/1/2025 16:11,,,,9c8ed241-138d-43d4-b3ea-a0a00cd78fb3,7/1/2025 16:11,47364.07434,876.7049263
25308,CEMETERY,Rupp Cemetery,Township,MAR,CEM,Private,0.27580957,Rupp Cemetery,,7/1/2025 16:11,Google Maps,,,f9d44732-3e36-4c53-95a9-8281bff6e783,7/1/2025 16:11,12014.26489,439.8156616
25327,CEMETERY,Rush Cemetery,Township,MAR,CEM,Private,0.45018728,Rush Cemetery,,7/1/2025 16:11,Google Maps,,,eefca25e-1c13-462c-beec-35a7637ca482,7/1/2025 16:11,19610.15808,561.1227992
22423,PARK,Rush Run Park,Worthington,FRA,R,Public,38.95293733,Rush Run Park,699,7/1/2025 16:11,Columbus,Rush Run Park,Rush Run Park,73e1de19-5ee0-4599-8704-7bbe39039dc3,7/1/2025 16:11,1696789.95,7027.054835
24357,GREEN SPACE,Rushbury Drive Open Space,Columbus,FRA,NOS,Public,0.70185208,,,7/1/2025 16:11,FCA,,,6ba8a62a-0c3c-4fd4-bdd6-55a3338a0d82,7/1/2025 16:11,30572.67643,766.4979511
22616,PARK,Rushcreek Conservation District,Township,FAI,R,Public,515.1992581,Rushcreek Conservation District,700,7/1/2025 16:11,Fairfield County,Rushcreek Conservation,Rushcreek Conservation District,7e89977b-eb96-4e93-ba4f-64876c1fcfb2,7/1/2025 16:11,22442079.68,22018.37645
22842,CEMETERY,Rushcreek Presbyterian Church Cemetery,Township,FAI,CEM,Public,1.74163182,Rushcreek Presbyterian Church Cemetery,,7/1/2025 16:11,Fairfield County,,,872272ee-1dc2-4f32-80d2-8852442e041d,7/1/2025 16:11,75865.4823,1130.139577
24155,CEMETERY,Rushsylvania Cemetery,Rushsylvania,LOG,CEM,Public,11.5445643,Rushsylvania Cemetery,,7/1/2025 16:11,Logan County Parcels,,Rushsylvania Cemetery,a3b829b2-2dcd-46c5-9473-2216339c7154,7/1/2025 16:11,502881.2213,3219.505119
24154,PARK,Rushsylvania Village Park,Rushsylvania,LOG,N,Public,6.70346505,Rushsylvania Village Park,,7/1/2025 16:11,Logan County Parcels,,Rushsylvania Village Park,78ae5dae-1555-4ef7-8987-e70695f0bd10,7/1/2025 16:11,292002.9376,2221.426497
22837,CEMETERY,Rushville Cemetery,Township,FAI,CEM,Public,2.2270328,Rushville Cemetery,,7/1/2025 16:11,Fairfield County,,,8825ceb4-c323-41f3-8910-d322abb89cd5,7/1/2025 16:11,97009.54858,1729.947802
25130,PARK,Russells Point Ball Fields,Russells Point,LOG,C,Public,15.29012484,Russells Point Ball Fields,,7/1/2025 16:11,Google Maps,,Russells Point Ball Fields,007835b2-eb5f-46c1-b1b2-2d5a0e13a38b,7/1/2025 16:11,666037.8378,3319.913395
25131,PARK,Russells Point Ball Fields,Russells Point,LOG,C,Public,29.87577882,Russells Point Ball Fields,,7/1/2025 16:11,Google Maps,,Russells Point Ball Fields,7aa76f92-9060-47b2-96b8-54cc03aef929,7/1/2025 16:11,1301388.926,5657.5412
25132,PARK,Russells Point Ball Fields,Russells Point,LOG,C,Public,8.11185691,Russells Point Ball Fields,,7/1/2025 16:11,Google Maps,,Russells Point Ball Fields,5e54ab5c-181f-4fa7-97cd-fb64cf766006,7/1/2025 16:11,353352.4872,3189.911039
25900,PARK,Rustic Ridge Park,Township,FAI,N,Public,0.12835631,Rustic Ridge Park,,7/1/2025 16:11,Google Maps,,,fba1169f-10aa-41a7-bc35-de8cdf5b1007,7/1/2025 16:11,5591.200806,304.7078334
22404,PARK,Ryan Memorial Jerome School Park,Township,UNI,N,Public,3.20498563,Ryan Memorial Jerome School Park,701,7/1/2025 16:11,Union County, ,,4235e135-7cfa-4fff-8ead-8674e4262e6b,7/1/2025 16:11,139609.1746,1536.249648
24446,PARK,Ryan Park,Buckeye Lake,LIC,N,Public,4.70993898,Ryan Park,,7/1/2025 16:11,Licking County,,,a0a29567-74c8-405c-95e9-593495624a44,7/1/2025 16:11,205164.942,1849.890777
22871,CEMETERY,Sacred Heart Cemetery,Township,FAI,CEM,Public,0.64498303,Sacred Heart Cemetery,,7/1/2025 16:11,Fairfield County,,,eac6f47d-56ad-49ee-a657-0416d4e59cd2,7/1/2025 16:11,28095.46094,765.6002168
22872,CEMETERY,Sacred Heart Road Southeast Cemetery,Township,FAI,CEM,Public,0.06060461,Sacred Heart Road Southeast Cemetery,,7/1/2025 16:11,Fairfield County,,,3d90cb64-25d8-4df3-84fc-2c499d4d90cb,7/1/2025 16:11,2639.936646,304.0002653
22873,CEMETERY,Sacred Heart Road Southeast Cemetery,Township,FAI,CEM,Public,0.11785358,Sacred Heart Road Southeast Cemetery,,7/1/2025 16:11,Fairfield County,,,6caa0fc1-841e-44c6-b9d1-5c4cb312f8b1,7/1/2025 16:11,5133.702026,341.7840131
23436,PARK,Sader Park,Columbus,FRA,N,Public,0.0847174,Sader Park,,7/1/2025 16:11,Columbus,,,a3a3d703-4646-4058-ad47-27e352778d9f,7/1/2025 16:11,3690.290405,274.0390082
22381,GOLF,Safari Golf Club,Township,DEL,GOLF,Public,207.7861196,Safari Golf Club,702,7/1/2025 16:11,,,Safari Golf Club,36974b96-f982-4a0c-978e-9122662ed9fc,7/1/2025 16:11,9051163.369,18177.36267
22345,GOLF,Safari Golf Club [Columbus Zoo],Township,DEL,GOLF,Public,251.0107747,Safari Golf Club [Columbus Zoo],702,7/1/2025 16:11,,,Safari Golf Club [Columbus Zoo],45598d4d-19d2-4d38-98ad-5530d399fa3d,7/1/2025 16:11,10934029.34,58051.12935
25221,CEMETERY,Sagers Cemetery,Township,LOG,CEM,Public,0.06453895,Sagers Cemetery,,7/1/2025 16:11,Google Maps,,,baf9b11e-35ac-4459-bda2-2a9d976ceea4,7/1/2025 16:11,2811.31665,214.5111581
25760,CEMETERY,Saint Augustine Cemetery,New Straitsville ,PER,CEM,Public,5.9746396,Saint Augustine Cemetery,,7/1/2025 16:11,Google Maps,,,d9f7d7b7-9318-4958-bd2b-f33b25ba5cee,7/1/2025 16:11,260255.3009,2517.192145
23347,CEMETERY,Saint Colmans Cemetery,Washington Court House,FAY,CEM,Public,3.61292322,Saint Colmans Cemetery,,7/1/2025 16:11,Orthos,,,9537e3cf-1ca8-4f5e-8618-08f4851a5fa9,7/1/2025 16:11,157378.9354,1600.300914
25574,CEMETERY,Saint Francis Xavier Cemetery,Township,ROS,CEM,Public,1.57644085,Saint Francis Xavier Cemetery,,7/1/2025 16:11,Google Maps,,,8f8333a8-a8ac-4c27-a240-ab626022c6fc,7/1/2025 16:11,68669.76355,1082.353451
25654,CEMETERY,Saint Jacob's Cemetery,Township,HOC,CEM,Public,1.00663282,Saint Jacob's Cemetery,,7/1/2025 16:11,Google Maps,,,2ee8d4be-50dc-40dc-83f1-8d4220078a3d,7/1/2025 16:11,43848.92554,838.1997841
25642,CEMETERY,Saint John Lutheran Cemetery,Township,HOC,CEM,Public,1.60001894,Saint John Lutheran Cemetery,,7/1/2025 16:11,Google Maps,,,2efa5bf5-def9-4cab-916f-58bd54bfb588,7/1/2025 16:11,69696.82513,1202.201708
25639,CEMETERY,Saint John the Baptist Cemetery,Township,HOC,CEM,Public,0.50542899,Saint John the Baptist Cemetery,,7/1/2025 16:11,Google Maps,,,da7295c1-f29d-453c-a0ba-ed8257867653,7/1/2025 16:11,22016.48682,632.3832161
22948,CEMETERY,Saint Johns Cemetery,Township,UNI,CEM,Public,2.65140718,Saint Johns Cemetery,,7/1/2025 16:11,Union County,,,e17ea6cf-f182-4127-becd-a5aa0f6bc93e,7/1/2025 16:11,115495.2968,1450.99322
25757,CEMETERY,Saint Johns Cemetery,Township,PER,CEM,Public,0.57255857,Saint Johns Cemetery,,7/1/2025 16:11,Google Maps,,,398f5649-b727-4686-9885-0e1e26f45e33,7/1/2025 16:11,24940.65161,927.146045
25758,CEMETERY,Saint Johns Cemetery,Township,PER,CEM,Public,1.02247328,Saint Johns Cemetery,,7/1/2025 16:11,Google Maps,,,463841f0-3444-4332-8eaa-3927dedaf1f5,7/1/2025 16:11,44538.93591,1145.73296
25320,CEMETERY,Saint Johns Reformed Cemetery,Township,MAR,CEM,Public ,0.56647128,Saint Johns Reformed Cemetery,,7/1/2025 16:11,Google Maps,,,d47ac588-5f14-4d9d-9aca-0259d073e68f,7/1/2025 16:11,24675.48914,640.1194695
25791,CEMETERY,Saint Joseph Cemetery,Township,PER,CEM,Public,3.82270194,Saint Joseph Cemetery,,7/1/2025 16:11,Google Maps,,,e08635de-0b38-452d-b59a-ba24197dd9c7,7/1/2025 16:11,166516.8967,1658.432938
22876,CEMETERY,Saint Joseph Rushcreek Cemetery,Township,FAI,CEM,Public,0.5818411,Saint Joseph Rushcreek Cemetery,,7/1/2025 16:11,Fairfield County,,,5995c685-b80a-4403-8b19-cb1c406e42a0,7/1/2025 16:11,25344.99805,855.1673902
22863,CEMETERY,Saint Marys Cemetery,Lancaster,FAI,CEM,Public,16.30471507,Saint Marys Cemetery,,7/1/2025 16:11,Fairfield County,,,1698fd50-fc50-47f7-b792-8e83dc112177,7/1/2025 16:11,710233.3883,3902.782915
22865,CEMETERY,Saint Marys Cemetery,Township,FAI,CEM,Public,17.51965965,Saint Marys Cemetery,,7/1/2025 16:11,Fairfield County,,,ed45bcff-cb9f-4e86-b1b8-094efc2f40cc,7/1/2025 16:11,763156.3744,3826.198835
22845,CEMETERY,Saint Mathews Cemetery,Township,FAI,CEM,Public,0.99668826,Saint Mathews Cemetery,,7/1/2025 16:11,Fairfield County,,,54931796-6893-4884-ae95-d24dfc6c2f72,7/1/2025 16:11,43415.74072,866.550324
25854,PARK,Saint Nicholas of Myra Woods,Township,PIC,R,Public,147.834071,Saint Nicholas of Myra Woods,,7/1/2025 16:11,Google Maps,,Saint Nicholas of Myra Woods,33d55d08-9147-4153-b91d-3ebfcbc6362e,7/1/2025 16:11,6439652.132,12927.49639
23064,CEMETERY,Saint Patrick Cemetery,Township,MAD,CEM,Public,12.70211054,Saint Patrick Cemetery,,7/1/2025 16:11,,,,987547d8-8657-4ecd-a9d0-397e43ff7497,7/1/2025 16:11,553303.9349,3639.23728
25748,CEMETERY,Saint Patrick's Cemetery,Township,PER,CEM,Public,9.1783081,Saint Patrick's Cemetery,,7/1/2025 16:11,Google Maps,,,4bcdff4d-7b26-41bc-a7be-f1eebbef54ea,7/1/2025 16:11,399807.1007,2868.870622
25312,CEMETERY,Saint Pauls Cemetery,Township,MAR,CEM,Public,0.64502981,Saint Pauls Cemetery,,7/1/2025 16:11,Google Maps,,,592c1725-550a-4a11-a0a6-2047e0326b6e,7/1/2025 16:11,28097.49841,676.1848381
25878,CEMETERY,Saint Pauls Evangelical Cemetery,Township,PIC,CEM,Public,1.67366347,Saint Pauls Evangelical Cemetery,,7/1/2025 16:11,Google Maps,,,48a1e9fe-9d23-45ae-b3a8-137db81fe7a3,7/1/2025 16:11,72904.7807,1117.617865
25285,CEMETERY,Salem Cemetery,Township,MAR,CEM,Public,1.08104932,Salem Cemetery,,7/1/2025 16:11,Google Maps,,,fcfba2da-1800-4e70-a61b-a22dc651ed7c,7/1/2025 16:11,47090.50854,870.7092234
25325,CEMETERY,Salem Cemetery,Township,MAR,CEM,Public,0.99925899,Salem Cemetery,,7/1/2025 16:11,Google Maps,,,4c9f9c8d-28b4-4dcb-8e2d-258587495267,7/1/2025 16:11,43527.7218,932.6610204
25706,CEMETERY,Salem Cemetery,Township,HOC,CEM,Public,1.00385258,Salem Cemetery,,7/1/2025 16:11,Google Maps,,,60eddf07-d05e-43b4-8ad3-82d0d218c9ad,7/1/2025 16:11,43727.81848,845.3741102
25711,CEMETERY,Salem Cemetery,Township,PER,CEM,Public,1.79652327,Salem Cemetery,,7/1/2025 16:11,Google Maps,,,3feaa0e7-8583-460a-8b7f-3eed97015e2e,7/1/2025 16:11,78256.55359,1342.128039
25712,CEMETERY,Salem Cemetery,Township,PER,CEM,Public,1.70795122,Salem Cemetery,,7/1/2025 16:11,Google Maps,,,606043d2-a1f6-4b68-949e-03a898c5021e,7/1/2025 16:11,74398.35498,1499.637336
23107,CEMETERY,Salem Heights United Methodist Church,Township,FRA,CEM,Public,0.70022101,Salem Heights United Methodist Church,,7/1/2025 16:11,,,,113414c2-4c22-43e8-b0d3-fb2505efb171,7/1/2025 16:11,30501.62732,741.8417821
25583,CEMETERY,Salem Reform Cemetery,Township,ROS,CEM,Public,1.42917629,Salem Reform Cemetery,,7/1/2025 16:11,Google Maps,,,e6cf9376-ce92-47d6-bd9b-8460e9919f1d,7/1/2025 16:11,62254.91895,1003.156896
25584,CEMETERY,Salem Reform Cemetery,Township,ROS,CEM,Public,4.02594062,Salem Reform Cemetery,,7/1/2025 16:11,Google Maps,,,f04263e4-9f43-4644-ad1d-0cf4938f4c07,7/1/2025 16:11,175369.9735,1863.636404
23532,GREEN SPACE,Salt Rock Township Open Space,Township,MAR,PRES,Public,5.08930575,,,7/1/2025 16:11,Marion County,,,ccdca7c2-ec10-426e-9c2b-d5b5b921a05a,7/1/2025 16:11,221690.1582,2007.439138
22569,RECREATION,Salvation Army Camp,Deleware,DEL,SPU,Private,56.79934091,Salvation Army Camp,703,7/1/2025 16:11,,Salvation Army Camp,Salvation Army Camp,61d2d8c9-0e23-43e9-a8a8-f0895904aee1,7/1/2025 16:11,2474179.289,7327.196187
22024,PARK,Sancus Park,Columbus,FRA,N,Public,1.26258634,Sancus Park,5,7/1/2025 16:11,Columbus, ,,9a8236e0-8d30-4764-9808-3ee9b965ea4c,7/1/2025 16:11,54998.26135,1039.198413
24758,GREEN SPACE,SANDALWOOD STREET ISLANDS,Columbus,FRA,NOS,Public,0.17206969,,,7/1/2025 16:11,Columbus Park Boundaries,,,ac76fb29-b6b8-4225-9a61-dd01f1fbb3f7,7/1/2025 16:11,7495.355835,797.0534281
25581,CEMETERY,Sandy Cemetery,Township,ROS,CEM,Private,1.21782172,Sandy Cemetery,,7/1/2025 16:11,Google Maps,,,9f499eb2-7639-4182-852a-720db818e891,7/1/2025 16:11,53048.31415,923.4016808
22770,CEMETERY,Sandy Corners,Dublin,FRA,CEM,Public,0.433655,Sandy Corners,,7/1/2025 16:11,Dublin,,,7596aab3-de56-491f-a14c-e01c89c3323d,7/1/2025 16:11,18890.0116,626.7543955
22506,PARK,Sandy Corners Park,Dublin,FRA,N,Public,6.92638905,Sandy Corners Park,705,7/1/2025 16:11,Dublin, ,Sandy Corners Park,4dbed502-5f04-4503-b487-27cfccaf7075,7/1/2025 16:11,301713.5068,3423.180517
24245,PARK,Saunders Park,Columbus,FRA,C,Public,14.55421031,Saunders Park,,7/1/2025 16:11,Columbus,,Saunders Park,8e380ea1-7db8-47ea-8101-e314f1424511,7/1/2025 16:11,633981.4011,4147.417148
24795,GREEN SPACE,Saunton Open Space,New Albany,FRA,NOS,Public,0.61959886,,,7/1/2025 16:11,MORPC Standardized ELU 2021,,,41fad0f4-93bb-4da8-aeb9-f948269a5540,7/1/2025 16:11,26989.72632,659.8361771
24796,GREEN SPACE,Saunton Open Space,New Albany,FRA,NOS,Public,1.98958229,,,7/1/2025 16:11,MORPC Standardized ELU 2021,,,8f43074e-23ac-4efa-ae05-7e6bfaa2ba73,7/1/2025 16:11,86666.20447,1384.972708
22660,PARK,Sawmill Park,Township,DEL,N,Public,9.701012,Sawmill Park,707,7/1/2025 16:11,DALIS,,Sawmill Park,f37a30aa-020c-4fbd-ad68-4dd491628d87,7/1/2025 16:11,422576.0824,2619.902742
23194,PARK,Sawmill Road Parkland,Columbus,FRA,PRES,Public,17.31315065,Sawmill Road Parkland,355,7/1/2025 16:11,Columbus,,,2797fe5d-7e2c-43f5-9dba-99d3fdcb0547,7/1/2025 16:11,754160.8414,5645.745049
22502,PARK,Sawmill Wildlife Education Area,ODNR,FRA,SPU,Private,17.90856281,Sawmill Wildlife Education Area,708,7/1/2025 16:11,ODNR, ,Sawmill Wildlife Education Area,e665d6fb-a8ed-4da9-a9f2-c4659d0ef388,7/1/2025 16:11,780096.9955,3828.573233
23360,PARK,Sawyer Ludwig Park,Marion,MAR,C,Public,37.26465215,Sawyer Ludwig Park,,7/1/2025 16:11,Marion parcels,,Sawyer Ludwig Park,8da0f7fb-68f7-41d3-b967-bb9b5d79d5b3,7/1/2025 16:11,1623248.248,6477.433476
23361,PARK,Sawyer Ludwig Park,Marion,MAR,C,Public,71.90615252,Sawyer Ludwig Park,,7/1/2025 16:11,Marion parcels,,Sawyer Ludwig Park,9c02830d-e823-489a-a403-11d22cb887f0,7/1/2025 16:11,3132232.003,8709.172241
22212,PARK,Sawyer Park,Columbus,FRA,N,Public,1.81304994,Sawyer Park,709,7/1/2025 16:11,Columbus, ,,1a936a22-8f78-4433-8676-2ad35846eed8,7/1/2025 16:11,78976.45508,1153.424507
22430,PARK,Sawyer Recreation Center,Columbus,FRA,C,Public,5.56039163,Sawyer Recreation Center,710,7/1/2025 16:11,Columbus, ,Sawyer Recreation Center,5bf10e0e-24f2-4f69-9693-ec99f5e1ee77,7/1/2025 16:11,242210.6594,2955.74625
22429,PARK,Sawyer Senior Center,Columbus,FRA,N,Public,4.66888209,Sawyer Senior Center,711,7/1/2025 16:11,Columbus, ,Sawyer Senior Center,9d65f4cb-c32b-47be-85a9-18fbce9125bd,7/1/2025 16:11,203376.5034,1990.18978
25313,CEMETERY,Sayler Cemetery,Township,MAR,CEM,Private ,0.13440976,Sayler Cemetery,,7/1/2025 16:11,Google Maps,,,c65d6fb8-2120-4102-918d-5bdb1fccb426,7/1/2025 16:11,5854.889038,326.8874264
22028,PARK,Schiller Park,Columbus,FRA,C,Public,23.60628501,Schiller Park,712,7/1/2025 16:11,Columbus,Schiller Park,Schiller Park,4b7b7976-b415-44de-979a-17b1efb2c6e0,7/1/2025 16:11,1028289.712,4127.82221
23204,PARK,Schirm Farms Parkland,Columbus,FRA,CON,Public,39.4690894,Schirm Farms Parkland,,7/1/2025 16:11,Columbus,,Schirm Farms Parkland,99fce811-b4e6-460b-a135-a2aef53116b8,7/1/2025 16:11,1719273.534,7414.398297
21957,PARK,Schneider Park,Bexley,FRA,C,Public,4.04933826,Schneider Park,713,7/1/2025 16:11,, ,Schneider Park,9ba01571-18c1-4f0d-bdc3-0075bcab8606,7/1/2025 16:11,176389.1747,2479.058743
25403,PARK,Schnormeier Garden,Township,KNO,PR,Public,48.33868071,Schnormeier Garden,,7/1/2025 16:11,Google Maps,,Schnormeier Garden,d411e048-a80a-46ce-b77a-2e72dbe33861,7/1/2025 16:11,2105632.932,7165.978006
25626,CEMETERY,Schooley Cemetery,Township,HOC,CEM,Private,1.39973286,Schooley Cemetery,,7/1/2025 16:11,Google Maps,,,476fc683-dfc9-4bae-aa0e-5ac6e6ca2b61,7/1/2025 16:11,60972.36353,1000.988178
24776,PARK,Schoolhouse Park,Township,FAI,C,Public,1.33316515,Schoolhouse Park,,7/1/2025 16:11,MORPC Standardized ELU 2021,,,d7ad4603-75e3-4fe2-9ab5-abbd0957a6ea,7/1/2025 16:11,58072.67419,1008.721937
23909,PARK,Schwartzkopf Park,Marysville,UNI,C,Public,9.20674985,Schwartzkopf Park,,7/1/2025 16:11,Union County,,Schwartzkopf Park,e27fe969-388e-4399-bdf8-2bf29606cc12,7/1/2025 16:11,401046.0238,3342.88368
22746,CEMETERY,Scioto (Strader),Township,FRA,CEM,Public,2.64788941,Scioto (Strader),,7/1/2025 16:11,,,,46867648-d95d-47b4-a749-facf3a4537eb,7/1/2025 16:11,115342.0629,2585.315363
23540,PARK,Scioto Audobon,Columbus,FRA,M,Public,133.6190234,Scioto Audubon,,7/1/2025 16:11,Metro Parks,Scioto Audobon Metro Park,Scioto Audubon,fa8f30ea-f6e7-4430-8167-9858c77247c8,7/1/2025 16:11,5342365.927,29071.97045
23891,PARK,Scioto Canal Parkland,Columbus,FRA,CON,Public,6.8899774,Scioto Canal Parkland,,7/1/2025 16:11,Columbus,,Scioto Canal Parkland,98e812dd-e7ad-4299-8a46-f0e6b5480f58,7/1/2025 16:11,300127.416,3289.301577
22242,GOLF,Scioto Country Club,Upper Arlington,FRA,GOLF,Public,159.8372428,Scioto Country Club,716,7/1/2025 16:11,,,Scioto Country Club,16dcb523-2bad-4772-adae-f6ffb4807de0,7/1/2025 16:11,6962510.298,10147.06264
23543,PARK,Scioto Grove,Metro Parks,FRA,M,Public,618.3933889,Scioto Grove,,7/1/2025 16:11,Metro Parks,Scioto Grove Metro Park,Scioto Grove,33b05c1d-c20f-4bf5-a2e3-629cf0439b92,7/1/2025 16:11,26937216.02,35250.82668
23594,PARK,Scioto Land Company Area 2,Township,ROS,STATE,Public,1056.434792,Scioto Land Company ,,7/1/2025 16:11,ODNR,Scioto Land Company,Scioto Land Company ,635938ce-fcc2-42cd-b229-5c6010aca2b4,7/1/2025 16:11,46018299.52,44743.05026
23848,PARK,Scioto Meadows,Grove City,FRA,N,Public,1.49900871,Scioto Meadows,,7/1/2025 16:11,Grove City,,,b2d82ef3-3a1a-48d5-b630-6eeee1eca61b,7/1/2025 16:11,65296.81921,1039.878207
24221,PARK,Scioto Mile Promenade,Columbus,FRA,R,Public,13.49639501,Scioto Mile Promenade,,7/1/2025 16:11,,,Scioto Mile Promenade,91f3faff-4cf7-4b97-8c44-af663767b7a1,7/1/2025 16:11,587902.9662,4152.294376
21930,PARK,Scioto Park,Dublin,FRA,C,Public,14.36790367,Scioto Park,717,7/1/2025 16:11,Dublin, ,Scioto Park,1b80cf31-9e8a-4810-9693-d0fd630dfa2c,7/1/2025 16:11,625865.8837,3191.794913
23424,PARK,Scioto Peninsula Parkland,Columbus,FRA,SPU,Public,9.81199454,Scioto Peninsula Parkland,,7/1/2025 16:11,Columbus,,Scioto Peninsula Parkland,839299f8-dd51-48d8-b47e-eb28135d219a,7/1/2025 16:11,427410.4822,8271.675624
23595,PARK,Scioto River,Township,ROS,STATE,Public,5.55181574,Scioto River State Park,,7/1/2025 16:11,ODNR,,Scioto River State Park,52a42f89-1d30-41b0-b60e-73624d9e49e1,7/1/2025 16:11,241837.0938,3381.152003
23453,PARK,Scioto River Parkland,Columbus,FRA,CON,Public,0.21213774,Scioto River Parkland,299,7/1/2025 16:11,Columbus,,,f124d6de-bb42-498c-a800-c5d7ddbd1a74,7/1/2025 16:11,9240.720093,704.066555
23889,PARK,Scioto River Parkland,Columbus,FRA,C,Public,25.51494231,Scioto River Parkland,,7/1/2025 16:11,Columbus,,Scioto River Parkland,e64ad9fb-c21c-4dea-8d98-b8d36fb4c4bf,7/1/2025 16:11,1111430.887,5701.94632
21914,PARK,Scioto Run Nature Trail,Hilliard,FRA,C,Public,11.52702412,Scioto Run Nature Trail,718,7/1/2025 16:11,Hilliard, ,Scioto Run Nature Trail,f415e3cc-f7fb-4012-b997-1b1987e074a6,7/1/2025 16:11,502117.1703,6377.547115
22382,PARK,Scioto Township Park,Township,DEL,C,Public,35.34191695,Scioto Township Park,719,7/1/2025 16:11,DALIS,Scioto Township Park,Scioto Township Park,7e3251d8-a204-4fcd-955a-ad05d069f648,7/1/2025 16:11,1539493.902,6359.166759
23596,PARK,Scioto Trail State Park,Township,ROS,STATE,Public,9483.735451,Scioto Trail State Park,,7/1/2025 16:11,ODNR,Scioto Trail State Park,Scioto Trail State Park,151e0994-b9f5-41c1-a5fb-c0f3df28d9be,7/1/2025 16:11,413111516.3,528313.6608
24984,GREEN SPACE,Scioto Valley Fire District Open Space,La Rue,MAR,NOS,Public,0.06183703,,,7/1/2025 16:11,MORPC Standardized ELU 2021,,,cb305fbb-0318-4b7b-9ac8-8e4e15d1dac8,7/1/2025 16:11,2693.621094,212.9324534
22087,PARK,Scioto Woods Park,Columbus,FRA,C,Public,9.02641431,Scioto Woods Park,721,7/1/2025 16:11,Columbus, ,Scioto Woods Park,446fac42-2f16-4c97-9374-2af406909746,7/1/2025 16:11,393190.6128,2862.885385
22168,GREEN SPACE,Scioto-Darby Detention,Columbus,FRA,NOS,Public,12.44603273,,134,7/1/2025 16:11,Columbus,,,58ec81e8-a40b-4ade-a2bb-11f2353700ce,7/1/2025 16:11,542149.1865,3252.749764
25661,CEMETERY,Scott Creek Cemetery,Township,HOC,CEM,Public,2.29648144,Scott Creek Cemetery,,7/1/2025 16:11,Google Maps,,,7b3bfa38-cbf7-4211-9c00-b873ff56e26e,7/1/2025 16:11,100034.7313,1295.048552
25662,CEMETERY,Scott Creek Cemetery,Township,HOC,CEM,Public,2.29648144,Scott Creek Cemetery,,7/1/2025 16:11,Google Maps,,,781bf472-820f-41df-9696-98a9477485af,7/1/2025 16:11,100034.7313,1295.048552
23953,GREEN SPACE,Scott Farms Open Space,Marysville,UNI,NOS,Public,1.39862954,,,7/1/2025 16:11,,,,3397d876-7c93-4c9e-a9ef-5e587a696eb3,7/1/2025 16:11,60924.30298,1851.842273
23664,PARK,Scottish Corners Park,Dublin,FRA,C,Public,6.64934465,Scottish Corners Park,722,7/1/2025 16:11,Dublin,,Scottish Corners Park,09793889-7894-42e9-9042-af337847b49b,7/1/2025 16:11,289645.453,2287.645468
22152,GREEN SPACE,Scottish Corners Woods Open Space,Dublin,FRA,NOS,Public,12.34131353,,722,7/1/2025 16:11,Dublin,,,057e3cb5-dc0c-4acc-a3aa-21507a7a9a14,7/1/2025 16:11,537587.6174,4026.407603
23452,PARK,Sd-20,Columbus,FRA,CON,Public,5.27622773,Sd-20,,7/1/2025 16:11,Columbus,,Sd-20,4f1c84b9-c2f5-478c-aed1-aed430d81aa8,7/1/2025 16:11,229832.4797,2954.970067
23108,CEMETERY,Seceder (Old United Presbyterian),Reynoldsburg,FRA,CEM,Public,1.08272233,Seceder (Old United Presbyterian),,7/1/2025 16:11,,,,0b84dd8c-af54-4c5c-9027-c062be16ba93,7/1/2025 16:11,47163.38464,871.7236449
25025,GREEN SPACE,Seip House,Chillicothe,ROS,SPU,Public,0.66331652,,,7/1/2025 16:11,ODNR Lands,,,3a53e183-34b2-4887-a653-2ce5a0cfbd6a,7/1/2025 16:11,28894.06757,729.6111781
21987,PARK,Selby Park,Worthington,FRA,N,Public,1.77018034,Selby Park,723,7/1/2025 16:11,FCA, ,,e86f26ea-9ac0-4044-bbd5-45302369474a,7/1/2025 16:11,77109.05518,1120.49851
22409,PARK,Seldom Seen Park,Township,DEL,C,Public,25.93790844,Seldom Seen Park,599,7/1/2025 16:11,, ,Seldom Seen Park,c23a9ff2-bf5a-46af-83e0-72327dff027b,7/1/2025 16:11,1129855.292,4600.290305
22213,PARK,Sensenbrenner Park,Columbus,FRA,N,Public,0.92268032,Sensenbrenner Park,724,7/1/2025 16:11,Columbus, ,,59d750f8-4d69-4a6a-888d-be342ebb7b36,7/1/2025 16:11,40191.95435,925.6659285
23851,PARK,Sesquicentennial Park,Grove City,FRA,C,Public,1.07747411,Sesquicentennial Park,,7/1/2025 16:11,Grove City,,"ity""",c907fa4d-07d1-4056-bdc2-70d06bb7f367,7/1/2025 16:11,46934.77209,1153.785491
24716,PARK,SHADEVILLE NURSERY,Columbus,FRA,SPU,Public,58.8718329,SHADEVILLE NURSERY,,7/1/2025 16:11,Columbus Park Boundaries,,,56c3b3ef-ef40-40ea-901d-9fac24ccc987,7/1/2025 16:11,2564457.041,6614.004999
22133,PARK,Shady Lane Park,Columbus,FRA,N,Public,3.42901718,Shady Lane Park,725,7/1/2025 16:11,Columbus, ,,c5ba5ea7-1b7c-4cac-b6da-d9bbfbff74e8,7/1/2025 16:11,149367.9884,3512.892995
23459,PARK,Shady Lane Park,Columbus,FRA,N,Public,1.32584794,Shady lane Park,,7/1/2025 16:11,Columbus,,,57111abf-8752-437e-94bf-2d312e6394de,7/1/2025 16:11,57753.93604,1631.900615
22495,PARK,Shagbark Reserve,Gahanna,FRA,N,Public,2.4274382,Shagbark Reserve,582,7/1/2025 16:11,Gahanna,,,c48581f1-3240-412f-9dcb-0b8e87cc7cf5,7/1/2025 16:11,105739.2079,1479.277454
22214,PARK,Shaker Square Park,Worthington,FRA,N,Public,1.23279365,Shaker Square Park,726,7/1/2025 16:11,, ,,673f4ea9-9dff-4460-afac-784923ec2d70,7/1/2025 16:11,53700.49146,1049.107327
22665,PARK,Shale Hollow,Township,DEL,PR,Public,74.63412606,Shale Hollow,62,7/1/2025 16:11,Preservation Parks,,Shale Hollow,b77345eb-7c88-4583-8627-dd5d914d08f2,7/1/2025 16:11,3251062.531,12317.94747
23299,PARK,Shale Hollow,Township,DEL,PR,Public,62.47189926,Shale Hollow,,7/1/2025 16:11,Preservation Parks,,Shale Hollow,ab792261-9043-444d-b015-fc48efddd5b6,7/1/2025 16:11,2721275.932,6829.604601
23300,PARK,Shale Hollow,Township,DEL,PR,Public,39.85252032,Shale Hollow,,7/1/2025 16:11,Preservation Parks,,Shale Hollow,866b7dab-c535-4e30-b108-c30f6afca89d,7/1/2025 16:11,1735975.785,6213.710211
22279,PARK,Shallenberger Park,Township,FAI,R,Public,87.42974423,Shallenberger Park,734,7/1/2025 16:11,ODNR,Shallenberger Park,Shallenberger Park,08c163ee-c3bb-485d-b3e6-81d044eb97b5,7/1/2025 16:11,3808439.658,8667.746171
24991,GREEN SPACE,Shalom Park,Marysville,UNI,NOS,Public,2.63703136,,,7/1/2025 16:11,MORPC Standardized ELU 2021,,,ba53d82f-237d-4b4a-8699-71373b85d08a,7/1/2025 16:11,114869.0861,1325.725407
22581,PARK,Shannon Glen Park,Dublin,FRA,N,Public,24.38692282,Shannon Glen Park,728,7/1/2025 16:11,Dublin,Shannon Glen Park,Shannon Glen Park,d820f77d-d8be-40e0-baa5-379519a982ec,7/1/2025 16:11,1062294.357,10362.16597
22679,PARK,Shannon Glen Park,Dublin,FRA,N,Public,7.75555113,Shannon Glen Park,627,7/1/2025 16:11,Dublin,,Shannon Glen Park,dd860949-d271-46b8-9ee3-761e1b608e3f,7/1/2025 16:11,337831.8073,2467.993669
24241,PARK,Shannon Parkland,Columbus,FRA,CON,Public,6.32186997,Shannon Parkland,,7/1/2025 16:11,,,Shannon Parkland,d1921b86-4861-48c2-bc66-d3a7b8cab77e,7/1/2025 16:11,275380.6558,2041.11604
23445,PARK,Sharon Meadows Park,Columbus,FRA,C,Public,10.44371076,Sharon Meadows Park,,7/1/2025 16:11,Columbus,,Sharon Meadows Park,38bee29d-1dfe-4f08-bf46-fd508a115998,7/1/2025 16:11,454928.0409,3061.403365
22472,PARK,Sharon Woods Metro Park,Township,FRA,M,Public,754.9295793,Sharon Woods Metro Park,729,7/1/2025 16:11,Metro Parks,Sharon Woods Metro Park,Sharon Woods Metro Park,8b06d77e-6162-405c-b7bf-0255040980c0,7/1/2025 16:11,32884732.47,23735.8595
22887,CEMETERY,Sharp,Township,FAI,CEM,Public,0.34097288,Sharp,,7/1/2025 16:11,Fairfield County,,,9575d553-09d1-4856-98f8-edf9164f5456,7/1/2025 16:11,14852.77869,512.5835512
25257,CEMETERY,Sharp Cemetery,Township,LOG,CEM,Public,0.04250662,Sharp Cemetery,,7/1/2025 16:11,Google Maps,,,b15624a2-ca78-4fa8-ace6-f5f796c89ce5,7/1/2025 16:11,1851.588135,175.1176583
23402,CEMETERY,Shauck Cemetery,Township,MRW,CEM,Public,12.05341729,Shauck Cemetery,,7/1/2025 16:11,Morrow County Aerials 2006,,,92c0c183-07b1-43bc-a87b-e7498e5cf768,7/1/2025 16:11,525046.8566,2940.050234
25671,CEMETERY,Shaw Cemetery,Township,HOC,CEM,Public,3.26650975,Shaw Cemetery,,7/1/2025 16:11,Google Maps,,,eef8b98b-f607-4a8a-aec0-df47196a6f33,7/1/2025 16:11,142289.1649,1464.61497
25773,CEMETERY,Shawnee Cemetery,Township,PER,CEM,Public,10.10597013,Shawnee Cemetery,,7/1/2025 16:11,Google Maps,,,22d7a485-9d72-4798-a5df-fbf94b962661,7/1/2025 16:11,440216.0585,2702.49588
25774,CEMETERY,Shawnee Cemetery,Township,PER,CEM,Public,6.50694393,Shawnee Cemetery,,7/1/2025 16:11,Google Maps,,,102f553b-aa21-40e9-b9b9-d21633520315,7/1/2025 16:11,283442.4777,4988.958556
22596,PARK,Shawnee Crossing Park,Pickerington,FAI,C,Public,7.03007332,Shawnee Crossing Park,731,7/1/2025 16:11,Fairfield County, ,Shawnee Crossing Park,71a91f16-48da-42af-aae1-6aefc3ffeee2,7/1/2025 16:11,306229.9937,2604.00919
24847,PARK,Sheedy Sanctuary,Township,MRW,PR,Public,40.92686316,Sheedy Sanctuary,,7/1/2025 16:11,MORPC Standardized ELU 2021,,Sheedy Sanctuary,d371a80d-96cb-4e83-8289-0aa2596a21ae,7/1/2025 16:11,1782774.159,6794.028163
22383,PARK,Shelbourne Forest Park,Delaware City,DEL,C,Public,5.73370505,Shelbourne Forest Park,732,7/1/2025 16:11,Delaware City, ,Shelbourne Forest Park,edaec9c8-0c28-429e-abcc-3ce266c8be89,7/1/2025 16:11,249760.1912,3270.677318
22134,PARK,Shelbourne Parkland,Columbus,FRA,PRES,Public,9.16553877,Shelbourne Parkland,733,7/1/2025 16:11,Columbus,,,5f270032-e956-40c4-8c4d-1d1abdc6cfc4,7/1/2025 16:11,399250.8689,2662.471991
25869,CEMETERY,Shelby Farm Cemetery,Township,PIC,CEM,Private,1.34997353,Shelby Farm Cemetery,,7/1/2025 16:11,Google Maps,,,6f3d63af-12d9-489c-b7a2-3c27424c5031,7/1/2025 16:11,58804.8468,1000.017702
24020,PARK,Shelby Park,Saint Louisville,LIC,REC,Public,20.13941672,Shelby Park,,7/1/2025 16:11,,,Shelby Park,54085139-1092-4596-bc95-ee7d2b72594a,7/1/2025 16:11,877272.9926,6275.520893
22791,CEMETERY,Shelley,Township,FAI,CEM,Public,1.10231406,Shelley,,7/1/2025 16:11,Fairfield County,,,7ff7bbf0-f13d-495a-90ea-c284d67acaa0,7/1/2025 16:11,48016.80042,991.8764076
25742,PARK,Shelly Park ,Glenford,PER,C,Public,2.00775389,Shelly Park,,7/1/2025 16:11,Google Maps,,,fbd839d5-0b65-48c3-ab5a-0468cde6bd59,7/1/2025 16:11,87457.75928,1202.745352
22040,PARK,Shepard Park,Columbus,FRA,N,Public,3.20114936,Shepard Park,735,7/1/2025 16:11,Columbus, ,,4b284652-52ba-4308-8bdb-0ba7fb802828,7/1/2025 16:11,139442.0663,1830.932797
22843,CEMETERY,Sheridan Drive Cemetery,Township,FAI,CEM,Public,0.52916742,Sheridan Drive Cemetery,,7/1/2025 16:11,Fairfield County,,,fa93497a-e06b-438a-ae09-2151ecf595d4,7/1/2025 16:11,23050.53284,609.7444978
25075,PARK,Sheridan Park,Bexley,FRA,N,Public,0.6016309,Sheridan Park,,7/1/2025 16:11,MORPC Standardized ELU 2021,,,cc804943-db78-4668-ae1d-e81f80d0bc17,7/1/2025 16:11,26207.04211,648.9768626
25076,PARK,Sheridan Park,Bexley,FRA,N,Public,0.09289107,Sheridan Park,,7/1/2025 16:11,MORPC Standardized ELU 2021,,,9a498e85-c15f-46c7-b0ae-1717d97ecf2e,7/1/2025 16:11,4046.335083,262.895584
25077,PARK,Sheridan Park,Bexley,FRA,N,Public,0.07705001,Sheridan Park,,7/1/2025 16:11,MORPC Standardized ELU 2021,,,02ea5b8d-0a91-4fb3-b3af-e2205d469197,7/1/2025 16:11,3356.298218,239.9318738
24956,PARK,Sherman Ricketts Park/Simon Kenton Trail Head,Township,KNO,PR,Public,2.35794554,Zuck Riparian Preserve,,7/1/2025 16:11,MORPC Standardized ELU 2021,,,bb6b42e4-eef8-422d-8962-8e3a03ea1e7a,7/1/2025 16:11,102712.1077,1509.209475
25235,PARK,Sherman Ricketts Park/Simon Kenton Trail Head,West Liberty,LOG,C,Public,0.50325611,Sherman Ricketts Park/Simon Kenton Trail Head,,7/1/2025 16:11,Google Maps,,,e7b540db-4a0a-4fd1-9623-e8f9671cc6b5,7/1/2025 16:11,21921.8363,788.655069
25430,PARK,Sherman Ricketts Park/Simon Kenton Trail Head,Township,KNO,PR,Public,2.72150689,Zuck Riparian Preserve,,7/1/2025 16:11,Google Maps,,,64b6eac9-211a-4c62-b1af-5dab066765ce,7/1/2025 16:11,118548.8396,1413.465868
25431,PARK,Sherman Ricketts Park/Simon Kenton Trail Head,Township,KNO,PR,Public,2.26199322,Zuck Riparian Preserve,,7/1/2025 16:11,Google Maps,,,1852eeb9-e4bf-4abe-ae84-9ac79d7915a4,7/1/2025 16:11,98532.4248,1667.511143
25432,PARK,Sherman Ricketts Park/Simon Kenton Trail Head,Township,KNO,PR,Public,9.75556023,Zuck Riparian Preserve,,7/1/2025 16:11,Google Maps,,Zuck Riparian Preserve,ff0cdb9c-61c5-4094-b808-993ff6fa82ce,7/1/2025 16:11,424952.2036,2735.853112
25527,CEMETERY,Sheron Cemetery,Township,ROS,CEM,Public,2.0814871,Sheron Cemetery,,7/1/2025 16:11,Google Maps,,,5a41ab31-51fb-4c18-969a-bad0a5cae06a,7/1/2025 16:11,90669.57813,1231.144778
23613,PARK,Shier-Rings Park,Dublin,FRA,N,Public,2.47688942,Shier-Rings Park,,7/1/2025 16:11,Dublin,,,677a89e1-5fba-4444-942b-cf54e4355d0c,7/1/2025 16:11,107893.303,2275.331161
25829,CEMETERY,Shilo Cemetery,Township,PIC,CEM,Public,0.67050153,Shilo Cemetery,,7/1/2025 16:11,Google Maps,,,15f11249-54c4-487a-aa09-af77d959f406,7/1/2025 16:11,29207.04675,770.4583376
25886,CEMETERY,Shoemaker Cemetery,Township,FAY,CEM,Private,0.04893918,Shoemaker Cemetery,,7/1/2025 16:11,Google Maps,,,46b922ff-dc60-4427-9d8e-685819cb6f16,7/1/2025 16:11,2131.790894,184.7356259
25855,CEMETERY,Shortridge Farm Cemetery,Township,PIC,CEM,Private,0.83013824,Shortridge Farm Cemetery,,7/1/2025 16:11,Google Maps,,,e975823e-0ac6-47f4-9ffa-175d78cf1631,7/1/2025 16:11,36160.82178,790.6451678
25533,CEMETERY,Shoults Cemetery,Township,ROS,CEM,Public,0.55282577,Shoults Cemetery,,7/1/2025 16:11,Google Maps,,,286a48c7-40f2-4f4c-9b7d-f614a5afa35f,7/1/2025 16:11,24081.09033,645.7774139
22215,PARK,Shull Park,Gahanna,FRA,C,Public,10.49357203,Shull Park,736,7/1/2025 16:11,Gahanna, ,Shull Park,635e6110-ba7d-409f-abbc-9bf0fe60320b,7/1/2025 16:11,457099.9978,3321.962802
22494,PARK,Shull Reserve,Gahanna,FRA,PRES,Public,1.50786286,Shull Reserve,581,7/1/2025 16:11,Gahanna,,,73662174-b0b8-4866-a294-65174ea45d8d,7/1/2025 16:11,65682.50623,1042.8622
22752,CEMETERY,Shull Road Historic Preserve,Township,FRA,CEM,Public,14.03350796,Shull Road Historic Preserve,,7/1/2025 16:11,Jefferson Twp,,,c41b728a-6fdf-49cf-a6c6-08f4da7501f2,7/1/2025 16:11,611299.6063,3944.246552
24234,PARK,Side By Side Park,Columbus,FRA,N,Public,0.19253738,Side by Side Park,,7/1/2025 16:11,,,,e291a172-8850-4575-b3e4-9b35f2856637,7/1/2025 16:11,8386.928223,374.0566893
25611,CEMETERY,Sigler Cemetery,Township,ROS,CEM,Private,0.81620284,Sigler Cemetery,,7/1/2025 16:11,Google Maps,,,809118a4-7073-4d72-a493-7705373b3854,7/1/2025 16:11,35553.79578,755.7736363
22768,CEMETERY,Silent Home,Township,FRA,CEM,Public,7.12852548,Silent Home,,7/1/2025 16:11,,,Silent Home,48bc2cc0-c163-4476-a6aa-196edb02e9c1,7/1/2025 16:11,310518.5698,2341.44651
22135,PARK,Sills Park,Columbus,FRA,C,Public,20.33398225,Sills Park,259,7/1/2025 16:11,FCA,Sills Park,Sills Park,01b83534-2630-42fd-898e-ce72afb9d551,7/1/2025 16:11,885748.2666,4312.765595
25041,PARK,Silverbrook Drive Park,Township,FAI,N,Public,1.21920777,Silverbrook Drive Park,,7/1/2025 16:11,MORPC Standardized ELU 2021,,,0bd39a55-bc6c-4fc7-ac6e-6611c4559b19,7/1/2025 16:11,53108.6897,937.5863344
23587,PARK,Silverton Park,Hilliard,FRA,N,Public,2.97869645,Silverton Park,,7/1/2025 16:11,Hilliard,,,b9487432-4247-4554-8308-26a466f4d0cc,7/1/2025 16:11,129752.0176,1343.2979
22694,PARK,Simsbury Park,Pickerington,FAI,R,Public,33.91427138,Simsbury Park,738,7/1/2025 16:11,Fairfield County,Simsbury Park,Simsbury Park,0484de47-6815-4259-a2c1-61658e012cde,7/1/2025 16:11,1477305.662,8385.341016
24765,GREEN SPACE,SIXTEENTH STREET ISLAND,Columbus,FRA,NOS,Public,0.05987316,,,7/1/2025 16:11,Columbus Park Boundaries,,,795a7ccf-34bf-4d43-bf89-cb2e9cfc46dc,7/1/2025 16:11,2608.075317,227.4357332
23854,PARK,Skate Park,Grove City,FRA,REC,Public,3.9552684,Skate Park,,7/1/2025 16:11,Grove City,,,b03fe1b2-8933-4822-9bde-f0b105da6e62,7/1/2025 16:11,172291.4915,1762.774726
23314,CEMETERY,Skeen Cemetery,Township,KNO,CEM,Public,0.9704982,Skeen Cemetery,,7/1/2025 16:11,Knox,,,534cdc66-3016-4ab9-8591-f9be245c8a11,7/1/2025 16:11,42274.90173,936.7633982
22302,PARK,Slate Run Metro Park & Historical Farm,Township,PIC,M,Public,1703.234445,Slate Run Metro Park & Historical Farm,739,7/1/2025 16:11,Metro Parks,Slate Run Metro Park ,Slate Run Metro Park & Historical Farm,347397c1-639f-4440-a40f-b354445f9b33,7/1/2025 16:11,74192892.43,42338.26092
22637,PARK,Smeck Historical Park,Township,FAI,R,Public,48.41527483,Smeck Historical Park,740,7/1/2025 16:11,Fairfield County,Smeck Historical Park,Smeck Historical Park,e8a3c8c2-aa1c-4c53-b255-6db8fb5760e3,7/1/2025 16:11,2108969.371,7717.682194
23671,PARK,Smiley Park,Dublin,FRA,N,Public,1.89922138,Smiley Park,,7/1/2025 16:11,Dublin,,,f326a0ad-5e4c-4cdc-9a33-496fc0e4bcb6,7/1/2025 16:11,82730.08301,1265.106886
24995,CEMETERY,Smith Cemetery,Township,MAD,CEM,Public,0.633717,Smith Cemetery,,7/1/2025 16:11,ODNR Lands,,,3613856d-ddc1-4510-97fd-02c72287bdf4,7/1/2025 16:11,27604.71228,665.4160978
25318,CEMETERY,Smith Cemetery,Township,MAR,CEM,Public,0.2458957,Smith Cemetery,,7/1/2025 16:11,Google Maps,,,3d065f48-2f2f-430f-af06-486f24149b53,7/1/2025 16:11,10711.21655,423.5250605
24775,PARK,Smith Memorial Park,Circleville,PIC,C,Public,0.62509024,Smith Memorial Park,,7/1/2025 16:11,MORPC Standardized ELU 2021,,,2272dd1a-2641-4048-a824-4361c63173d7,7/1/2025 16:11,27228.93103,851.3507472
22216,PARK,Smith Nature Park,Upper Arlington,FRA,N,Public,3.27767188,Smith Nature Park,742,7/1/2025 16:11,, ,,11757b0b-8c9c-404f-8418-e088415cc439,7/1/2025 16:11,142775.3875,1553.931714
22384,PARK,Smith Park,Delaware City,DEL,C,Public,49.75059796,Smith Park,743,7/1/2025 16:11,Delaware City,Smith Park,Smith Park,a44e97ce-f8c4-435f-9a22-d9a2d09d5569,7/1/2025 16:11,2167136.047,7113.427844
22057,PARK,Smith Road Park,Columbus,FRA,N,Public,6.24145596,Smith Road Park,164,7/1/2025 16:11,Columbus, ,Smith Road Park,6fb51b1d-24c3-4c26-9a1b-a35dd66af5b5,7/1/2025 16:11,271877.8215,2175.288078
25321,CEMETERY,Smith-Witzel Cemetery,Township,MAR,CEM,Private,0.14986735,Smith-Witzel Cemetery,,7/1/2025 16:11,Google Maps,,,f61793b6-b3e6-458e-af62-293acbb2db85,7/1/2025 16:11,6528.22168,327.97
21977,GREEN SPACE,Snouffer Road Open Space,Columbus,FRA,NOS,Private,0.86804395,,512,7/1/2025 16:11,,,,f7517599-968e-4d60-91c9-ff591e9cf3a2,7/1/2025 16:11,37811.99475,778.3189941
21978,GREEN SPACE,Snouffer Road Open Space,Columbus,FRA,NOS,Private,0.57340852,,513,7/1/2025 16:11,,,,a0bf44dd-b8bd-4b3e-be49-5a0e7096ba1a,7/1/2025 16:11,24977.67566,621.0791349
25580,CEMETERY,Snyder Cemetery,Township,ROS,CEM,Public,0.73672427,Snyder Cemetery,,7/1/2025 16:11,Google Maps,,,58551021-7685-4fd9-89c7-a7e530df2d37,7/1/2025 16:11,32091.70929,716.6797547
23245,RECREATION,Soap Box Derby,Township,FAI,SPU,Public,22.79467534,Soap Box Derby,,7/1/2025 16:11,Fairfield County,,,679a52a6-513e-489a-854b-56ed19d71ed9,7/1/2025 16:11,992936.0579,5321.488748
23246,RECREATION,Soccer Fields,Lancaster,FAI,REC,Public,27.19436671,Soccer Fields,,7/1/2025 16:11,Orthos,,,ad3a0b37-b168-4bb2-aefd-67b3da503adb,7/1/2025 16:11,1184586.614,4728.326153
23537,RECREATION,Soccer Fields,Columbus,FRA,REC,Public,54.76069471,Soccer Fields,,7/1/2025 16:11,FCA,,Soccer Fields,810c66e3-2316-46d0-93fa-9466eec9b208,7/1/2025 16:11,2385375.861,9419.269567
22438,PARK,Sol Shenk Park,Columbus,FRA,PRES,Public,24.15892309,Sol Shenk Park,745,7/1/2025 16:11,Columbus,,,6fe2ffe4-7e93-471b-a8b9-f70eb5b8e725,7/1/2025 16:11,1052362.69,4632.429689
25476,CEMETERY,Sollars Cemetery,Township,FAY,CEM,Private,0.06443415,Sollars Cemetery,,7/1/2025 16:11,Google Maps,,,2c810f42-ee3b-4754-9bc2-20732f244c2d,7/1/2025 16:11,2806.751343,213.0456634
23033,CEMETERY,Somerford Old Cemetery,Township,MAD,CEM,Public,0.92489942,Somerford Old Cemetery,,7/1/2025 16:11,,,,770ada1f-99da-454c-a018-d8d05182eb30,7/1/2025 16:11,40288.61853,819.8747656
24136,CEMETERY,Somerset Methodist Cemetery,Somerset,PER,CEM,Public,9.92768396,Somerset Methodist Cemetery,,7/1/2025 16:11,Orthos/ Google maps,,Somerset Methodist Cemetery,0271e21b-0bae-4829-880f-852b529dfebe,7/1/2025 16:11,432449.9135,2664.142589
22039,PARK,Somerset Park,Columbus,FRA,C,Public,21.73541742,Somerset Park,746,7/1/2025 16:11,Columbus,Somerset Park,Somerset Park,cb2c2fad-9ab8-49b0-9331-f3473176a40c,7/1/2025 16:11,946794.7825,5008.55061
25753,PARK,Somerset Park,Somerset ,PER,C,Public,16.98955601,Somerset Park,,7/1/2025 16:11,Google Maps,,Somerset Park,8ce74402-0a4e-490c-81cc-cc74cf6691fa,7/1/2025 16:11,740065.0601,3769.547086
22914,CEMETERY,Sommersville Cemetery,Township,UNI,CEM,Public,0.4335541,Sommersville Cemetery,,7/1/2025 16:11,Union County,,,22fa355b-fc33-47b0-9541-21fab19cf55d,7/1/2025 16:11,18885.61633,561.5057725
23971,CEMETERY,Souslin Cemetery,Township,LIC,CEM,Public,1.02062559,Souslin Cemetery,,7/1/2025 16:11,Licking Co Parcels,,,e8149326-b1d6-4452-8b63-3fb6e1c8847e,7/1/2025 16:11,44458.45032,837.9304869
22309,PARK,South Bloomfield Park,South Bloomfield,PIC,C,Public,9.99850313,South Bloomfield Park,595,7/1/2025 16:11,, ,South Bloomfield Park,ac80abc4-071d-4d33-b898-3702a49a4113,7/1/2025 16:11,435534.7961,2734.443498
23729,CEMETERY,South Canaan Road Cemetery ,Township,MRW,CEM,Public,0.80779375,South Canaan Road Cemetery,,7/1/2025 16:11,parcels,,,72249066-0e01-4957-982b-d3654fbe576c,7/1/2025 16:11,35187.49573,761.6931591
22574,PARK,South Cherry Street Park,London,MAD,C,Public,8.10756244,South Cherry Street Park,576,7/1/2025 16:11,, ,South Cherry Street Park,a80a17b4-9653-4598-8469-7a483fbf099d,7/1/2025 16:11,353165.4199,2408.136992
23550,PARK,South End Park,Utica,LIC,C,Public,12.31425598,South End Park,,7/1/2025 16:11,Licking County GIS file,,South End Park,fbfff8a7-2a1c-4112-9ade-a22bdd04c65d,7/1/2025 16:11,536408.991,3005.805454
25990,GREEN SPACE,South Fayette Street Open Space,Township,FAY,PRES,Public,40.97856239,,,7/1/2025 16:11,Fayette Parcels,,,317bb127-d6fc-4fab-afff-90996a4bd92f,7/1/2025 16:11,1785026.178,7599.013391
25100,GREEN SPACE,South Hamilton Road Open Space,Gahanna,FRA,NOS,Private,0.6257308,,,7/1/2025 16:11,MORPC Standardized ELU 2021,,,7901a277-b9a6-49a4-933d-39ae14acdf1e,7/1/2025 16:11,27256.83386,812.817295
25683,CEMETERY,South Harvey Cemetery,Township,HOC,CEM,Public,0.563901,South Harvey Cemetery,,7/1/2025 16:11,Google Maps,,,92d88092-4567-4d4e-89c0-19a481896732,7/1/2025 16:11,24563.52771,661.2951234
25684,CEMETERY,South Harvey Cemetery,Township,HOC,CEM,Public,0.07372652,South Harvey Cemetery,,7/1/2025 16:11,Google Maps,,,80118d97-9254-4e75-ae6f-e16c6634b2ab,7/1/2025 16:11,3211.526978,263.5849068
25685,CEMETERY,South Harvey Cemetery,Township,HOC,CEM,Public,0.1490927,South Harvey Cemetery,,7/1/2025 16:11,Google Maps,,,47e52903-209d-4f6b-8468-50e31bc9e157,7/1/2025 16:11,6494.478027,336.2687639
23574,PARK,South Hempstead Road Open Space,Westerville,FRA,NOS,Public,0.23937736,South Hempstead Road Open Space,,7/1/2025 16:11,Westerville,,,b9a98a65-8948-413b-96b5-8773392d814c,7/1/2025 16:11,10427.27783,589.1911847
24187,PARK,South Oak Street Open Space,London,MAD,N,Public,3.23507916,South Oak Street Open Space,,7/1/2025 16:11,,,,1cc39e6e-1131-4b99-96d0-705531377c3c,7/1/2025 16:11,140920.0483,1497.096458
24189,PARK,South Oak Street Open Space,London,MAD,N,Public,2.74983896,South Oak Street Open Space,,7/1/2025 16:11,,,,8c0d22f3-b0e4-44cb-907a-4a3378ee44f4,7/1/2025 16:11,119782.9847,1628.396147
22706,PARK,South Park,Marysville,UNI,C,Public,21.85528878,South Park,747,7/1/2025 16:11,Union County,South Park,South Park,9dae367a-1f54-4b5f-858f-6de4c7b1a805,7/1/2025 16:11,952016.3794,4978.480049
25505,CEMETERY,South Salem Cemetery,South Salem ,ROS,CEM,Public,5.65380582,South Salem Cemetery,,7/1/2025 16:11,Google Maps,,,9a717f55-7717-44cc-84a7-4e4cedb02655,7/1/2025 16:11,246279.7815,2261.773511
23047,CEMETERY,South Solon Cemetery,South Solon,MAD,CEM,Public,8.75146652,South Solon Cemetery,,7/1/2025 16:11,,,,e159da91-d255-401b-9720-0ff9533a69d7,7/1/2025 16:11,381213.8816,2542.021906
25232,CEMETERY,South Union Mennonite Cemetery,Township,LOG,CEM,Public,1.68599375,South Union Mennonite Cemetery,,7/1/2025 16:11,Google Maps,,,0ce9275c-1596-40a7-8f69-499c8888bdaf,7/1/2025 16:11,73441.88806,1084.358604
22912,CEMETERY,Southard Cemetery,Township,UNI,CEM,Public,0.81076229,Southard Cemetery,,7/1/2025 16:11,Union County,,,988d3de6-f15d-48d4-8b39-3ad5a209a623,7/1/2025 16:11,35316.8053,829.6336695
23846,PARK,Southeast Conservation Club,Grove City,FRA,P,Private,0.15348635,Southeast Conservation Club,,7/1/2025 16:11,Grove City,,,c1a28d2b-1092-494b-97d6-3c4db2e59724,7/1/2025 16:11,6685.864746,639.9238075
23847,PARK,Southeast Conservation Club,Grove City,FRA,P,Private,284.7926658,Southeast Conservation Club,,7/1/2025 16:11,Grove City,,Southeast Conservation Club,7e012663-2338-4fea-bd7f-7bd3ee9c2c7c,7/1/2025 16:11,12405568.52,22556.55234
22056,PARK,Southeast Lions Park,Columbus,FRA,N,Public,1.32331704,Southeast Lions Park,167,7/1/2025 16:11,Columbus, ,,82ddd732-dfa1-4b43-bf72-194eeba98299,7/1/2025 16:11,57643.69043,963.8945737
22059,PARK,Southern Pines Park,Columbus,FRA,C,Public,6.38904943,Southern Pines,749,7/1/2025 16:11,FCA, ,Southern Pines,83dd0906-5f20-4c9d-957b-958356a73f88,7/1/2025 16:11,278306.9927,2473.331328
22136,PARK,Southgate Park,Columbus,FRA,NOS,Public,3.67649859,Southgate Park,187,7/1/2025 16:11,Columbus,,,1944426b-8e88-42a9-a4dc-330f1c709bc2,7/1/2025 16:11,160148.2786,1640.733293
23442,PARK,Southside Park,Columbus,FRA,N,Public,4.88252179,Southside Park,422,7/1/2025 16:11,Columbus,,,09f3b178-3cde-4454-9e46-d8d931d8d024,7/1/2025 16:11,212682.6493,4308.820271
24072,PARK,Southside Settlement Heritage Park,Columbus,FRA,REC,Public,0.9162046,Southside Settlement Heritage Park,,7/1/2025 16:11,Columbus,,,d16480ae-84e0-431c-b257-c875698654c1,7/1/2025 16:11,39909.87256,875.8499483
24119,PARK,Southview Park,Bellefontaine,LOG,REC,Public,41.38493444,Southview Park,,7/1/2025 16:11,Logan County Parcels,,Southview Park,8cfb2d5d-a963-4d9b-8167-68810dfef5a7,7/1/2025 16:11,1802727.744,5794.984494
22050,PARK,Southwood Park,Columbus,FRA,N,Public,1.20236656,Southwood Park,159,7/1/2025 16:11,Columbus, ,Southwood Park,19960a85-7d1b-4056-b2f1-8565490ad2aa,7/1/2025 16:11,52375.08728,963.7585195
25883,CEMETERY,Spengler Cemetery,Township,FAI,CEM,Private,0.00803478,Spengler Cemetery,,7/1/2025 16:11,Google Maps,,,1124e914-1183-4c74-8956-260b5c7f4ece,7/1/2025 16:11,349.9951782,149.9998598
25884,CEMETERY,Spengler Cemetery,Township,FAI,CEM,Private,0.11248841,Spengler Cemetery,,7/1/2025 16:11,Google Maps,,,b2c7cc24-5f63-4905-ae71-488bce2259ed,7/1/2025 16:11,4899.995056,280.0000152
23831,PARK,Spindler Addition,Columbus,FRA,PRES,Public,35.98626302,Spindler Addition,256,7/1/2025 16:11,Columbus,,,70e33912-c093-4184-9365-9fe5e96af764,7/1/2025 16:11,1567561.617,7064.670806
22237,PARK,Spindler Road Park,Columbus,FRA,C,Public,75.12054599,Spindler Road Park,257,7/1/2025 16:11,Columbus,Spindler Road Park,Spindler Road Park,7b269335-2acc-4f88-9021-12564f78bd77,7/1/2025 16:11,3272250.983,7718.896067
22311,GOLF,Split Rock Golf Club,Township,PIC,GOLF,Public,168.6914405,Split Rock Golf Club,598,7/1/2025 16:11,,, ,cec0c58b-efe8-4c25-a01c-840c076ca43e,7/1/2025 16:11,7348199.149,13762.28358
22557,GOLF,Sports Ohio,Dublin,FRA,GOLF,Public,69.09783378,Sports Ohio,753,7/1/2025 16:11,,,Sports Ohio,c3de13df-bd0d-4c1e-9019-2b054374f7f6,7/1/2025 16:11,1503948.798,4937.847238
24907,RECREATION,Sports Performance Center,Township,LIC,REC,Public,11.83744774,Sports Preformance Center,,7/1/2025 16:11,MORPC Standardized ELU 2021,,,6a38abab-f5ff-469a-9a5a-a3450495534d,7/1/2025 16:11,515639.2233,3082.494517
23993,CEMETERY,Sportsman Club Road Cemetery,Township,LIC,CEM,Public,1.27880989,Sportsman Club Road Cemetery,,7/1/2025 16:11,Licking Co Parcels,,,3aabd94a-c91e-4651-a11d-f0d1b817ac32,7/1/2025 16:11,55704.95923,997.6100348
23998,CEMETERY,Spring Grove Cemetery Asc,Township,LIC,CEM,Public,2.98137545,Spring Grove Cemetery,,7/1/2025 16:11,Licking Co Parcels,,,b42d8c76-4428-499d-a097-acb5d8d520eb,7/1/2025 16:11,129868.7146,1537.116965
23997,CEMETERY,Spring Grove Cemetery Assoc,Township,LIC,CEM,Public,2.13059412,Spring Grove Cemetery,,7/1/2025 16:11,Licking Co Parcels,,,87dbe0da-c6bb-43d2-aab8-7d5331b03f0e,7/1/2025 16:11,92808.67993,1710.062315
22479,PARK,Spring Grove North Greenway,Westerville,FRA,C,Public,15.21826915,Spring Grove North Greenway,754,7/1/2025 16:11,Westerville, ,Spring Grove North Greenway,c131a4e9-ef8a-425f-b5a7-3eac3b798dcf,7/1/2025 16:11,662907.8044,8315.667017
22418,PARK,Spring Grove North Park,Westerville,FRA,C,Public,6.20294813,Spring Grove North Park,755,7/1/2025 16:11,Westerville, ,Spring Grove North Park,83153876-1b92-468c-88ef-55cddead2095,7/1/2025 16:11,270200.4208,4417.232137
24413,PARK,Spring Valley Nature Preserve,Granville,LIC,PR,Public,6.95279898,Spring Valley Nature Preserve,,7/1/2025 16:11,Licking Co Aud,,Spring Valley Nature Preserve,d198f936-58c9-47f9-b108-ffafe32407c3,7/1/2025 16:11,302863.9233,3187.574098
25564,CEMETERY,Springbank Cemetery,Township,ROS,CEM,Public,6.87494719,Springbank Cemetery,,7/1/2025 16:11,Google Maps,,,e712675c-0be4-41fc-ad96-8878f01cb0d4,7/1/2025 16:11,299472.6996,2421.026318
25565,CEMETERY,Springbank Cemetery,Township,ROS,CEM,Public,7.09304534,Springbank Cemetery,,7/1/2025 16:11,Google Maps,,,b1949f7f-eea8-4890-b9b9-3a8decc5eb35,7/1/2025 16:11,308973.0551,3570.889551
22516,PARK,Springborough Greenway,Westerville,FRA,N,Public,3.81473987,Springborough Greenway,756,7/1/2025 16:11,Westerville, ,,44785617-9f85-475d-aa0e-c1efea9aab28,7/1/2025 16:11,166170.0693,2836.133343
22517,PARK,Springborough Greenway,Westerville,FRA,N,Public,0.31436642,Springborough Greenway,756,7/1/2025 16:11,Westerville, ,,dd25d8a4-51d2-4ae7-a3a2-cb1bf6570ea9,7/1/2025 16:11,13693.80127,719.7461304
22518,PARK,Springborough Greenway,Westerville,FRA,N,Public,3.18736197,Springborough Greenway,756,7/1/2025 16:11,Westerville, ,,06b129fb-804f-4aef-a8e0-ec7a087c2e97,7/1/2025 16:11,138841.4879,2730.53927
22519,PARK,Springborough Greenway,Westerville,FRA,N,Public,0.26007763,Springborough Greenway,756,7/1/2025 16:11,Westerville, ,,5a020b2b-7483-4bdb-8451-1933dafa547d,7/1/2025 16:11,11328.98157,918.1814442
23575,GREEN SPACE,Springborough Greenway,Westerville,FRA,NOS,Public,0.05849079,,,7/1/2025 16:11,Westerville,,,90d5c477-534e-4aab-9569-2731daf67b6a,7/1/2025 16:11,2547.859131,395.4990385
25782,CEMETERY,Springer Cemetery,Township,PER,CEM,Public,1.70837997,Springer Cemetery,,7/1/2025 16:11,Google Maps,,,f4b4c10c-6d20-4efd-b3c3-aebf007d4a64,7/1/2025 16:11,74417.03174,1189.033159
25840,CEMETERY,Springlawn Cemetery,Williamsport,PIC,CEM,Public,4.62803977,Springlawn Cemetery,,7/1/2025 16:11,Google Maps,,,4d955798-ee8c-472c-b89c-234f77193a8f,7/1/2025 16:11,201597.4125,2427.471478
25841,CEMETERY,Springlawn Cemetery,Williamsport,PIC,CEM,Public,3.37076749,Springlawn Cemetery,,7/1/2025 16:11,Google Maps,,,d82fcfd5-22e6-4fc0-a837-2033f949aab6,7/1/2025 16:11,146830.6321,1878.628994
25842,CEMETERY,Springlawn Cemetery,Williamsport,PIC,CEM,Public,3.18992707,Springlawn Cemetery,,7/1/2025 16:11,Google Maps,,,e1da936c-4f86-40bd-a3ae-d8707d9b74d0,7/1/2025 16:11,138953.223,1804.295798
25843,CEMETERY,Springlawn Cemetery,Williamsport,PIC,CEM,Public,3.9838845,Springlawn Cemetery,,7/1/2025 16:11,Google Maps,,,c4ff7e88-1ba2-46db-b23b-308eadf6137a,7/1/2025 16:11,173538.009,1709.92223
23117,PARK,Spruce Hill Nps,Township,ROS,PR,Public,36.29267756,Spruce Hill NPS,,7/1/2025 16:11,,,Spruce Hill NPS,dc916cd5-b5f7-4f95-81bd-6ffbc37c6bb8,7/1/2025 16:11,1580909.035,6026.379639
23118,PARK,Spruce Hill Nps,Township,ROS,PR,Public,34.30447934,Spruce Hill NPS,,7/1/2025 16:11,,,Spruce Hill NPS,614214ca-ee7c-492c-ae45-3718125315f6,7/1/2025 16:11,1494303.12,5233.641232
23119,PARK,Spruce Hill Nps,Township,ROS,PR,Public,175.3246614,Spruce Hill NPS,,7/1/2025 16:11,,Spruce Hill NPS,Spruce Hill NPS,2a4ca16b-9cfa-4579-930f-dfc0ee864bf3,7/1/2025 16:11,7637142.25,16207.24059
24826,PARK,Squires Park,Chesterville,MRW,REC,Public,0.42707343,Squires Park,,7/1/2025 16:11,MORPC Standardized ELU 2021,,,e6389747-b39a-46fe-bec9-a3ed3fd1975d,7/1/2025 16:11,18603.3186,850.608811
24827,PARK,Squires Park,Chesterville,MRW,REC,Public,3.85806732,Squires Park,,7/1/2025 16:11,MORPC Standardized ELU 2021,,,e41556c9-e4ad-4b2b-9d18-b2da45f23964,7/1/2025 16:11,168057.4125,2015.508081
24828,PARK,Squires Park,Chesterville,MRW,REC,Public,0.39017331,Squires Park,,7/1/2025 16:11,MORPC Standardized ELU 2021,,,20ac3572-fd61-4aaa-96a4-1cfcfde6105e,7/1/2025 16:11,16995.94934,686.4971822
23295,CEMETERY,St Johns Cemetery,Township,KNO,CEM,Public,3.76674749,St Johns Cemetery,,7/1/2025 16:11,orthos,,,b587c8b8-011f-4da3-ac82-3f4b116c92be,7/1/2025 16:11,164079.5206,1801.488043
23384,CEMETERY,St Marys Cemetery,Marion,MAR,CEM,Public,20.29758758,St Marys Cemetery,,7/1/2025 16:11,Marion parcels,,,a3b25f01-3f84-4881-8cad-06d766a12810,7/1/2025 16:11,884162.9152,4185.979999
22885,CEMETERY,St Matthews,Township,FAI,CEM,Public,1.41062111,St Matthews,,7/1/2025 16:11,Fairfield County,,,419dca7c-5037-4963-aad9-4d733bda13ff,7/1/2025 16:11,61446.65564,1012.150748
24140,CEMETERY,St Pauls Lutheran Cemetery ,Glenford,PER,CEM,Public,2.90676149,St Pauls Lutheran Cemetery ,,7/1/2025 16:11,orthos/google maps,,,8e6ba67d-17c5-4540-b2ea-97a27ca9f080,7/1/2025 16:11,126618.5305,1457.781092
22326,GOLF,St. Albans Country Club,Township,LIC,GOLF,Public,137.9203914,St. Albans Country Club,758,7/1/2025 16:11,,,St. Albans Country Club,674bcd50-f60d-4693-8368-b376ef2c6bf9,7/1/2025 16:11,6007812.252,11477.15957
23109,CEMETERY,St. James (Jacob) Lutheran,Columbus,FRA,CEM,Public,0.5605986,St. James (Jacob) Lutheran,,7/1/2025 16:11,,,,a0ab6fb6-0c78-4ee0-bcb7-9f7e8a0c7456,7/1/2025 16:11,24419.67468,638.9356375
23110,CEMETERY,St. John'S Episcopal Church,Worthington,FRA,CEM,Public,0.45071669,St. John'S Episcopal Church,,7/1/2025 16:11,,,,be4a2f61-64c4-43f9-9746-d229ac701ab3,7/1/2025 16:11,19633.21887,564.7117274
23008,CEMETERY,St. John'S Lutheran (Horch),Dublin,FRA,CEM,Public,0.4093088,St. John'S Lutheran (Horch),,7/1/2025 16:11,Dublin,,,658d8c68-2722-49e0-b897-1844ed3897d6,7/1/2025 16:11,17829.49146,549.4691468
23066,CEMETERY,St. Joseph Catholic,Columbus,FRA,CEM,Public,717.3547809,St. Joseph Catholic,,7/1/2025 16:11,,St. Joseph Catholic,St. Joseph Catholic,4441fa88-f757-40d5-9eba-bc405b9fb8bc,7/1/2025 16:11,31247974.26,34358.76604
22999,CEMETERY,St. Joseph'S Cemetery,Marysville,UNI,CEM,Public,11.76338352,St. Joseph'S Cemetery,,7/1/2025 16:11,Union County,,St. Joseph'S Cemetery,0c44b277-2934-44f0-a71f-fa0b50177928,7/1/2025 16:11,512412.9854,2905.784236
24488,CEMETERY,St. Lukes Cemetery,Township,KNO,CEM,Public,7.93137982,St. Lukes Cemetery,,7/1/2025 16:11,Knox,,,89361cd3-1601-4ccb-b468-acc6c29e007b,7/1/2025 16:11,345490.9047,2439.73
23069,CEMETERY,St. Paul'S Lutheran,Township,FRA,CEM,Public,0.98796017,St. Paul'S Lutheran,,7/1/2025 16:11,,,,eceb96ae-22b8-4528-b007-69dd664fa34b,7/1/2025 16:11,43035.54529,916.8811449
22303,PARK,Stages Pond,Township,PIC,C,Public,180.6814902,Stages Pond,760,7/1/2025 16:11,ODNR,Stages Pond,Stages Pond,02af8dd9-d6d0-4246-bc0e-0afc094db226,7/1/2025 16:11,7870485.714,16370.62322
22575,PARK,Stanley Park ,London,MAD,R,Public,20.36833682,Stanley Park,577,7/1/2025 16:11,, ,Stanley Park,329c9edd-fb2e-49d6-bd94-026d78fdf5bc,7/1/2025 16:11,887244.752,4380.120673
25346,CEMETERY,Stantontown Cemetery,Township,MRW,CEM,Public,0.1359055,Stantontown Cemetery,,7/1/2025 16:11,Google Maps,,,c2a8eaba-9dd0-48cd-a008-ab8c8b35442e,7/1/2025 16:11,5920.043579,513.855799
25347,CEMETERY,Stantontown Cemetery,Township,MRW,CEM,Public,0.68071017,Stantontown Cemetery,,7/1/2025 16:11,Google Maps,,,91905868-6d63-44ad-9bc0-cd242da6e1c3,7/1/2025 16:11,29651.73511,733.0421998
25348,CEMETERY,Stantontown Cemetery,Township,MRW,CEM,Public,0.18585557,Stantontown Cemetery,,7/1/2025 16:11,Google Maps,,,b9b9b807-c52b-4256-bb3f-037f77004bfb,7/1/2025 16:11,8095.868896,406.3434554
22974,CEMETERY,Stark Cemetery,Township,DEL,CEM,Public,0.88426421,Stark Cemetery,,7/1/2025 16:11,,,,eab33cac-189f-481b-9e75-f149e8a00203,7/1/2025 16:11,38518.54907,827.3301764
22975,CEMETERY,Stark Cemetery,Township,DEL,CEM,Public,1.35719846,Stark Cemetery,,7/1/2025 16:11,,,,b5317cc4-74b9-46d5-91f5-564ed45b0b71,7/1/2025 16:11,59119.56506,1045.336467
25690,CEMETERY,Starr Cemetery,Township,HOC,CEM,Public,1.48297795,Starr Cemetery,,7/1/2025 16:11,Google Maps,,,2f9e3a3d-47c6-4888-8528-49ad40705cf3,7/1/2025 16:11,64598.51929,1065.52863
23111,CEMETERY,State New Insane,Columbus,FRA,CEM,Public,0.46877894,State New Insane,,7/1/2025 16:11,,,,c209ffa2-2e4c-4016-92f1-daa1f6deba61,7/1/2025 16:11,20420.01062,796.9611817
23112,CEMETERY,State Of Ohio Asylum For Insane,Columbus,FRA,CEM,Public,1.33125823,State Of Ohio Asylum ,,7/1/2025 16:11,,,,eefef3de-9ced-4bfb-b146-cda2470e2fe5,7/1/2025 16:11,57989.60828,993.1931759
23113,CEMETERY,State Old Insane And Penal,Columbus,FRA,CEM,Public,0.54972905,State Old Insane And Penal,,7/1/2025 16:11,,,,5ff1a3c8-b862-4dac-8a62-05629e5b1f81,7/1/2025 16:11,23946.19727,625.886375
23751,CEMETERY,State Route 309 Cemetery,Township,MRW,CEM,Public,0.14046084,State Route 309 Cemetery,,7/1/2025 16:11,parcels,,,3762b015-8a05-4edb-bd0e-76bf570ead92,7/1/2025 16:11,6118.474243,313.295077
22923,CEMETERY,State Route 4 Cemetery,Township,UNI,CEM,Public,0.36704973,State Route 4 Cemetery,,7/1/2025 16:11,Union County,,,07a58846-b7e6-4639-97b7-e208d53fcc91,7/1/2025 16:11,15988.68616,533.9960676
23938,GREEN SPACE,State Route 56 East Open Space,Township,PIC,CON,Public,1.54958702,,,7/1/2025 16:11,Pickaway parcels,,,8efa0cc9-ec9e-461d-aeb8-79e38745ded2,7/1/2025 16:11,67500.01056,1040.000056
22986,CEMETERY,State Route 605 South Cemetery,Township,DEL,CEM,Public,0.02551376,State Route 605 South Cemetery,,7/1/2025 16:11,,,,3f74fb8a-7ea3-4982-9889-8c10568d3e08,7/1/2025 16:11,1111.379639,133.621017
23721,CEMETERY,State Route 61 Cemetery,Township,MRW,CEM,Public,0.1501672,State Route 61 Cemetery,,7/1/2025 16:11,parcels,,,4aaafe0d-312b-4fb8-b5a4-7a3bb7b8af21,7/1/2025 16:11,6541.283447,323.7349197
24490,PARK,Staunton Baseball Fields,Township,FAY,C,Public,1.99232071,Staunton Baseball Fields,,7/1/2025 16:11,Orthos,,,617044ec-11cb-47ca-9dbc-a5c045d308a4,7/1/2025 16:11,86785.49023,1547.53363
24491,PARK,Staunton Baseball Fields,Township,FAY,C,Public,1.71039365,Staunton Baseball Fields,,7/1/2025 16:11,Orthos,,,3a30d551-7954-40cb-9cc4-d4243fdee0e3,7/1/2025 16:11,74504.74762,1157.104457
24492,PARK,Staunton Baseball Fields,Township,FAY,C,Public,47.70114689,Staunton Baseball Fields,,7/1/2025 16:11,Orthos,,Staunton Baseball Fields,656a1e65-32d1-41d3-82c8-06961bb1baf7,7/1/2025 16:11,2077861.959,6816.077425
25560,PARK,Steel Group Earthwork Preserve,Township,ROS,PR,Public,60.41432195,Steel Group Earthwork Preserve ,,7/1/2025 16:11,Earthworks,,Steel Group Earthwork Preserve ,b8e994e6-91c3-4e91-8150-33f6fed7b14e,7/1/2025 16:11,2631647.864,6826.794223
22784,CEMETERY,Stemen Road Cemetery,Township,FAI,CEM,Public,0.04591397,Stemen Road Cemetery,,7/1/2025 16:11,Fairfield County,,,eacb932f-c64c-41b2-a73b-0cf8ba5aab88,7/1/2025 16:11,2000.012573,180.0007159
22437,PARK,Stephens Drive Park,Columbus,FRA,NOS,Public,0.90660116,Stephens Drive Park,761,7/1/2025 16:11,Columbus,,,f7963d14-7026-4620-b04a-5a17faa945cd,7/1/2025 16:11,39491.547,940.3981031
23114,CEMETERY,Stevenson (Bowman),Columbus,FRA,CEM,Public,0.36992847,Stevenson (Bowman),,7/1/2025 16:11,,,,c512a9a3-17a8-4e25-8768-9f96acb62eb5,7/1/2025 16:11,16114.08423,525.4546253
25940,CEMETERY,Stevenson Family Cemetery,Township,FAI,CEM,Private,1.13258612,Stevenson Family Cemetery,,7/1/2025 16:11,Google Maps,,,f6e62cd0-48e9-4732-ac67-37b79bd65637,7/1/2025 16:11,49335.45154,1042.60036
22862,CEMETERY,Stillwater Road Cemetery,Township,FAI,CEM,Public,1.4585651,Stillwater Road Cemetery,,7/1/2025 16:11,Fairfield County,,,f429a1ff-b21c-435f-b10c-2fa04c366a7f,7/1/2025 16:11,63535.09558,1012.179585
22742,CEMETERY,Stimmel,Township,FRA,CEM,Public,0.11133825,Stimmel,,7/1/2025 16:11,,,,6e4a504e-1f97-4f90-91ec-4d6c66b321a5,7/1/2025 16:11,4849.893921,295.8226216
22060,PARK,Stockbridge Park,Columbus,FRA,N,Public,22.90446781,Stockbridge Park,181,7/1/2025 16:11,Columbus, ,Stockbridge Park,be81033c-71ec-44eb-b2e3-25de091d723d,7/1/2025 16:11,997718.6183,4650.27783
25590,CEMETERY,Stockman Cemetery,Township,ROS,CEM,Private,0.99593015,Stockman Cemetery,,7/1/2025 16:11,Google Maps,,,1ee24954-1f0c-4ff4-ba88-73456f9398a7,7/1/2025 16:11,43382.71753,832.5538856
23455,PARK,Stonecliff Parkland,Columbus,FRA,N,Public,12.24397154,Stonecliff Parkland,,7/1/2025 16:11,Columbus,,Stonecliff Parkland,d8816d16-eaa6-4496-bc15-ce2c05d65e75,7/1/2025 16:11,533347.401,5269.536399
22153,PARK,Stonefield Park,Dublin,FRA,N,Public,2.73564169,Stonefield Park,763,7/1/2025 16:11,Dublin, ,,e1ce0300-97ae-4859-860f-b5efa6236e35,7/1/2025 16:11,119164.5519,1419.158605
22014,PARK,Stoneridge Park,Columbus,FRA,C,Public,22.82077311,Stoneridge Park,178,7/1/2025 16:11,Columbus,Stoneridge Park,Stoneridge Park,aa430032-1709-46a7-9474-0dfae05bb437,7/1/2025 16:11,994072.8767,5473.29548
23070,CEMETERY,Stonewall Cemetery,Township,FAI,CEM,Public,1.04022915,Stonewall Cemetery,,7/1/2025 16:11,Fairfield County,,,6b3c20fb-c2c0-4fd6-a647-c819b00133db,7/1/2025 16:11,45312.38147,951.7148294
24173,PARK,Stoney Hill Preserve,Township,FAI,PR,Public,118.9105897,Stoney Hill Preserve,,7/1/2025 16:11,Fairfield County,Stoney Hill Preserve,Stoney Hill Preserve,d75a61cc-0b03-4f3b-8281-dddd03cf625a,7/1/2025 16:11,5179745.288,10389.59631
25138,CEMETERY,Stony Creek Cemetery,Township,LOG,CEM,Public,1.2702713,Stony Creek Cemetery,,7/1/2025 16:11,Google Maps,,,b04ab93e-7d32-4763-8b62-b7119206deca,7/1/2025 16:11,55333.01758,1214.743056
22913,CEMETERY,Stony Point Cemetery,Township,UNI,CEM,Public,0.50639244,Stony Point Cemetery,,7/1/2025 16:11,Union County,,,ac7f7579-a69e-4599-bbe2-6527cff100cc,7/1/2025 16:11,22058.45471,612.0639291
22641,PARK,Stoutsville Park,Stoutsville,FAI,C,Public,6.01490503,Stoutsville Park,765,7/1/2025 16:11,Fairfield County,,Stoutsville Park,6ceb4875-f32f-4ebc-8bb5-f821f9343f00,7/1/2025 16:11,262009.2632,2151.600351
22892,CEMETERY,Stoutsville Reform Cemetery,Stoutsville,FAI,CEM,Public,0.83863991,Stoutsville Reform Cemetery,,7/1/2025 16:11,Fairfield County,,,f76f0d58-1668-4915-b07e-0044c2a5483f,7/1/2025 16:11,36531.15472,779.2898551
23013,CEMETERY,Stratford Cemetery,Delaware,DEL,CEM,Public,0.27130222,Stratford Cemetery,,7/1/2025 16:11,,,,67e0332e-4db1-4e6b-8ad4-d1e2452db6c0,7/1/2025 16:11,11817.92456,431.228391
22558,RECREATION,Stratford Ecological Center,Township,DEL,SPU,Public,234.917606,Stratford Ecological Center,766,7/1/2025 16:11,DALIS,Stratford Ecological Center, ,a2797e64-6055-4177-8ee6-da74e075c37b,7/1/2025 16:11,10233010.92,16699.67654
22385,PARK,Stratford Woods Park,Delaware City,DEL,C,Public,15.41275728,Stratford Woods Park,767,7/1/2025 16:11,Delaware City, ,Stratford Woods Park,95a2d4c3-063b-4a88-ab70-b127fc9cc6fe,7/1/2025 16:11,671379.7074,3684.006582
22462,PARK,Strawberry Farms Park,Columbus,FRA,R,Public,23.67370724,Strawberry Farms Park,768,7/1/2025 16:11,Columbus,Strawberry Farms Park,Strawberry Farms Park,2877a263-a528-43c9-8ce0-de9e3b4800fb,7/1/2025 16:11,1031226.687,4284.876547
23958,PARK,Streng Road Open Space,ODNR,UNI,PR,Public,8.60622056,Streng Road Open Space,,7/1/2025 16:11,ODNR,,Streng Road Open Space,1c3d42f6-c43a-4a78-919d-648071ab2793,7/1/2025 16:11,374886.9677,3129.406582
25815,CEMETERY,Stuart Cemetery,Township,PER,CEM,Private ,0.59179665,Stuart Cemetery,,7/1/2025 16:11,Google Maps,,,1d9a18fa-ce8e-431e-87ee-acd7ba8aedcd,7/1/2025 16:11,25778.66211,646.2644117
25504,CEMETERY,Stuckey Cemetery,Township,FAY,CEM,Private,0.40931984,Stuckey Cemetery,,7/1/2025 16:11,Google Maps,,,91e35ebc-16f2-4d81-8a3f-a2014cad598e,7/1/2025 16:11,17829.97198,665.1206682
25880,CEMETERY,Stumpf Cemetery,Township,PIC,CEM,Public,1.91774221,Stumpf Cemetery,,7/1/2025 16:11,Google Maps,,,75ad375a-28d1-42ee-bb11-5df66de9ed86,7/1/2025 16:11,83536.85028,1369.260383
25457,CEMETERY,Sugar Creek Baptist Cemetery,Township,FAY,CEM,Public,2.92931681,Sugar Creek Baptist Cemetery,,7/1/2025 16:11,Google Maps,,,30a2ecc7-17b6-4d70-8ec2-ce79292943b5,7/1/2025 16:11,127601.0402,1681.247397
25458,CEMETERY,Sugar Creek Cemetery,Township,FAY,CEM,Public,3.96942752,Sugar Creek Cemetery,,7/1/2025 16:11,Google Maps,,,14806637-1b90-45d9-ad0e-580af05f57bd,7/1/2025 16:11,172908.2629,1914.874823
26416,PARK,SUGAR FARMS PARKLAND,Columbus,FRA,PRES,,,,,7/1/2025 16:11,,,,22f54e1f-5c4d-4754-8410-3750afdfcf28,7/1/2025 16:11,1411499.601,10822.92468
22886,CEMETERY,Sugar Grove,Township,FAI,CEM,Public,0.84220719,Sugar Grove,,7/1/2025 16:11,Fairfield County,,,b7547a18-f969-4c44-b47e-84826f7f5836,7/1/2025 16:11,36686.54504,874.7561145
25951,CEMETERY,Sugar Hill Cemetery,Township,FAI,CEM,Private ,0.09669152,Sugar Hill Cemetery,,7/1/2025 16:11,Google Maps,,,00c88ae9-a939-4a3d-b776-2e0a31c56a2f,7/1/2025 16:11,4211.882568,306.9448629
23546,PARK,Sugar Loaf Park,Granville,LIC,N,Public,6.30210735,Sugar Loaf Park,,7/1/2025 16:11,Licking County GIS file,,Sugar Loaf Park,46ba61ba-61cf-4234-8724-244757d18bb2,7/1/2025 16:11,274519.7964,2173.899207
24433,PARK,Sugar Run Open Space,New Albany,LIC,N,Public,2.90093627,Sugar Run Open Space,,7/1/2025 16:11,Licking County,,,c9c48828-3599-461a-9f31-cf2e2200d2ec,7/1/2025 16:11,126364.7841,1842.065406
23443,PARK,Sugar Run Parkland,Columbus,FRA,CON,Public,8.31605225,Sugar Run Parkland,,7/1/2025 16:11,Columbus,,Sugar Run Parkland,cf87f9c6-56b2-4bff-93d4-61643f6ac0d4,7/1/2025 16:11,362247.2361,4134.627197
25296,CEMETERY,Sullivan Cemetery,Township,MAR,CEM,Private,0.37079372,Sullivan Cemetery,,7/1/2025 16:11,Google Maps,,,9fcd9315-ae24-4cc4-8745-40cbe8991a7c,7/1/2025 16:11,16151.77466,513.5797441
24230,PARK,Sullivant Gardens Park,Columbus,FRA,C,Public,3.82859753,Sullivant Gardens,,7/1/2025 16:11,,,,71aa0c05-a1a9-4321-9021-3bd2a66b378c,7/1/2025 16:11,166773.7081,2881.352815
24130,PARK,Summit Park,New Lexington,PER,N,Public,0.89069697,Summit Park,,7/1/2025 16:11,google maps/orthos,,,8e193468-601f-4914-923e-01d134511bf6,7/1/2025 16:11,38798.75977,809.089868
22676,GREEN SPACE,Summitview Open Space,Dublin,FRA,NOS,Public,4.92229246,,619,7/1/2025 16:11,Dublin,,,afa43499-3e98-449c-8bd2-935a0f1b6732,7/1/2025 16:11,214415.0594,2864.600792
22016,PARK,Summitview Park,Columbus,FRA,N,Public,9.03908857,Summitview Park,2,7/1/2025 16:11,Columbus, ,Summitview Park,ccd62ac7-bd00-4fe7-950b-f8bff68f93e7,7/1/2025 16:11,393742.6984,2525.580666
22386,PARK,Sun Valley Park,Sunbury,DEL,C,Public,10.54074547,Sun Valley Park,772,7/1/2025 16:11,DALIS, ,Sun Valley Park,336a4784-c146-4022-a4a2-3b24946bced2,7/1/2025 16:11,459154.8726,5075.899803
22981,CEMETERY,Sunbury Cemetery,Sunbury,DEL,CEM,Public,12.48623658,Sunbury Cemetery,,7/1/2025 16:11,,,Sunbury Cemetery,83752241-21cf-4f05-95e3-7653cb06dba0,7/1/2025 16:11,543900.4659,3972.193253
23306,PARK,Sunbury Estates Park,Sunbury,DEL,N,Public,6.01032078,Sunbury Estates Park,,7/1/2025 16:11,DALIS,,Sunbury Estates Park,92100547-5ebb-425c-ac14-ef6804a95773,7/1/2025 16:11,261809.5723,5221.651863
22286,GOLF,Sunbury Golf Course,Township,DEL,GOLF,Public,70.71116833,Sunbury Golf Course,773,7/1/2025 16:11,,,Sunbury Golf Course,ace1f62e-170b-4c53-8cfe-13c4080270b3,7/1/2025 16:11,3080178.492,8660.807214
23586,PARK,Sunbury Lake Drive Open Space,Westerville,DEL,N,Public,0.15671759,Sunbury Lake Drive Open Space,,7/1/2025 16:11,Westerville,,,562c4d5d-d303-4825-8df6-c2d9284129ef,7/1/2025 16:11,6826.618286,368.4559297
22387,PARK,Sunbury Village Square,Sunbury,DEL,N,Public,2.53505772,Sunbury Village Square,774,7/1/2025 16:11,, ,,40887e5a-0565-4133-b32d-9572b0a6d04d,7/1/2025 16:11,110427.1144,1329.613992
26424,PARK,SUNBURY WOODS PARKLAND,Columbus,FRA,CON,,,Sunbury Woods,,7/1/2025 16:11,Columbus,,,b0419891-9a46-47ab-9db6-3b085b740195,7/1/2025 16:11,176244.573,1815.770025
25354,CEMETERY,Sunfish Cemetery,Township,MRW,CEM,Public,0.62165647,Sunfish Cemetery,,7/1/2025 16:11,Google Maps,,,cb575b38-3f4b-4167-9589-4e94a407f326,7/1/2025 16:11,27079.35583,714.9760116
22388,PARK,Sunnyview Ppg Park,Delaware City,DEL,C,Public,5.00856358,Sunnyview PPG Park,775,7/1/2025 16:11,Delaware City, ,Sunnyview PPG Park,527eba32-30d6-41b4-afdf-b5f4129633cf,7/1/2025 16:11,218173.0298,1871.519758
22765,CEMETERY,Sunset,Township,FRA,CEM,Public,131.7637258,Sunset,,7/1/2025 16:11,,,Sunset,d73c79fe-9177-4978-af41-c00e6c040c5e,7/1/2025 16:11,5739627.897,11062.47128
24734,GREEN SPACE,SURREY STREET ISLAND,Columbus,FRA,NOS,Public,0.02655598,,,7/1/2025 16:11,Columbus Park Boundaries,,,99165900-11e2-402b-93c6-428f89855885,7/1/2025 16:11,1156.778442,123.0615676
22217,PARK,Swearingen Park,Grove City,FRA,N,Public,0.96475935,Swearingen Park,776,7/1/2025 16:11,Grove City, ,,b3973d66-6b3d-433c-8104-993d6ec3ed69,7/1/2025 16:11,42024.91687,1689.019265
21931,PARK,Swickard Woods Park,New Albany,FRA,C,Public,47.36207062,Swickard Woods Park,777,7/1/2025 16:11,,Swickard Woods Park,Swickard Woods Park,204ecd7d-115a-40ba-be68-87145f51166b,7/1/2025 16:11,2063091.797,7864.843263
22218,PARK,Swisher Creek Park,Township,FRA,C,Public,17.90680206,Swisher Creek Park,778,7/1/2025 16:11,Jefferson Twp, ,Swisher Creek Park,a886c13a-9d21-4ab6-b419-80f29a88be04,7/1/2025 16:11,780020.2979,6837.934999
23811,GREEN SPACE,Swisher Creek Xing Open Space,Township,FRA,NOS,Public,16.45993243,,,7/1/2025 16:11,parcels,,,5ba682cc-e57d-450f-a85a-23dd016348d2,7/1/2025 16:11,716994.6563,6427.231006
22693,PARK,Sycamore Creek Park,Pickerington,FAI,R,Public,48.75577899,Sycamore Creek Park,779,7/1/2025 16:11,Fairfield County,Sycamore Creek Park,Sycamore Creek Park,24e3931a-a915-4a7f-b3da-64958fb032d4,7/1/2025 16:11,2123801.733,8623.085759
22018,PARK,Sycamore Hills Park,Columbus,FRA,N,Public,7.79690069,Sycamore Hills Park,26,7/1/2025 16:11,Columbus, ,Sycamore Hills Park,70826bf8-ba7f-4cac-9191-16e75ba873fb,7/1/2025 16:11,339632.9935,2781.770579
23885,PARK,Sycamore Run Park,Gahanna,FRA,N,Public,7.41638392,Sycamore Run Park,,7/1/2025 16:11,Gahanna,,Sycamore Run Park,0cdcc60e-b0cd-476b-b76f-5a055e3dedd5,7/1/2025 16:11,323057.6836,3542.493908
22332,PARK,T.J. Evans Family Park,Newark,LIC,R,Public,127.6742482,T.J. Evans Family Park,782,7/1/2025 16:11,,T.J. Evans Family Park,T.J. Evans Family Park,625963dd-1e21-4f76-9d85-42a8e4940aed,7/1/2025 16:11,5561490.25,13797.26493
23288,GOLF,Table Rock Golf Club,Township,KNO,GOLF,Public,140.2706987,Table Rock Golf Club,,7/1/2025 16:11,orthos,,,2b01f7e0-08aa-4eb2-b514-71aaf4aabf0a,7/1/2025 16:11,6110191.635,11766.86482
22541,PARK,Taft Reserve,Township,LIC,R,Public,266.8108474,Taft Reserve,783,7/1/2025 16:11,,Taft Reserve,Taft Reserve,25e3178a-589a-4b1f-a1e5-5a84d0b808a3,7/1/2025 16:11,11622280.51,17415.25653
23301,PARK,Taggart Road Open Space,Liberty Twp,DEL,C,Public,40.38313776,Taggart Road Open Space,,7/1/2025 16:11,Liberty,,Taggart Road Open Space,d2d8b0a9-5de7-4cfe-82f3-92bebc3cbf96,7/1/2025 16:11,1759089.483,6114.208174
22463,PARK,Tanager Woods,Columbus,FRA,R,Public,41.97149153,Tanager Woods,785,7/1/2025 16:11,Columbus,Tanager Woods,Tanager Woods,4a77a138-da31-4507-9cc0-85ec5d707543,7/1/2025 16:11,1828278.171,6630.317452
25136,CEMETERY,Tanger Cemetery,Township,LOG,CEM,Public,0.46440112,Tanger Cemetery,,7/1/2025 16:11,Google Maps,,,3388df32-159d-40f6-b967-7c277ca431eb,7/1/2025 16:11,20229.31287,731.0514757
22219,PARK,Tanglebrook Park,Grove City,FRA,C,Public,5.32702331,Tanglebrook Park,786,7/1/2025 16:11,Grove City, ,Tanglebrook Park,c5be78ce-ce36-4831-aa67-7922ec0cd477,7/1/2025 16:11,232045.1356,2353.194026
23408,GOLF,Tanglewood Golf Course,Delaware,DEL,GOLF,Public,75.04628425,Tanglewood Golf Course,,7/1/2025 16:11,,,Tanglewood Golf Course,0f77c30d-8666-4112-88cb-18e4e9d7727e,7/1/2025 16:11,3269016.142,16201.83889
23409,GOLF,Tanglewood Golf Course,Delaware,DEL,GOLF,Public,12.1382916,Tanglewood Golf Course,,7/1/2025 16:11,,,Tanglewood Golf Course,e1e4ff13-a9c1-44eb-8c2a-d16c32b4623c,7/1/2025 16:11,528743.9844,4312.230728
23410,GOLF,Tanglewood Golf Course,Delaware,DEL,GOLF,Public,36.62007703,Tanglewood Golf Course,,7/1/2025 16:11,,,Tanglewood Golf Course,83c76b6f-bba9-438a-8801-3c81b6b62eb8,7/1/2025 16:11,1595170.553,11945.41932
23411,GOLF,Tanglewood Golf Course,Delaware,DEL,GOLF,Public,32.74824707,Tanglewood Golf Course,,7/1/2025 16:11,,,Tanglewood Golf Course,ae8f1670-1986-4010-9c27-e2f34e5b5f90,7/1/2025 16:11,1426513.64,6977.086704
25831,CEMETERY,Tanquary Cemetery,Township,PIC,CEM,Private,0.05836606,Tanquary Cemetery,,7/1/2025 16:11,Google Maps,,,6648716b-e2b8-4868-8d1d-2ab2c5e8b422,7/1/2025 16:11,2542.425598,203.9504653
24107,PARK,Tar Hollow State Forest ,Lauralville,HOC,R,Public,1446.054558,Tar Hollow State Forest ,,7/1/2025 16:11,ODNR,Tar Hollow State Forest ,Tar Hollow State Forest ,88c72ce0-ba44-4e1a-9e97-446116eb49d8,7/1/2025 16:11,62990136.55,58313.64854
23158,PARK,Tar Hollow State Park,Township,ROS,STATE,Public,19.24884164,Tar Hollow State Park,,7/1/2025 16:11,ODNR,Tar Hollow State Park,Tar Hollow State Park,a741c18f-06c8-4fcf-a2fa-c16fcd61c4ad,7/1/2025 16:11,838479.542,3872.41038
23597,PARK,Tar Hollow State Park,Township,ROS,STATE,Public,13398.96779,Tar Hollow State Park,,7/1/2025 16:11,ODNR,Tar Hollow State Park,Tar Hollow State Park,7496d5b9-0674-43a7-bb10-7f8fe8d8919a,7/1/2025 16:11,583659036.8,290520.7853
25832,CEMETERY,Tarbill Cemetery,Township,PIC,CEM,Private,0.36548257,Tarbill Cemetery,,7/1/2025 16:11,Google Maps,,,2940bdbb-484e-4b24-85fe-be319c75f4db,7/1/2025 16:11,15920.42059,512.4032565
25901,CEMETERY,Tarklin Cemetery,Township,FAI,CEM,Private,0.2934856,Tarklin Cemetery,,7/1/2025 16:11,Google Maps,,,3f1556fe-8317-468d-9ed7-48020793166f,7/1/2025 16:11,12784.23267,454.8855481
25902,CEMETERY,Tarklin Cemetery,Township,FAI,CEM,Private,0.12686826,Tarklin Cemetery,,7/1/2025 16:11,Google Maps,,,6b3a8b62-b950-492e-a4c8-e00162e5f1ae,7/1/2025 16:11,5526.38147,307.3009575
23924,CEMETERY,Tarlton Cemetery,Tarlton,PIC,CEM,Public,9.19806784,Tarlton Cemetery,,7/1/2025 16:11,Pickaway parcels,,,54e16efa-86d2-4763-8ead-f2a798a01f8d,7/1/2025 16:11,400667.8349,3276.983234
24022,PARK,Tarpy Woods,Marble Cliff,FRA,N,Public,7.26049136,Tarpy Woods,,7/1/2025 16:11,Marble Cliff,,Tarpy Woods,297039d3-09e8-4aee-bee9-a04d169690ec,7/1/2025 16:11,316267.0038,3517.381963
23188,GOLF,Tartan Fields Golf Club,Township,UNI,GOLF,Public,10.86609174,Tartan Fields Golf Club,,7/1/2025 16:11,Union County,,Tartan Fields Golf Club,b333949f-162d-421a-b558-f4775aab9bd8,7/1/2025 16:11,473326.9562,3487.403966
23655,PARK,"Tartan Ridge Open Space """"D""""",Dublin,UNI,NOS,Public,3.03803675,"Tartan Ridge Open Space """"D""""",,7/1/2025 16:11,Dublin,,,0977cedf-1987-40d5-98c2-5c2fa75016bd,7/1/2025 16:11,132336.8807,1730.885364
23648,PARK,"Tartan Ridge Open Space """"E""""",Dublin,UNI,NOS,Public,13.28613877,"Tartan Ridge Open Space """"E""""",,7/1/2025 16:11,Dublin,,,d528162b-931c-46df-afad-b0ce19772e7d,7/1/2025 16:11,578744.2042,5925.586428
23654,PARK,"Tartan Ridge Open Space """"F""""",Dublin,UNI,NOS,Public,7.12573472,"Tartan Ridge Open Space """"F""""",,7/1/2025 16:11,Dublin,,,bb04aebb-675b-4568-9af4-a4a2956c78f5,7/1/2025 16:11,310397.0044,3473.8628
23656,PARK,Tartan Ridge Park,Dublin,UNI,N,Public,9.21097611,Tartan Ridge Park,,7/1/2025 16:11,Dublin,,Tartan Ridge Park,50432a40-b9df-4fba-8657-82790513380d,7/1/2025 16:11,401230.1199,2736.377594
23651,PARK,"Tartan West Open Space """"A""""",Dublin,UNI,NOS,Public,3.79420296,"Tartan West Open Space """"A""""",,7/1/2025 16:11,Dublin,,,19143e0c-81a7-43a1-a310-854690da4225,7/1/2025 16:11,165275.4822,2244.525583
23650,PARK,"Tartan West Open Space """"B""""",Dublin,UNI,NOS,Public,5.4402755,"Tartan West Open Space """"B""""",,7/1/2025 16:11,Dublin,,,2c7c7b7a-acf2-4fd1-8336-4ba43ce98774,7/1/2025 16:11,236978.4009,3037.561636
23652,PARK,"Tartan West Open Space """"C""""",Dublin,UNI,NOS,Public,9.12349997,"Tartan West Open Space """"C""""",,7/1/2025 16:11,Dublin,,,c2357d69-3385-4401-a628-512f80206af1,7/1/2025 16:11,397419.6594,3260.363463
23653,PARK,"Tartan West Open Space """"D""""",Dublin,UNI,NOS,Public,2.00896111,"Tartan West Open Space """"D""""",,7/1/2025 16:11,Dublin,,,4d6902f5-ad18-47d0-a828-ee1012837200,7/1/2025 16:11,87510.34717,1155.926697
23644,PARK,"Tartan West Open Space """"E""""",Dublin,UNI,NOS,Public,3.94371814,"Tartan West Open Space """"E""""",,7/1/2025 16:11,Dublin,,,3cd4462e-c9c4-45ea-ac71-cc58d9ebafd4,7/1/2025 16:11,171788.363,2486.193316
23637,GREEN SPACE,"Tartan West Open Space """"F""""",Dublin,UNI,NOS,Public,11.82712244,,,7/1/2025 16:11,Dublin,,,a082c0ce-b896-4ae6-9120-2f1be4104342,7/1/2025 16:11,515189.4531,5021.463291
23638,PARK,"Tartan West Open Space """"H""""",Dublin,UNI,NOS,Public,16.61702975,"Tartan West Open Space """"H""""",,7/1/2025 16:11,Dublin,,,827ee746-9c98-4625-9c93-74e94eb3e3fd,7/1/2025 16:11,723837.818,5999.834215
23646,PARK,"Tartan West Open Space """"J""""",Dublin,UNI,NOS,Public,2.20556565,"Tartan West Open Space """"J""""",,7/1/2025 16:11,Dublin,,,9334fe48-a120-4149-9627-1405772df360,7/1/2025 16:11,96074.45654,3048.732054
23643,PARK,"Tartan West Open Space """"K""""",Dublin,UNI,NOS,Public,0.19937192,"Tartan West Open Space """"K""""",,7/1/2025 16:11,Dublin,,,84202c3f-109c-47c8-a54e-474be663fca1,7/1/2025 16:11,8684.640503,396.0971426
23647,PARK,"Tartan West Open Space """"L""""",Dublin,UNI,NOS,Public,0.35557467,"Tartan West Open Space """"L""""",,7/1/2025 16:11,Dublin,,,06669bb1-e67e-4052-b9ac-735fd4991da5,7/1/2025 16:11,15488.83289,582.1827679
23645,PARK,"Tartan West Open Space """"M""""",Dublin,UNI,NOS,Public,1.69887095,"Tartan West Open Space """"M""""",,7/1/2025 16:11,Dublin,,,b753f2c1-1e3e-4079-acfb-77ee778e5fe8,7/1/2025 16:11,74002.81897,1992.606555
23649,PARK,"Tartan West Open Space """"N""""",Dublin,UNI,NOS,Public,0.39300913,"Tartan West Open Space """"N""""",,7/1/2025 16:11,Dublin,,,d315efec-db17-418e-ad05-fc2bb2413a38,7/1/2025 16:11,17119.47778,639.6867397
23641,PARK,"Tartan West Open Space """"Q""""",Dublin,UNI,NOS,Public,2.49841869,"Tartan West Open Space """"Q""""",,7/1/2025 16:11,Dublin,,,d369542d-5616-4b3b-8293-a664baeda690,7/1/2025 16:11,108831.118,1309.369335
23639,PARK,"Tartan West Open Space """"R""""",Dublin,UNI,NOS,Public,3.84397203,"Tartan West Open Space """"R""""",,7/1/2025 16:11,Dublin,,,1cb4a548-4cf3-46a9-b65a-1a5afa9ed76a,7/1/2025 16:11,167443.422,2204.499236
23642,PARK,"Tartan West Open Space """"S""""",Dublin,UNI,NOS,Public,1.75168455,"Tartan West Open Space """"S""""",,7/1/2025 16:11,Dublin,,,a7e42d14-c728-4fed-910a-0b486ae77d24,7/1/2025 16:11,76303.37891,2777.209462
23640,PARK,"Tartan West Open Space """"T""""",Dublin,UNI,NOS,Public,3.7342396,"Tartan West Open Space """"T""""",,7/1/2025 16:11,Dublin,,,a5e43a30-6fd8-481b-8cdd-1a72b64641b9,7/1/2025 16:11,162663.4774,3777.578293
24266,GREEN SPACE,"Tartan West Open Space """"W""""",Dublin,UNI,NOS,Public,2.48560268,,,7/1/2025 16:11,Dublin,,,016591eb-b80f-4ce6-92e3-3912e56e38a4,7/1/2025 16:11,108272.8529,2940.81264
23882,PARK,Taylor Road Reserve,Gahanna,FRA,C,Public,51.43699192,Taylor Road Reserve,,7/1/2025 16:11,Gahanna,,Taylor Road Reserve,53beaed2-1fa6-451b-9027-b8f3f6cc0f80,7/1/2025 16:11,2240595.368,8314.630441
23769,GREEN SPACE,Taylor Station Open Space,Columbus,FRA,NOS,Public,3.19177338,,,7/1/2025 16:11,parcels,,,1c9f8ae0-a122-4956-a8c3-c215bfebf489,7/1/2025 16:11,139033.6484,1450.193102
23184,PARK,Taylor Township Park,Township,UNI,C,Public,9.1460225,Taylor Township Park,,7/1/2025 16:11,Union County,,Taylor Township Park,a09a718b-85aa-4ece-bcc0-978c5d4d4fbf,7/1/2025 16:11,398400.3669,2995.022826
23703,PARK,Teaford Parkland,Columbus,FRA,CON,Public,7.69404425,Teaford Parkland,789,7/1/2025 16:11,Columbus, ,Teaford Parkland,d225d5fa-3c6d-4ca7-811b-f0f20f629ca5,7/1/2025 16:11,335152.5675,2397.082387
23942,RECREATION,Teays Valley Youth Baseball Fields,Township,PIC,REC,Public,19.83998002,Teays Valley Fields,,7/1/2025 16:11,parcels,,Teays Valley Fields,4ea07fdf-bc95-4682-8f48-7e84e118165d,7/1/2025 16:11,864229.53,3968.007726
25867,RECREATION,Teays Valley Youth Soccer Association,Township,PIC,REC,Public,19.50903051,Teays Valley Youth Soccer Association,,7/1/2025 16:11,Google Maps,,,b3747f80-3408-447d-8ef8-9d2d7fa330d1,7/1/2025 16:11,849813.3687,4752.100536
23943,RECREATION,Ted Lewis Park,Circleville,PIC,REC,Public,19.55419501,Ted Lewis Park,,7/1/2025 16:11,orthos,,,6b4eaaf0-4afc-4888-966c-24e126370c15,7/1/2025 16:11,851780.7347,4256.590959
22722,CEMETERY,Temple-Israel,Columbus,FRA,CEM,Public,85.30345983,Temple-Israel,,7/1/2025 16:11,Jefferson Twp,,Temple-Israel,29ee75a4-a2e6-4984-a1e1-ed4d59a6bac0,7/1/2025 16:11,3715818.708,8004.798244
24077,PARK,Terrace Park,Columbus,FRA,NOS,Public,1.20463639,Terrace Park,,7/1/2025 16:11,Columbus,,,afd8333f-29f1-49cc-8999-06eef12adfee,7/1/2025 16:11,52473.96118,2689.174461
23365,PARK,Terradise Nature Preserve,Township,MAR,PR,Public,12.60088239,Terradise Nature Preserve,,7/1/2025 16:11,Marion parcels,,Terradise Nature Preserve,c91e6dd4-d2ed-46ac-bd96-3c8ba424290f,7/1/2025 16:11,548894.4369,3467.712105
23366,PARK,Terradise Nature Preserve,Township,MAR,PR,Public,2.10359936,Terradise Nature Preserve,,7/1/2025 16:11,Marion parcels,,,c74091c4-ffa2-4257-9bee-bebac1758a80,7/1/2025 16:11,91632.78796,1620.791276
24873,PARK,Terradise Nature Preserve,Township,MAR,PR,Public,4.97877975,Terradise Nature Preserve,,7/1/2025 16:11,MORPC Standardized ELU 2021,,,bb48e66a-ff1e-4865-8154-81672e4fba97,7/1/2025 16:11,216875.6456,1824.991235
22175,PARK,The Big Splash,Grove City,FRA,C,Public,3.7792321,The Big Splash,790,7/1/2025 16:11,Grove City, ,The Big Splash,172a9ee0-411d-4750-80d8-67dce27adb39,7/1/2025 16:11,164623.3503,2126.684582
25066,PARK,The Big Splash,Grove City,FRA,C,Public,1.11952575,The Big Splash,,7/1/2025 16:11,MORPC Standardized ELU 2021,,,84929107-3a1d-4ea9-b626-0579ee875239,7/1/2025 16:11,48766.54175,1184.117296
25067,PARK,The Big Splash,Grove City,FRA,C,Public,0.91443868,The Big Splash,,7/1/2025 16:11,MORPC Standardized ELU 2021,,,f5c71324-14df-45e7-ab99-b88f404427d2,7/1/2025 16:11,39832.9491,779.1135572
25068,PARK,The Big Splash,Grove City,FRA,C,Public,0.59447823,The Big Splash,,7/1/2025 16:11,MORPC Standardized ELU 2021,,,8ee0c217-c130-464f-b48e-d8b0130bac55,7/1/2025 16:11,25895.4718,711.043957
22223,PARK,The Commons At Brighton,Dublin,FRA,N,Public,2.17889911,The Commons at Brighton,791,7/1/2025 16:11,Dublin, ,,c8673482-f842-4cd5-b136-01bcefe13243,7/1/2025 16:11,94912.84583,1233.4386
22533,GOLF,The Golf Club,Township,FRA,GOLF,Public,451.3564797,The Golf Club,792,7/1/2025 16:11,,,The Golf Club,7f8607bd-d611-47a8-8aad-1638d86353bd,7/1/2025 16:11,19661088.25,27842.58877
22701,GOLF,The Golf Club Of Dublin,Dublin,FRA,GOLF,Public,203.930861,The Golf Club Of Dublin,793,7/1/2025 16:11,,,The Golf Club Of Dublin,7a740ca5-eb94-4de5-85bd-2b8c61b370c9,7/1/2025 16:11,8883228.309,45845.62037
24880,PARK,The Granville Academy,Granville ,LIC,SPU,Public,0.16444052,The Granville Academy,,7/1/2025 16:11,MORPC Standardized ELU 2021,,,d89c015a-0035-44a7-9ecc-7f862b2a9847,7/1/2025 16:11,7163.028931,349.4154995
23335,GOLF,The Greens Public Golf Course,Township,FAY,GOLF,Public,80.22714435,The Greens Public Golf Course,,7/1/2025 16:11,Orthos,,,793cc79c-24fb-4955-84a6-7ffa827ea5db,7/1/2025 16:11,3494694.408,8213.110432
24881,PARK,The Harbor Community Center,Buckeye Lake,LIC,SPU,Public,0.26153859,The Harbor Community Center,,7/1/2025 16:11,MORPC Standardized ELU 2021,,,64210ed2-a37c-4ad3-a59c-8449a83a039d,7/1/2025 16:11,11392.62073,496.8477144
21921,PARK,The Homestead,Hilliard,FRA,M,Public,40.43058784,The Homestead,,7/1/2025 16:11,Hilliard,The Homestead,The Homestead,c4cd9e9b-d40f-4776-bc96-d43c544c4407,7/1/2025 16:11,1761156.406,6052.732996
22544,GOLF,The Lancaster Country Club,Township,FAI,GOLF,Public,184.1736421,The Lancaster Country Club,,7/1/2025 16:11,Fairfield County,,The Lancaster Country Club,35d1b3c9-f043-4a48-ae89-bfe5e35ad72d,7/1/2025 16:11,8022603.851,12988.99042
23297,GOLF,The Links at Echo Springs,Township,LIC,GOLF,Public,226.2341668,The Links at Echo Springs,,7/1/2025 16:11,orthos,,The Links,76132a3d-744b-4555-a156-aa0e69db515c,7/1/2025 16:11,9854760.305,13507.68699
22265,GOLF,The Links At Groveport,Groveport,FRA,GOLF,Public,141.7469733,The Links At Groveport,,7/1/2025 16:11,,,The Links At Groveport,e4fe2e72-c8a5-45b3-8136-3d748bee5ec6,7/1/2025 16:11,6174498.158,12101.80753
23173,GREEN SPACE,The Nature Conservancy,Township,MAD,PR,Private,30.30538985,,,7/1/2025 16:11,The Nature Conservancy,,,b21a7c0a-c59e-42ca-9a10-aceca386cc06,7/1/2025 16:11,1320102.782,7308.525139
23174,GREEN SPACE,The Nature Conservancy,West Jefferson,MAD,PR,Private,93.15525014,,,7/1/2025 16:11,The Nature Conservancy,,,0207ee6a-af6e-416e-83d9-d416b0d3b82e,7/1/2025 16:11,4057842.696,14548.80659
25688,PARK,The Nelsonville Presbyterian Farm ,Township,HOC,R,Public,249.9306779,The Nelsonville Presbyterian Farm,,7/1/2025 16:11,Google Maps,,The Nelsonville Presbyterian Farm,d6ca37c9-7a9e-4a89-a4be-18067639ecf0,7/1/2025 16:11,10886980.33,17155.94362
25771,PARK,The New Yorker ,Shawnee,PER,C,Public,34.75129367,The New Yorker,,7/1/2025 16:11,Google Maps,,The New Yorker,23128161-5d4e-486a-99a3-c09293347140,7/1/2025 16:11,1513766.352,8342.112478
21970,PARK,The Obetz Splash Pad,Obetz,FRA,N,Public,0.92687375,The Obetz Splash Pad,542,7/1/2025 16:11,, ,,ad573cdf-40c7-4753-ae9e-3fa119dc7e8d,7/1/2025 16:11,40374.62061,1198.884015
23473,PARK,The Point Park,Delaware City,DEL,N,Public,0.40373113,The Point Park,,7/1/2025 16:11,Delaware City,,,a1d10ab5-c5b4-4c3f-951b-4cc7952eb6b9,7/1/2025 16:11,17586.52795,813.7150236
23134,PARK,The Trump Wildlife Preserve,Township,PIC,PR,Public,129.7538691,The Trump Wildlife Preserve,,7/1/2025 16:11,ODNR,The Trump Wildlife Preserve,The Trump Wildlife Preserve,f28efbbb-46ce-46bb-b0d3-0c60a714a1be,7/1/2025 16:11,5652078.539,9560.477932
22251,PARK,The Village Green,Powell,DEL,C,Public,12.4011197,The Village Green,,7/1/2025 16:11,DALIS, ,The Village Green,edd328e0-ff98-402c-9819-0468b112a635,7/1/2025 16:11,540192.7737,5391.767174
25446,PARK,The Village of Jeffersonville Park,Jeffersonville,FAY,C,Public,13.08830117,The Village of Jeffersonville Park,,7/1/2025 16:11,Google Maps,,The Village of Jeffersonville Park,8c812912-fa8e-4f30-906a-b14b5dbb08fc,7/1/2025 16:11,570126.399,3148.201022
24803,GREEN SPACE,The Villages of Gahanna Open Space,Gahanna,FRA,NOS,Public,1.27972749,,,7/1/2025 16:11,MORPC Standardized ELU 2021,,,15dda704-4d76-4f03-a498-eb36ba0673d6,7/1/2025 16:11,55744.92942,1126.105801
22747,CEMETERY,Thomas Adams Barbee,Grove City,FRA,CEM,Public,0.42180437,Thomas Adams Barbee,,7/1/2025 16:11,Grove City,,,529ff64c-6620-4ebc-bbe9-6512dd48fb65,7/1/2025 16:11,18373.79858,536.5311228
22990,CEMETERY,Thomas Cemetery,Township,DEL,CEM,Public,0.30782985,Thomas Cemetery,,7/1/2025 16:11,,,,8efd9996-51e4-4707-ab2b-dd7533b50439,7/1/2025 16:11,13409.06812,463.414639
23115,CEMETERY,Thomas Seeds,Township,FRA,CEM,Public,0.56995051,Thomas Seeds,,7/1/2025 16:11,,,,d50912d4-e8fa-4d55-b8b2-732bb1082ffc,7/1/2025 16:11,24827.04407,640.8493533
22963,CEMETERY,Thompson,Township,DEL,CEM,Public,4.62335793,Thompson,,7/1/2025 16:11,,,,f0cd5687-31da-4a75-b8ba-a7e6ef60e77a,7/1/2025 16:11,201393.4719,2514.373579
21926,PARK,Thompson Park,Upper Arlington,FRA,C,Public,46.54887055,Thompson Park,,7/1/2025 16:11,FCA,Thompson Park,Thompson Park,97cdd47d-c50a-48c6-859d-93a592ca9856,7/1/2025 16:11,2027668.801,6714.742069
22069,PARK,Thompson Park,Columbus,FRA,REC,Public,3.90513754,Thompson Park,,7/1/2025 16:11,Columbus, ,,23e53686-9787-4f77-a26d-0e6b6612349a,7/1/2025 16:11,170107.7911,1798.353167
22534,PARK,Thompson Road Park,Columbus,FRA,C,Public,58.73647235,Thompson Road Park,,7/1/2025 16:11,,Thompson Road Park,Thompson Road Park,7d2e1442-fc3b-4415-8645-c25a355beb38,7/1/2025 16:11,2558560.736,9245.841675
22266,GOLF,Thorn Apple Country Club,Township,FRA,GOLF,Public,131.9526882,Thorn Apple Country Club,,7/1/2025 16:11,,,Thorn Apple Country Club,13c610ef-072e-40a7-9a8c-95d1827eb443,7/1/2025 16:11,5747859.202,10597.06032
25715,PARK,Thornville Community Park,Thornville ,PER,C,Public,4.33341054,Thornville Community Park,,7/1/2025 16:11,Google Maps,,,cd8c803f-07e7-47d6-8500-97b4ea359367,7/1/2025 16:11,188763.3629,1777.610549
25714,PARK,Thornville Park,Thornville,PER,N,Public,1.43377023,Thornville Park,,7/1/2025 16:11,Google Maps,,,ba892d39-8838-4fb5-90b4-b67115815f81,7/1/2025 16:11,62455.03162,1117.378571
23874,PARK,Three Corners Park,Gahanna,FRA,NOS,Public,1.09046789,Three Corners Park,,7/1/2025 16:11,Gahanna,,,3941dbf9-7f01-47e0-8870-42108e39391a,7/1/2025 16:11,47500.78113,1854.815526
23862,PARK,Three Creeks Metro Park,Columbus,FRA,M,Public,1631.475106,Three Creeks Metro Park,,7/1/2025 16:11,Metro Parks,Three Creeks Metro Park,Three Creeks Metro Park,7ca8b0a9-ecce-48d3-8482-c3533758d195,7/1/2025 16:11,71067055.6,123509.7899
23863,PARK,Three Creeks Metro Park,Columbus,FRA,M,Public,4.26267513,Three Creeks Metro Park,,7/1/2025 16:11,Metro Parks,Three Creeks Metro Park,Three Creeks Metro Park,4aae2e7f-d288-47c2-8e3b-a3f49ea4017f,7/1/2025 16:11,185682.1289,2437.459151
23860,PARK,Three Creeks Park,Groveport,FRA,M,Public,127.2266564,Three Creeks Park,,7/1/2025 16:11,Metro Parks,Three Creeks Metro Park,Three Creeks Park,164f1137-ce4a-4e7b-9979-4ea4973b1fe5,7/1/2025 16:11,5541993.151,25609.42051
26435,PARK,Three Creeks Park,,FRA,M,,,,,7/1/2025 16:11,,,,97843c8b-878c-4a67-beda-004554223922,7/1/2025 16:11,525291.8842,5048.069713
25579,CEMETERY,Three Locks Cemetery,Township,ROS,CEM,Private,1.69550499,Three Locks Cemetery,,7/1/2025 16:11,Google Maps,,,bff7924b-dca6-4a49-a8f9-1409aca7ec24,7/1/2025 16:11,73856.19745,1147.717016
25585,CEMETERY,Throckmorton Cemetery,Township,ROS,CEM,Private,0.12762872,Throckmorton Cemetery,,7/1/2025 16:11,Google Maps,,,b8c9b8ad-a5f3-48f7-a5ca-42ff33e5e72d,7/1/2025 16:11,5559.507141,298.9177114
22431,PARK,Thurber Park,Columbus,FRA,N,Public,0.74159585,Thurber Park,,7/1/2025 16:11,Columbus, ,,32777fba-e0ab-41d8-a7c3-f09e86540c51,7/1/2025 16:11,32303.91528,892.9777727
25666,CEMETERY,Tick Ridge Cemetery,Township,HOC,CEM,Public,0.267382,Tick Ridge Cemetery,,7/1/2025 16:11,Google Maps,,,79938aa1-ca2c-4685-ab14-3b4093c8bab4,7/1/2025 16:11,11647.1601,437.3511712
22322,GOLF,Timberview Golf Club,Marysville,UNI,GOLF,Public,105.9532255,Timberview Golf Club,,7/1/2025 16:11,Union County,,Timberview Golf Club,a54d0878-734e-4413-a1a8-21d9a24c0e99,7/1/2025 16:11,4615322.502,14911.55534
22220,PARK,Tinapple Park,Hilliard,FRA,N,Public,3.75100425,Tinapple Park,,7/1/2025 16:11,Hilliard, ,,eb68c70c-7b4c-4907-bb63-3d1f95ba77ba,7/1/2025 16:11,163393.7457,1824.949124
25826,CEMETERY,Tinker Cemetery,Township,PER,CEM,Private,0.27022861,Tiner Cemetery,,7/1/2025 16:11,Google Maps,,,a640c1bb-d2db-480f-8923-b238214bcebc,7/1/2025 16:11,11771.1582,440.5232105
24250,PARK,Tionda Drive Parkland,Columbus,FRA,NOS,Public,0.12400127,Tionda Drive Parkland,,7/1/2025 16:11,Columbus,,,b53a0bb0-4c6d-4b84-b7f5-105884807644,7/1/2025 16:11,5401.495605,368.0932503
22543,PARK,Tj Evans Recreational Fields,Newark,LIC,R,Public,281.1861322,TJ Evans Fields,,7/1/2025 16:11,,TJ Evans Recreational Fields,TJ Evans Fields,3abdcae8-f9e2-4dcc-b96d-4fd6a375871c,7/1/2025 16:11,12248467.92,21708.52033
21922,PARK,Topiary Garden/Deaf School Park,Columbus,FRA,N,Public,6.94712773,Topiary Garden/Deaf School Park,,7/1/2025 16:11,FCA, ,Topiary Garden/Deaf School Park,45a78c91-3d26-4a28-8213-6524c8be8f2b,7/1/2025 16:11,302616.8842,2202.277121
22138,PARK,Towers Park,Westerville,FRA,C,Public,14.73078556,Towers Park,,7/1/2025 16:11,Westerville, ,Towers Park,9230caca-32dd-413a-8295-d5639c6f6a5c,7/1/2025 16:11,641673.0195,5300.94509
23852,PARK,Town Center Gazebo,Grove City,FRA,NOS,Public,0.05575764,Town Center Gazebo,,7/1/2025 16:11,Grove City,,,0f947829-4451-4c86-8d85-6a805c90c86d,7/1/2025 16:11,2428.803101,249.461862
23545,PARK,Town Commons Park,Newark,LIC,N,Public,1.87232777,Town Commons Park,,7/1/2025 16:11,Licking County GIS file,,,134e4eae-90f7-48e9-8b22-eb22d7abc733,7/1/2025 16:11,81558.5979,1381.115559
24800,GREEN SPACE,Town Square Villages Open Space,Columbus,FRA,NOS,Public,0.79251343,,,7/1/2025 16:11,MORPC Standardized ELU 2021,,,31219356-f490-4bba-88b0-68d710193556,7/1/2025 16:11,34521.88504,1209.716623
22661,PARK,Township Hall Park,Township,DEL,N,Public,24.10244132,Township Hall Park,,7/1/2025 16:11,DALIS,,Township Hall Park,0b60d9f3-519c-4e88-9b38-1e3366d25e81,7/1/2025 16:11,1049902.344,6403.303471
22589,PARK,Township Park,Genoa Twp,DEL,C,Public,15.31313718,Township Park,,7/1/2025 16:11,, ,Township Park,e8ede28b-6a4f-4452-89af-5e895148046f,7/1/2025 16:11,667040.2552,4313.593639
22590,PARK,Township Park,Genoa Twp,DEL,C,Public,28.24687301,Township Park,,7/1/2025 16:11,,Township Park,Township Park,5eab0fc2-7b67-4afd-b300-4c39d169ad26,7/1/2025 16:11,1230433.788,7984.301097
23302,PARK,Township Park,Liberty Twp,DEL,C,Public,94.02120125,Township Park,,7/1/2025 16:11,Liberty,,Township Park,15f6d688-288b-4dc8-b2c9-7a2919a17369,7/1/2025 16:11,4095563.527,9234.200044
23750,CEMETERY,Township Road 36 Cemetery,Township,MRW,CEM,Public,1.41310043,Township Road 36 Cemetery,,7/1/2025 16:11,parcels,,,00dcc658-36c5-4a95-bd96-a5b40ce66ad9,7/1/2025 16:11,61554.65466,999.9501927
23744,CEMETERY,Township Road 49 Cemetery,Township,MRW,CEM,Public,0.19232938,Township Road 49 Cemetery,,7/1/2025 16:11,parcels,,,52fb92eb-2e07-4ead-bfeb-530047a8f449,7/1/2025 16:11,8377.867676,375.9861663
23745,CEMETERY,Township Road 56 Cemetery,Township,MRW,CEM,Public,0.1495821,Township Road 56 Cemetery,,7/1/2025 16:11,parcels,,,9b5a1fbd-d72c-4722-9447-f43149715b38,7/1/2025 16:11,6515.796631,323.1209819
23730,CEMETERY,Township Road 62 Cemetery,Township,MRW,CEM,Public,0.23505971,Township Road 62 Cemetery,,7/1/2025 16:11,parcels,,,65ede600-71fb-4ae5-91ff-27978cd78088,7/1/2025 16:11,10239.20093,405.8488507
23736,CEMETERY,Township Road 76 Cemetery,Township,MRW,CEM,Public,0.0515428,Township Road 76 Cemetery,,7/1/2025 16:11,parcels,,,4e932052-0003-42bb-a644-e90496a80236,7/1/2025 16:11,2245.204346,189.643249
23737,CEMETERY,Township Road 79 Cemetery,Township,MRW,CEM,Public,0.12231498,Township Road 79 Cemetery,,7/1/2025 16:11,parcels,,,1ffb36ac-49e4-488f-8fcf-25b70b188ff8,7/1/2025 16:11,5328.040161,318.0716093
22006,PARK,Trabue Woods Park,Columbus,FRA,N,Public,5.80866989,Trabue Woods Park,230,7/1/2025 16:11,Columbus, ,Trabue Woods Park,90bee4ce-b00d-4499-9aef-c3770a48cca9,7/1/2025 16:11,253025.6608,2138.82444
22221,PARK,Trapp Park,Gahanna,FRA,N,Public,2.93752574,Trapp Park,,7/1/2025 16:11,Gahanna, ,,1f650c01-25f9-4595-a6df-757e10fea8b3,7/1/2025 16:11,127958.6213,1542.657103
24759,GREEN SPACE,TRAYMORE STREET ISLAND,Columbus,FRA,NOS,Public,0.01104074,,,7/1/2025 16:11,Columbus Park Boundaries,,,236021c3-02cd-446e-b04b-fe90c08b3d5d,7/1/2025 16:11,480.9345703,77.8395326
22222,PARK,Tremont Fountain Park,Upper Arlington,FRA,N,Public,1.07818598,Tremont Fountain Park,,7/1/2025 16:11,, ,,9b989b14-a85e-4b54-8199-3300b53c67b2,7/1/2025 16:11,46965.78149,992.1924828
23005,CEMETERY,Trenton Cemetery,Township,DEL,CEM,Public,12.1629107,Trenton Cemetery,,7/1/2025 16:11,,,Trenton Cemetery,9d606f00-10d9-4fe5-9435-228cf192c13e,7/1/2025 16:11,529816.3903,3218.974923
25953,RECREATION,Tri County Triangle Trail,Township,FAY,REC,Public,10.56883968,Tri County Triangle Trail,,7/1/2025 16:11,Fayette Parcels,,,e980c699-9279-49d8-8f29-84cee413e5a1,7/1/2025 16:11,460378.6563,19397.84661
25954,RECREATION,Tri County Triangle Trail,Township,FAY,REC,Public,7.98260464,Tri County Triangle Trail,,7/1/2025 16:11,Fayette Parcels,,,a1f77ff4-9658-4b98-81b8-4543ce04b114,7/1/2025 16:11,347722.2579,11879.96321
25955,RECREATION,Tri County Triangle Trail,Township,FAY,REC,Public,6.52574727,Tri County Triangle Trail,,7/1/2025 16:11,Fayette Parcels,,,6eaada98-36bd-4ac4-8dd9-6f8379ff4492,7/1/2025 16:11,284261.5507,9697.413399
25956,RECREATION,Tri County Triangle Trail,Township,FAY,REC,Public,2.01759846,Tri County Triangle Trail,,7/1/2025 16:11,Fayette Parcels,,,1ab931fb-5396-4036-bd87-0a1155eb15e7,7/1/2025 16:11,87886.58875,3609.444559
25957,RECREATION,Tri County Triangle Trail,Township,FAY,REC,Public,1.70723174,Tri County Triangle Trail,,7/1/2025 16:11,Fayette Parcels,,,04a6b6c2-32b2-414d-b72a-eff6d6b87cd5,7/1/2025 16:11,74367.01447,2808.952129
25958,RECREATION,Tri County Triangle Trail,Township,FAY,REC,Public,3.1669657,Tri County Triangle Trail,,7/1/2025 16:11,Fayette Parcels,,,f71d2fba-fbdb-4bb8-a450-700edf50b5ab,7/1/2025 16:11,137953.0261,4773.735644
25959,RECREATION,Tri County Triangle Trail,Township,FAY,REC,Public,4.70446819,Tri County Triangle Trail,,7/1/2025 16:11,Fayette Parcels,,,793d9e2a-a858-48d7-b6e7-6b2cec2b28d8,7/1/2025 16:11,204926.6346,7042.536285
25960,RECREATION,Tri County Triangle Trail,Township,FAY,REC,Public,1.38586658,Tri County Triangle Trail,,7/1/2025 16:11,Fayette Parcels,,,42cecd8c-5131-4d2f-b0a6-02861b73cafd,7/1/2025 16:11,60368.34845,2220.213885
25961,RECREATION,Tri County Triangle Trail,Township,FAY,REC,Public,2.21775065,Tri County Triangle Trail,,7/1/2025 16:11,Fayette Parcels,,,47b8b160-0c88-4b98-891a-f5e1fe5f9e8a,7/1/2025 16:11,96605.21808,3359.891358
25963,RECREATION,Tri County Triangle Trail,Township,FAY,REC,Public,6.55330558,Tri County Triangle Trail,,7/1/2025 16:11,Fayette Parcels,,,044f0d50-bf75-4028-9b07-99bc7ba16deb,7/1/2025 16:11,285461.9912,12248.09368
25964,RECREATION,Tri County Triangle Trail,Township,FAY,REC,Public,7.11286269,Tri County Triangle Trail,,7/1/2025 16:11,Fayette Parcels,,,9a27f4b6-f66b-4559-8618-8fd7714acd74,7/1/2025 16:11,309836.2986,12661.28626
25968,RECREATION,Tri County Triangle Trail,Township,FAY,REC,Public,4.12823948,Tri County Triangle Trail,,7/1/2025 16:11,Fayette Parcels,,,6232b173-b7e6-4492-8ccc-60ade4c53e22,7/1/2025 16:11,179826.1119,7290.202631
25972,RECREATION,Tri County Triangle Trail,Township,FAY,REC,Public,2.70466453,Tri County Triangle Trail,,7/1/2025 16:11,Fayette Parcels,,,b13c00f7-496e-4e21-8dfa-ea27b259f659,7/1/2025 16:11,117815.187,4791.931524
25962,RECREATION,Tri County Triangle Trail ,Township,FAY,REC,Public,10.90884295,Tri County Triangle Trail,,7/1/2025 16:11,Fayette Parcels,,,29f8bd1c-80b8-4ac8-ae5b-ecdc0242076f,7/1/2025 16:11,475189.1987,18962.32505
25971,RECREATION,Tri County Triangle Trail ,Township,FAY,REC,Public,13.68716672,Tri County Triangle Trail,,7/1/2025 16:11,Fayette Parcels,,,6aa8428f-2887-4d73-af66-9b579c7d573b,7/1/2025 16:11,596212.9822,23950.3835
26036,Park,Triangle Park,Clinton Twp,FRA,NOS,Public,0.24539838,Triangle Park,,7/1/2025 16:11,,,,c0a4bec9-e750-4213-a803-850b45c91994,7/1/2025 16:11,10689.55327,450.6808424
22946,CEMETERY,Trinity Cemetery,Township,UNI,CEM,Public,1.41559861,Trinity Cemetery,,7/1/2025 16:11,Union County,,,11b4f273-fd92-4100-b37d-0af8a725f6f7,7/1/2025 16:11,61663.47546,1070.704722
23257,CEMETERY,Trinity Episcopal Church Columbarium,Columbus,FRA,CEM,Public,0.32829719,Trinity Episcopal Church Columbarium,,7/1/2025 16:11,FCA,,,2d886bb7-afbc-4fb5-b514-7514a8baacd4,7/1/2025 16:11,14300.62573,529.2109061
22391,PARK,Trinity Park,Township,UNI,N,Public,2.58810811,Trinity Park,,7/1/2025 16:11,Union County, ,,5ffd08b8-0126-4515-a487-a107b9a402a2,7/1/2025 16:11,112737.9905,1452.185984
22505,PARK,Trinity Park,Dublin,FRA,N,Public,4.75078777,Trinity Park,,7/1/2025 16:11,Dublin, , ,71292f39-e3ee-4d57-b3e4-0d3e63838fdd,7/1/2025 16:11,206944.3152,2032.697481
23010,CEMETERY,Troy Chapel Cemetery,Township,DEL,CEM,Public,0.24243727,Troy Chapel Cemetery,,7/1/2025 16:11,,,,a1949819-084f-4ad1-9f68-1cd582c814f2,7/1/2025 16:11,10560.56726,449.5310055
22967,CEMETERY,Troy Twp. Cemetery,Township,DEL,CEM,Public,1.60817632,Troy Twp. Cemetery,,7/1/2025 16:11,,,,7e1f5e5c-2526-4c2b-8c29-590015343d33,7/1/2025 16:11,70052.16052,1352.663031
22755,CEMETERY,Truro Presbyterian (Truro Madison),Township,FRA,CEM,Public,1.82952513,Truro Presbyterian (Truro Madison),,7/1/2025 16:11,,,,69c12db4-2ef8-4fb7-ac2b-06c459dfa30a,7/1/2025 16:11,79694.11438,1295.813686
22878,CEMETERY,Trust Stuckey,Township,FAI,CEM,Public,0.64780093,Trust Stuckey,,7/1/2025 16:11,Fairfield County,,,cd713738-93e0-4b8e-bec2-bfeaadfe2099,7/1/2025 16:11,28218.20874,966.6106991
22879,CEMETERY,Trust Stuckey,Township,FAI,CEM,Public,0.77135269,Trust Stuckey,,7/1/2025 16:11,Fairfield County,,,e453558e-db22-4a2b-a229-c7463edb3987,7/1/2025 16:11,33600.12317,1069.599888
22880,CEMETERY,Trust Stuckey,Township,FAI,CEM,Public,0.32535563,Trust Stuckey,,7/1/2025 16:11,Fairfield County,,,a218f361-3361-41b5-8ec6-8d22beb652fb,7/1/2025 16:11,14172.49133,872.154607
22881,CEMETERY,Trust Stuckey,Township,FAI,CEM,Public,0.44370947,Trust Stuckey,,7/1/2025 16:11,Fairfield County,,,56c8eb69-492f-4f99-9076-b3927211b70a,7/1/2025 16:11,19327.98462,950.3394146
22820,CEMETERY,Tschopp Road Cemetery,Township,FAI,CEM,Public,0.3015031,Tschopp Road Cemetery,,7/1/2025 16:11,Fairfield County,,,a9286851-6370-4ab4-ad28-90020ca3ba9d,7/1/2025 16:11,13133.47522,902.88161
22821,CEMETERY,Tschopp Road Cemetery,Township,FAI,CEM,Public,0.69973878,Tschopp Road Cemetery,,7/1/2025 16:11,Fairfield County,,,891ab3a1-7ae5-4f0a-b93c-fc8594febbc1,7/1/2025 16:11,30480.62122,733.8888282
24001,CEMETERY,Tuller Cemetery,Township,LIC,CEM,Public,0.62833105,Tuller Cememtery,,7/1/2025 16:11,Licking Co Parcels,,,42fc0c7b-13fb-42ff-8188-f0c431f1461e,7/1/2025 16:11,27370.10071,695.0871309
24770,GREEN SPACE,Tuller Square,Dublin,FRA,NOS,Public,1.83445758,,,7/1/2025 16:11,Dublin Parks,,,e186388a-99cf-45e9-a889-d21eeb355223,7/1/2025 16:11,79908.97205,1133.113669
23071,CEMETERY,Turkey Run Church,Township,FAI,CEM,Public,1.65092489,Turkey Run Church,,7/1/2025 16:11,Fairfield County,,,d0038977-5059-47cb-9045-aaa3fad302e0,7/1/2025 16:11,71914.28845,1104.608598
22691,GOLF,Turnberry Golf Course,Columbus,FAI,GOLF,Public,209.1307063,Turnberry Golf Course,,7/1/2025 16:11,Columbus,,Turnberry Golf Course,25046926-cff5-4c71-9702-d2ef542b70cc,7/1/2025 16:11,9109733.567,23494.62779
23866,GOLF,Turnberry Golf Course,Columbus,FAI,GOLF,Public,1.25858017,Turnberry Golf Course,,7/1/2025 16:11,Columbus,,,301bd920-4577-43a3-9345-1e3b42e16b65,7/1/2025 16:11,54823.75281,1412.357306
23201,PARK,Turnberry Parkland,Columbus,FAI,CON,Public,32.9211639,Turnberry Parkland,,7/1/2025 16:11,Columbus,,Turnberry Parkland,2d562714-0118-4e8d-8e97-f36fd94ccf9a,7/1/2025 16:11,1434045.9,5644.193962
22035,PARK,Tuttle Park,Columbus,FRA,R,Public,48.42044683,Tuttle Park,,7/1/2025 16:11,Columbus,Tuttle Park,Tuttle Park,11c6fe54-a4a6-4984-a624-50eb5ace0b89,7/1/2025 16:11,2109194.664,8739.026964
23692,RECREATION,Tuttle/Lane Ave Mut Connector,Columbus,FRA,SPU,Public,0.122683,Tuttle/Lane Ave Mut Connector,,7/1/2025 16:11,Columbus,,,ac7e8e7d-b89f-4d74-86a8-8d47a756d56b,7/1/2025 16:11,5344.071777,857.0667441
24284,RECREATION,Tuttle/Lane Ave Mut Connector,Columbus,FRA,REC,Public,2.49677763,Tuttle/Lane Ave Mut Connector,,7/1/2025 16:11,Columbus,,,5d9013de-98da-40e9-ac5e-9032fb8e82bb,7/1/2025 16:11,108759.6334,2641.733322
25532,CEMETERY,Tuvell Cemetery,Township,ROS,CEM,Private,0.21525727,Tuvell Cemetery,,7/1/2025 16:11,Google Maps,,,ad5d43dc-af35-47c4-aba8-bb57d938c5ed,7/1/2025 16:11,9376.60675,367.6188695
25597,CEMETERY,Tweed Cemetery,Township,ROS,CEM,Private,1.0608784,Tweed Cemetery,,7/1/2025 16:11,Google Maps,,,012dd04b-a8c7-48b2-a39a-31deeb8f46ff,7/1/2025 16:11,46211.86334,860.461362
22296,GOLF,Twin Oaks Golf Course,Township,DEL,GOLF,Public,35.01248029,Twin Oaks Golf Course,,7/1/2025 16:11,,,Twin Oaks Golf Course,f3c92d46-17df-4d92-8cbd-f87d4d880b1b,7/1/2025 16:11,1525143.642,5901.202197
23287,CEMETERY,Twin Township Cemetery,Township,ROS,CEM,Public,12.18385229,Twin Township Cemetery,,7/1/2025 16:11,orthos,,,7251c4de-9755-4c59-9eaf-b9ad01f5b76d,7/1/2025 16:11,530728.6058,3087.507492
25542,PARK,Twin Valley Whitetails,Township,ROS,W,Public,1.95833765,Twin Valley Whitetails,,7/1/2025 16:11,Google Maps,,,e1f49cfe-d6d5-4ef7-bf45-8f878ce9fd49,7/1/2025 16:11,85305.18799,1337.15769
25543,PARK,Twin Valley Whitetails,Township,ROS,W,Public,67.37910324,Twin Valley Whitetails,,7/1/2025 16:11,Google Maps,,Twin Valley Whitetails,e071c6a6-8c80-4a8b-85b0-37c85d94b863,7/1/2025 16:11,2935033.737,7399.578179
23238,PARK,Two Glaciers Park,Township,FAI,R,Public,101.4863131,Two Glaciers Park,,7/1/2025 16:11,Fairfield County,Two Glaciers Park,Two Glaciers Park,659db723-f8fb-4943-956a-c25dbef4f939,7/1/2025 16:11,4420743.797,11142.78859
24425,GREEN SPACE,Tyler Powell Preserve,Pataskala,LIC,PR,Public,1.52409297,,,7/1/2025 16:11,Licking County,,,7a4bc339-356b-4901-a9a0-b4b1e844c2a3,7/1/2025 16:11,66389.48975,1230.955583
22412,PARK,Tyler Run Reserve,Powell,DEL,C,Public,10.74172322,Tyler Run Reserve,,7/1/2025 16:11,, ,Tyler Run Reserve,5b5bda16-8170-4cfc-b09c-a841b3de9524,7/1/2025 16:11,467909.4634,4599.974817
22413,PARK,Tyler Run Reserve,Powell,DEL,C,Public,11.84401024,Tyler Run Reserve,,7/1/2025 16:11,, ,Tyler Run Reserve,b681a00e-f2eb-4dfc-9efa-66fc82a8276f,7/1/2025 16:11,515925.0857,5977.606773
22640,PARK,Ub Campgrounds,Stoutsville,FAI,R,Public,21.96686655,UB Campgrounds,,7/1/2025 16:11,Fairfield County,UB Campgrounds,UB Campgrounds,87982d5f-5824-4416-9bb3-74e8dffcf8b1,7/1/2025 16:11,956876.7075,4983.632831
22496,PARK,Underwood Reserve,Gahanna,FRA,N,Public,2.84704378,Underwood Reserve,583,7/1/2025 16:11,Gahanna,,,cbe954e3-5cd2-4bf7-8226-282847f8d432,7/1/2025 16:11,124017.2266,2508.217055
22961,CEMETERY,Union,Township,DEL,CEM,Public,9.31135327,Union,,7/1/2025 16:11,,,Union,13cb5948-d6fa-4638-ac42-678d4f938fc9,7/1/2025 16:11,405602.5483,2643.115253
22760,CEMETERY,Union (Smith),Township,FRA,CEM,Public,0.97446109,Union (Smith),,7/1/2025 16:11,,,,a98addb9-23e6-4c12-961d-05b150972504,7/1/2025 16:11,42447.52527,848.7725847
22812,CEMETERY,Union Cemetery,Township,FAI,CEM,Public,0.69320084,Union Cemetery,,7/1/2025 16:11,Fairfield County,,,895413f4-be8a-4179-acca-071f9cdb249f,7/1/2025 16:11,30195.82874,738.8094293
22813,CEMETERY,Union Cemetery,Township,FAI,CEM,Public,0.75063764,Union Cemetery,,7/1/2025 16:11,Fairfield County,,,ab772677-608f-4f73-8fdc-da8c11a1c754,7/1/2025 16:11,32697.77539,759.422263
25552,CEMETERY,Union Cemetery,Township,ROS,CEM,Private,2.3954943,Union Cemetery,,7/1/2025 16:11,Google Maps,,,8d2eca47-2c14-4eec-b1f1-d5a0a7a97c60,7/1/2025 16:11,104347.7318,1298.219979
23002,CEMETERY,Union Cemetery Association,Columbus,FRA,CEM,Public,110.3374415,Union Cemetery,,7/1/2025 16:11,,Union Cemetery,Union Cemetery,0d095352-4275-4a79-a17e-4754c0a2686f,7/1/2025 16:11,4806298.95,13682.96886
25472,CEMETERY,Union Chapel Cemetery,Township,FAY,CEM,Public,0.59394292,Union Chapel Cemetery,,7/1/2025 16:11,Google Maps,,,f291a6fd-e4f1-4aaf-96cf-f53137e85234,7/1/2025 16:11,25872.15363,1029.088161
25563,CEMETERY,Union Chapel Cemetery,Township,ROS,CEM,Public,1.1296659,Union Chapel Cemetery,,7/1/2025 16:11,Google Maps,,,c182a7d1-e8e5-47a4-930e-e3c23773ecab,7/1/2025 16:11,49208.2467,893.3144175
25582,CEMETERY,Union Chapel Cemetery,Township,ROS,CEM,Public,0.72530175,Union Chapel Cemetery,,7/1/2025 16:11,Google Maps,,,51f9ca72-18c9-46c6-b554-3d6b456cfde9,7/1/2025 16:11,31594.14417,850.7309584
22398,PARK,Union County Sports Complex,Township,UNI,REC,Public,53.58225551,Union County Sports Complex,,7/1/2025 16:11,Union County,Union County Sports Complex,Union County Sports Complex,a0a64284-770e-4433-8358-1b9490da2a10,7/1/2025 16:11,2334043.05,6459.327962
22785,CEMETERY,Union Evangelical Cemetery,Township,FAI,CEM,Public,1.56996521,Union Evangelical Cemetery,,7/1/2025 16:11,Fairfield County,,,8dd98cc7-3e63-4721-b09c-31584ac7f22d,7/1/2025 16:11,68387.68433,1446.126015
22786,CEMETERY,Union Evangelical Cemetery,Township,FAI,CEM,Public,2.89676503,Union Evangelical Cemetery,,7/1/2025 16:11,Fairfield County,,,19584d3f-4109-4c82-91e0-8b8e23daeed0,7/1/2025 16:11,126183.0848,1509.779306
24014,CEMETERY,Union Station Road Cemetery,Township,LIC,CEM,Public,0.20476116,Union Station Road Cemetery,,7/1/2025 16:11,Licking Co Parcels,,,0f119dfa-8546-4bb2-bd4f-3f83636ac802,7/1/2025 16:11,8919.395752,445.952095
25987,GREEN SPACE,Union Township Hall Open Space,Township,FAY,SPU,Public,1.93179075,,,7/1/2025 16:11,Fayette Parcels,,,1fb38ce4-b458-4040-af53-d6f628c92494,7/1/2025 16:11,84148.80499,1164.797725
24992,PARK,Unionville Center Veterans Shelter,Unionville Center,UNI,C,Public,0.90534777,Unionville Center Veterans Shelter,,7/1/2025 16:11,MORPC Standardized ELU 2021,,,4885910d-160e-4b99-8eee-7fd2cab9b692,7/1/2025 16:11,39436.94873,794.7638725
24142,CEMETERY,Unity Cemetery,Somerset,PER,CEM,Public,1.33536963,Unity Cemetery,,7/1/2025 16:11,orthos/google maps,,,e9751e19-7aa6-422e-a7cc-1afb543faf12,7/1/2025 16:11,58168.70093,959.8835859
23689,PARK,Upper Albany School Site,Columbus,FRA,PRES,Public,10.46754549,Upper Albany School Site,,7/1/2025 16:11,Columbus,,,457b119a-98b1-4985-98fc-8bbdb8389d23,7/1/2025 16:11,455966.2817,3152.582392
24254,PARK,Upper Albany West P Parkland,Columbus,FRA,CON,Public,4.30026468,Upper Albany West P Parkland,,7/1/2025 16:11,Columbus,,,91df40b6-ac5e-46c4-93f0-dae600e461be,7/1/2025 16:11,187319.5297,1668.521779
24086,PARK,Upper Albany West Parkland,Columbus,FRA,NOS,Public,1.72542127,Upper Albany West Parkland,,7/1/2025 16:11,Columbus,,,da859505-4327-4f80-8a70-ffc5c6d1f126,7/1/2025 16:11,75159.35071,1069.536688
24255,PARK,Upper Albany West Q Parkland,Columbus,FRA,N,Public,2.15773584,Upper Albany West Q Parkland,,7/1/2025 16:11,Columbus,,,46b7b642-39b6-4712-b985-8f6b02668b6a,7/1/2025 16:11,93990.97302,1459.188115
23034,CEMETERY,Upper Gwynne Farm Cemetery,Township,MAD,CEM,Public,2.0811667,Upper Gwynne Farm Cemetery,,7/1/2025 16:11,,,,b1898d3a-b125-41e0-b887-b4f5882f466d,7/1/2025 16:11,90655.62134,1439.217808
22352,GOLF,Upper Lansdowne Golf Course,Township,PIC,GOLF,Public,167.8233075,Upper Lansdowne Golf Course,,7/1/2025 16:11,,,Upper Lansdowne Golf Course,ff136a58-ca1c-4639-ab4d-3320122829fc,7/1/2025 16:11,7310383.273,11014.11509
23570,PARK,Uptown Rotary Park,Westerville,FRA,N,Public,0.02187562,Uptown Rotary Park,,7/1/2025 16:11,Westerville,,,501f32b3-08c7-4dd8-8e8c-efe8f0ab2570,7/1/2025 16:11,952.9020996,225.7127785
22629,PARK,Utica Park,Lancaster,FAI,N,Public,2.67448772,Utica Park,,7/1/2025 16:11,Fairfield County,,,cfdbd0f6-7968-48d5-ac68-9e7bfbca71b3,7/1/2025 16:11,116500.6846,1416.141333
25561,GOLF,VA Medical Center Golf Course,Township,ROS,GOLF,Public,86.54760826,VA Medical Ceneter Golf Course,,7/1/2025 16:11,Google Maps,,,31226710-238a-4264-a169-b71e2917f2fb,7/1/2025 16:11,3770013.816,8433.50116
25651,GREEN SPACE,Val Lea Oaks Preserve,Township,HOC,CEM,Private,32.7135479,,,7/1/2025 16:11,Google Maps,,,af2ceb54-112a-4a24-a31e-819a387006ae,7/1/2025 16:11,1425002.147,5103.411825
23318,CEMETERY,Valley Cemetery,Township,KNO,CEM,Public,2.52049289,Valley Cemetery,,7/1/2025 16:11,Knox,,,c3f69896-886a-4e47-80d1-87a690396752,7/1/2025 16:11,109792.6703,1315.737184
22315,GOLF,Valley View Golf Course,Township,FAI,GOLF,Public,125.8415672,Valley View Golf Course,,7/1/2025 16:11,Fairfield County,,Valley View Golf Course,65c7a5df-18be-40e0-9cd1-65cc041ae3f8,7/1/2025 16:11,5481658.668,17775.3768
23280,GOLF,Valley Vista Golf Course,Township,ROS,GOLF,Public,118.2552873,Valley Vista Golf Course,,7/1/2025 16:11,Ross LU,,Valley Vista Golf Course,b2a53493-0fe3-400e-b812-c8d08e34b3c6,7/1/2025 16:11,5151200.316,9868.720063
25070,GREEN SPACE,Valleyview Drive Open Space,Valleyview ,FRA,NOS,Public,4.10145764,,,7/1/2025 16:11,MORPC Standardized ELU 2021,,,5b121a72-cbfa-4f0d-991b-45777f238cea,7/1/2025 16:11,178659.4951,2299.400599
25133,CEMETERY,Van Horn Cemetery,Township,LOG,CEM,Public,0.27945148,Van Horn Cemetery,,7/1/2025 16:11,Google Maps,,,5ca63b5d-3fad-416f-8524-7afe6b540569,7/1/2025 16:11,12172.90625,459.6427989
25889,CEMETERY,Van Meter Cemetery,Township,FAI,CEM,Private,0.04001526,Van Meter Cemetery,,7/1/2025 16:11,Google Maps,,,b62b32e8-b8c8-4af9-8065-24ae4ff66bc8,7/1/2025 16:11,1743.064575,167.0000982
23673,PARK,Vandeleur Park,Dublin,FRA,N,Public,0.80919116,Vandeleur Park,,7/1/2025 16:11,Dublin,,,def23b8e-73bf-4a5d-8b9d-770c58a01805,7/1/2025 16:11,35248.36707,700.5064178
25763,CEMETERY,Vansickle Cemetery,Township,PER,CEM,Private,0.27840297,Vansickle Cemetery,,7/1/2025 16:11,Google Maps,,,80584b9a-5319-4ab3-b54e-bb69280662c3,7/1/2025 16:11,12127.2334,505.0652911
23873,PARK,Vaughn Farm Parkland,Columbus,FRA,PRES,Public,4.14517501,Vaughn Farm Parkland,,7/1/2025 16:11,Columbus,,,0fc787ed-8bb8-4a58-8674-d5f0740941a0,7/1/2025 16:11,180563.8236,1839.572627
23235,PARK,Vaugn Farm Parkland,Columbus,FRA,NOS,Public,4.14497861,Vaugn Farm Parkland,275,7/1/2025 16:11,Columbus,,,71e61edc-834a-4414-9638-803ebd174ce6,7/1/2025 16:11,180555.2681,1839.515937
26032,Park,Vendome Drive South Open Space,Columbus,FRA,NOS,Public,3.32143575,Vendome Drive South Open Space,,7/1/2025 16:11,,,,5351856b-1d93-425f-934b-2453085a05db,7/1/2025 16:11,144681.7418,3063.46451
24746,GREEN SPACE,VERMONT STREET ISLAND,Columbus,FRA,NOS,Public,0.20169972,,,7/1/2025 16:11,Columbus Park Boundaries,,,0df2c385-a04c-4829-a898-c03e9638e19e,7/1/2025 16:11,8786.039917,569.9206571
23313,GOLF,Vernon View Golf Course,Mount Vernon,KNO,GOLF,Public,120.1809729,Hiawatha And Running Water Golf Course Inc,,7/1/2025 16:11,Knox,,Hiawatha And Running Water Golf Course Inc,739ffef8-575b-4980-8cdc-16955920c7a0,7/1/2025 16:11,5235083.178,10995.93224
25473,CEMETERY,Vesey Cemetery,Township,FAY,CEM,Private,1.5586628,Vesey Cemetery,,7/1/2025 16:11,Google Maps,,,1ad23d9c-3ca0-4785-9941-d0d690bbcea7,7/1/2025 16:11,67895.35168,1069.904096
24998,PARK,Veterans Field,Mount Sterling,MAD,REC,Public,0.30995566,Veterans Field,,7/1/2025 16:11,MORPC Standardized ELU 2021,,,ef3892ef-083a-473d-b916-d064a8d36d2a,7/1/2025 16:11,13501.66833,474.5722151
24999,PARK,Veterans Field,Mount Sterling,MAD,REC,Public,0.31104858,Veterans Field,,7/1/2025 16:11,MORPC Standardized ELU 2021,,,39aba882-553e-4b68-bd27-9562e8eed506,7/1/2025 16:11,13549.27637,477.2804146
25000,PARK,Veterans Field,Mount Sterling,MAD,REC,Public,5.33603894,Veterans Field,,7/1/2025 16:11,MORPC Standardized ELU 2021,,Veterans Field,d66068b0-8a38-44ad-8a04-a93de39b0a1e,7/1/2025 16:11,232437.8562,2763.74419
25001,PARK,Veterans Field,Mount Sterling,MAD,REC,Public,0.66312516,Veterans Field,,7/1/2025 16:11,MORPC Standardized ELU 2021,,,6e96891e-a67a-4702-af75-6a2c4d5755bc,7/1/2025 16:11,28885.73181,927.9168549
25002,PARK,Veterans Field,Mount Sterling,MAD,REC,Public,0.12435001,Veterans Field,,7/1/2025 16:11,MORPC Standardized ELU 2021,,,f5ab88e6-de43-42c3-9b1f-372c72636634,7/1/2025 16:11,5416.686523,346.2314501
22198,PARK,Veterans Memorial Park,Gahanna,FRA,N,Public,1.73782876,Veterans Memorial Park,405,7/1/2025 16:11,Gahanna, ,,6c0a652f-2c34-492f-9662-32eebb1ac616,7/1/2025 16:11,75699.82104,1123.285261
23386,PARK,Veterans Memorial Park,Marion,MAR,N,Public,7.58415493,Veterans Memorial Park,,7/1/2025 16:11,Marion parcels,,Veterans Memorial Park,2779089b-c66c-45ee-9afb-7c34577f1ac8,7/1/2025 16:11,330365.7891,2442.818138
22476,PARK,Veteran'S Park,Groveport,FRA,N,Public,0.156152,Veteran's Park,,7/1/2025 16:11,, ,,0e3d3857-82a1-44b6-a9e1-63bbc1b1f146,7/1/2025 16:11,6801.980957,403.16377
23476,PARK,Veterans Square,Lancaster,FAI,N,Public,0.34375052,Veterans Square,,7/1/2025 16:11,Fairfield,,,30a3a237-142d-4b1a-a1d3-3db3d91d5ec9,7/1/2025 16:11,14973.77246,528.0003038
24098,PARK,Veterns Park,West Mansfield,LOG,N,Public,4.25601431,Veterns Park,,7/1/2025 16:11,google maps/orthos,,,7d192d58-6154-4d42-b002-16d7ecfc3497,7/1/2025 16:11,185391.9835,1742.687257
22692,PARK,Victory Park,Pickerington,FAI,N,Public,5.97314912,Victory Park,,7/1/2025 16:11,Fairfield County, ,Victory Park,51c9b54d-6c2b-4d88-ab3f-c91bb06bf9cd,7/1/2025 16:11,260190.3761,2427.57491
23887,GREEN SPACE,Village At Hannah Farms Reserve,Gahanna,FRA,NOS,Public,2.40464111,,,7/1/2025 16:11,Gahanna,,,76132d78-b591-495e-b042-0f39b4e47b75,7/1/2025 16:11,104746.1674,1589.737525
23888,GREEN SPACE,Village At Hannah Farms Reserve,Gahanna,FRA,NOS,Public,1.05379554,,,7/1/2025 16:11,Gahanna,,,d6020514-08ad-4211-814e-8dd2aef8603c,7/1/2025 16:11,45903.33374,1115.077943
23716,PARK,Village Green Park,Worthington,FRA,NOS,Public,0.59885467,Village Green Park,,7/1/2025 16:11,FCEO,,,497579a8-f4de-425c-abb0-25d989b01630,7/1/2025 16:11,26086.10913,691.8464874
23717,PARK,Village Green Park,Worthington,FRA,NOS,Public,0.55485818,Village Green Park,,7/1/2025 16:11,FCEO,,,052e5f95-d857-4bfb-b2ba-23cdfd8d5f63,7/1/2025 16:11,24169.62231,665.7292514
23718,PARK,Village Green Park,Worthington,FRA,NOS,Public,0.54698826,Village Green Park,,7/1/2025 16:11,FCEO,,,907de04e-64e3-4369-9d23-afb9c49d1822,7/1/2025 16:11,23826.80847,661.339501
23719,PARK,Village Green Park,Worthington,FRA,NOS,Public,0.59291039,Village Green Park,,7/1/2025 16:11,FCEO,,,d3c2ac21-72d5-455c-b94f-058ec2189792,7/1/2025 16:11,25827.177,676.4843584
22298,PARK,Village Park,Shawnee Hills,DEL,N,Public,1.11244127,Village Park,538,7/1/2025 16:11,, ,,e5b3e3b9-20bf-4a1f-9814-3e4348a26695,7/1/2025 16:11,48457.94165,1148.969651
25769,PARK,Village Park,Shawnee ,PER,C,Public,1.97317593,Village Park,,7/1/2025 16:11,Google Maps,,,e4ef3622-5de7-4918-a447-3bc0109cd7b1,7/1/2025 16:11,85951.54333,1307.13416
25770,PARK,Village Park,Shawnee,PER,C,Public,5.00963715,Village Park,,7/1/2025 16:11,Google Maps,,Village Park,3da455b2-ac2a-4dc3-b6e9-26f6c8145d30,7/1/2025 16:11,218219.7946,1958.176394
25772,PARK,Village Park,Shawnee,PER,C,Public,18.3471104,Village Park,,7/1/2025 16:11,Google Maps,,Village Park,0a97cf59-ace5-4bd8-9c6e-3ad140f5f8f9,7/1/2025 16:11,799200.1288,5343.212269
22406,GOLF,Village View Golf Course,Township,LIC,GOLF,Public,127.253039,Village View Golf Course,,7/1/2025 16:11,,,Village View Golf Course,4a506cba-e1d1-41b3-b79d-28ed22fa4be3,7/1/2025 16:11,5543142.377,10133.30994
25892,PARK,Violet Township Dog Park,Pickerington,FAI,C,Public,8.18464591,Violet Township Dog Park,,7/1/2025 16:11,Google Maps,,Violet Township Dog Park,28f5375b-2ee9-4021-986c-acfd4a7344d8,7/1/2025 16:11,356523.1752,2678.841518
23029,CEMETERY,Violet Twp Cemetery,Violet Twp,FAI,CEM,Public,11.60395339,Violet Twp Cemetery,,7/1/2025 16:11,Fairfield County,,Violet Twp Cemetery,e48a31bd-a42c-4aec-9cec-5905ee08c45f,7/1/2025 16:11,505468.2096,3261.865903
23230,PARK,Virginia Terrace Parkland,Columbus,FRA,CON,Public,13.80524653,Virginia Terrace Parkland,,7/1/2025 16:11,Columbus,,Virginia Terrace Parkland,b253c271-2f05-42b7-83bb-236b62eba115,7/1/2025 16:11,601356.5387,3219.420718
24055,PARK,Virginialee Park,Columbus,FRA,NOS,Public,2.35187524,Virginialee Park,,7/1/2025 16:11,Columbus,,,5b06a5bc-d82a-4441-a86c-a444e4504e77,7/1/2025 16:11,102447.6849,1936.98201
22630,PARK,Wacker Park,Township,FAI,R,Public,20.97194665,Wacker Park,,7/1/2025 16:11,Fairfield County,Wacker Park,Wacker Park,aa27fea7-8873-4607-a514-920aaffd0f1a,7/1/2025 16:11,913537.9954,5599.372673
23791,GREEN SPACE,Waggoner Chase Boulevard,Columbus,FRA,NOS,Public,0.58195216,,,7/1/2025 16:11,parcels,,,48fbe791-a322-4ef5-b970-a26a79ef07e9,7/1/2025 16:11,25349.83594,649.9965539
22176,PARK,Waggoner Chase Parkland,Columbus,FRA,NOS,Public,5.16333128,Waggoner Chase Parkland,375,7/1/2025 16:11,Columbus,,,c77bd6c9-a0b2-4977-b9a0-46acac3628c8,7/1/2025 16:11,224914.7104,1902.634553
22764,CEMETERY,Wagner (Triplett),New Albany,FRA,CEM,Public,0.56618917,Wagner (Triplett),,7/1/2025 16:11,,,,ed1fa4d4-1d00-4f50-a236-14f910f5459d,7/1/2025 16:11,24663.20056,631.2857566
25875,CEMETERY,Wagner Farm Cemetery,Township,PIC,CEM,Private,0.22124839,Wagner Farm Cemetery,,7/1/2025 16:11,Google Maps,,,7ef83156-b899-4565-8880-8e7ac0be8b61,7/1/2025 16:11,9637.580078,406.9402405
22613,PARK,Wahkeena Nature Preserve,Township,FAI,PR,Public,108.6511613,Wahkeena Nature Preserve,,7/1/2025 16:11,ODNR,Wahkeena Nature Preserve,Wahkeena Nature Preserve,dee551f0-c848-4ccf-8c55-411eef3df559,7/1/2025 16:11,4732844.585,12049.38529
22614,PARK,Wahkeena Nature Preserve,Township,FAI,PR,Public,38.89301071,Wahkeena Nature Preserve,,7/1/2025 16:11,ODNR,,Wahkeena Nature Preserve,bab4484d-e7ff-4d37-973f-e69b97ac3d2b,7/1/2025 16:11,1694179.547,5207.61491
23602,PARK,Wahkeena Nature Preserve,Township,FAI,PR,Public,5.23589136,Wahkeena Nature Preserve,,7/1/2025 16:11,Fairfield,,Wahkeena Nature Preserve,f9fe9ba5-79b8-4029-b38d-1600a91f7517,7/1/2025 16:11,228075.428,4384.398343
22224,PARK,Walden Bluff Park,Grove City,FRA,N,Public,1.75895941,Walden Bluff Park,,7/1/2025 16:11,Grove City, ,,9f076064-a5ef-439d-a210-9545a5eb7f28,7/1/2025 16:11,76620.27234,1222.557846
22088,PARK,Walden Park,Columbus,FRA,N,Public,4.3414367,Walden Park,,7/1/2025 16:11,Columbus, ,Walden Park,c8244b4b-b9d4-40ee-93d1-b2feb73dc5ea,7/1/2025 16:11,189112.9823,1858.306943
23871,PARK,Walden Park,Columbus,FRA,N,Public,0.80609081,Walden Park,,7/1/2025 16:11,FCA, ,Walden Park,e2406a66-7e16-440c-b889-6df0dbabc751,7/1/2025 16:11,35113.31567,1314.699935
25306,CEMETERY,Waldo Cemetery,Waldo,MAR,CEM,Public,4.83860121,Waldo Cemetery,,7/1/2025 16:11,Google Maps,,,5772c434-f3fe-4a02-bd52-e6fd05bdf4e8,7/1/2025 16:11,210769.4686,2001.212148
25307,CEMETERY,Waldo Cemetery,Waldo,MAR,CEM,Public,1.60334212,Waldo Cemetery,,7/1/2025 16:11,Google Maps,,,4dadd8fc-7929-40e4-9dc5-06d79ba779fb,7/1/2025 16:11,69841.58264,1247.860036
23524,PARK,Waldo Community Park,Waldo,MAR,C,Public,12.18590768,Waldo Community Park,,7/1/2025 16:11,Marion County,,Waldo Community Park,98780240-40a2-4e3c-acdc-53577dce1657,7/1/2025 16:11,530818.1383,3061.693924
23525,PARK,Waldo Community Park,Waldo,MAR,C,Public,0.92265239,Waldo Community Park,,7/1/2025 16:11,Marion County,,,14a31977-3d21-4fe5-ac3e-3a9f133d37b3,7/1/2025 16:11,40190.73816,874.3577716
23523,PARK,Waldo Swim & Recreation,Waldo,MAR,C,Public,4.02995197,Waldo Pool,,7/1/2025 16:11,Marion County,,,db4da051-dcf9-45ca-b7a9-40c8513c8693,7/1/2025 16:11,175544.7081,1839.646887
22225,PARK,Wallace Gardens,Grandview Heights,FRA,C,Public,5.81193156,Wallace Gardens,,7/1/2025 16:11,, ,Wallace Gardens,a1cad944-dc97-4431-b38e-683f8aa43583,7/1/2025 16:11,253167.7388,2552.33926
24399,PARK,Wallace H O'Dowd Wildlife Area,Township,HOC,W,Public,3331.193193,Wallace H O'Dowd Wildlife Area,,7/1/2025 16:11,ODNR,Wallace H O'Dowd Wildlife Area,Wallace H O'Dowd Wildlife Area,9f47cc14-206e-4b42-8a43-d21a839c2b15,7/1/2025 16:11,145106775.5,97750.04887
24400,PARK,Wallace H O'Dowd Wildlife Area,Township,HOC,W,Public,2311.344314,Wallace H O'Dowd Wildlife Area,,7/1/2025 16:11,ODNR,Wallace H O'Dowd Wildlife Area,Wallace H O'Dowd Wildlife Area,3c33f047-1e30-418f-9c37-59d21fb9aa6a,7/1/2025 16:11,100682158.3,62479.13765
24267,GREEN SPACE,Wallace Property,Township,FRA,NOS,Public,13.7076698,,,7/1/2025 16:11,,,,c3cf2c59-33c7-4c57-b178-5a30c5ed7d63,7/1/2025 16:11,597106.0964,3411.995912
25466,CEMETERY,Walnut Creek Cemetery,Township,FAY,CEM,Public,3.68974532,Walnut Creek Cemetery,,7/1/2025 16:11,Google Maps,,,3f9d4591-c9a0-4168-81ee-bf018d9671c7,7/1/2025 16:11,160725.306,1845.514553
24210,PARK,Walnut Creek Park,Canal Winchester,FRA,PRES,Public,75.23062594,Walnut Creek Park,,7/1/2025 16:11,,,,068cb54e-7125-4a6d-bec2-d2200d43471e,7/1/2025 16:11,3277046.066,8920.587712
23025,CEMETERY,Walnut Grove,Worthington,FRA,CEM,Public,22.42029216,Walnut Grove,,7/1/2025 16:11,,,Walnut Grove,77f5f645-4494-440e-8d42-401cf6eb964f,7/1/2025 16:11,976627.9257,6779.804352
22267,GOLF,Walnut Hill Golf Course,Columbus,FRA,GOLF,Public,71.0716177,Walnut Hill Golf Course,,7/1/2025 16:11,Columbus,,Walnut Hill Golf Course,8a17fa53-d0e7-4c33-85a7-b65ef631c8d1,7/1/2025 16:11,3095879.667,7617.575978
22740,CEMETERY,Walnut Hill Methodist,Township,FRA,CEM,Public,1.80389615,Walnut Hill Methodist,,7/1/2025 16:11,,,,96a9dd60-400b-4d88-a32d-a66040803664,7/1/2025 16:11,78577.71631,1370.238218
22743,CEMETERY,Walnut Hill Methodist,Township,FRA,CEM,Public,4.26944753,Walnut Hill Methodist,,7/1/2025 16:11,,,,1c54cef5-8223-4ea7-a4cf-83a3228e5171,7/1/2025 16:11,185977.1342,2126.821514
22102,PARK,Walnut Ridge Park,Westerville,FRA,C,Public,12.32957351,Walnut Ridge Park,,7/1/2025 16:11,Westerville, ,Walnut Ridge Park,fd96e2d8-ad83-410a-aa9c-1762be966590,7/1/2025 16:11,537076.222,4640.553003
22656,PARK,Walnut Street Parkland,Columbus,FRA,PRES,Public,9.9551682,Walnut Street Parkland,,7/1/2025 16:11,Columbus,,,9aa522c1-dd5d-45c9-a68f-2929f26a4f09,7/1/2025 16:11,433647.1267,3129.10092
21967,PARK,Walnut View Park,Columbus,FRA,N,Public,9.42308599,Walnut View Park,,7/1/2025 16:11,Columbus, ,Walnut View Park,15c9f9e9-1178-44c8-adfc-9227ce81d2c8,7/1/2025 16:11,410469.6255,3768.293204
23467,PARK,Walnut Woods Metro Park,Metro Parks,FRA,M,Public,1162.728572,Walnut Woods Metro Park,,7/1/2025 16:11,Metro Parks,Walnut Woods Metro Park,Walnut Woods Metro Park,d8ce69fc-c840-4904-9a85-8356d4fb6f0d,7/1/2025 16:11,50648456.6,70499.44216
22446,PARK,Waltham Woods Park,Columbus,FRA,N,Public,1.5016914,Waltham Woods Park,,7/1/2025 16:11,Columbus, ,,c81ea4d8-13c1-4ecc-aa79-17188b87ced3,7/1/2025 16:11,65413.67737,1082.08296
24369,PARK,Wango Park,Columbus,FRA,CON,Public,43.35507237,Wango Park,,7/1/2025 16:11,,,Wango Park,42e7385b-0226-46d7-ae52-ca98999120c9,7/1/2025 16:11,1888546.953,10046.1987
25524,CEMETERY,Ware Cemetery,Township,ROS,CEM,Private,0.23895439,Ware Cemetery,,7/1/2025 16:11,Google Maps,,,b58463db-2dfc-42f7-b7e9-808aae95a0b9,7/1/2025 16:11,10408.85345,410.0056741
25908,CEMETERY,Warner Family Cemetery,Township,FAI,CEM,Public,0.08649603,Warner Family Cemetery,,7/1/2025 16:11,Google Maps,,,f87d5b9b-297e-4fbb-a3b0-b5cfa637d88d,7/1/2025 16:11,3767.767212,270.7200728
25389,PARK,Warner Park,Fredericktown,KNO,C,Public,3.96440968,Warner Park,,7/1/2025 16:11,Google Maps,,,46dac511-55b6-4826-a07f-16f963ad878d,7/1/2025 16:11,172689.6858,1769.478571
25391,PARK,Warner Park,Fredericktown,KNO,C,Public,2.83152491,Warner Park,,7/1/2025 16:11,Google Maps,,,0ee5fb1d-ff31-4388-a13c-94d65cbb311c,7/1/2025 16:11,123341.2246,1537.61022
23352,PARK,Washburn & Browne Park,Morral,MAR,C,Public,9.10383582,Washburn & Browne Park,,7/1/2025 16:11,Marion parcels,,Washburn & Browne Park,be18b9dc-2a4d-4ec5-a028-fe9a46cbf71b,7/1/2025 16:11,396563.0886,2594.673293
23343,CEMETERY,Washington Cemetery,Washington Court House,FAY,CEM,Public,2.84061542,Washington Cemetery,,7/1/2025 16:11,Orthos,,,12c28da6-e9fe-4084-a817-54e3361e84ce,7/1/2025 16:11,123737.2078,1618.084371
23344,CEMETERY,Washington Cemetery,Washington Court House,FAY,CEM,Public,45.60766836,Washington Cemetery,,7/1/2025 16:11,Orthos,,,ddb9c38c-80b8-47f7-a4d4-6f0b697c3f40,7/1/2025 16:11,1986670.034,5937.408675
23345,CEMETERY,Washington Cemetery,Washington Court House,FAY,CEM,Public,16.2469315,Washington Cemetery,,7/1/2025 16:11,Orthos,,,0b263547-8665-4ed4-9948-68ddc926199a,7/1/2025 16:11,707716.3364,3848.856591
23337,PARK,Washington Park,Washington Court House,FAY,C,Public,12.68213767,Washington Park,,7/1/2025 16:11,Orthos,,Washington Park,b74b2012-e9a6-4d7d-ba8a-86ed8c7c80ab,7/1/2025 16:11,552433.9167,4277.842853
25980,PARK,Washington Park,Washington Court House,FAY,C,Public,28.11837927,Washington Park,,7/1/2025 16:11,,,Washington Park,1e4cad69-1769-45e9-86ce-bba80e9475b7,7/1/2025 16:11,1224836.601,5156.342791
25981,PARK,Washington Park,Washington Court House,FAY,C,Public,0.16930855,Washington Park,,7/1/2025 16:11,,,,6df82bf9-5a1b-495a-8892-2b433967f802,7/1/2025 16:11,7375.080444,406.9447037
25982,PARK,Washington Park,Washington Court House,FAY,C,Public,1.10092479,Washington Park,,7/1/2025 16:11,,,,1cbbf5cc-cc43-4a83-ba40-44a14cb26965,7/1/2025 16:11,47956.28412,1138.214294
25983,PARK,Washington Park,Washington Court House,FAY,C,Public,0.78391602,Washington Park,,7/1/2025 16:11,,,,7c09db43-d106-4a34-994c-a59b1e00ae0c,7/1/2025 16:11,34147.3819,1115.47292
25984,PARK,Washington Park,Washington Court House,FAY,C,Public,0.68486638,Washington Park,,7/1/2025 16:11,,,,7d9e47b9-d90a-4c59-92f7-78527345db5f,7/1/2025 16:11,29832.77966,897.2854121
25985,PARK,Washington Park,Washington Court House,FAY,C,Public,16.94929804,Washington Park,,7/1/2025 16:11,,,Washington Park,0ecbfd8d-a627-45c1-8be9-05f51ae9a4c2,7/1/2025 16:11,738311.4227,4990.444273
25986,PARK,Washington Park,Washington Court House,FAY,C,Public,0.91650507,Washington Park,,7/1/2025 16:11,,,,94830452-ac40-46f0-9cc5-d4d58fc57b43,7/1/2025 16:11,39922.96088,833.0433598
25125,PARK,Washington Township Park,Township,LOG,C,Public,6.362594,Washington Township Park,,7/1/2025 16:11,Google Maps,,Washington Township Park,abde5f3b-7c79-43b4-8494-a32afc829783,7/1/2025 16:11,277154.5946,2549.649361
24027,PARK,Washington Twp - Martha Hitler Park,Township,PIC,C,Public,25.3433014,Martha Hitler Park,,7/1/2025 16:11,Pickaway County,,Martha Hitler Park,7cecffd7-8a29-4ef3-a80c-f19baf37e4f9,7/1/2025 16:11,1103954.209,4844.195512
25033,PARK,Water Street Playground,Carroll,FAI,N,Public,1.45955974,Water Street Playground,,7/1/2025 16:11,MORPC Standardized ELU 2021,,,c40f6eef-c9f3-4d75-ba55-06bfa46d0166,7/1/2025 16:11,63578.42236,1261.635791
23767,PARK,Waterford Park,Columbus,FRA,N,Public,1.7626804,Waterford Park,,7/1/2025 16:11,parcels,,,8dea299a-50f2-4bc2-b4fc-00cb739a5990,7/1/2025 16:11,76782.35803,1584.103801
23768,PARK,Waterford Park,Columbus,FRA,N,Public,1.28747249,Waterford Park,,7/1/2025 16:11,parcels,,,004e5d85-698a-4d99-b659-ac83d03e1030,7/1/2025 16:11,56082.30151,939.4816615
23770,PARK,Waterford Park,Columbus,FRA,NOS,Public,2.03181165,Waterford Park,,7/1/2025 16:11,parcels,,,dedbb6a6-dbc0-4472-81b7-34a49f3d401b,7/1/2025 16:11,88505.7157,1216.517623
21945,GREEN SPACE,Waterford Woods Open Space,Dublin,FRA,NOS,Public,1.76951568,,,7/1/2025 16:11,Dublin,,,edad1bcf-da77-4f2a-ac26-51ee439364d6,7/1/2025 16:11,77080.10303,1307.325063
25495,CEMETERY,Waterloo Cemetery,Township,FAY,CEM,Public,0.78197061,Waterloo Cemetery,,7/1/2025 16:11,Google Maps,,,8065ac94-2d47-417e-9d57-2df6b9ed374f,7/1/2025 16:11,34062.63959,760.0169732
25496,CEMETERY,Waterloo Cemetery,Township,FAY,CEM,Public,1.31225019,Waterloo Cemetery,,7/1/2025 16:11,Google Maps,,,b31a98be-bc7e-4a0b-8047-52b85f2e1cab,7/1/2025 16:11,57161.61816,1042.583121
25497,CEMETERY,Waterloo Cemetery,Township,FAY,CEM,Public,0.47870007,Waterloo Cemetery,,7/1/2025 16:11,Google Maps,,,f84876d8-07ad-4b84-bc5c-a14c1ee2e3bb,7/1/2025 16:11,20852.17511,567.7828251
25978,GREEN SPACE,Watershed Acc Road Open Space,Township,FAY,NOS,Public,11.48156359,,,7/1/2025 16:11,Fayette Parcels,,,af63eb5f-39d0-46d5-9b8e-f10d6422cb19,7/1/2025 16:11,500136.9102,3385.640052
25979,GREEN SPACE,Watershed Acc Road Open Space,Township,FAY,NOS,Public,6.3733091,,,7/1/2025 16:11,Fayette Parcels,,,fa742a58-0249-441c-89cb-67b32c3f843e,7/1/2025 16:11,277621.3444,2362.811598
22945,CEMETERY,Watkins Cemetery,Township,UNI,CEM,Public,1.9737249,Watkins Cemetery,,7/1/2025 16:11,Union County,,,91c67b0f-7c71-441b-b971-06deecdc462e,7/1/2025 16:11,85975.45667,2825.989919
25512,CEMETERY,Waugh Cemetery,Township,ROS,CEM,Public,0.55041175,Waugh Cemetery,,7/1/2025 16:11,Google Maps,,,1dad1331-d3f6-4c61-8db4-68de20d25acd,7/1/2025 16:11,23975.93585,962.8182429
25381,CEMETERY,Wayne Baptist Cemetery,Township,KNO,CEM,Public,1.80554504,Wayne Baptist Cemetery,,7/1/2025 16:11,Google Maps,,,bd20b9f0-3a45-4fdb-9400-583bbd061e63,7/1/2025 16:11,78649.54199,1173.691773
24473,PARK,Wayne National Forest,Township,HOC,NAT,Public,25973.08134,Wayne National Forest,,7/1/2025 16:11,ODNR,Wayne National Forest,Wayne National Forest,6ad70e88-24dd-4214-ad28-96cf4a7afa7c,7/1/2025 16:11,1131387423,1016597.425
24474,PARK,Wayne National Forest,Township,PER,NAT,Public,22416.54229,Wayne National Forest,,7/1/2025 16:11,ODNR,Wayne National Forest,Wayne National Forest,e906cfbc-b25c-4b1f-845d-13aaa1c356f8,7/1/2025 16:11,976464582.3,829896.4998
25907,CEMETERY,Weaver Cemetery,Township,FAI,CEM,Private,0.14384197,Weaver Cemetery,,7/1/2025 16:11,Google Maps,,,4b369517-5869-4af9-a697-47a2e3190bae,7/1/2025 16:11,6265.755981,314.8950863
22140,PARK,Weaver Park,Hilliard,FRA,C,Public,5.26942145,Weaver Park,,7/1/2025 16:11,Hilliard, ,Weaver Park,7eecf929-75be-4e05-906c-44cf8ca70d8f,7/1/2025 16:11,229535.9982,2640.567253
22227,PARK,Webster Park,Columbus,FRA,N,Public,1.65072221,Webster Park,,7/1/2025 16:11,Columbus, ,,34bc46e1-7c78-4823-b16c-157852076c62,7/1/2025 16:11,71905.45911,1193.010516
22677,PARK,Wedgewood Glen Park,Dublin,FRA,N,Public,3.62724068,Wedgewood Glen Park,621,7/1/2025 16:11,Dublin,,,de8330b5-da71-476e-989c-9ef1a8c8a518,7/1/2025 16:11,158002.6044,1806.930301
22300,GOLF,Wedgewood Golf Course,Township,DEL,GOLF,Public,159.1772539,Wedgewood Golf Course,,7/1/2025 16:11,,,Wedgewood Golf Course,be0215ce-9fcd-471f-b43a-d161fe199e31,7/1/2025 16:11,6933761.177,19777.30589
22609,PARK,Wedgewood Hills Open Space,Dublin,FRA,PR,Private,5.61533834,Wedgewood Hills Open Space,446,7/1/2025 16:11,Dublin,,Wedgewood Hills Open Space,9feb2e3c-56a9-40db-a38c-971929fc478e,7/1/2025 16:11,244604.1381,2138.593701
22001,PARK,Wedgewood Hills Park,Dublin,FRA,N,Public,10.38152769,Wedgewood Hills Park,,7/1/2025 16:11,Dublin, ,Wedgewood Hills Park,bfe5a68d-cd31-41f7-ae71-a2b3e3460233,7/1/2025 16:11,452219.3469,8272.678979
22678,PARK,Wedgewood Park,Dublin,FRA,NOS,Public,6.59623163,Wedgewood Park,622,7/1/2025 16:11,Dublin,,,470fd318-26ab-4609-9b18-6402d5b6c4a5,7/1/2025 16:11,287331.8502,2097.138655
22448,PARK,Weiler Park,Columbus,FRA,C,Public,38.24607891,Weiler Park,,7/1/2025 16:11,Columbus,Weiler Park,Weiler Park,bf6a96b7-0616-40e4-9a53-1a860c07bbe4,7/1/2025 16:11,1665999.198,7663.809466
22089,PARK,Weinland Park,Columbus,FRA,N,Public,4.17498565,Weinland Park,,7/1/2025 16:11,Columbus, ,,915836e5-274e-4f11-b939-284e0e2b6868,7/1/2025 16:11,181862.3748,1930.187201
25508,CEMETERY,Weller Cemetery,Township,ROS,CEM,Private,11.26851124,Weller Cemetery,,7/1/2025 16:11,Google Maps,,,25fbfdf5-0236-4c8f-86c0-8e170a32ad99,7/1/2025 16:11,490856.3495,3208.992298
24379,GREEN SPACE,Wellington Open Space,Dublin,FRA,NOS,Public,0.9393338,,,7/1/2025 16:11,,,,bca2074b-878e-4a96-ae41-59f506882ac0,7/1/2025 16:11,40917.38012,924.6672992
24380,GREEN SPACE,Wellington Open Space,Dublin,FRA,NOS,Public,1.41779787,,,7/1/2025 16:11,,,,0c9a4cb2-3a79-4d58-aa9b-bedcaa10f259,7/1/2025 16:11,61759.27518,1171.401522
24381,GREEN SPACE,Wellington Open Space,Dublin,FRA,NOS,Public,1.11264655,,,7/1/2025 16:11,,,,d13b922b-12fa-4cd6-b945-cce8b28e3871,7/1/2025 16:11,48466.8838,919.3710839
21996,PARK,Wellington Park,Dublin,FRA,NOS,Public,2.13905178,Wellington Park,,7/1/2025 16:11,Dublin,,,b9474623-e8a4-462c-b754-2a77413a4142,7/1/2025 16:11,93177.0957,1488.856112
22507,PARK,Wellington Park,Dublin,FRA,NOS,Public,2.24340201,Wellington Park,,7/1/2025 16:11,Dublin,,,908a54a2-23f5-4ecf-ad55-4b8745cc78e6,7/1/2025 16:11,97722.59155,1567.493584
24064,PARK,Wellington Park,Columbus,FRA,N,Public,0.64365164,Wellington Park,,7/1/2025 16:11,Columbus,,,bbed466e-557d-41dc-a4ff-0ea0a1b57c45,7/1/2025 16:11,28037.46484,1755.992681
24899,PARK,Wells Park,Newark,LIC,N,Public,3.02142706,Wells Park,,7/1/2025 16:11,MORPC Standardized ELU 2021,,,e2354114-70b5-424a-8292-ea77470cc2f0,7/1/2025 16:11,131613.3632,2482.836702
23981,CEMETERY,Welsh Hills Cemetery,Township,LIC,CEM,Public,3.51847973,Welsh Hills Cemetery,,7/1/2025 16:11,Licking Co Parcels,,,b82061d2-9d33-48ce-a400-a18d269b306b,7/1/2025 16:11,153264.9771,1980.656428
23116,CEMETERY,Welton (Hanaway),Township,FRA,CEM,Public,0.37789012,Welton (Hanaway),,7/1/2025 16:11,,,,c2ab94e9-d509-4d87-95ad-7277b482a9f2,7/1/2025 16:11,16460.8938,522.9773921
25946,CEMETERY,Welty Cemetery,Township,FAI,CEM,Private,0.10247554,Welty Cemetery,,7/1/2025 16:11,Google Maps,,,a02bacad-18af-4b21-93c1-4405493100c0,7/1/2025 16:11,4463.834473,275.0810548
24370,PARK,Wendler Parkland,Columbus,FRA,CON,Public,4.28468872,Wendler Parkland,,7/1/2025 16:11,,,,5aca6b10-0a94-4573-a648-8c18533f5552,7/1/2025 16:11,186641.041,3715.812457
22725,CEMETERY,Wesley Chapel,Township,FRA,CEM,Public,30.0641095,Wesley Chapel,,7/1/2025 16:11,,,Wesley Chapel,4db0fb9d-ccd8-407b-a239-14d4f50321b2,7/1/2025 16:11,1309592.61,6461.988057
24143,CEMETERY,Wesley Chapel Cemetery,Somerset,PER,CEM,Public,1.32623703,Wesley Chapel Cemetery,,7/1/2025 16:11,orthos/google maps,,,f74e63cf-f9e4-427c-a474-e8d940a1a721,7/1/2025 16:11,57770.88501,1053.958154
25638,CEMETERY,Wesley Chapel Cemetery,Township,HOC,CEM,Public,1.7612741,Wesley Chapel Cemetery,,7/1/2025 16:11,Google Maps,,,af09b8e1-ea35-4168-905d-a351ebf2cd16,7/1/2025 16:11,76721.09979,1163.57632
24203,PARK,Wesleyan Woods Pool & Tennis - Pulaski Park,Deleware,DEL,N,Public,2.4906217,Wesleyan Woods Pool & Tennis - Pulaski Park,,7/1/2025 16:11,,,,4471d781-699f-48d5-95a1-0052ae58c0ea,7/1/2025 16:11,108491.4812,1312.721612
23224,PARK,West Albany Wetlands,Columbus,FRA,CON,Public,7.85920979,West Albany Wetlands,,7/1/2025 16:11,Columbus,,West Albany Wetlands,2e0f005c-53c2-4d3b-a9da-91b5f9ef0c7b,7/1/2025 16:11,342347.1781,2381.868616
24225,PARK,West Bank Park,Columbus,FRA,C,Public,18.63963665,West Bank Park,,7/1/2025 16:11,,,West Bank Park,32bc3077-4f59-4a83-bdb0-6bc41d7ad352,7/1/2025 16:11,811942.5726,6373.72221
24222,PARK,West Bank Walkway,Columbus,FRA,SPU,Public,22.38177326,West Bank,,7/1/2025 16:11,,,West Bank,fa1ea60d-c60f-4698-857e-bdd1c23ce4a7,7/1/2025 16:11,974950.0426,9328.861307
23726,CEMETERY,West Canaan Road Cemetery,Township,MRW,CEM,Public,0.72485698,West Canaan Road Cemetery,,7/1/2025 16:11,parcels,,,7f886da2-c701-466f-8f9c-1c12919d9670,7/1/2025 16:11,31574.77002,1143.596832
24762,GREEN SPACE,WEST DOMINION STREET ISLAND,Columbus,FRA,NOS,Public,0.08748502,,,7/1/2025 16:11,Columbus Park Boundaries,,,22f3d891-53c0-4b76-956d-f985db1ee1fa,7/1/2025 16:11,3810.847412,244.9377586
22960,CEMETERY,West Oxford Cemetery,Township,DEL,CEM,Public,0.88480845,West Oxford Cemetery,,7/1/2025 16:11,ODNR,,,446f3a71-dd9a-4fc8-b525-2be7031fc5dd,7/1/2025 16:11,38542.25623,785.8896253
24059,PARK,West Park Avenue Park,Columbus,FRA,NOS,Public,3.73122142,West Park Avenue Park,,7/1/2025 16:11,Columbus,,,27847bb0-7265-4cff-8868-65aeaeb5b712,7/1/2025 16:11,162532.0055,4209.254886
23074,CEMETERY,West Pioneer,Westerville,FRA,CEM,Public,4.42927963,West Pioneer,,7/1/2025 16:11,orthos,,,710b727e-97d6-43dc-9919-a46da3b3cbcf,7/1/2025 16:11,192939.4202,2691.96148
23740,CEMETERY,West Point Congress Township Cemetery,Township,MRW,CEM,Public,0.68259957,West Point Congress Township Cemetery,,7/1/2025 16:11,parcels,,,c9218cc9-418e-4d5d-9265-beec1a3b4ba1,7/1/2025 16:11,29734.03735,705.4789877
22864,CEMETERY,West Point Road Southeast Cemetery,Township,FAI,CEM,Public,0.07359926,West Point Road Southeast Cemetery,,7/1/2025 16:11,Fairfield County,,,81a04221-6fbf-4d4a-b430-f294c7a398f3,7/1/2025 16:11,3205.983765,236.2793389
22836,CEMETERY,West Rushville Cemetery,Township,FAI,CEM,Public,8.42440055,West Rushville Cemetery,,7/1/2025 16:11,Fairfield County,,,e48ef411-007c-4518-b07d-81ace6e36324,7/1/2025 16:11,366966.8872,2737.716531
22846,CEMETERY,West Rushville Road Northeast Cemetery,Township,FAI,CEM,Public,0.55998779,West Rushville Road Northeast Cemetery,,7/1/2025 16:11,Fairfield County,,,83f026ca-5e3d-4fdf-92a9-795e54e47376,7/1/2025 16:11,24393.06836,625.2406245
25101,GREEN SPACE,West Wilson Bridge Road Open Space,Worthington,FRA,NOS,Public,2.95467597,,,7/1/2025 16:11,MORPC Standardized ELU 2021,,,aa00a4af-8b57-48ff-a350-8bd44f0d6319,7/1/2025 16:11,128705.6847,2031.389166
22468,PARK,Westbank Walkway,Columbus,FRA,N,Public,1.35351933,Westbank Walkway,,7/1/2025 16:11,Columbus, ,,fe45dd5a-862c-4e1b-bc6b-23e266c006b2,7/1/2025 16:11,58959.30188,1063.442968
23533,PARK,Westbury Park,Dublin,UNI,N,Public,5.03758722,Westbury Park,,7/1/2025 16:11,Dublin, ,Westbury Park,da03657c-40fa-4dff-ba90-4fcabed4b7fa,7/1/2025 16:11,219437.2996,2796.36112
24347,PARK,Westbury Park,Dublin,FRA,N,Public,8.37585208,Westbury Park,,7/1/2025 16:11,Dublin, ,Westbury Park,717ec0cd-4fee-4aa9-9392-316a4dffaa5a,7/1/2025 16:11,364852.1158,2919.342306
24348,PARK,Westbury Park,Dublin,FRA,N,Public,6.43880053,Westbury Park,,7/1/2025 16:11,Dublin, ,Westbury Park,48be0ca5-3fdf-419a-8c94-26a7793fff54,7/1/2025 16:11,280474.1512,3621.891319
24304,GREEN SPACE,Westbury/Wyndham Village Open Space,Dublin,FRA,NOS,Public,2.59542988,,,7/1/2025 16:11,Dublin,,,98602fc0-fa79-4f06-85a0-b9ce1d99fe75,7/1/2025 16:11,113056.9258,1940.810336
24305,GREEN SPACE,Westbury/Wyndham Village Open Space,Dublin,FRA,NOS,Public,1.14682083,,,7/1/2025 16:11,Dublin,,,6acbaf02-cd5e-4168-a9ed-7732b3d61214,7/1/2025 16:11,49955.51526,946.931769
24306,GREEN SPACE,Westbury/Wyndham Village Open Space,Dublin,FRA,NOS,Public,1.02228475,,,7/1/2025 16:11,Dublin,,,3c4aecca-31d7-4f42-b64b-9973c916d392,7/1/2025 16:11,44530.72363,1073.317353
24308,GREEN SPACE,Westbury/Wyndham Village Open Space,Dublin,UNI,NOS,Public,2.39032951,,,7/1/2025 16:11,Dublin,,,ed8e4a7f-d062-41fb-9f0c-7cd568da7cd9,7/1/2025 16:11,104122.7533,1547.947985
22339,GOLF,Westchester Links Golf Course,Canal Winchester,FRA,GOLF,Public,292.7204261,Westchester Links Golf Course,,7/1/2025 16:11,,,Westchester Links Golf Course,d1ca1151-91e0-4762-9155-efa6f7098cad,7/1/2025 16:11,12750901.76,48197.86958
22228,PARK,Westchester Park,Columbus,FRA,N,Public,1.52812029,Westchester Park,,7/1/2025 16:11,Columbus, ,,3f3057f7-740b-4c84-9786-913cce3de940,7/1/2025 16:11,66564.91968,1061.9037
24212,PARK,Westchester Park,Canal Winchester,FRA,PRES,Public,11.05905643,Westchester Park,,7/1/2025 16:11,,,,b0fdd210-1f92-4945-81f6-10cfc949033b,7/1/2025 16:11,481732.4985,3801.465269
22464,PARK,Westerford Village Park,Columbus,FRA,C,Public,5.24956052,Westerford Village Park,,7/1/2025 16:11,Columbus, ,Westerford Village Park,58401fb6-3968-4f0c-b2fc-eefd3b93bd12,7/1/2025 16:11,228670.8568,3826.972897
22481,PARK,Westerville Bikeway,Westerville,DEL,N,Public,2.30454284,Westerville Bikeway,,7/1/2025 16:11,Westerville, ,,4d0fe95d-82af-4ef7-9a35-ba304191ea28,7/1/2025 16:11,100385.8864,1475.257831
22234,RECREATION,Westerville Community Center,Westerville,DEL,SPU,Public,24.39890616,Westerville Community Center,,7/1/2025 16:11,Westerville,Westerville Community Center,Westerville Community Center,39b73554-4a61-400c-8c19-de37cb5f6d28,7/1/2025 16:11,1062816.353,4227.6117
22470,PARK,Westerville Crossing Parkland,Columbus,FRA,CON,Public,0.91250854,Westerville Crossing Park,,7/1/2025 16:11,Columbus, ,,1b6616be-d5a0-4cdc-9d90-c8e37ea2c2f9,7/1/2025 16:11,39748.8717,775.4510662
23227,PARK,Westerville Crossing Parkland,Columbus,FRA,CON,Public,7.2107093,Westerville Crossing Parkland,,7/1/2025 16:11,Columbus,,Westerville Crossing Parkland,11d7c884-3379-4e5a-9c66-bff830048c6e,7/1/2025 16:11,314098.4967,4421.741422
23228,PARK,Westerville Crossing Parkland,Columbus,FRA,CON,Public,4.11939606,Westerville Crossing Parkland,,7/1/2025 16:11,Columbus,,,b7620221-89ca-487b-b274-f99082537ebb,7/1/2025 16:11,179440.8923,2678.807238
22480,PARK,Westerville Greenway,Westerville,DEL,C,Public,7.38929902,Westerville Greenway,,7/1/2025 16:11,Westerville, ,Westerville Greenway,b5838b65-c348-4a14-89b1-907b4e7ae742,7/1/2025 16:11,321877.8655,10190.6855
23577,PARK,Westerville Greenway,Westerville,FRA,NOS,Public,0.56996493,Westerville Greenway,,7/1/2025 16:11,Westerville,,,40ed73de-1b5c-410f-b648-92a7615c06c8,7/1/2025 16:11,24827.67236,2397.002436
23578,PARK,Westerville Greenway,Westerville,FRA,NOS,Public,0.14896969,Westerville Greenway,,7/1/2025 16:11,Westerville,,,a347b349-78e4-49cd-8e8d-b02888ebc061,7/1/2025 16:11,6489.119751,387.6228467
23579,PARK,Westerville Greenway,Westerville,FRA,NOS,Public,0.49790144,Westerville Greenway,,7/1/2025 16:11,Westerville,,,c89f3f73-b97a-4e45-992a-934e131bdcaf,7/1/2025 16:11,21688.58691,2437.646464
23580,PARK,Westerville Greenway,Westerville,FRA,NOS,Public,0.4469226,Westerville Greenway,,7/1/2025 16:11,Westerville,,,a3f8d444-fffd-416c-af8f-20a284f7593d,7/1/2025 16:11,19467.94824,1841.820282
23581,PARK,Westerville Greenway,Westerville,FRA,NOS,Public,0.65056047,Westerville Greenway,,7/1/2025 16:11,Westerville,,,32fda9a8-0c3f-463e-98f7-51bc4d162d2a,7/1/2025 16:11,28338.41394,4374.84858
24791,GREEN SPACE,Westerville Reservoir,Township,DEL,NOS,Public,89.57022374,,,7/1/2025 16:11,MORPC Standardized ELU 2021,,,37cd5eef-7e72-4280-b1b4-1eb087908a16,7/1/2025 16:11,3901678.947,17304.00501
21990,RECREATION,Westerville Senior Center,Westerville,FRA,SPU,Public,1.92362855,Westerville Senior Center,,7/1/2025 16:11,Westerville, ,,4e6dd8f7-bb9b-4b94-9c4a-96f9acb007b1,7/1/2025 16:11,83793.25952,1161.101611
22235,RECREATION,Westerville Sports Complex,Westerville,DEL,REC,Public,31.47922228,Westerville Sports Complex,,7/1/2025 16:11,Westerville, ,Westerville Sports Complex,eedd7f4b-bd80-45ba-a643-fa5ef31f6e06,7/1/2025 16:11,1371234.922,4849.861206
23535,RECREATION,Westerville Sports Complex,Westerville,FRA,REC,Public,19.71780305,Westerville Sports Complex,,7/1/2025 16:11,Westerville, ,Westerville Sports Complex,b4698eaa-67c3-4538-b63c-342a73642c1b,7/1/2025 16:11,858907.5009,4425.451117
22229,PARK,Westerville Woods Park,Columbus,FRA,CON,Public,1.56220541,Westerville Woods Park,,7/1/2025 16:11,Columbus, ,,7e40fdf9-ffe1-412f-99c4-bd515d8fe2a2,7/1/2025 16:11,68049.66797,1890.290331
25334,CEMETERY,Westfield Cemetery,Township,MRW,CEM,Public,0.04973559,Westfield Cemetery,,7/1/2025 16:11,Google Maps,,,78dd7861-2fd3-4f8c-8f08-69244fd8c26d,7/1/2025 16:11,2166.482178,311.8035872
25335,CEMETERY,Westfield Cemetery,Township,MRW,CEM,Public,0.98625266,Westfield Cemetery,,7/1/2025 16:11,Google Maps,,,6d23297c-0957-4ebb-9fb3-c2e46a72a1b6,7/1/2025 16:11,42961.16602,1188.927272
22090,PARK,Westgate Park,Columbus,FRA,C,Public,43.11047874,Westgate Park,,7/1/2025 16:11,Columbus,Westgate Park,Westgate Park,ec5c6ba6-4dcb-42b3-b166-c69d3272334a,7/1/2025 16:11,1877892.454,6078.047107
21968,PARK,Westgrove Park,Grove City,FRA,C,Public,5.76093812,Westgrove Park,,7/1/2025 16:11,Grove City, ,Westgrove Park,7807fec1-a956-4e7d-9566-daea020f4eb9,7/1/2025 16:11,250946.4647,2137.293078
22141,PARK,Westmoor Park,Columbus,FRA,N,Public,16.68060603,Westmoor Park,103,7/1/2025 16:11,Columbus, ,Westmoor Park,f83bbe26-470b-46f7-9be6-cec48e2d69a7,7/1/2025 16:11,726607.1985,4025.744165
24743,GREEN SPACE,WESTMOOR STREET ISLAND,Columbus,FRA,NOS,Public,0.01890892,,,7/1/2025 16:11,Columbus Park Boundaries,,,69352ccd-b442-47fe-9761-57bdacbd6068,7/1/2025 16:11,823.6728516,110.9452847
21980,PARK,Westover Park,Upper Arlington,FRA,N,Public,1.11876219,Westover Park,,7/1/2025 16:11,, ,,f28f8604-2bce-44d6-aea4-3395b9509cf1,7/1/2025 16:11,48733.28064,930.8807192
24186,PARK,Westwood Memorial Park,West Jefferson,MAD,N,Public,6.54252924,Westwood Memorial Park,,7/1/2025 16:11,parcels,,Westwood Memorial Park,8fbac0ad-c3fa-4f6c-a690-67511b5341a8,7/1/2025 16:11,284992.5735,2211.145471
23663,GREEN SPACE,Wexford Estates Open Space,Dublin,FRA,NOS,Public,1.06187703,,,7/1/2025 16:11,Dublin,,,6af2889e-8724-4a67-8a05-8b096dfdb750,7/1/2025 16:11,46255.36328,1234.962996
22230,PARK,Wexford Green Park,Columbus,FRA,N,Public,9.70921863,Wexford Green Park,87,7/1/2025 16:11,Columbus, ,Wexford Green Park,d011de79-2ca6-4a14-aeb4-b3b18d01570e,7/1/2025 16:11,422933.5631,3371.098737
23662,PARK,Wexford Woods Open Space East,Dublin,FRA,NOS,Public,0.2199828,Wexford Woods Open Space East,,7/1/2025 16:11,Dublin,,,b7c94a2e-3d7c-44d1-9956-0f97206bd2e9,7/1/2025 16:11,9582.450439,449.2702029
23658,PARK,Wexford Woods Open Space West,Dublin,FRA,NOS,Public,0.22596928,Wexford Woods Open Space West,,7/1/2025 16:11,Dublin,,,a842b0ad-45bc-413d-a2c5-ee5e50d10a27,7/1/2025 16:11,9843.22168,410.2729861
24889,PARK,Whaley Park ,Township,KNO,C,Public,2.02307905,Whaley Park ,,7/1/2025 16:11,MORPC Standardized ELU 2021,,,a75ab290-45ec-463b-934c-bc230ec9a892,7/1/2025 16:11,88125.32312,1244.181892
24890,PARK,Whaley Park ,Township,KNO,C,Public,33.71817306,Whaley Park ,,7/1/2025 16:11,MORPC Standardized ELU 2021,,Whaley Park ,4099c9a4-3314-4266-8e99-32928a56ab07,7/1/2025 16:11,1468763.619,5717.934714
22142,PARK,Wheeler Memorial Park,Columbus,FRA,N,Public,4.00474499,Wheeler Memorial Park,,7/1/2025 16:11,Columbus, ,,d6f4de35-aac5-4c62-b9bd-aafda1256383,7/1/2025 16:11,174446.6918,1700.727428
24766,GREEN SPACE,WHEELER STREET ISLANDS,Columbus,FRA,NOS,Public,0.76324595,,,7/1/2025 16:11,Columbus Park Boundaries,,,7d834d2c-48a4-483e-9582-8ae82e5acccf,7/1/2025 16:11,33246.99377,1507.829018
22091,PARK,Whetstone Park,Columbus,FRA,R,Public,155.1568115,Whetstone Park,,7/1/2025 16:11,Columbus,Whetstone Park,Whetstone Park,e7614597-cc82-4132-b8e1-84ad6a0b087b,7/1/2025 16:11,6758630.707,16547.22044
25781,CEMETERY,Whiptown Cemetery,Township,PER,CEM,Public,1.05830044,Whiptown Cemetery,,7/1/2025 16:11,Google Maps,,,2704711b-5c51-41b9-acd7-f6dac0bf09e4,7/1/2025 16:11,46099.56702,926.6625264
23926,CEMETERY,Whisler Cemetery,Township,PIC,CEM,Public,3.52751677,Whisler Cemetery,,7/1/2025 16:11,Pickaway parcels,,,6319fc3a-c7b0-4427-982d-4a431b4b13c5,7/1/2025 16:11,153658.6306,1746.197013
23247,CEMETERY,White (Britton),Columbus,FRA,CEM,Public,0.2624569,White (Britton),,7/1/2025 16:11,FCA,,,01580ea3-3273-4503-a729-a5988debc67d,7/1/2025 16:11,11432.62231,428.3609938
23205,PARK,White Ash Parkland,Columbus,FRA,CON,Public,13.58083845,White Ash Parkland,,7/1/2025 16:11,Columbus,,White Ash Parkland,b85e321a-f289-4ee6-aa64-9c680ce9af21,7/1/2025 16:11,591581.3229,3137.629442
25463,CEMETERY,White Oak Grove Cemetery,Township,FAY,CEM,Public,8.73370737,White Oak Grove Cemetery,,7/1/2025 16:11,Google Maps,,,2317ef95-105d-4943-a471-91e302aa687e,7/1/2025 16:11,380440.2933,2674.905556
23425,PARK,White Sulfer Quarry,Columbus,DEL,C,Public,112.959715,White Sulfer Quarry,,7/1/2025 16:11,Columbus,White Sulfer Quarry,White Sulfer Quarry,f436ccb9-2681-43fa-bb9a-7720b28ba2cf,7/1/2025 16:11,4920525.183,12103.71557
21932,PARK,Whitehall Community Park,Bexley,FRA,R,Public,102.9867782,Whitehall Community Park,,7/1/2025 16:11,,Whitehall Community Park,Whitehall Community Park,5a4e5d67-2b07-4599-9f12-471663684a81,7/1/2025 16:11,4486104.059,10047.00435
25737,GOLF,Whitetail Ridge Golf Course,Township,PER,GOLF,Public,3.49996968,Whitetail Ridge Golf Course,,7/1/2025 16:11,Google Maps,,,0592f0c0-9e77-41e2-87cb-5d7883143f12,7/1/2025 16:11,152458.6793,1756.108332
25738,GOLF,Whitetail Ridge Golf Course,Township,PER,GOLF,Public,21.4774071,Whitetail Ridge Golf Course,,7/1/2025 16:11,Google Maps,,,922b84c5-14ea-4e3d-86d7-a43387c2da35,7/1/2025 16:11,935555.8536,4340.524704
25739,GOLF,Whitetail Ridge Golf Course,Township,PER,GOLF,Public,3.79738245,Whitetail Ridge Golf Course,,7/1/2025 16:11,Google Maps,,,f95009ac-85d8-4b28-83d7-2f4548704035,7/1/2025 16:11,165413.9792,2009.252885
25740,GOLF,Whitetail Ridge Golf Course,Township,PER,GOLF,Public,108.7426364,Whitetail Ridge Golf Course,,7/1/2025 16:11,Google Maps,,,0d127a44-4db2-441f-96a5-a73b573d6c8b,7/1/2025 16:11,4736829.24,12321.84432
24079,PARK,Wicklow Park,Columbus,FRA,N,Public,0.62619291,Wicklow Park,,7/1/2025 16:11,Columbus,,,98117906-d4b9-4b81-85dd-0cddc6c8ffa3,7/1/2025 16:11,27276.96313,665.5537187
23192,PARK,Wildlife Area,Township,FAY,W,Public,17.05589682,Wildlife Area,,7/1/2025 16:11,ODNR,Wildlife Area,Wildlife Area,5115b4db-149d-44e2-9ce9-b5a0ad3ec79d,7/1/2025 16:11,742954.8654,3873.312406
23127,PARK,Wildlife Habitat Restoration Program,Township,MAD,PR,Public,80.64798412,Wildlife Habitat Restoration Program,,7/1/2025 16:11,ODNR,,Wildlife Habitat Restoration Program,51847b7c-3018-42ce-b732-8f7cea411a09,7/1/2025 16:11,3513026.188,8337.804656
23128,PARK,Wildlife Habitat Restoration Program,Township,MAD,PR,Public,75.96335864,Wildlife Habitat Restoration Program,,7/1/2025 16:11,ODNR,,Wildlife Habitat Restoration Program,81bf1500-2d69-4c8f-ac61-92963afb42dc,7/1/2025 16:11,3308963.902,7385.654349
23130,PARK,Wildlife Habitat Restoration Program,Township,PIC,PR,Public,39.27800655,Wildlife Habitat Restoration Program,,7/1/2025 16:11,ODNR,,Wildlife Habitat Restoration Program,37da2ea8-e05c-45ce-a72c-107ae284290f,7/1/2025 16:11,1710949.965,5742.875883
23131,PARK,Wildlife Habitat Restoration Program,Township,PIC,PR,Public,44.38567515,Wildlife Habitat Restoration Program,,7/1/2025 16:11,ODNR,,Wildlife Habitat Restoration Program,0ab7ed9c-9261-4f04-9a6e-695763d98cf7,7/1/2025 16:11,1933440.01,5819.98801
23132,PARK,Wildlife Habitat Restoration Program,Township,FAY,PR,Public,54.30657004,Wildlife Habitat Restoration Program,,7/1/2025 16:11,ODNR,,Wildlife Habitat Restoration Program,b8c3881e-f9da-44a0-a719-5f75a5cc0bc1,7/1/2025 16:11,2365594.191,10264.05445
23133,PARK,Wildlife Habitat Restoration Program,Township,PIC,PR,Public,78.68732517,Wildlife Habitat Restoration Program,,7/1/2025 16:11,ODNR,,Wildlife Habitat Restoration Program,dd6f857f-1de8-462b-b9db-bf90d36dd98b,7/1/2025 16:11,3427619.885,7928.98943
23135,PARK,Wildlife Habitat Restoration Program,Township,PIC,PR,Public,111.2975582,Wildlife Habitat Restoration,,7/1/2025 16:11,ODNR,Wildlife Habitat Restoration,Wildlife Habitat Restoration,08e3c5b7-a8f4-4d38-b17f-2c87da05884f,7/1/2025 16:11,4848121.634,9046.056994
23136,PARK,Wildlife Habitat Restoration Program,Township,FAY,PR,Public,54.46769303,Wildlife Habitat Restoration Program,,7/1/2025 16:11,ODNR,,Wildlife Habitat Restoration Program,551179fd-e433-454e-874a-95e3d7ed0fa3,7/1/2025 16:11,2372612.708,8706.888079
23137,PARK,Wildlife Habitat Restoration Program,Township,PIC,PR,Public,93.58182049,Wildlife Habitat Restoration Program,,7/1/2025 16:11,ODNR,,Wildlife Habitat Restoration Program,4c8c0873-3b9b-4e70-964d-b681e4045f4f,7/1/2025 16:11,4076424.1,8792.186998
23139,PARK,Wildlife Habitat Restoration Program,Township,PIC,PR,Public,53.28931394,Wildlife Habitat Restoration Program,,7/1/2025 16:11,ODNR,,Wildlife Habitat Restoration Program,6c31f0b6-b3a7-4f89-bf0c-f069279d2392,7/1/2025 16:11,2321282.515,6155.015901
23140,PARK,Wildlife Habitat Restoration Program,Township,FAY,PR,Public,62.49737002,Wildlife Habitat Restoration Program,,7/1/2025 16:11,ODNR,,Wildlife Habitat Restoration Program,0a3b28d2-0da4-444f-88b4-a4c4c4d03dc9,7/1/2025 16:11,2722385.438,8432.347225
23141,PARK,Wildlife Habitat Restoration Program,Township,PIC,PR,Public,51.66872564,Wildlife Habitat Restoration Program,,7/1/2025 16:11,ODNR,,Wildlife Habitat Restoration Program,cb8ca17f-f6ca-4611-925c-9429db498617,7/1/2025 16:11,2250689.689,9334.835536
23142,PARK,Wildlife Habitat Restoration Program,Township,PIC,PR,Public,68.29730001,Wildlife Habitat Restoration Program,,7/1/2025 16:11,ODNR,,Wildlife Habitat Restoration Program,dd0a54fe-0787-49ac-82ce-196d0a3eced4,7/1/2025 16:11,2975030.389,8708.477586
23143,PARK,Wildlife Habitat Restoration Program,Township,FAY,PR,Public,88.91400934,Wildlife Habitat Restoration Program,,7/1/2025 16:11,ODNR,,Wildlife Habitat Restoration Program,83f7ff0f-ff2a-4975-a8fb-4c096242c072,7/1/2025 16:11,3873094.247,10218.15909
23144,PARK,Wildlife Habitat Restoration Program,Township,FAY,PR,Public,32.83673563,Wildlife Habitat Restoration Program,,7/1/2025 16:11,ODNR,,Wildlife Habitat Restoration Program,6bb1f4b5-f0ee-442a-8c6c-21ae09cdc2a0,7/1/2025 16:11,1430368.204,5052.684464
23145,PARK,Wildlife Habitat Restoration Program,Township,FAY,PR,Public,50.99531577,Wildlife Habitat Restoration Program,,7/1/2025 16:11,ODNR,,Wildlife Habitat Restoration Program,86c9cc9e-15bc-4e30-ac92-01faba29ac82,7/1/2025 16:11,2221355.955,6293.887246
23146,PARK,Wildlife Habitat Restoration Program,Township,PIC,PR,Public,49.49599096,Wildlife Habitat Restoration Program,,7/1/2025 16:11,ODNR,,Wildlife Habitat Restoration Program,7fae102a-32b2-4d84-bb3b-01c987c5be90,7/1/2025 16:11,2156045.366,5899.827562
23147,PARK,Wildlife Habitat Restoration Program,Township,PIC,PR,Public,66.98031344,Wildlife Habitat Restoration Program,,7/1/2025 16:11,ODNR,,Wildlife Habitat Restoration Program,4a21a5e2-06c5-4cc6-827e-a5dbb07d0c53,7/1/2025 16:11,2917662.454,10507.55621
23148,PARK,Wildlife Habitat Restoration Program,Township,FAY,PR,Public,62.05337816,Wildlife Habitat Restoration Program,,7/1/2025 16:11,ODNR,,Wildlife Habitat Restoration Program,33905fed-1897-4e13-9773-875cf6f47d5e,7/1/2025 16:11,2703045.153,8472.455072
23149,PARK,Wildlife Habitat Restoration Program,Township,FAY,PR,Public,38.59551263,Wildlife Habitat Restoration Program,,7/1/2025 16:11,ODNR,,Wildlife Habitat Restoration Program,96d9214d-908a-4510-8903-8665ffc1646c,7/1/2025 16:11,1681220.53,6950.076979
23150,PARK,Wildlife Habitat Restoration Program,Township,ROS,PR,Public,64.98358072,Wildlife Habitat Restoration Program,,7/1/2025 16:11,ODNR,,Wildlife Habitat Restoration Program,e733c5c6-d7d3-4222-b572-124ac17657ce,7/1/2025 16:11,2830684.776,9648.437634
23151,PARK,Wildlife Habitat Restoration Program,Township,ROS,PR,Public,115.6227747,Wildlife Habitat Restoration,,7/1/2025 16:11,ODNR,Wildlife Habitat Restoration,Wildlife Habitat Restoration,b1d737fc-7fb1-4722-a4d9-cdb85f0e060a,7/1/2025 16:11,5036528.068,12043.19661
23152,PARK,Wildlife Habitat Restoration Program,Township,FAY,PR,Public,40.97481912,Wildlife Habitat Restoration Program,,7/1/2025 16:11,ODNR,,Wildlife Habitat Restoration Program,7c2da768-fd1d-4f73-b6f1-40b48a7372b8,7/1/2025 16:11,1784863.121,5326.105403
23155,PARK,Wildlife Habitat Restoration Program,Township,ROS,PR,Public,58.40250973,Wildlife Habitat Restoration Program,,7/1/2025 16:11,ODNR,,Wildlife Habitat Restoration Program,8c14bfce-f50e-4696-85a2-1669e68d853f,7/1/2025 16:11,2544013.324,6291.357805
23156,PARK,Wildlife Habitat Restoration Program,Township,ROS,PR,Public,57.61284523,Wildlife Habitat Restoration Program,,7/1/2025 16:11,ODNR,,Wildlife Habitat Restoration Program,1fd692e9-f36e-4868-b0df-e67ba8e533e5,7/1/2025 16:11,2509615.538,7239.414319
23157,PARK,Wildlife Habitat Restoration Program,Township,ROS,PR,Public,51.94251742,Wildlife Habitat Restoration Program,,7/1/2025 16:11,ODNR,,Wildlife Habitat Restoration Program,0bba7e10-6bb2-4b8c-92c1-190b15f5b95a,7/1/2025 16:11,2262616.059,6166.650152
23684,PARK,Wildlife Habitat Restoration Program,Township,FAY,PR,Public,0.48739236,Wildlife Habitat Restoration,,7/1/2025 16:11,ODNR,,,9fcdbaad-7086-4688-978f-8831ef5c0b5c,7/1/2025 16:11,21230.81134,770.3794363
24368,PARK,Wildros Parkland,Columbus,FRA,NOS,Public,9.90154262,Wildros Parkland,,7/1/2025 16:11,Cols,,,29a977df-7463-443a-b839-bc95e5c9bb6a,7/1/2025 16:11,431311.1971,9311.429692
23547,PARK,Wildwood Park,Granville,LIC,P,Private,8.82292736,Wildwood Park,,7/1/2025 16:11,Licking County GIS file,,Wildwood Park,3789cf22-bd90-4b8f-bfae-04f2b521fe72,7/1/2025 16:11,384326.7158,2522.546285
24749,GREEN SPACE,WILDWOOD STREET ISLAND,Columbus,FRA,NOS,Public,0.02226796,,,7/1/2025 16:11,Columbus Park Boundaries,,,ed7ad9c4-4db6-4c05-9a55-f896d211c4bc,7/1/2025 16:11,969.9925537,111.6604184
24456,PARK,Wilkins Run Road Northeast Open Space ,Township,LIC,PRES,Public,0.28150394,Wilkins Run Road Northeast Open Space,,7/1/2025 16:11,,,,4f56760b-0f40-4492-8f0c-e3503debeade,7/1/2025 16:11,12262.31177,761.7740273
24457,PARK,Wilkins Run Road Northeast Open Space ,Township,LIC,PRES,Public,74.24367972,Wilkins Run Road Northeast Open Space ,,7/1/2025 16:11,,,,39500aab-f45c-4482-ae57-74f83bcaf74c,7/1/2025 16:11,3234054.689,7697.869077
24458,PARK,Wilkins Run Road Northeast Open Space ,Township,LIC,PRES,Public,91.12515749,Wilkins Run Road Northeast Open Space ,,7/1/2025 16:11,,,,91b62196-3a2e-4847-96d9-ccf9b09bac00,7/1/2025 16:11,3969411.86,8251.057488
23258,CEMETERY,Williams,Township,FRA,CEM,Public,0.06538046,Williams,,7/1/2025 16:11,FCA,,,fb74f291-665d-46a2-a2ef-cef52563c2b9,7/1/2025 16:11,2847.9729,215.2045717
23197,PARK,Williams Creek Park,Columbus,FRA,N,Public,6.39462227,Williams Creek Park,304,7/1/2025 16:11,Columbus,,Williams Creek Park,03dbf70d-da77-4100-83bd-305e19559730,7/1/2025 16:11,278549.746,3831.855488
23018,CEMETERY,Williamsville Cemetery,Township,DEL,CEM,Public,0.71622687,Williamsville Cemetery,,7/1/2025 16:11,,,,17a79b56-e55a-4819-b169-dd0a09d33c4d,7/1/2025 16:11,31198.8429,721.8241897
22439,PARK,Willis Park,Columbus,FRA,NOS,Public,2.70161816,Willis Park,,7/1/2025 16:11,Columbus,,,dc44f34c-e351-48ab-a086-4d02fbdbcf37,7/1/2025 16:11,117682.4872,1630.192571
23465,PARK,Willis Park,Columbus,FRA,N,Public,0.74266945,Willis Park,,7/1/2025 16:11,FCA,,,b2946f7e-1b4b-40bf-9a71-5a381053ab95,7/1/2025 16:11,32350.68103,938.8735574
23774,GREEN SPACE,Willow Brook Crossing Open Space,Township,FRA,NOS,Public,4.70312089,,,7/1/2025 16:11,,,,56c4a13f-277e-4269-b1af-30ccd2ba19e5,7/1/2025 16:11,204867.9458,2654.407355
23777,GREEN SPACE,Willow Brook Crossing Open Space,Township,FRA,NOS,Public,1.55919669,,,7/1/2025 16:11,,,,3f15e49f-a654-4377-ad9f-f9924ecc7a65,7/1/2025 16:11,67918.60779,2079.544282
23785,GREEN SPACE,Willow Brook Crossing Open Space,Township,FRA,NOS,Public,8.07120647,,,7/1/2025 16:11,Jefferson Twp,,,1a31d4af-6f6e-47b3-80c6-a119afbc3e85,7/1/2025 16:11,351581.7534,2865.952781
22061,PARK,Willow Creek Park,Columbus,FRA,N,Public,9.55886562,Willow Creek Park,,7/1/2025 16:11,Columbus, ,Willow Creek Park,b4d772f8-4487-44f4-b3fe-f0838c422566,7/1/2025 16:11,416384.1865,3154.115254
24218,PARK,Willow Creek Preserve,Columbus,FRA,CON,Public,12.68068273,Willow Creek Preserve,,7/1/2025 16:11,,,Willow Creek Preserve,0a2c10bd-50b4-4832-b39e-4312b597e987,7/1/2025 16:11,552370.5402,4121.552962
22598,PARK,Willow Pond Park,Pickerington,FAI,C,Public,6.95267087,Willow Pond Park,,7/1/2025 16:11,Fairfield County, ,Willow Pond Park,f48771a3-70a7-4468-b4b9-1ee0dcf33f85,7/1/2025 16:11,302858.342,3034.286567
22327,GOLF,Willow Run Golf Course,Township,LIC,GOLF,Public,155.1726386,Willow Run Golf Course,,7/1/2025 16:11,,,Willow Run Golf Course,519e877b-5d9a-41d6-ab38-9b5333b94001,7/1/2025 16:11,6759320.138,12944.74043
23804,GREEN SPACE,Wills Run Lane Open Space,Township,FRA,NOS,Public,6.09051902,,,7/1/2025 16:11,parcels,,,f48b8f7d-9447-4457-b427-6eda0eeb116c,7/1/2025 16:11,265303.0084,3162.365221
22143,PARK,Willson Hill Park,Worthington,FRA,N,Public,3.23479354,Willson Hill Park,,7/1/2025 16:11,, ,,6a31dcbe-0638-4462-86ae-0e1b8d77bba7,7/1/2025 16:11,140907.6066,1817.666417
22433,PARK,Wilson Avenue Park,Columbus,FRA,PRES,Public,0.11991059,Wilson Avenue Park,,7/1/2025 16:11,Columbus,,,bcdb58e4-f2f6-4d7b-aae9-dbd56ecd3d87,7/1/2025 16:11,5223.305298,309.0299292
24003,CEMETERY,Wilson Cemetery,Newark,LIC,CEM,Public,0.15300985,Wilson Cemetery,,7/1/2025 16:11,Licking Co Parcels,,,8f38c77a-ae6e-4172-b853-6f1762759bd1,7/1/2025 16:11,6665.109131,327.9935942
25464,CEMETERY,Wilson Cemetery,Township,FAY,CEM,Private,0.12743039,Wilson Cemetery,,7/1/2025 16:11,Google Maps,,,16cdceb8-c1a3-489b-8402-4273a14655d2,7/1/2025 16:11,5550.867859,299.3229661
25513,CEMETERY,Wilson Cemetery,Township,ROS,CEM,Public,0.09599663,Wilson Cemetery,,7/1/2025 16:11,Google Maps,,,889652de-89b8-4de3-bec5-a3721b19929b,7/1/2025 16:11,4181.613464,259.7372243
25036,PARK,Wilson Memorial Park,Lithopolis,FAI,C,Public,0.24999915,Wilson Memorial Park,,7/1/2025 16:11,MORPC Standardized ELU 2021,,,8700a7c5-bcb1-41ff-9954-0c0f5403150a,7/1/2025 16:11,10889.96313,461.9996334
24070,PARK,Wilson Park North,Columbus,FRA,N,Public,0.74267526,Wilson Park North,,7/1/2025 16:11,Columbus,,,90c40a86-4b02-499b-92e4-afc4e8016c7b,7/1/2025 16:11,32350.93445,1522.274398
24071,PARK,Wilson Park South,Columbus,FRA,NOS,Public,1.02204213,Wilson Park South,,7/1/2025 16:11,Columbus,,,d8759dd9-d1d6-4970-a5dd-ef1a267ac358,7/1/2025 16:11,44520.15479,2073.650949
22144,PARK,Wilson Road Parkland,Columbus,FRA,PRES,Public,47.54532715,Wilson Road Parkland,,7/1/2025 16:11,Columbus,,,3790283b-09a2-40c5-8c36-df6f8c3c6f6d,7/1/2025 16:11,2071074.451,6749.9154
22246,GOLF,Wilson Road/Raymond Memorial Golf Course,Columbus,FRA,GOLF,Public,214.4211149,Raymond Memorial Golf Course,,7/1/2025 16:11,Columbus,,Raymond Memorial Golf Course,0a1bcd7a-7e17-4fb4-a2bb-b6cbae1a7fc6,7/1/2025 16:11,9340183.501,14737.66725
22757,CEMETERY,Winchester Abbey,Canal Winchester,FRA,CEM,Public,24.95918697,Winchester Abbey,,7/1/2025 16:11,,,Winchester Abbey,f68c00b5-f1d3-48c2-a492-76d6eae2e1a5,7/1/2025 16:11,1087222.185,4612.088001
23590,PARK,Winchester Bend Parkland,Columbus,FRA,PRES,Public,5.26411941,Winchester Bend Parkland,,7/1/2025 16:11,,,,43bbfefc-344a-4f73-89b6-e863440aa75e,7/1/2025 16:11,229305.0411,2690.817265
22146,PARK,Winchester Meadows,Columbus,FRA,N,Public,16.23204985,Winchester Meadows,,7/1/2025 16:11,Columbus, ,Winchester Meadows,350172b8-4bc8-4f8e-a308-9ebbb117a98e,7/1/2025 16:11,707068.0909,3733.647819
23207,PARK,Winchester Meadows,Columbus,FRA,CON,Public,1.62147221,Winchester Meadows,,7/1/2025 16:11,Columbus,,,05d8791e-de03-48ab-aafc-1f78cb31b181,7/1/2025 16:11,70631.32935,1075.200931
23833,PARK,Winchester Meadows Parkland Connector,Columbus,FRA,N,Public,1.23251306,Winchester Meadows,,7/1/2025 16:11,Columbus, ,Winchester Meadows,0e1e2e64-e612-49e3-b10e-24be3e28c056,7/1/2025 16:11,53689.78674,1668.574839
21959,GREEN SPACE,Winding Creek Park,Columbus,FRA,NOS,Public,2.84886772,,,7/1/2025 16:11,Columbus,,,3cf6e86a-64d8-4379-8438-79adfce9bc1f,7/1/2025 16:11,124096.6776,1470.64344
22244,GOLF,Winding Hollow Country Club,Township,FRA,GOLF,Public,179.0956454,Winding Hollow Country Club,,7/1/2025 16:11,,,Winding Hollow Country Club,97af95a9-0d21-4d9e-8f6f-b33a0f3f1834,7/1/2025 16:11,7801406.315,15611.68887
23821,GREEN SPACE,Windrush Lane Open Space,Jefferson Twp,FRA,NOS,Public,2.10398429,,,7/1/2025 16:11,parcels,,,22b85119-a64c-458b-b8cf-a243974df037,7/1/2025 16:11,91649.55591,1338.913765
23822,GREEN SPACE,Windrush Lane Open Space,Jefferson Twp,FRA,NOS,Public,1.35783092,,,7/1/2025 16:11,parcels,,,dee05282-de6e-48c2-8c01-87dd23ddc3d1,7/1/2025 16:11,59147.11511,975.2692821
21933,PARK,Windsor Park,Grove City,FRA,C,Public,34.40553805,Windsor Park,,7/1/2025 16:11,Grove City,Windsor Park,Windsor Park,593564a7-5e96-482f-b81e-ceed6c5aeaec,7/1/2025 16:11,1498705.237,7832.046749
22007,PARK,Windward Farms Park,Columbus,FRA,C,Public,17.43933198,Windward Farms Park,,7/1/2025 16:11,Columbus, ,Windward Farms Park,0fc96ffe-bba4-4b26-9842-5df8a1d953d4,7/1/2025 16:11,759657.3014,3885.014752
25103,GREEN SPACE,Winslow Court Open Space,Dublin,FRA,NOS,Public,0.01075268,,,7/1/2025 16:11,MORPC Standardized ELU 2021,,,1560c1fe-1dc1-4e28-931a-a50c40087ff4,7/1/2025 16:11,468.3865358,76.72445753
22542,PARK,Wm C Kraner Nature Center,Township,LIC,R,Public,152.063121,Wm C Kraner Nature Center,,7/1/2025 16:11,,Wm C Kraner Nature Center,Wm C Kraner Nature Center,80c1590c-49ec-469c-a51a-99c2a368a6ad,7/1/2025 16:11,6623869.55,16150.0324
23608,GREEN SPACE,Woerner-Temple Open Space A,Dublin,FRA,NOS,Public,4.21515635,,,7/1/2025 16:11,Dublin,,,71b0a77c-6d0e-46f7-964f-7f7f33a52c37,7/1/2025 16:11,183612.2108,1932.888925
23610,GREEN SPACE,Woerner-Temple Open Space B,Dublin,FRA,NOS,Public,0.2967971,,,7/1/2025 16:11,Dublin,,,0efe7944-ddac-4543-946b-a8973bd0b6b1,7/1/2025 16:11,12928.48132,515.5801619
23609,GREEN SPACE,Woerner-Temple Open Space C,Dublin,FRA,NOS,Public,0.63833467,,,7/1/2025 16:11,Dublin,,,105b758b-5f3d-4e4e-a0a3-9a5443aff6f0,7/1/2025 16:11,27805.85815,1287.097934
25885,CEMETERY,Wolf Cemetery,Township,FAI,CEM,Private,0.10000021,Wolf Cemetery,,7/1/2025 16:11,Google Maps,,,601ca803-2afb-478e-bf20-9aec6713127a,7/1/2025 16:11,4356.009399,264.0002831
22031,PARK,Wolfe Park,Columbus,FRA,R,Public,46.8751641,Wolfe Park,,7/1/2025 16:11,Columbus,Wolfe Park,Wolfe Park,f21d5e4f-c0f7-4c5f-bc7f-7e6f24f3669c,7/1/2025 16:11,2041882.148,6217.573556
23315,PARK,Wolfe Run Regional Park,Township,KNO,R,Public,93.99123982,Wolfe Run Regional Park,,7/1/2025 16:11,,Wolfe Regional Park,Wolfe Run Regional Park,de099355-af8a-488a-b38b-cac424e1c515,7/1/2025 16:11,4094258.407,8358.442539
23316,PARK,Wolfe Run Regional Park,Township,KNO,R,Public,168.6725342,Wolfe Run Regional Park,,7/1/2025 16:11,,Wolfe Run Regional Park,Wolfe Run Regional Park,bf1e98df-7b73-4a7c-ae99-5a99ae1d6cfc,7/1/2025 16:11,7347375.591,10922.16809
23835,GREEN SPACE,Wolpert Open Space,Columbus,FRA,NOS,Public,3.01325576,,,7/1/2025 16:11,Dublin,,,7f8af3a9-6f49-4103-bceb-68cfed67febc,7/1/2025 16:11,131257.4209,1993.229573
22428,PARK,Wonderland Park,Columbus,FRA,CON,Public,14.97523431,Wonderland Park,,7/1/2025 16:11,Columbus, ,Wonderland Park,d498a059-fcdf-4282-954c-9dad529888f8,7/1/2025 16:11,652321.2057,7511.683042
21961,GREEN SPACE,Wood Park Drive Open Space,Township,FRA,NOS,Private,0.8612148,,544,7/1/2025 16:11,,,,65ff11dd-3760-40d2-851b-ccc39e325c96,7/1/2025 16:11,37514.51685,1157.106551
21962,GREEN SPACE,Wood Park Drive Open Space,Township,FRA,NOS,Private,0.9151583,,545,7/1/2025 16:11,,,,5640b538-1a44-4df2-9535-b64f338cbd54,7/1/2025 16:11,39864.29541,1069.782276
21975,PARK,Woodbridge Green Park,Columbus,FRA,N,Public,6.37785884,Woodbridge Green Park,9,7/1/2025 16:11,Columbus, ,Woodbridge Green Park,d02cf67b-cb97-4559-8a27-37deef4e992d,7/1/2025 16:11,277819.5315,2389.457494
25343,CEMETERY,Woodlawn Cemetery,Township,MRW,CEM,Public,0.59714341,Woodlawn Cemetery,,7/1/2025 16:11,Google Maps,,,2abb3d30-9cfe-4537-af7c-fdd490f3c08c,7/1/2025 16:11,26011.56665,676.7097838
25344,CEMETERY,Woodlawn Cemetery,Township,MRW,CEM,Public,0.13010342,Woodlawn Cemetery,,7/1/2025 16:11,Google Maps,,,fe268228-34b1-488b-9fed-496fcda44929,7/1/2025 16:11,5667.305054,343.0019806
22421,PARK,Woodmark Woods Reserve,Gahanna,FRA,NOS,Public,9.98451161,Woodmark Woods Reserve,,7/1/2025 16:11,Gahanna,,,d2a62590-702d-4334-8417-bc3e03667bee,7/1/2025 16:11,434925.3253,3036.234988
22532,PARK,Woods Of Brighton,Dublin,FRA,N,Public,0.78864525,Woods of Brighton,,7/1/2025 16:11,Dublin, ,,7894bb64-4f80-49ca-91cd-bb67556b7a8b,7/1/2025 16:11,34353.38745,1139.89823
23615,PARK,Woods Of Brighton,Dublin,FRA,N,Public,0.51564145,Woods of Brighton,,7/1/2025 16:11,Dublin, ,,3e52c135-cab1-4001-af2b-db5e11613a67,7/1/2025 16:11,22461.34131,631.99658
22231,PARK,Woodside Green Park,Gahanna,FRA,R,Public,32.84688939,Woodside Green Park,,7/1/2025 16:11,Gahanna,Woodside Green Park,Woodside Green Park,c4424edb-0864-4b00-9719-d6f7421e4be3,7/1/2025 16:11,1430810.502,7599.246897
22419,PARK,Woodside Green South Park,Gahanna,FRA,N,Public,3.91301799,Woodside Green South Park,,7/1/2025 16:11,Gahanna, ,,7985f8da-04c2-4a09-a213-afa6db4d5d3f,7/1/2025 16:11,170451.0636,2341.092797
22950,CEMETERY,Woods-Reed Cemetery,Township,UNI,CEM,Public,0.40368492,Woods-Reed Cemetery,,7/1/2025 16:11,Union County,,,d712c20b-0e95-43d0-981a-ac5a594b9bd0,7/1/2025 16:11,17584.51538,554.084574
23229,PARK,Woodstream Park,Columbus,FRA,CON,Public,4.1957017,Woodstream Park,,7/1/2025 16:11,Columbus,,,a6ee7a3b-b4a6-4343-95b0-ca7a5cb3044f,7/1/2025 16:11,182764.7662,3767.786795
21946,PARK,Woodstream Parkland,Columbus,FRA,CON,Public,27.12230384,Woodstream Park,,7/1/2025 16:11,Columbus,Woodstream Park,Woodstream Park,813fbbc6-35df-4335-a93f-96538bdb1d8d,7/1/2025 16:11,1181447.555,6209.060725
24263,PARK,Woodward Park,Columbus,FRA,C,Public,17.01512146,Woodward Park,,7/1/2025 16:11,,,Woodward Park,f8863684-32c0-42ef-af28-bdc0495548f6,7/1/2025 16:11,741178.6906,8610.342069
22092,PARK,Woodward Park & Rec Center,Columbus,FRA,REC,Public,49.42717856,Woodward Park,,7/1/2025 16:11,FCA,Woodward Park,Woodward Park,d240c50f-b39b-48e9-b3a1-b24874ae8a60,7/1/2025 16:11,2153047.899,9486.704247
25939,CEMETERY,Woolard Cemetery,Township,FAI,CEM,Private,0.05624991,Woolard Cemetery,,7/1/2025 16:11,Google Maps,,,67b56db7-ec91-480b-98c4-792cb4364ca6,7/1/2025 16:11,2450.245972,197.9998359
22808,CEMETERY,Woolard Road Northeast Cemetery,Township,FAI,CEM,Public,0.89160541,Woolard Road Northeast Cemetery,,7/1/2025 16:11,Fairfield County,,,ef7f5495-b665-4f31-8f9e-81b7e9148337,7/1/2025 16:11,38838.33179,2844.316071
23728,CEMETERY,Worden Cemetery,Township,MRW,CEM,Public,2.5273627,Worden Cemetery,,7/1/2025 16:11,parcels,,,b9efc05e-f9ff-426a-8582-fd4c294f9751,7/1/2025 16:11,110091.9193,1342.360243
24489,CEMETERY,Workman Cemetery,Township,KNO,CEM,Public,1.49569419,Workman Cemetery,,7/1/2025 16:11,Knox,,,174722fa-34dd-4149-b044-587557fac256,7/1/2025 16:11,65152.43884,1035.8052
25423,CEMETERY,Workman Cemetery,Township,KNO,CEM,Public,1.97137848,Workman Cemetery,,7/1/2025 16:11,Google Maps,,,4c48d26f-a177-4ca7-96de-9527e57e05a4,7/1/2025 16:11,85873.24646,1398.980836
25424,CEMETERY,Workman Cemetery,Township,KNO,CEM,Public,3.33672293,Workman Cemetery,,7/1/2025 16:11,Google Maps,,,2fd01e9d-af56-4874-9238-eabbbcbf1c4e,7/1/2025 16:11,145347.6508,1853.657667
25425,CEMETERY,Workman Cemetery,Township,KNO,CEM,Public,3.08852106,Workman Cemetery,,7/1/2025 16:11,Google Maps,,,f3a23bd5-ceac-4048-b428-97081f8ab515,7/1/2025 16:11,134535.9775,1555.060048
25426,CEMETERY,Workman Cemetery,Township,KNO,CEM,Public,1.88922896,Workman Cemetery,,7/1/2025 16:11,Google Maps,,,6e93852a-4d85-4e9d-aad0-ae94ec5a3a47,7/1/2025 16:11,82294.81348,1284.839443
25427,CEMETERY,Workman Cemetery,Township,KNO,CEM,Public,2.52068681,Workman Cemetery,,7/1/2025 16:11,Google Maps,,,d7b2214e-3b74-4b1d-b02f-a5934febbb19,7/1/2025 16:11,109801.1178,3034.992469
22553,GREEN SPACE,Worthington Court Open Land,Township,LIC,PRES,Public,163.673401,,258,7/1/2025 16:11,,,Golf Course,1d310173-1e57-4053-bfa3-eabea1c22d43,7/1/2025 16:11,7129613.345,12954.12634
22268,GOLF,Worthington Hills Country Club,Township,FRA,GOLF,Public,155.5869687,Worthington Hills Country Club,,7/1/2025 16:11,,,Worthington Hills Country Club,d80eb727-8a31-4317-9087-785ddb1f10f5,7/1/2025 16:11,6777368.359,26663.91498
22688,PARK,Worthington Hills Park,Columbus,FRA,N,Public,6.38245617,Worthington Hills Park,,7/1/2025 16:11,Columbus, ,Worthington Hills Park,986aa6ec-07d5-48f4-b500-114fff383c83,7/1/2025 16:11,278019.7905,4329.560315
24125,PARK,Worthington Park,Logan,HOC,N,Public,0.31132886,Worthington Park,,7/1/2025 16:11,google maps/orthos,,,1497128c-bde7-47f5-958c-7fc9f710a2a4,7/1/2025 16:11,13561.48499,472.9068739
23569,PARK,Worthington Road Open Space,Westerville,DEL,NOS,Public,13.59659609,Worthington Road Open Space,,7/1/2025 16:11,Westerville,,,a58fea7b-4936-4341-b9fa-0f9dff6e4061,7/1/2025 16:11,592267.7257,4782.94424
24232,PARK,Wrexham Park,Columbus,FRA,N,Public,3.06260834,Wrexham Park,,7/1/2025 16:11,,,,7966dd4c-9829-4647-a063-03d52686ae1e,7/1/2025 16:11,133407.2192,1854.503161
23036,CEMETERY,Wright Cemetery,Township,MAD,CEM,Public,0.74598833,Wright Cemetery,,7/1/2025 16:11,,,,9b99c992-c960-492b-bdcd-c98a5e10cda3,7/1/2025 16:11,32495.25159,734.3954411
23289,GOLF,Wyandot Golf & Dining,Township,KNO,GOLF,Public,116.5058694,Wyandot Golf & Dining,,7/1/2025 16:11,orthos,,,e6de2fa0-81d1-4401-afc0-87080f01a73f,7/1/2025 16:11,5074995.669,14279.0665
26039,Park,Wyandot Park,Upper Arlington,FRA,C,Public,2.51720789,Wyandot Park,,7/1/2025 16:11,,,,4e10c9ba-7262-4838-ba7b-740f0420f5f4,7/1/2025 16:11,109649.5757,2192.963869
22578,PARK,Wyandotte Woods Open Space,Dublin,FRA,NOS,Public,5.39295679,Wyandotte Woods Open Space,,7/1/2025 16:11,Dublin,,,cda67fb3-064a-4b19-b45a-92b5db79c844,7/1/2025 16:11,234917.1974,3027.110771
23625,GREEN SPACE,"Wyandotte Woods Open Space """"C""""",Dublin,FRA,NOS,Public,43.95038015,,,7/1/2025 16:11,Dublin,,,9266f514-c3b2-4a7f-86b1-cc67dffa717c,7/1/2025 16:11,1914478.559,8877.61151
25316,CEMETERY,Wyatt Cemetery,Township,MAR,CEM,Private,0.98246488,Wyatt Cemetery,,7/1/2025 16:11,Google Maps,,,10520ca4-56f1-4343-8117-ba73c5507dc6,7/1/2025 16:11,42796.1698,936.1798653
22145,PARK,Wyman Woods Park,Grandview Heights,FRA,C,Public,13.25170838,Wyman Woods Park,,7/1/2025 16:11,, ,Wyman Woods Park,5c78054e-a674-4da3-ae9c-906e7dee5b2a,7/1/2025 16:11,577244.4171,3110.46965
21943,PARK,Wyndhym Park,Dublin,FRA,N,Public,7.35902282,Wyndhym Park,,7/1/2025 16:11,Dublin, ,Wyndhym Park,23932127-f975-4046-a4c5-ec0d17531ab6,7/1/2025 16:11,320559.0333,2909.308514
24265,PARK,Wynstone Park,Columbus,DEL,N,Public,2.87221004,Wynstone Park,,7/1/2025 16:11,Columbus,,,f4e4e460-150e-406f-8524-08e37ce823dc,7/1/2025 16:11,125113.4694,1820.331435
22486,PARK,Y Park,Gahanna,FRA,C,Public,12.25398229,Y Park,2,7/1/2025 16:11,Gahanna, ,Y Park,4a161c7d-68a6-450a-b0f5-a40067877835,7/1/2025 16:11,533783.4685,3224.70303
25554,CEMETERY,Yankee Hill Cemetery,Township,ROS,CEM,Public,0.42774386,Yankee Hill Cemetery,,7/1/2025 16:11,Google Maps,,,9a144f91-a70f-429b-958b-ab55cc62c5e3,7/1/2025 16:11,18632.5224,560.741914
25499,CEMETERY,Yankeetown Cemetery,Township,FAY,CEM,Public,2.37967392,Yankeetown Cemetery,,7/1/2025 16:11,Google Maps,,,563a4058-906d-4904-83a8-7bb624f28f48,7/1/2025 16:11,103658.5961,1737.432841
23675,PARK,YMCS,Delaware City,DEL,C,Public,28.25254286,YMCS,,7/1/2025 16:11,Delaware City,,YMCS,335e1698-7baf-4aee-aeb0-bd48713ce976,7/1/2025 16:11,1230680.765,5910.530016
25277,CEMETERY,Yoakum Cemetery,Township,MAR,CEM,Public,0.81420255,Yoakum Cemetery,,7/1/2025 16:11,Google Maps,,,07b20f75-4780-41b1-b9d3-6ce68b95d427,7/1/2025 16:11,35466.66296,778.1967398
23121,PARK,Yoctangee Park,Chillicothe,ROS,R,Public,146.083315,Yoctangee Park,,7/1/2025 16:11,,Yoctangee Park,Yoctangee Park,12c00286-533d-4499-be56-baad3c9e25b7,7/1/2025 16:11,6363389.202,13138.43513
25238,CEMETERY,Yoder Cemetery,Township,LOG,CEM,Public,0.71248554,Yoder Cemetery,,7/1/2025 16:11,Google Maps,,,40104158-b459-4fad-a1de-47d069d9da06,7/1/2025 16:11,31035.87012,725.7243105
22908,CEMETERY,York Center Cemetery,Township,UNI,CEM,Public,0.80399903,York Center Cemetery,,7/1/2025 16:11,Union County,,,dde00c6c-2279-46a2-a101-41756567585b,7/1/2025 16:11,35022.19788,930.6201187
22909,CEMETERY,York Center Cemetery,Township,UNI,CEM,Public,19.27623558,York Center Cemetery,,7/1/2025 16:11,Union County,,,fec31613-4fad-4c23-b430-74e55ed64223,7/1/2025 16:11,839672.8215,5920.377137
22910,CEMETERY,York Center Cemetery,Township,UNI,CEM,Public,0.48718186,York Center Cemetery,,7/1/2025 16:11,Union County,,,475ac287-855d-4e10-b184-8eaf1242095b,7/1/2025 16:11,21221.64209,584.0280785
22911,CEMETERY,York Center Cemetery,Township,UNI,CEM,Public,0.97922727,York Center Cemetery,,7/1/2025 16:11,Union County,,,0a2bfaae-d7b2-44aa-8bb3-bb121475e846,7/1/2025 16:11,42655.1394,835.1724225
22243,GOLF,York Temple Country Club,Columbus,FRA,GOLF,Public,133.1510112,York Temple Country Club,,7/1/2025 16:11,,,York Temple Country Club,97a8be0d-bee6-4bfb-a057-d3884587b5ea,7/1/2025 16:11,5800058.047,11127.62878
22458,PARK,Yorkshire Park,Columbus,FRA,PRES,Public,13.58874415,Yorkshire Park,,7/1/2025 16:11,Columbus,,,50dc5704-b2cd-4500-88f5-6c6225924703,7/1/2025 16:11,591925.6949,4423.72123
25856,CEMETERY,Young Farm Cemetery,Township,PIC,CEM,Private,0.23846199,Young Farm Cemetery,,7/1/2025 16:11,Google Maps,,,3225ffc0-177c-4ea9-90c7-a0cf722ae6af,7/1/2025 16:11,10387.40436,407.2008532
25887,CEMETERY,Young-Pickering Cemetery,Township,FAI,CEM,Public,0.08862287,Young-Pickering Cemetery,,7/1/2025 16:11,Google Maps,,,ce008e5d-bb8e-4a70-a6cf-d88989274962,7/1/2025 16:11,3860.412109,250.4399864
24164,PARK,Zane Shawnee Caverns and Southwind Park,Bellefontaine,LOG,C,Public,83.43895383,Zane Shawnee Caverns and Southwind Park,,7/1/2025 16:11,Logan County Parcels,,Zane Shawnee Caverns and Southwind Park,d7f07acf-e051-46d2-984f-39cecd4a3265,7/1/2025 16:11,3634600.828,8741.36565
22621,PARK,Zane Square,Lancaster,FAI,N,Public,0.34374975,Zane Square,,7/1/2025 16:11,Fairfield County,,,a1686380-e1a8-4b2d-baa0-aa1ea49acd8c,7/1/2025 16:11,14973.73914,527.9999896
25249,PARK,Zanesfield,Zanesfield ,LOG,C,Public ,0.34589183,Zanesfield,,7/1/2025 16:11,Google Maps,,,6c9b0f85-62f0-4b30-8392-f6f6259d59f4,7/1/2025 16:11,15067.04773,517.8058427
24170,CEMETERY,Zanesfield Cemetery,Bellefontaine,LOG,CEM,Public,6.32949674,Zanesfield Cemetery,,7/1/2025 16:11,Logan County Parcels,,,be2c4ad9-82a7-492d-a000-60b2204bf7fd,7/1/2025 16:11,275712.8779,2369.741212
25220,CEMETERY,Zeigler Cemetery,Township,LOG,CEM,Public,14.02839675,Zeigler Cemetery,,7/1/2025 16:11,Google Maps,,,6179b57a-849b-4d46-8b38-20fce7b06c40,7/1/2025 16:11,611076.9625,4628.675801
22832,CEMETERY,Zeilger Cemetery,Township,FAI,CEM,Public,1.90828841,Zeilger Cemetery,,7/1/2025 16:11,Fairfield County,,,520c43a5-f123-4632-985d-776f09334ef5,7/1/2025 16:11,83125.04321,1211.17017
22639,PARK,Zeller Soccer Park,Township,FAI,C,Public,29.78258553,Zeller Soccer Park,,7/1/2025 16:11,Fairfield County,,Zeller Soccer Park,039b39b9-c2b7-45e0-9d6c-800cd421f628,7/1/2025 16:11,1297329.425,6785.794342
25286,CEMETERY,Zieg Cemetery,Township,MAR,CEM,Public,0.24480273,Zieg Cemetery,,7/1/2025 16:11,Google Maps,,,15642ca0-cd65-4595-b759-3fa4526d2fad,7/1/2025 16:11,10663.60681,414.0159794
24345,CEMETERY,Zion Cemetery,Township,KNO,CEM,Public,1.05614153,Zion Cemetery,,7/1/2025 16:11,,,,1b26b9bb-14c5-433a-9fc4-31c0644b0181,7/1/2025 16:11,46005.5249,858.3938742
25311,CEMETERY,Zion Cemetery,Township,MAR,CEM,Public,0.58452889,Zion Cemetery,,7/1/2025 16:11,Google Maps,,,cfaaf0d7-f336-40ca-a492-284c3b3a7c77,7/1/2025 16:11,25462.07886,660.8036454
25625,CEMETERY,Zion Cemetery,Township,HOC,CEM,Private,0.43961101,Zion Cemetery,,7/1/2025 16:11,Google Maps,,,ad64ce0b-a82c-4aa2-830a-a41e8a01a7f3,7/1/2025 16:11,19149.45544,596.3163776
25764,CEMETERY,Zion Cemetery,Township,PER,CEM,Public,0.41996567,Zion Cemetery,,7/1/2025 16:11,Google Maps,,,dfe35d57-a055-4a28-a746-4a659d08cf06,7/1/2025 16:11,18293.70459,544.6785756
25822,CEMETERY,Zion Cemetery,Township,PER,CEM,Public,1.6783455,Zion Cemetery,,7/1/2025 16:11,Google Maps,,,df7d2dc7-cce1-4158-9c86-28b6700c7b12,7/1/2025 16:11,73108.72998,1190.169286
25823,CEMETERY,Zion Cemetery,Township,PER,CEM,Public,3.04241215,Zion Cemetery,,7/1/2025 16:11,Google Maps,,,273d96a4-f20a-4886-9840-12ab39e5de7c,7/1/2025 16:11,132527.4729,1598.135176
25824,CEMETERY,Zion Cemetery,Township,PER,CEM,Public,1.85225109,Zion Cemetery,,7/1/2025 16:11,Google Maps,,,6dbeddc5-4cc1-46b2-9c6d-b4e00a063dde,7/1/2025 16:11,80684.05762,1311.189827
25825,CEMETERY,Zion Cemetery,Township,PER,CEM,Public,1.56993697,Zion Cemetery,,7/1/2025 16:11,Google Maps,,,aaad5a89-4623-4cae-9e67-555407c5dd13,7/1/2025 16:11,68386.45471,1073.973543
25877,CEMETERY,Zion Cemetery,Township,PIC,CEM,Public,0.87345292,Zion Cemetery,,7/1/2025 16:11,Google Maps,,,96ef0c2f-9aea-400a-8380-308f0201204d,7/1/2025 16:11,38047.6095,847.3667606
25945,CEMETERY,Zwingley Cemetery,Township,FAI,CEM,Public,0.48204244,Zwingley Cemetery,,7/1/2025 16:11,Google Maps,,,97eb6ff8-7cb4-45f5-8adc-ae510fefc404,7/1/2025 16:11,20997.76868,607.2329001
,,,,,,,,,,,,,,,,,
26014,Park,,Hamilton Twp,FRA,C,Public,58.21594664,,,7/1/2025 16:11,,,,b800dba6-35ba-462b-b145-c00afffe8769,7/1/2025 16:11,2535886.636,7229.65559
26044,PARK,,Dublin,FRA,PRES,,,,,7/1/2025 16:11,,,,5713d939-4a79-4f06-84a8-42aed8e7b29e,7/1/2025 16:11,51901.09044,999.5727752
26045,PARK,,Dublin,FRA,PRES,,,,,7/1/2025 16:11,,,,c16af183-aa91-4c45-bd38-b606e207b94e,7/1/2025 16:11,65997.82697,1129.047419
26046,PARK,,Dublin,FRA,PRES,,,,,7/1/2025 16:11,,,,5411fcf5-588e-4e14-8e08-66e7122ffbf3,7/1/2025 16:11,113375.1345,1344.511463
26047,PARK,,Dublin,FRA,PRES,,,,,7/1/2025 16:11,,,,e00c9224-fb9b-4910-8f91-6a3f567747bc,7/1/2025 16:11,24719.80444,630.3800832
26048,PARK,,Dublin,FRA,PRES,,,,,7/1/2025 16:11,,,,1e396b08-5bca-4246-9792-97e73a32890d,7/1/2025 16:11,145731.0201,1858.334352
26049,CEMETERY,,,FRA,CEM,,45.39108547,,,7/1/2025 16:11,,,,f07d670d-bcb7-4796-b786-10b2b54a3632,7/1/2025 16:11,1977227.639,9376.915034
26050,PARK,,,FRA,NOS,,6.82716799,,,7/1/2025 16:11,,,,364fb7e0-56b2-4895-99fd-b5c07795121e,7/1/2025 16:11,296816.3383,3482.723438
26051,PARK,,,FRA,N,,1.87766678,,,7/1/2025 16:11,,,,98e3208f-66f2-4944-9f15-0fabc85230b5,7/1/2025 16:11,81790.90156,2728.831054
26052,GREEN SPACE,,,FRA,NOS,,1.21653822,,,7/1/2025 16:11,,,,6461a50c-d66b-4d75-86bd-8744813d112a,7/1/2025 16:11,52992.28738,1621.330424
26053,GREEN SPACE,,,FRA,NOS,,2.59274271,,,7/1/2025 16:11,,,,d20054e0-7c91-43a2-98aa-cdb46815d35c,7/1/2025 16:11,112939.3633,1338.187099
26054,GREEN SPACE,,,FRA,NOS,,0.23567496,,,7/1/2025 16:11,,,,bb644d05-a53a-4980-9f29-b64933e1fb58,7/1/2025 16:11,10265.96273,589.6117402
26055,GREEN SPACE,,,FRA,NOS,,2.67020493,,,7/1/2025 16:11,,,,02d966b8-c135-458a-8581-a26626d138d0,7/1/2025 16:11,116313.6086,1705.955678
26056,GREEN SPACE,,,FRA,NOS,,0.69779291,,,7/1/2025 16:11,,,,453e0f51-706f-4dea-a753-7331dca411b3,7/1/2025 16:11,30395.78108,899.2709676
26057,GREEN SPACE,,,FRA,NOS,,0.62981363,,,7/1/2025 16:11,,,,a7cd0234-594b-4152-8da7-ca88498f08da,7/1/2025 16:11,27434.57114,655.5239231
26058,GREEN SPACE,,,FRA,NOS,,1.16038504,,,7/1/2025 16:11,,,,c1f8bab3-5c6e-49ff-b91a-ef0ce134daa3,7/1/2025 16:11,50546.17527,924.7343588
26059,GREEN SPACE,,,FRA,NOS,,4.38598985,,,7/1/2025 16:11,,,,f74772af-d41b-4f50-a5aa-8dffacb202e3,7/1/2025 16:11,191052.9397,1743.423011
26060,GREEN SPACE,,,FRA,NOS,,2.16927754,,,7/1/2025 16:11,,,,a2d0f911-c74a-4173-98f0-ddf7afca0c5f,7/1/2025 16:11,94493.42944,2110.447117
26061,GREEN SPACE,,,FRA,NOS,,3.05671302,,,7/1/2025 16:11,,,,32fafb94-851e-402d-807f-db19cb27f792,7/1/2025 16:11,133149.9113,1896.583362
26062,GREEN SPACE,,,FRA,NOS,,1.67080806,,,7/1/2025 16:11,,,,2679f779-6cc4-4e6c-8234-eeedaa24c538,7/1/2025 16:11,72776.02983,2029.619114
26063,GREEN SPACE,,,FRA,NOS,,1.48479817,,,7/1/2025 16:11,,,,66e85eb7-356c-4695-bd8f-1f2bfc9314fa,7/1/2025 16:11,64677.53199,1908.309441
26064,PARK,,,FRA,N,,0.52303713,,,7/1/2025 16:11,,,,033b4906-ba69-4e5b-ab0e-b7a6662b5ca9,7/1/2025 16:11,22783.39783,640.5188692
26065,PARK,,,FRA,N,,0.69752501,,,7/1/2025 16:11,,,,51345ad4-78f8-47fc-9145-59f05c119b38,7/1/2025 16:11,30384.05249,805.0637791
26066,PARK,,,FRA,N,,3.13939667,,,7/1/2025 16:11,,,,cdbca416-15be-4c07-8b9a-9c7eb345c92d,7/1/2025 16:11,136751.5587,1500.160232
26067,PARK,,,FRA,NOS,,6.26785257,,,7/1/2025 16:11,,,,8dc57484-9340-4443-89a4-bfa9301ec05a,7/1/2025 16:11,272766.5118,3254.049454
26068,PARK,,,FRA,N,,2.2555207,,,7/1/2025 16:11,,,,3d996f73-b3c6-4de4-a1b9-a6a5265e69e7,7/1/2025 16:11,98237.02746,1932.031496
26069,PARK,,,FRA,N,,2.53893875,,,7/1/2025 16:11,,,,f92e92c4-8d26-4ac2-8ca5-46a8b44c9b88,7/1/2025 16:11,110595.7351,1421.108129
26070,PARK,,,FRA,PRES,,101.8087205,,,7/1/2025 16:11,,,,b3ecfbbd-8e42-4206-b4a4-d049330cb0b8,7/1/2025 16:11,4455589.861,9417.849938
26071,PARK,,,FRA,PRES,,84.43691021,,,7/1/2025 16:11,,,,af6faf60-fd10-4609-8e40-f8e667ab0a6a,7/1/2025 16:11,3678057.332,9836.908416
26072,PARK,,,FRA,PRES,,100.5102329,,,7/1/2025 16:11,,,,1b4e7dda-b55b-400e-ac5a-d70a0c971163,7/1/2025 16:11,4378208.284,8878.234485
26436,GREEN SPACE,,,FRA,NOS,,,,,7/1/2025 16:11,,,,fe447df6-be4e-40e6-b650-313fbc4d257e,7/1/2025 16:11,157191.4069,2591.773741
26437,GREEN SPACE,,,FRA,NOS,,,,,7/1/2025 16:11,Parcels,,,b2dfca43-f6d5-4522-bba6-636e083e78c2,7/1/2025 16:11,548864.6056,4165.175169
26438,GREEN SPACE,,,FRA,NOS,,,,,7/1/2025 16:11,Parcels,,,dc433e38-7e15-4ded-985d-9eca0972dce8,7/1/2025 16:11,369220.2551,4823.923855
26439,GREEN SPACE,,,FRA,NOS,,,,,7/1/2025 16:11,Parcels,,,be742323-4477-4e80-8093-62ae24c176c2,7/1/2025 16:11,124893.079,2417.702497
26440,GREEN SPACE,,,FRA,NOS,,,,,7/1/2025 16:11,Parcels,,,5f6d164a-4c8f-40a6-b7ee-0bc03effeba0,7/1/2025 16:11,495971.5629,2872.164176
26441,GREEN SPACE,,,FRA,NOS,,,,,7/1/2025 16:11,Parcels,,,316db273-fe63-4959-87ec-832ef9d8b5e2,7/1/2025 16:11,230579.5177,1918.387271
26442,GREEN SPACE,,,FRA,NOS,,,,,7/1/2025 16:11,Parcels,,,bd359e25-117c-46c5-aaa0-1479657d388f,7/1/2025 16:11,183517.3427,2886.043487
26443,GREEN SPACE,,,FRA,NOS,,,,,7/1/2025 16:11,Parcels,,,c7c8b12c-1d82-4c83-8bcb-ba4a7e2a0ec1,7/1/2025 16:11,2080637.51,18165.16242
26444,GREEN SPACE,,,FRA,NOS,,,,,7/1/2025 16:11,Parcels,,,1a6aaf27-b4f1-4eaa-a7ab-13fc22bb9ffb,7/1/2025 16:11,112442.1017,2182.421264
26445,GREEN SPACE,,,FRA,NOS,,,,,7/1/2025 16:11,Parcels,,,217c1b88-7f01-48ae-841c-8555ef90c9a8,7/1/2025 16:11,104247.3882,3735.944143
26446,GREEN SPACE,,,FRA,NOS,,,,,7/1/2025 16:11,Parcels,,,e550717a-fcfd-4562-a07c-a08a17f69eb2,7/1/2025 16:11,85879.0066,1505.508769
26447,GREEN SPACE,,,FRA,NOS,,,,,7/1/2025 16:11,Parcels,,,954600b8-fdd8-4235-be3b-61e42cf32522,7/1/2025 16:11,428511.7152,12178.04322
26448,GREEN SPACE,,,FRA,NOS,,,,,7/1/2025 16:11,Parcels,,,e6bd6fe2-1843-4142-8aa6-0789617d2958,7/1/2025 16:11,242917.8593,2344.767314
26449,GREEN SPACE,,,FRA,NOS,,,,,7/1/2025 16:11,Parcels,,,1580bc4a-b76f-4f9d-a872-f76ff24c0ce1,7/1/2025 16:11,1892667.526,12904.88154
26450,GREEN SPACE,,,FRA,NOS,,,,,7/1/2025 16:11,Parcels,,,79bed191-cc3a-42ec-b7a7-f064cd8644e0,7/1/2025 16:11,43266.99731,1314.816511
26451,GREEN SPACE,,,FRA,NOS,,,,,7/1/2025 16:11,Parcels,,,703a9a16-7de9-4356-bcd8-d76c5d6b392d,7/1/2025 16:11,105911.8604,1867.489808
26452,GREEN SPACE,,,FRA,NOS,,,,,7/1/2025 16:11,Parcels,,,feba1822-3783-4041-9f4a-8da9397bbf22,7/1/2025 16:11,220227.147,2945.696338
26453,GREEN SPACE,,,FRA,NOS,,,,,7/1/2025 16:11,Parcels,,,6d652a72-c846-42a6-bbfb-9e45039a8295,7/1/2025 16:11,570558.7155,5717.397607
26454,GREEN SPACE,,,FRA,NOS,,,,,7/1/2025 16:11,Parcels,,,399097e7-a767-4cbc-a7ee-e745a57d463a,7/1/2025 16:11,255607.6644,2718.865052
26455,GREEN SPACE,,,FRA,NOS,,,,,7/1/2025 16:11,Parcels,,,3cfd0607-5f76-4a3c-bb3d-57159f06a36d,7/1/2025 16:11,164691.1559,1995.713335
26456,GREEN SPACE,,,FRA,NOS,,,,,7/1/2025 16:11,Parcels,,,04d420d4-83ca-4452-8ee5-562bc5461f8e,7/1/2025 16:11,87010.64368,1561.519118
26457,GREEN SPACE,,,FRA,NOS,,,,,7/1/2025 16:11,Parcels,,,1a8e532e-f213-4055-9b9f-9c9e08eeec65,7/1/2025 16:11,531544.2496,3484.370417
26458,GREEN SPACE,,,FRA,NOS,,,,,7/1/2025 16:11,Parcels,,,0b57ff62-17ab-4640-b054-b9d63149a14d,7/1/2025 16:11,2020195.779,6594.844875
26459,GREEN SPACE,,,FRA,NOS,,,,,7/1/2025 16:11,Parcels,,,5af610b1-368e-456b-90cc-4966ce8d668a,7/1/2025 16:11,547138.2469,3257.649768
26460,GREEN SPACE,,,FRA,NOS,,,,,7/1/2025 16:11,Parcels,,,58d867c4-787b-438c-9848-537e9e81bbb6,7/1/2025 16:11,1426358.07,5049.935111
26461,GREEN SPACE,,,FRA,NOS,,,,,7/1/2025 16:11,Parcels,,,28901cd0-9591-473f-8990-6b208f711264,7/1/2025 16:11,1460553.585,6947.172949
26462,GREEN SPACE,,,FRA,NOS,,,,,7/1/2025 16:11,Parcels,,,c19abd52-dc92-4fcb-ad7b-c5487eaad473,7/1/2025 16:11,11924.38599,694.0791707
26463,GREEN SPACE,,,FRA,NOS,,,,,7/1/2025 16:11,Parcels,,,2898cd42-43aa-4592-a9f4-a83f6cae9fcd,7/1/2025 16:11,1509801.621,10919.27975
26464,GREEN SPACE,,,FRA,NOS,,,,,7/1/2025 16:11,Parcels,,,f92d4d41-f7d8-4616-94ab-f6e4f3af4007,7/1/2025 16:11,546344.6893,3782.924217
26465,GREEN SPACE,,,FRA,NOS,,,,,7/1/2025 16:11,Parcels,,,a332e6df-b94d-48ca-b61d-8e2b02685493,7/1/2025 16:11,449814.7109,2887.558348
26466,GREEN SPACE,,,FRA,NOS,,,,,7/1/2025 16:11,Parcels,,,feb4eedf-63ef-47ec-97b0-1c5d580127ca,7/1/2025 16:11,1041189.437,4952.716277
26467,GREEN SPACE,,,FRA,NOS,,,,,7/1/2025 16:11,Parcels,,,f2d6ab20-391d-41cc-a5a7-1ab02f7d2030,7/1/2025 16:11,508144.0293,4420.811016
26468,GREEN SPACE,,,FRA,NOS,,,,,7/1/2025 16:11,Parcels,,,f48d0e73-fdbe-4916-bf4a-c90f8dcd3c7c,7/1/2025 16:11,442533.7511,3894.653212
26469,GREEN SPACE,,,FRA,NOS,,,,,7/1/2025 16:11,Parcels,,,4058a996-4f29-48f0-b5c8-bb6bd704dee5,7/1/2025 16:11,364107.1217,3452.282749
26470,GREEN SPACE,,,FRA,NOS,,,,,7/1/2025 16:11,Parcels,,,c1a1d78c-e269-4a78-be0b-554347820f38,7/1/2025 16:11,711579.8843,8026.972619
26471,GREEN SPACE,,,FRA,NOS,,,,,7/1/2025 16:11,Parcels,,,d39fb859-70eb-4063-bdde-6bc551c8b24a,7/1/2025 16:11,271536.542,2405.48109
26472,GREEN SPACE,,,FRA,NOS,,,,,7/1/2025 16:11,Parcels,,,ad8213a6-87f1-42a1-bc0f-08b09fbb270e,7/1/2025 16:11,218382.4827,3414.594775
26473,GREEN SPACE,,,FRA,NOS,,,,,7/1/2025 16:11,Parcels,,,cc44e41c-8492-4d70-95fa-fb912adc7791,7/1/2025 16:11,181251.7958,2427.13797
26474,GREEN SPACE,,,FRA,NOS,,,,,7/1/2025 16:11,Parcels,,,96e4c1a8-8bd5-4d2f-91cc-26dafde67c5b,7/1/2025 16:11,202488.2524,2346.269285
26475,GREEN SPACE,,,FRA,NOS,,,,,7/1/2025 16:11,Parcels,,,7e964934-49c5-41da-a74a-263add9ac59c,7/1/2025 16:11,404582.2191,3985.441104
26476,GREEN SPACE,,,FRA,NOS,,,,,7/1/2025 16:11,Parcels,,,fa9ca349-8a61-47ce-8ca2-b0be59e77c47,7/1/2025 16:11,447162.114,7951.629819
26477,GREEN SPACE,,,FRA,NOS,,,,,7/1/2025 16:11,Parcels,,,257bfe2d-71fb-47b4-89bb-7d09aae54ad2,7/1/2025 16:11,527316.5242,5885.195942
26478,GREEN SPACE,,,FRA,NOS,,,,,7/1/2025 16:11,Parcels,,,541336a4-9d5b-49db-8c9c-2c5b7e59467f,7/1/2025 16:11,213768.8293,2142.855783
26479,GREEN SPACE,,,FRA,NOS,,,,,7/1/2025 16:11,Parcels,,,67a0cb89-daad-4e57-ac6d-ef347969b7c2,7/1/2025 16:11,189044.6283,2138.036381
26480,GREEN SPACE,,,FRA,NOS,,,,,7/1/2025 16:11,Parcels,,,0d03d055-62c7-41bb-8f1a-c08c7419d0db,7/1/2025 16:11,330503.5063,4862.2209
26481,GREEN SPACE,,,FRA,NOS,,,,,7/1/2025 16:11,Parcels,,,9f07dda2-1051-4661-b3d6-3776386c9b55,7/1/2025 16:11,369079.6525,3800.44322
26482,GREEN SPACE,,,FRA,NOS,,,,,7/1/2025 16:11,Parcels,,,fac63863-47b5-4aae-9179-f596128b3bff,7/1/2025 16:11,505587.904,4596.804918
26483,GREEN SPACE,,,FRA,NOS,,,,,7/1/2025 16:11,Parcels,,,1d55b66b-94bb-4ee3-8646-f02ff97efcda,7/1/2025 16:11,133243.0689,1701.326662
26484,GREEN SPACE,,,FRA,NOS,,,,,7/1/2025 16:11,Parcels,,,2db43ee3-2feb-448d-b240-908a57a742e5,7/1/2025 16:11,771523.4961,5510.863067
26485,GREEN SPACE,,,FRA,NOS,,,,,7/1/2025 16:11,Parcels,,,ec0d8562-1e8b-40d5-8dd6-cf6af7d2fd4e,7/1/2025 16:11,362377.7817,3189.328067
26486,GREEN SPACE,,,FRA,NOS,,,,,7/1/2025 16:11,Parcels,,,b83cb3e6-149d-463d-a15c-28169790a02f,7/1/2025 16:11,189836.6323,2873.357356
26487,GREEN SPACE,,,FRA,NOS,,,,,7/1/2025 16:11,Parcels,,,19e5c125-6fef-4f11-8780-98dfeddf193d,7/1/2025 16:11,731597.2611,3942.025958
26488,GREEN SPACE,,,FRA,NOS,,,,,7/1/2025 16:11,Parcels,,,8344f0a5-97ef-49b7-b92b-5ed969af6c6a,7/1/2025 16:11,558729.9636,2988.196598
26489,GREEN SPACE,,,FRA,NOS,,,,,7/1/2025 16:11,Parcels,,,02eb293a-f2d1-4a59-8474-89f626d5cb00,7/1/2025 16:11,513807.5652,5982.098961
26490,GREEN SPACE,,,FRA,NOS,,,,,7/1/2025 16:11,Parcels,,,01e340c9-3c33-4676-a77e-302334f488ee,7/1/2025 16:11,1991743.776,7660.211877
26491,GREEN SPACE,,,FRA,NOS,,,,,7/1/2025 16:11,Parcels,,,f7876caf-d9ff-418a-9222-12b8ce9278c6,7/1/2025 16:11,449789.7553,3273.81778
26492,GREEN SPACE,,,FRA,NOS,,,,,7/1/2025 16:11,Parcels,,,0d81bc22-96af-4d6d-a61e-597597153ce6,7/1/2025 16:11,75209.41355,3148.142023
26493,GREEN SPACE,,,FRA,NOS,,,,,7/1/2025 16:11,Parcels,,,0c961821-d6f5-4fad-ad22-e46044184fc6,7/1/2025 16:11,56170.04956,1076.97789
26494,GREEN SPACE,,,FRA,NOS,,,,,7/1/2025 16:11,Parcels,,,38b4208c-8dad-460f-ab2b-485c7b455a12,7/1/2025 16:11,136266.4993,1845.811282
26495,GREEN SPACE,,,FRA,NOS,,,,,7/1/2025 16:11,Parcels,,,c8e2338d-f951-4ea4-8373-ebe22f525b32,7/1/2025 16:11,21990.71973,587.9749401
26496,GREEN SPACE,,,FRA,NOS,,,,,7/1/2025 16:11,Parcels,,,03668e4f-19ec-424f-9f8c-23710f003e5b,7/1/2025 16:11,96600.92747,1939.194031
26497,GREEN SPACE,,,FRA,NOS,,,,,7/1/2025 16:11,Parcels,,,a2a60005-411c-4a16-a1e2-b2a93fa0629e,7/1/2025 16:11,456391.2476,3508.421461
26498,GREEN SPACE,,,FRA,NOS,,,,,7/1/2025 16:11,Parcels,,,e7e092d1-0d99-4911-a4fd-c2a30e946836,7/1/2025 16:11,99695.70996,2023.38429
26499,GREEN SPACE,,,FRA,NOS,,,,,7/1/2025 16:11,Parcels,,,63f26e48-c1b9-45c1-b7a4-75633119902e,7/1/2025 16:11,238500.9194,1939.638095
26500,GREEN SPACE,,,FRA,NOS,,,,,7/1/2025 16:11,Parcels,,,c5a5a1f2-75e2-4394-a00b-0dec4db0bff9,7/1/2025 16:11,93360.2243,1309.966225
26501,GREEN SPACE,,,FRA,NOS,,,,,7/1/2025 16:11,Parcels,,,99200137-4109-451a-8e1c-a049d0319da7,7/1/2025 16:11,100401.1277,1531.508383
26502,GREEN SPACE,,,FRA,NOS,,,,,7/1/2025 16:11,Parcels,,,acbf78ab-ad8a-4ddd-86c1-fd52205f6c20,7/1/2025 16:11,45365.52499,848.0251789
26503,GREEN SPACE,,,FRA,NOS,,,,,7/1/2025 16:11,Parcels,,,e4218fe7-436e-4df7-9b24-a0a2d56839e7,7/1/2025 16:11,36360.56921,788.6777384
26504,GREEN SPACE,,,FRA,NOS,,,,,7/1/2025 16:11,Parcels,,,aebdb8a3-26dc-4a9f-9e28-2d1308fbb189,7/1/2025 16:11,83724.89164,2149.93292
26505,GREEN SPACE,,,FRA,NOS,,,,,7/1/2025 16:11,Parcels,,,a69ee5ca-5a66-4efa-b573-7080a5fe39b9,7/1/2025 16:11,37980.1722,1401.728572
26506,GREEN SPACE,,,FRA,NOS,,,,,7/1/2025 16:11,Parcels,,,1aea7ebe-280e-4405-a903-da750623b3b2,7/1/2025 16:11,198801.7976,2935.410906
26507,GREEN SPACE,,,FRA,NOS,,,,,7/1/2025 16:11,Parcels,,,f9a5eb7f-0348-47a4-88b8-ffed587ecb24,7/1/2025 16:11,11484.17188,593.0787109
26508,GREEN SPACE,,,FRA,NOS,,,,,7/1/2025 16:11,Parcels,,,4f31e61a-17c9-44d5-9949-91327a57ba3e,7/1/2025 16:11,5751.415161,339.9701514
26509,GREEN SPACE,,,FRA,NOS,,,,,7/1/2025 16:11,Parcels,,,c111be86-61af-4f73-9a1f-a32994db9c2e,7/1/2025 16:11,266516.042,5806.457616
26510,GREEN SPACE,,,FRA,NOS,,,,,7/1/2025 16:11,Parcels,,,f4a283ae-5869-445e-a998-872ff1b05cf2,7/1/2025 16:11,213660.6808,2754.105203
26511,GREEN SPACE,,,FRA,NOS,,,,,7/1/2025 16:11,Parcels,,,ee5489f4-df69-4598-b3a0-39c0af6d0e6f,7/1/2025 16:11,182854.5964,3510.655814
26512,GREEN SPACE,,,FRA,NOS,,,,,7/1/2025 16:11,Parcels,,,56131b9b-e752-40d2-a316-2a7114a78810,7/1/2025 16:11,122447.7799,1529.572625
26513,GREEN SPACE,,,FRA,NOS,,,,,7/1/2025 16:11,Parcels,,,46ef899b-adbe-4f2f-a9d5-7129a26fdfa9,7/1/2025 16:11,204327.7042,2213.525603
26514,GREEN SPACE,,,FRA,NOS,,,,,7/1/2025 16:11,Parcels,,,4ed06016-777b-4c14-8a33-ef926ecddb6c,7/1/2025 16:11,456372.5674,4422.139198
26515,GREEN SPACE,,,FRA,NOS,,,,,7/1/2025 16:11,Parcels,,,d3649f41-2094-4827-a8b0-944b8456907a,7/1/2025 16:11,188011.6915,2156.838754
26516,GREEN SPACE,,,FRA,NOS,,,,,7/1/2025 16:11,Parcels,,,7ae4f0ea-a9d7-49b0-8e7b-11d15bc0a9eb,7/1/2025 16:11,457898.0856,3743.333016
26517,GREEN SPACE,,,FRA,NOS,,,,,7/1/2025 16:11,Parcels,,,c82d2427-9346-48b9-bb9a-584aadbd2915,7/1/2025 16:11,149249.2401,1889.99864
26518,GREEN SPACE,,,FRA,NOS,,,,,7/1/2025 16:11,Parcels,,,57340788-8948-4a46-b2b2-cdbb3b84a57f,7/1/2025 16:11,1000623.001,6360.655433
26519,GREEN SPACE,,,FRA,NOS,,,,,7/1/2025 16:11,Parcels,,,d84cba8c-5ab7-42c2-a2bc-66f70af564ff,7/1/2025 16:11,75681.25989,1131.710812
26520,GREEN SPACE,,,FRA,NOS,,,,,7/1/2025 16:11,Parcels,,,7b913f1f-6303-4604-b19c-0fb3bb5ca74a,7/1/2025 16:11,39470.12791,777.5733701
26521,GREEN SPACE,,,FRA,NOS,,,,,7/1/2025 16:11,Parcels,,,109dc4e9-4389-4468-b740-8e11e5ca2da1,7/1/2025 16:11,108918.8047,2263.860204
26522,GREEN SPACE,,,FRA,NOS,,,,,7/1/2025 16:11,Parcels,,,b7d07bd0-5c89-4ca8-ace3-42ff72563b4f,7/1/2025 16:11,193193.9906,2574.352065
26523,GREEN SPACE,,,FRA,NOS,,,,,7/1/2025 16:11,Parcels,,,9dbaf48d-df47-498c-899d-de897da175ce,7/1/2025 16:11,159742.2803,3159.161253
26524,GREEN SPACE,,,FRA,NOS,,,,,7/1/2025 16:11,Parcels,,,d4c06886-f147-4e53-9f0e-2e02aadeaa1e,7/1/2025 16:11,72743.40768,1086.929346
26525,GREEN SPACE,,,FRA,NOS,,,,,7/1/2025 16:11,Parcels,,,5cdf8436-50c0-4eb4-9a36-0a03b8098e1b,7/1/2025 16:11,248974.0049,2590.200929
26526,GREEN SPACE,,,FRA,NOS,,,,,7/1/2025 16:11,Parcels,,,efc98253-b9db-465f-90cc-2ff9dcc461b3,7/1/2025 16:11,81138.42415,2280.923531
26527,GREEN SPACE,,,FRA,NOS,,,,,7/1/2025 16:11,Parcels,,,65de4c5b-99ee-4cef-9fdd-0626f7ad5034,7/1/2025 16:11,133665.2635,2543.884458
26528,GREEN SPACE,,,FRA,NOS,,,,,7/1/2025 16:11,Parcels,,,d084c564-2ce3-4656-8883-681973899f15,7/1/2025 16:11,98826.83029,1845.712707
26529,GREEN SPACE,,,FRA,NOS,,,,,7/1/2025 16:11,Parcels,,,a8acc553-4d53-485d-b4a5-bdc65a595e25,7/1/2025 16:11,46843.0315,1110.549582
26530,GREEN SPACE,,,FRA,NOS,,,,,7/1/2025 16:11,Parcels,,,8c0a1aa0-15f9-48d1-b413-160fffe1b8da,7/1/2025 16:11,68321.17157,987.5486085
26531,GREEN SPACE,,,FRA,NOS,,,,,7/1/2025 16:11,Parcels,,,92225ce6-3ead-44c6-a309-dbb550d028a6,7/1/2025 16:11,97817.23584,1777.87794
26532,GREEN SPACE,,,FRA,NOS,,,,,7/1/2025 16:11,Parcels,,,fd6723a0-430a-4a92-9cf8-e7c478931a43,7/1/2025 16:11,265894.7469,4413.812162
26533,GREEN SPACE,,,FRA,NOS,,,,,7/1/2025 16:11,Parcels,,,a3b824d0-3a3a-40fe-a831-62e5655e243c,7/1/2025 16:11,143582.8493,1360.028673
26534,GREEN SPACE,,,FRA,NOS,,,,,7/1/2025 16:11,Parcels,,,864405dd-3509-4018-a7b0-195cfb786cbf,7/1/2025 16:11,76128.97595,2313.352478
26535,GREEN SPACE,,,FRA,NOS,,,,,7/1/2025 16:11,Parcels,,,db6e9ee0-d25b-4e4f-a710-502c24be35bd,7/1/2025 16:11,99158.11455,2331.42151
26536,GREEN SPACE,,,FRA,NOS,,,,,7/1/2025 16:11,Parcels,,,18ab6f58-a3c2-47c1-9334-5d3f5688c9f4,7/1/2025 16:11,147374.753,2143.68802
26537,GREEN SPACE,,,FRA,NOS,,,,,7/1/2025 16:11,Parcels,,,bc13731f-73c0-4f93-ade0-7e2697f4cbd3,7/1/2025 16:11,108130.3068,2252.936173
26538,GREEN SPACE,,,FRA,NOS,,,,,7/1/2025 16:11,Parcels,,,f8751f6d-1807-4be2-a8c4-a87742f1d581,7/1/2025 16:11,136488.0477,2221.59798
26539,GREEN SPACE,,,FRA,NOS,,,,,7/1/2025 16:11,Parcels,,,6db5137f-1c79-4bbb-b427-a1feab640aca,7/1/2025 16:11,34247.38596,1682.329931
26540,GREEN SPACE,,,FRA,NOS,,,,,7/1/2025 16:11,Parcels,,,aaeffad5-8397-48a2-852b-4505f55e8456,7/1/2025 16:11,29740.08317,1096.601938
26541,GREEN SPACE,,,FRA,NOS,,,,,7/1/2025 16:11,Parcels,,,22e7563a-ba8c-4943-b3f6-6c43cb698506,7/1/2025 16:11,35863.9078,956.9932508
26542,GREEN SPACE,,,FRA,NOS,,,,,7/1/2025 16:11,Parcels,,,d2e24405-d006-4c1a-b885-73668cd256ed,7/1/2025 16:11,25520.03145,1374.34581
26543,GREEN SPACE,,,FRA,NOS,,,,,7/1/2025 16:11,Parcels,,,fddf49d5-a0ad-493a-98f3-b440e06b445c,7/1/2025 16:11,393543.1056,4813.308105
26544,GREEN SPACE,,,FRA,NOS,,,,,7/1/2025 16:11,Parcels,,,5266ce70-670b-46f2-a0a5-7a5be5dfba8b,7/1/2025 16:11,127589.0564,1967.392157
26545,GREEN SPACE,,,FRA,NOS,,,,,7/1/2025 16:11,Parcels,,,77b07a11-a470-4883-81f2-c5c2302de145,7/1/2025 16:11,86011.23686,1347.309328
26546,GREEN SPACE,,,FRA,NOS,,,,,7/1/2025 16:11,Parcels,,,b9360654-d5fe-4abf-9bc9-deb3265ebb10,7/1/2025 16:11,165368.774,2739.836107
26547,GREEN SPACE,,,FRA,NOS,,,,,7/1/2025 16:11,Parcels,,,8773c1a1-f56b-4088-a169-87c06aad2380,7/1/2025 16:11,97892.04753,1235.396828
26548,GREEN SPACE,,,FRA,NOS,,,,,7/1/2025 16:11,Parcels,,,fe8be9a1-e66d-49e5-a138-ea6e9792a934,7/1/2025 16:11,93223.95015,1523.522687
26549,GREEN SPACE,,,FRA,NOS,,,,,7/1/2025 16:11,Parcels,,,a3dbaa4f-1191-47e4-a411-5c64494f9993,7/1/2025 16:11,193328.0902,4213.874634
26550,GREEN SPACE,,,FRA,NOS,,,,,7/1/2025 16:11,Parcels,,,faf9fa07-1626-4b2a-8d85-a07c9b986c97,7/1/2025 16:11,191157.7219,2513.97213
26551,GREEN SPACE,,,FRA,NOS,,,,,7/1/2025 16:11,Parcels,,,e7d93058-c4ad-433d-bef5-bd985ef9f7be,7/1/2025 16:11,1327448.357,5173.321793
26552,GREEN SPACE,,,FRA,NOS,,,,,7/1/2025 16:11,Parcels,,,b023b360-d533-4561-b9be-f0434433cbc4,7/1/2025 16:11,448688.4512,5193.82997
26555,GREEN SPACE,,,FRA,NOS,,,,,7/1/2025 16:11,Parcels,,,48347483-6959-455e-b550-f4093416bc9b,7/1/2025 16:11,213660.6808,2754.105203
26556,GREEN SPACE,,,FRA,NOS,,,,,7/1/2025 16:11,Parcels,,,2578cceb-7a52-4179-9194-96764e0efb48,7/1/2025 16:11,182854.5964,3510.655814
26557,GREEN SPACE,,,FRA,NOS,,,,,7/1/2025 16:11,Parcels,,,b049cc31-6070-4d1f-98b6-a371decb5f78,7/1/2025 16:11,159742.2803,3159.161253
26558,GREEN SPACE,,,FRA,NOS,,,,,7/1/2025 16:11,Parcels,,,8ec14226-b100-4f0c-af9e-c640de647ea2,7/1/2025 16:11,448688.4512,5193.82997
26559,GREEN SPACE,,,FRA,NOS,,,,,7/1/2025 16:11,Parcels,,,69579828-49dc-4f8e-b520-8a346c2fbc47,7/1/2025 16:11,124836.729,1738.957253
26560,GREEN SPACE,,,FRA,NOS,,,,,7/1/2025 16:11,Parcels,,,7a734574-526a-4a7d-a993-6dc91cc613f6,7/1/2025 16:11,537414.563,3604.195268
26561,GREEN SPACE,,,FRA,NOS,,,,,7/1/2025 16:11,Parcels,,,5987dd94-36a7-40b2-abbd-027783187ffb,7/1/2025 16:11,416674.0168,3463.893121
26562,GREEN SPACE,,,FRA,NOS,,,,,7/1/2025 16:11,Parcels,,,1a6f67f4-ba39-49d5-bd36-78ba29e10ad7,7/1/2025 16:11,527847.9794,2875.639924
26563,GREEN SPACE,,,FRA,NOS,,,,,7/1/2025 16:11,Parcels,,,1cbaf782-650b-4ec9-9b1e-1acc615d038e,7/1/2025 16:11,688508.445,5617.19621
26564,GREEN SPACE,,,FRA,NOS,,,,,7/1/2025 16:11,Parcels,,,371cd566-316f-4bca-9c6b-78b1462516dc,7/1/2025 16:11,581551.0708,4392.833971
26565,GREEN SPACE,,,FRA,NOS,,,,,7/1/2025 16:11,Parcels,,,060976d3-10c1-4859-9c28-2ee9a39fa68c,7/1/2025 16:11,805829.6186,15324.26584
26566,GREEN SPACE,,,FRA,NOS,,,,,7/1/2025 16:11,Parcels,,,b9aa5d86-29d3-46dc-a286-0aa6d568d04c,7/1/2025 16:11,162349.4794,1927.051649
26567,GREEN SPACE,,,FRA,NOS,,,,,7/1/2025 16:11,Parcels,,,c8dd9a72-12c5-4556-b5e9-5d3daf23f923,7/1/2025 16:11,59914.09295,1397.047046
26568,GREEN SPACE,,,FRA,NOS,,,,,7/1/2025 16:11,Parcels,,,729f1367-3553-47dd-9b02-4c1568017815,7/1/2025 16:11,438127.9749,3392.565825
26569,GREEN SPACE,,,FRA,NOS,,,,,7/1/2025 16:11,Parcels,,,83114091-7cc3-4ba0-bb07-aa99b90ec004,7/1/2025 16:11,370048.3009,3539.942974
26570,GREEN SPACE,,,FRA,NOS,,,,,7/1/2025 16:11,Parcels,,,c498c0ce-5ba0-4ebe-bdba-b07adf24cfa2,7/1/2025 16:11,155003.9914,2924.471033
26571,GREEN SPACE,,,FRA,NOS,,,,,7/1/2025 16:11,Parcels,,,c9861522-4001-471c-9a84-de4347a3769d,7/1/2025 16:11,117974.9737,1798.428649
26572,GREEN SPACE,,,FRA,NOS,,,,,7/1/2025 16:11,Parcels,,,d6d10e54-ce17-4ca2-abe4-0374936f41c9,7/1/2025 16:11,172132.3214,2611.071228
26573,GREEN SPACE,,,FRA,NOS,,,,,7/1/2025 16:11,Parcels,,,2dbe5748-fd25-42bb-81a1-e078689375c7,7/1/2025 16:11,128934.2936,1864.48585
26574,GREEN SPACE,,,FRA,NOS,,,,,7/1/2025 16:11,Parcels,,,03b7a4ce-dafb-4530-8117-12037517b344,7/1/2025 16:11,189703.8632,1881.919867
26575,GREEN SPACE,,,FRA,NOS,,,,,7/1/2025 16:11,Parcels,,,85c2a043-2f7b-414a-8f87-0244244c1a3f,7/1/2025 16:11,192732.3252,2438.59828
26576,GREEN SPACE,,,FRA,NOS,,,,,7/1/2025 16:11,Parcels,,,95820bf4-f573-40dc-9b81-641ce692db31,7/1/2025 16:11,124600.3097,1590.915772
26577,GREEN SPACE,,,FRA,NOS,,,,,7/1/2025 16:11,Parcels,,,fc0576a9-7980-4670-93ae-31235a310afb,7/1/2025 16:11,269628.9209,3157.170895
26578,GREEN SPACE,,,FRA,NOS,,,,,7/1/2025 16:11,Parcels,,,327ccd36-4a91-45ab-aea6-dffabef9f255,7/1/2025 16:11,247375.8097,3062.312238
26579,GREEN SPACE,,,FRA,NOS,,,,,7/1/2025 16:11,Parcels,,,53970e20-9930-4a4d-bafa-dd3dde4eac7c,7/1/2025 16:11,198186.6145,3040.259996
26580,GREEN SPACE,,,FRA,NOS,,,,,7/1/2025 16:11,Parcels,,,735df9a5-d147-4a74-be75-54d9473e271f,7/1/2025 16:11,273577.542,2842.596292
26581,GREEN SPACE,,,FRA,NOS,,,,,7/1/2025 16:11,Parcels,,,097b441e-8333-4fad-b1ff-5e88b8ccd6f4,7/1/2025 16:11,180178.4298,1945.499691
26582,GREEN SPACE,,,FRA,NOS,,,,,7/1/2025 16:11,Parcels,,,b1a8f970-b044-4561-82b6-f698d878de32,7/1/2025 16:11,528380.7807,4303.260144
26583,GREEN SPACE,,,FRA,NOS,,,,,7/1/2025 16:11,Parcels,,,59df410f-112c-453a-9178-e938caafa796,7/1/2025 16:11,108368.7953,1509.668498
26584,GREEN SPACE,,,FRA,NOS,,,,,7/1/2025 16:11,Parcels,,,a3e6e0cd-a52d-4466-a598-0223d517cfe8,7/1/2025 16:11,201994.2914,2398.767829
26585,GREEN SPACE,,,FRA,NOS,,,,,7/1/2025 16:11,Parcels,,,158bb93e-b1fa-42bb-b346-ac48b3e14281,7/1/2025 16:11,142475.8802,1846.910841
26586,GREEN SPACE,,,FRA,NOS,,,,,7/1/2025 16:11,Parcels,,,1d57bdc8-5390-42e4-b23a-cc01d3581b34,7/1/2025 16:11,267055.6976,2455.999781
26587,GREEN SPACE,,,FRA,NOS,,,,,7/1/2025 16:11,Parcels,,,5c41edc9-65b9-4198-8539-8ac831c886aa,7/1/2025 16:11,129166.2077,1740.935346
26588,GREEN SPACE,,,FRA,NOS,,,,,7/1/2025 16:11,Parcels,,,fe3ec213-f270-4ad3-89c2-8b7d378fcb60,7/1/2025 16:11,154128.3035,1916.702069
26589,GREEN SPACE,,,FRA,NOS,,,,,7/1/2025 16:11,Parcels,,,4d69c837-2b1d-4e60-a706-4bcca6c37671,7/1/2025 16:11,266745.5901,3496.405863
26590,GREEN SPACE,,,FRA,NOS,,,,,7/1/2025 16:11,Parcels,,,92cb9cab-a162-4955-a384-cb42ea06080a,7/1/2025 16:11,408072.4473,2737.95107
26591,GREEN SPACE,,,FRA,NOS,,,,,7/1/2025 16:11,Parcels,,,6c2a075c-5287-4234-9b67-3f8ae75e73a9,7/1/2025 16:11,378078.683,4417.799141
26592,GREEN SPACE,,,FRA,NOS,,,,,7/1/2025 16:11,Parcels,,,d70ec8cf-299c-45f0-928b-e18164ae57a4,7/1/2025 16:11,81446.02024,1322.492733
26593,GREEN SPACE,,,FRA,NOS,,,,,7/1/2025 16:11,Parcels,,,c9192c51-30a3-495f-b18a-7a62e8295e4f,7/1/2025 16:11,461518.7003,4169.240781
26594,GREEN SPACE,,,FRA,NOS,,,,,7/1/2025 16:11,Parcels,,,7438fc13-36da-4471-bd13-990ed22177f6,7/1/2025 16:11,303490.208,3322.030248
26595,GREEN SPACE,,,FRA,NOS,,,,,7/1/2025 16:11,Parcels,,,5f3b69ce-a085-4699-9112-ff3b61448a41,7/1/2025 16:11,290933.4489,7076.937477
26596,GREEN SPACE,,,FRA,NOS,,,,,7/1/2025 16:11,Parcels,,,bbbed597-7ca4-4ecd-9ed1-bc5863a142c4,7/1/2025 16:11,213660.6808,2754.105203
26597,GREEN SPACE,,,FRA,NOS,,,,,7/1/2025 16:11,Parcels,,,05030b18-643e-44bc-8592-1ec2fd3c4706,7/1/2025 16:11,182854.5964,3510.655814
26598,GREEN SPACE,,,FRA,NOS,,,,,7/1/2025 16:11,Parcels,,,cedfcf00-a696-4722-99fa-72590d0d15a7,7/1/2025 16:11,99606.77268,1630.039806
26599,GREEN SPACE,,,FRA,NOS,,,,,7/1/2025 16:11,Parcels,,,2984b748-6bf0-4d86-ab9a-817055565dd2,7/1/2025 16:11,181881.436,2103.946689
26600,GREEN SPACE,,,FRA,NOS,,,,,7/1/2025 16:11,Parcels,,,3e0f216b-3e33-4d84-851c-d4d4594db70f,7/1/2025 16:11,23592.93181,615.106865
26601,GREEN SPACE,,,FRA,NOS,,,,,7/1/2025 16:11,Parcels,,,e61999d2-a335-46eb-af2b-a371570b1615,7/1/2025 16:11,139299.8294,1761.156031
26602,GREEN SPACE,,,FRA,NOS,,,,,7/1/2025 16:11,Parcels,,,13aaed54-86b7-4214-a230-1b24a223f8f8,7/1/2025 16:11,42459.36096,930.2356236
26603,GREEN SPACE,,,FRA,NOS,,,,,7/1/2025 16:11,Parcels,,,df73b338-a915-4d94-a4e3-a72000493370,7/1/2025 16:11,159742.2803,3159.161253
26604,GREEN SPACE,,,FRA,NOS,,,,,7/1/2025 16:11,Parcels,,,1ed92f3f-7de2-4ff9-ac52-92946ac8500a,7/1/2025 16:11,238612.3086,4271.322126
26605,GREEN SPACE,,,FRA,NOS,,,,,7/1/2025 16:11,Parcels,,,a81b46e5-494f-4412-8fb1-b767fa7453bc,7/1/2025 16:11,175442.3676,3009.204589
26606,GREEN SPACE,,,FRA,NOS,,,,,7/1/2025 16:11,Parcels,,,a3d441c5-03ca-4269-9ffd-d76762c44874,7/1/2025 16:11,41535.06003,1142.529616
26607,GREEN SPACE,,,FRA,NOS,,,,,7/1/2025 16:11,Parcels,,,b2ea1d24-8a5e-40f5-816f-c2efcc197539,7/1/2025 16:11,255469.558,4347.57455
26608,GREEN SPACE,,,FRA,NOS,,,,,7/1/2025 16:11,Parcels,,,a627ed24-019d-4376-84ac-05e105368db7,7/1/2025 16:11,284642.4078,3308.70357
26609,GREEN SPACE,,,FRA,NOS,,,,,7/1/2025 16:11,Parcels,,,090fbc73-c881-492a-bb88-2cb22ba551e0,7/1/2025 16:11,176970.411,3091.319801
26610,GREEN SPACE,,,FRA,NOS,,,,,7/1/2025 16:11,Parcels,,,62eb11cc-4a7a-470b-9b7d-5145312b57bf,7/1/2025 16:11,204159.8376,2053.150958
26611,GREEN SPACE,,,FRA,NOS,,,,,7/1/2025 16:11,Parcels,,,05a6b2de-65d2-4f90-b869-c63f8cae7d31,7/1/2025 16:11,74551.3562,1822.065856
26612,GREEN SPACE,,,FRA,NOS,,,,,7/1/2025 16:11,Parcels,,,2bce5313-016a-4280-b4cf-af96e08285d3,7/1/2025 16:11,246950.4634,4899.433997
26613,GREEN SPACE,,,FRA,NOS,,,,,7/1/2025 16:11,Parcels,,,74551e5f-0e21-49b3-b5c3-2e38144d9e3f,7/1/2025 16:11,251453.7048,2949.152075
26614,GREEN SPACE,,,FRA,NOS,,,,,7/1/2025 16:11,Parcels,,,c04ccdfd-e788-412c-970c-7c3bb885bfa7,7/1/2025 16:11,628265.2682,3963.894379
26615,GREEN SPACE,,,FRA,NOS,,,,,7/1/2025 16:11,Parcels,,,52e84e42-7d70-4dd6-9408-38703058114c,7/1/2025 16:11,24186.49436,942.598031
26616,GREEN SPACE,,,FRA,NOS,,,,,7/1/2025 16:11,Parcels,,,631e8862-4357-4e3d-b33a-97f708196bb2,7/1/2025 16:11,56220.75645,1291.95157
26617,GREEN SPACE,,,FRA,NOS,,,,,7/1/2025 16:11,Parcels,,,d52e6ae1-c2c1-4bbe-bc58-785b0aa2e631,7/1/2025 16:11,150486.6048,2542.841685
26618,GREEN SPACE,,,FRA,NOS,,,,,7/1/2025 16:11,Parcels,,,78972341-6105-461b-979e-83653ad5d543,7/1/2025 16:11,29831.01776,887.3915802
26619,GREEN SPACE,,,FRA,NOS,,,,,7/1/2025 16:11,Parcels,,,7db51235-16c2-4d8f-a847-a779f1ed47b1,7/1/2025 16:11,215296.6779,2995.845054
26620,GREEN SPACE,,,FRA,NOS,,,,,7/1/2025 16:11,Parcels,,,4dfaf59a-0089-40a4-a552-da083280e03b,7/1/2025 16:11,107997.0974,1999.581136
26621,GREEN SPACE,,,FRA,NOS,,,,,7/1/2025 16:11,Parcels,,,569cd3e7-83cf-40a5-bdf1-7c45fb9df674,7/1/2025 16:11,260870.8554,2213.479249
26622,GREEN SPACE,,,FRA,NOS,,,,,7/1/2025 16:11,Parcels,,,c68cfd5f-926a-4d3e-a257-d37c94f694a6,7/1/2025 16:11,294110.7749,3440.45983
26623,GREEN SPACE,,,FRA,NOS,,,,,7/1/2025 16:11,Parcels,,,d5e00b70-2930-4349-99a0-146ff3bbe1ef,7/1/2025 16:11,157994.0593,3219.83599
26624,GREEN SPACE,,,FRA,NOS,,,,,7/1/2025 16:11,Parcels,,,31842070-b741-4527-b019-03cb532a5acf,7/1/2025 16:11,85112.24374,2204.188777
26625,GREEN SPACE,,,FRA,NOS,,,,,7/1/2025 16:11,Parcels,,,b964c56f-bbff-4244-8124-c4d44f420ee4,7/1/2025 16:11,150083.387,1575.471735
26626,GREEN SPACE,,,FRA,NOS,,,,,7/1/2025 16:11,Parcels,,,714bd56c-43f7-44c7-8f31-a181b0395080,7/1/2025 16:11,757752.365,10479.03961
26627,GREEN SPACE,,,FRA,NOS,,,,,7/1/2025 16:11,Parcels,,,d4960603-5ec3-4fd8-81c2-f00c9cf63ed1,7/1/2025 16:11,282602.0273,6964.733478
26628,GREEN SPACE,,,FRA,NOS,,,,,7/1/2025 16:11,Parcels,,,01f69690-ba6b-4686-8c0a-c82192bbd711,7/1/2025 16:11,176458.0447,2714.046008
26629,GREEN SPACE,,,FRA,NOS,,,,,7/1/2025 16:11,Parcels,,,984492ab-ab88-4358-844c-2e07f423ca6c,7/1/2025 16:11,148708.2347,2084.35078
26630,GREEN SPACE,,,FRA,NOS,,,,,7/1/2025 16:11,Parcels,,,1f54478c-7c31-46f4-8241-2de59a45c3b3,7/1/2025 16:11,168344.9183,2406.087341
26631,GREEN SPACE,,,FRA,NOS,,,,,7/1/2025 16:11,Parcels,,,e235dd1f-1546-4dc2-9190-a5028e9ad442,7/1/2025 16:11,318101.3517,3053.250414
26632,GREEN SPACE,,,FRA,NOS,,,,,7/1/2025 16:11,Parcels,,,7ba63e72-8141-4434-b800-b89ea6612e41,7/1/2025 16:11,122605.8452,2537.795215
26633,GREEN SPACE,,,FRA,NOS,,,,,7/1/2025 16:11,Parcels,,,12a43d5a-ed12-40b6-9d8c-768fb5a3211a,7/1/2025 16:11,105427.3827,1983.086714
26634,GREEN SPACE,,,FRA,NOS,,,,,7/1/2025 16:11,Parcels,,,e8202c4b-6f8f-4a3a-a157-583853ff571c,7/1/2025 16:11,138273.9716,1899.411349
26635,GREEN SPACE,,,FRA,NOS,,,,,7/1/2025 16:11,Parcels,,,bad6f4a3-26b8-44bb-8a8e-f249d8f1b03f,7/1/2025 16:11,553040.971,5124.33487
26636,GREEN SPACE,,,FRA,NOS,,,,,7/1/2025 16:11,Parcels,,,949c4180-78f6-469b-982e-ccc4fccb5b74,7/1/2025 16:11,75490.27661,1806.54736
26637,GREEN SPACE,,,FRA,NOS,,,,,7/1/2025 16:11,Parcels,,,abdbbebc-cf96-4d23-bb96-e354bb239e70,7/1/2025 16:11,378508.4688,3127.829424
26638,GREEN SPACE,,,FRA,NOS,,,,,7/1/2025 16:11,Parcels,,,ecf82c78-370a-4f62-aae6-34e2881a2ab6,7/1/2025 16:11,15709.60993,529.5740166
26639,GREEN SPACE,,,FRA,NOS,,,,,7/1/2025 16:11,Parcels,,,cc87f60d-27fb-4873-a3f3-ece868efd6d7,7/1/2025 16:11,349052.4439,2890.764606
26640,GREEN SPACE,,,FRA,NOS,,,,,7/1/2025 16:11,Parcels,,,2574cdc6-5e14-453d-91ec-b43578f383c8,7/1/2025 16:11,242974.3429,2069.079313
26641,GREEN SPACE,,,FRA,NOS,,,,,7/1/2025 16:11,Parcels,,,67dcc61a-53a6-4f81-a820-09db40ace259,7/1/2025 16:11,230360.3612,2260.114664
26642,GREEN SPACE,,,FRA,NOS,,,,,7/1/2025 16:11,Parcels,,,63d7ec8f-aafc-401a-aac3-51d326d60cbd,7/1/2025 16:11,210140.9019,2668.869631
26643,GREEN SPACE,,,FRA,NOS,,,,,7/1/2025 16:11,Parcels,,,82b0192c-5bb6-40b4-aa57-4ace5bda8d8a,7/1/2025 16:11,124809.953,2071.207546
26644,GREEN SPACE,,,FRA,NOS,,,,,7/1/2025 16:11,Parcels,,,221fbd98-a1bb-45ae-a5d3-7c29a10f1d8b,7/1/2025 16:11,38268.37417,822.1636941
26645,GREEN SPACE,,,FRA,NOS,,,,,7/1/2025 16:11,Parcels,,,fe0d6775-3c8c-4ed0-8354-808b4c0d9179,7/1/2025 16:11,264158.7728,3865.031104
26646,GREEN SPACE,,,FRA,NOS,,,,,7/1/2025 16:11,Parcels,,,992583f9-7c71-40ee-bc11-10d21225b1a4,7/1/2025 16:11,69129.96753,2152.552795
26647,GREEN SPACE,,,FRA,NOS,,,,,7/1/2025 16:11,Parcels,,,06e94049-66b6-4420-bccb-186bae323713,7/1/2025 16:11,565234.2837,4728.749156
26648,GREEN SPACE,,,FRA,NOS,,,,,7/1/2025 16:11,Parcels,,,8fedd994-1100-4398-9c97-83d92b3b1f95,7/1/2025 16:11,72068.74048,2844.613909
26649,GREEN SPACE,,,FRA,NOS,,,,,7/1/2025 16:11,Parcels,,,9371675c-90ec-40c4-ba6b-5ad4200efb01,7/1/2025 16:11,337275.612,2810.396597
26650,GREEN SPACE,,,FRA,NOS,,,,,7/1/2025 16:11,Parcels,,,54bac78f-6a60-425b-a6ce-46c66c3a2417,7/1/2025 16:11,144897.714,2703.577462
26651,GREEN SPACE,,,FRA,NOS,,,,,7/1/2025 16:11,Parcels,,,8448fe66-9fdf-4715-9404-a72ddb873394,7/1/2025 16:11,234228.3306,3245.345525
26652,GREEN SPACE,,,FRA,NOS,,,,,7/1/2025 16:11,Parcels,,,2ea2cc2b-1a65-424e-831e-d0526a9b517b,7/1/2025 16:11,365576.1693,4850.599313
26653,GREEN SPACE,,,FRA,NOS,,,,,7/1/2025 16:11,Parcels,,,ecb13110-bbf4-4420-aa51-e705af648601,7/1/2025 16:11,179372.2621,3416.283335
26654,GREEN SPACE,,,FRA,NOS,,,,,7/1/2025 16:11,Parcels,,,c624fbb0-d753-4b52-8376-6bbd7d4c1ef4,7/1/2025 16:11,53940.90353,2499.687388
26655,GREEN SPACE,,,FRA,NOS,,,,,7/1/2025 16:11,Parcels,,,6a208da2-97c3-47d2-a035-416537b086e7,7/1/2025 16:11,89407.3123,2510.823896
26656,GREEN SPACE,,,FRA,NOS,,,,,7/1/2025 16:11,Parcels,,,41a39b85-80c5-4216-a3b7-ab1bb4b937b2,7/1/2025 16:11,161258.8623,2156.775022
26657,GREEN SPACE,,,FRA,NOS,,,,,7/1/2025 16:11,Parcels,,,ea2972c9-927d-4224-866f-f639fc04b739,7/1/2025 16:11,304971.2105,2667.673632
26658,GREEN SPACE,,,FRA,NOS,,,,,7/1/2025 16:11,Parcels,,,eb92b01b-0a87-4a69-aa23-7aad92d9ffa7,7/1/2025 16:11,182827.7438,1679.604396
26659,GREEN SPACE,,,FRA,NOS,,,,,7/1/2025 16:11,Parcels,,,be93b24a-bbc2-4e12-bccf-4c1adb8f9a75,7/1/2025 16:11,139850.4767,3848.124901
26660,GREEN SPACE,,,FRA,NOS,,,,,7/1/2025 16:11,Parcels,,,8bb20ef3-58ad-484a-bb2b-2f3271438313,7/1/2025 16:11,448688.4512,5193.82997
26661,GREEN SPACE,,,FRA,NOS,,,,,7/1/2025 16:11,Parcels,,,b6821c30-86fd-468d-b4f6-a4c4f9559930,7/1/2025 16:11,158188.3138,1632.917507
26676,GREEN SPACE,,,FRA,NOS,,,,,7/1/2025 16:11,Parcels,,,2a6d4098-0ab5-4e04-991f-7d4a4e4511a0,7/1/2025 16:11,77685.35156,1625.752829
26677,GREEN SPACE,,,FRA,NOS,,,,,7/1/2025 16:11,Parcels,,,5ec48364-80c6-48f5-9b0f-4b228b94524f,7/1/2025 16:11,763307.0129,4101.338011
26678,GREEN SPACE,,,FRA,NOS,,,,,7/1/2025 16:11,Parcels,,,7ae38bcd-0cf9-4b06-bfb9-ae70c131470d,7/1/2025 16:11,670966.8903,4102.024485
26679,GREEN SPACE,,,FRA,NOS,,,,,7/1/2025 16:11,Parcels,,,4f56ce1c-a02a-4564-b5f1-2f7145262a95,7/1/2025 16:11,669372.4559,3424.580125
26680,GREEN SPACE,,,FRA,NOS,,,,,7/1/2025 16:11,Parcels,,,91d57c6d-f626-4789-b03a-e6ac8a6e13f0,7/1/2025 16:11,18240.96301,540.3767171
26681,GREEN SPACE,,,FRA,NOS,,,,,7/1/2025 16:11,Parcels,,,dc43fdc6-5162-4896-bd4c-7471cdb7c90c,7/1/2025 16:11,32484.04712,878.3827448
26682,GREEN SPACE,,,FRA,NOS,,,,,7/1/2025 16:11,Parcels,,,95d346d8-eaef-440b-86ba-89b7d0195865,7/1/2025 16:11,228124.0132,2638.444919
26683,GREEN SPACE,,,FRA,NOS,,,,,7/1/2025 16:11,Parcels,,,e70129b7-6779-4fa2-a467-5901e002535c,7/1/2025 16:11,92901.17034,1682.531435
26684,GREEN SPACE,,,FRA,NOS,,,,,7/1/2025 16:11,Parcels,,,c0bd54d0-589e-4fdd-8925-1282e8131f5e,7/1/2025 16:11,91448.32304,1616.188444
26685,GREEN SPACE,,,FRA,NOS,,,,,7/1/2025 16:11,Parcels,,,c38c9cef-aa92-4ddc-91af-eec4b074b0e0,7/1/2025 16:11,93106.55212,1179.321647
26686,GREEN SPACE,,,FRA,NOS,,,,,7/1/2025 16:11,Parcels,,,54d46b6d-cda3-44d9-8293-cb9697645d49,7/1/2025 16:11,136568.7492,4726.747671
26687,GREEN SPACE,,,FRA,NOS,,,,,7/1/2025 16:11,Parcels,,,7ac2a661-2d28-4d76-a59f-f4ba6bb06a45,7/1/2025 16:11,117064.2306,1568.736448
26688,GREEN SPACE,,,FRA,NOS,,,,,7/1/2025 16:11,Parcels,,,c39384e0-b78e-4409-a952-f04bf5cf63a6,7/1/2025 16:11,69069.45044,1060.04347
26689,GREEN SPACE,,,FRA,NOS,,,,,7/1/2025 16:11,Parcels,,,faedaae1-d316-447d-b3cd-e9597e0c2201,7/1/2025 16:11,146634.6475,2635.877487
26690,GREEN SPACE,,,FRA,NOS,,,,,7/1/2025 16:11,Parcels,,,d484c43e-2314-4acc-b0cf-99f701506542,7/1/2025 16:11,832043.8654,5607.843275
26691,GREEN SPACE,,,FRA,NOS,,,,,7/1/2025 16:11,Parcels,,,af364498-0d48-4b3b-b23b-6be3aea1f561,7/1/2025 16:11,663666.77,7169.967866
26692,GREEN SPACE,,,FRA,NOS,,,,,7/1/2025 16:11,Parcels,,,29c4e807-732f-411b-8fb4-07582d0dc4cc,7/1/2025 16:11,103501.3107,2216.254625
26693,GREEN SPACE,,,FRA,NOS,,,,,7/1/2025 16:11,Parcels,,,4d392e32-bf2a-4834-9614-e6b8d4f1c323,7/1/2025 16:11,262067.0565,2911.420131
26694,GREEN SPACE,,,FRA,NOS,,,,,7/1/2025 16:11,Parcels,,,06295e67-253f-44c8-b4e8-903365f97c57,7/1/2025 16:11,338396.0263,5063.711795
26695,GREEN SPACE,,,FRA,NOS,,,,,7/1/2025 16:11,Parcels,,,e604cc36-3ab1-43f1-9105-f856411910cf,7/1/2025 16:11,41145.94869,802.4218317
26696,GREEN SPACE,,,FRA,NOS,,,,,7/1/2025 16:11,Parcels,,,027c2538-ef47-4e37-8e86-27fbbf02bbec,7/1/2025 16:11,115027.9256,1842.977934
26697,GREEN SPACE,,,FRA,NOS,,,,,7/1/2025 16:11,Parcels,,,fa8a659f-1574-47b7-a8ae-fde4846ae81e,7/1/2025 16:11,83833.10991,1833.194748
26698,GREEN SPACE,,,FRA,NOS,,,,,7/1/2025 16:11,Parcels,,,ca52c087-8a56-47cc-830e-f365e12eddcf,7/1/2025 16:11,68173.33659,2150.937627
26699,GREEN SPACE,,,FRA,NOS,,,,,7/1/2025 16:11,Parcels,,,118da6b2-2786-4aee-8f4e-fb990e6fc9e0,7/1/2025 16:11,310203.3459,6103.91029
26700,GREEN SPACE,,,FRA,NOS,,,,,7/1/2025 16:11,Parcels,,,ab2f306e-97da-4169-8f90-69e0fc88af94,7/1/2025 16:11,251545.4827,3791.282075
26701,GREEN SPACE,,,FRA,NOS,,,,,7/1/2025 16:11,Parcels,,,d0dffac6-f41d-4177-890a-89fd7fa85d0c,7/1/2025 16:11,183684.8971,3874.767529
26702,GREEN SPACE,,,FRA,NOS,,,,,7/1/2025 16:11,Parcels,,,90640d4b-8285-4cf6-841c-94bd36b73a20,7/1/2025 16:11,594601.8444,3638.914519
26703,GREEN SPACE,,,FRA,NOS,,,,,7/1/2025 16:11,Parcels,,,50943949-c6a4-4c96-aae6-405773774d9e,7/1/2025 16:11,79076.25886,1138.245553
26704,GREEN SPACE,,,FRA,NOS,,,,,7/1/2025 16:11,Parcels,,,41f09896-c927-4bae-af5c-e6649083c9b6,7/1/2025 16:11,272237.3945,2821.301282
26705,GREEN SPACE,,,FRA,NOS,,,,,7/1/2025 16:11,Parcels,,,bad867d0-5ba9-4fb6-8375-4c1d5d301b5a,7/1/2025 16:11,97125.11268,1539.083347
26706,GREEN SPACE,,,FRA,NOS,,,,,7/1/2025 16:11,Parcels,,,b2a664fb-7029-4556-8da9-eed70d51063f,7/1/2025 16:11,215413.8667,2966.941698
26707,GREEN SPACE,,,FRA,NOS,,,,,7/1/2025 16:11,Parcels,,,720ea08b-aa70-459b-af38-f987ec497818,7/1/2025 16:11,507789.7195,6721.880861
26708,GREEN SPACE,,,FRA,NOS,,,,,7/1/2025 16:11,Parcels,,,96392935-9a9a-4594-b25f-20609b54532b,7/1/2025 16:11,643366.0015,3806.084803
26709,GREEN SPACE,,,FRA,NOS,,,,,7/1/2025 16:11,Parcels,,,12bb999a-a0b6-499f-a3bc-ac2afed11e37,7/1/2025 16:11,23159.29456,623.6607955
26710,GREEN SPACE,,,FRA,NOS,,,,,7/1/2025 16:11,Parcels,,,d1d2b591-0e2e-452c-8bc0-a75a90ced6ac,7/1/2025 16:11,470301.4114,5148.375483
26711,GREEN SPACE,,,FRA,NOS,,,,,7/1/2025 16:11,Parcels,,,28477b7a-57f3-4b29-86ed-ddbb1ad812d7,7/1/2025 16:11,335929.2828,2731.715952
26712,GREEN SPACE,,,FRA,NOS,,,,,7/1/2025 16:11,Parcels,,,b42597e7-2f15-4713-9612-369dd7728751,7/1/2025 16:11,38893.42336,1059.271393
26713,GREEN SPACE,,,FRA,NOS,,,,,7/1/2025 16:11,Parcels,,,23d8ca1b-2c26-48a1-bb2a-0713fed1c8fc,7/1/2025 16:11,128524.9076,2442.740486
26714,GREEN SPACE,,,FRA,NOS,,,,,7/1/2025 16:11,Parcels,,,5568038e-1298-412e-af12-062c9f07007d,7/1/2025 16:11,67516.57281,1720.818526
26721,GREEN SPACE,,,FRA,NOS,,,,,7/1/2025 16:11,Parcels,,,2547e8a1-7cbf-4494-a2d8-66d3550b67b3,7/1/2025 16:11,565200.5629,6663.382286
26723,GREEN SPACE,,,FRA,NOS,,,,,7/1/2025 16:11,Parcels,,,11bdecb5-8774-431d-a62e-68f3b07d383f,7/1/2025 16:11,139848.5424,1711.956573
26724,GREEN SPACE,,,FRA,NOS,,,,,7/1/2025 16:11,Parcels,,,44cb15c3-492f-4973-a4b4-93c9792cb9c2,7/1/2025 16:11,617337.5773,6195.928701
26725,GREEN SPACE,,,FRA,NOS,,,,,7/1/2025 16:11,Parcels,,,473a06bd-5010-4908-9d2b-0d63f2e221c7,7/1/2025 16:11,895763.4843,6492.473454
26726,GREEN SPACE,,,FRA,NOS,,,,,7/1/2025 16:11,Parcels,,,7a9289a2-4529-4a1a-b0ba-b4faf311e180,7/1/2025 16:11,145282.9176,1763.561272
26727,GREEN SPACE,,,FRA,NOS,,,,,7/1/2025 16:11,Parcels,,,94f5aa11-b02c-4479-8ca3-f6507435cca0,7/1/2025 16:11,218401.2902,2812.743637
26728,GREEN SPACE,,,FRA,NOS,,,,,7/1/2025 16:11,Parcels,,,4f5324b3-59c0-44b6-ab10-a361ff5f6744,7/1/2025 16:11,148562.3501,1551.36955
26729,GREEN SPACE,,,FRA,NOS,,,,,7/1/2025 16:11,Parcels,,,cc41675b-11e4-421e-9329-5dfbb4a1d5df,7/1/2025 16:11,212704.5808,3137.579289
26730,GREEN SPACE,,,FRA,NOS,,,,,7/1/2025 16:11,Parcels,,,ed8d7069-ff07-4b88-b673-b0a828663edb,7/1/2025 16:11,440857.8219,5673.313775
26731,GREEN SPACE,,,FRA,NOS,,,,,7/1/2025 16:11,Parcels,,,6a56f266-e55b-4f70-90f3-d8e95fdcf1e4,7/1/2025 16:11,168285.9984,1851.768127
26732,GREEN SPACE,,,FRA,NOS,,,,,7/1/2025 16:11,Parcels,,,3dea2794-ebb5-441d-8cb4-39afb642920e,7/1/2025 16:11,458128.5367,5136.147854
26733,GREEN SPACE,,,FRA,NOS,,,,,7/1/2025 16:11,Parcels,,,be080446-970f-4e3f-80b4-e9dbbf7d05b5,7/1/2025 16:11,133794.97,2077.749391
26734,GREEN SPACE,,,FRA,NOS,,,,,7/1/2025 16:11,Parcels,,,0cca12f7-81d8-406d-8894-0bab59d3b70f,7/1/2025 16:11,63795.49731,1503.982266
26735,GREEN SPACE,,,FRA,NOS,,,,,7/1/2025 16:11,Parcels,,,d903c534-7a38-475b-a926-655f14332987,7/1/2025 16:11,109673.0617,2039.636504
26736,GREEN SPACE,,,FRA,NOS,,,,,7/1/2025 16:11,Parcels,,,ae916a10-8565-424b-86ef-a6a603a19d7c,7/1/2025 16:11,252311.0553,4760.834247
26737,GREEN SPACE,,,FRA,NOS,,,,,7/1/2025 16:11,Parcels,,,3a84ff92-cfa0-4eb1-8b95-3b40b23845e5,7/1/2025 16:11,184706.1604,2723.901403
26738,GREEN SPACE,,,FRA,NOS,,,,,7/1/2025 16:11,Parcels,,,25d85744-6b73-46d8-acff-cb8c08f9131a,7/1/2025 16:11,87663.64701,1268.431958
26739,GREEN SPACE,,,FRA,NOS,,,,,7/1/2025 16:11,Parcels,,,5a7e33a2-30f9-45a7-93b6-d1ec2d764111,7/1/2025 16:11,82515.39917,1400.011314
26745,GREEN SPACE,,,FRA,NOS,,,,,7/1/2025 16:11,Parcels,,,e2e845be-c60d-4344-97a0-db90aef53bed,7/1/2025 16:11,62267.80938,1377.38987
26746,GREEN SPACE,,,FRA,NOS,,,,,7/1/2025 16:11,Parcels,,,4f3976f5-553d-472a-9c87-6d6f99e02b25,7/1/2025 16:11,76612.42285,2055.787799
26747,GREEN SPACE,,,FRA,NOS,,,,,7/1/2025 16:11,Parcels,,,c403cb33-fddf-424e-abe7-bbfdbfb03bfb,7/1/2025 16:11,62914.12976,1341.330557
26748,GREEN SPACE,,,FRA,NOS,,,,,7/1/2025 16:11,Parcels,,,0a039c0c-3dd2-4ed8-8888-4b5d947579c0,7/1/2025 16:11,41233.61876,1064.499773
26749,GREEN SPACE,,,FRA,NOS,,,,,7/1/2025 16:11,Parcels,,,c1aac270-e9d1-4078-99ae-5017ccf0b92e,7/1/2025 16:11,120010.3384,1599.968243
26750,GREEN SPACE,,,FRA,NOS,,,,,7/1/2025 16:11,Parcels,,,c6c78b99-0660-406b-989f-31f1b978b32d,7/1/2025 16:11,44486.75503,891.8352688
26751,GREEN SPACE,,,FRA,NOS,,,,,7/1/2025 16:11,Parcels,,,f7d640e0-89c3-47af-981e-8c224b5ed0e9,7/1/2025 16:11,91305.68841,1565.653332
26752,GREEN SPACE,,,FRA,NOS,,,,,7/1/2025 16:11,Parcels,,,7d086867-1bae-474c-aeaa-1d12d0abd721,7/1/2025 16:11,213287.8511,2188.502036
26753,GREEN SPACE,,,FRA,NOS,,,,,7/1/2025 16:11,Parcels,,,54d4eb6c-750e-4429-97ac-0cdd19cbd610,7/1/2025 16:11,1177217.637,5992.039702
26754,GREEN SPACE,,,FRA,NOS,,,,,7/1/2025 16:11,Parcels,,,97aa6165-6740-4993-a509-23459a9722c2,7/1/2025 16:11,840733.221,6217.924033
26755,GREEN SPACE,,,FRA,NOS,,,,,7/1/2025 16:11,Parcels,,,b1989170-e153-41d3-924e-d1e7b08c3a5d,7/1/2025 16:11,37082.23467,1753.2446
26756,GREEN SPACE,,,FRA,NOS,,,,,7/1/2025 16:11,Parcels,,,53621660-53ce-40e1-ace5-4cf9a90d610f,7/1/2025 16:11,142006.8866,1878.784713
26757,GREEN SPACE,,,FRA,NOS,,,,,7/1/2025 16:11,Parcels,,,07299213-049a-4f16-8106-b479fb258300,7/1/2025 16:11,105033.2665,1902.981684
26758,GREEN SPACE,,,FRA,NOS,,,,,7/1/2025 16:11,Parcels,,,8cd6bdd7-e9fd-4e7e-9195-9c2ef6303f7e,7/1/2025 16:11,84746.5445,1187.444059
26759,GREEN SPACE,,,FRA,NOS,,,,,7/1/2025 16:11,Parcels,,,6c7dd723-852f-44d2-b2c6-9895c6d4f36c,7/1/2025 16:11,42476.14769,861.7220917
26760,GREEN SPACE,,,FRA,NOS,,,,,7/1/2025 16:11,Parcels,,,02299607-f55c-485f-8cbd-343b239ed19a,7/1/2025 16:11,222813.3438,4685.911487
26761,GREEN SPACE,,,FRA,NOS,,,,,7/1/2025 16:11,Parcels,,,a0d9df3c-dbb2-497e-8b1c-4bc2460b03ff,7/1/2025 16:11,1038803.705,5993.324965
26762,GREEN SPACE,,,FRA,NOS,,,,,7/1/2025 16:11,Parcels,,,afc87b0d-358b-4125-a9e7-b6dd7167513a,7/1/2025 16:11,125568.0889,1413.86739
26763,GREEN SPACE,,,FRA,NOS,,,,,7/1/2025 16:11,Parcels,,,7978d824-d1dd-4a54-8dd2-ec67763fa68a,7/1/2025 16:11,168513.1337,1709.014129
26764,GREEN SPACE,,,FRA,NOS,,,,,7/1/2025 16:11,Parcels,,,d4ca2c38-de7d-47f3-935c-c4168a12446d,7/1/2025 16:11,303160.2231,3381.256016
26765,GREEN SPACE,,,FRA,NOS,,,,,7/1/2025 16:11,Parcels,,,b19eeeec-b438-4972-8d4c-861001ed9926,7/1/2025 16:11,63202.51479,1014.960261
26766,GREEN SPACE,,,FRA,NOS,,,,,7/1/2025 16:11,Parcels,,,7e50a85f-ed26-4536-a517-aa77db52d34f,7/1/2025 16:11,258299.5355,2205.764382
26767,GREEN SPACE,,,FRA,NOS,,,,,7/1/2025 16:11,Parcels,,,b9113d34-fe65-4766-b453-070960363b54,7/1/2025 16:11,1935040.665,8640.829704
26768,GREEN SPACE,,,FRA,NOS,,,,,7/1/2025 16:11,Parcels,,,cc55c75c-6089-49ba-a87d-e10754c80bae,7/1/2025 16:11,479726.9235,2788.23999
26769,GREEN SPACE,,,FRA,NOS,,,,,7/1/2025 16:11,Parcels,,,e340c91a-1960-4bd4-b657-e77b57498a5a,7/1/2025 16:11,213001.893,1818.984162
26770,GREEN SPACE,,,FRA,NOS,,,,,7/1/2025 16:11,Parcels,,,c58746ce-feb5-4b04-99d3-d88870cac6c2,7/1/2025 16:11,600828.3257,4772.815814
26771,GREEN SPACE,,,FRA,NOS,,,,,7/1/2025 16:11,Parcels,,,c49747f4-eb29-496a-943a-6faa1f07d604,7/1/2025 16:11,444788.765,3368.462708
26772,GREEN SPACE,,,FRA,NOS,,,,,7/1/2025 16:11,Parcels,,,fc9546cf-9a66-4490-b988-b3cc4a775da3,7/1/2025 16:11,332746.5784,11436.90755
26773,GREEN SPACE,,,FRA,NOS,,,,,7/1/2025 16:11,Parcels,,,c66d78ca-2c29-4eb1-8246-9bb0f56ed972,7/1/2025 16:11,398343.6752,4455.105041
