name	category	subtype	designation	status	ownership	governance	partner_agencies	coordination	description	location	acres	counties	municipality	township	gps_lat	gps_lon	plus_code	features	notes	url_primary	urls	parent_site_id	created_at	updated_at
Cedar Point National Wildlife Refuge	Wildlife Area	Federal Wildlife Area	National Wildlife Refuge	Active	U.S. Fish and Wildlife Service	U.S. Fish and Wildlife Service	Ottawa National Wildlife Refuge (administers)	Administered by Ottawa National Wildlife Refuge staff	"Cedar Point National Wildlife Refuge has a fascinating history. From a famous hunt club to a refuge in 1964, it has provided habitat for a variety of waterfowl, bald eagles and plants for many years. The nearly 2,500 acres protect rare plants and habitats that aren't found in other areas of Ohio."	"Off Yondota Road, State Route 2, three miles east of Oregon, Ohio; Lucas County, northwest Ohio"		Lucas	Jerusalem	Jerusalem	41.685901	-83.319691	86HRMMPJ+94	Fishing Area;Parking Lot;Wildlife Observation Area	"Refuge established 1964 (formerly a famous hunt club). Administered by Ottawa National Wildlife Refuge staff at 14000 West State Route 2, Oak Harbor, OH 43449-9485. Phone: (419) 898-0014. Access open May 1-Aug 31 daylight hours for fishing/paddling. Confirmed in Lucas County by USFWS page. Baseline seed confirmed. GPS from NW_Ohio_Parks_View GIS centroid (outSR=4326) during T6 map verification pass 2026-04-28 — treat as authoritative GIS source."	https://www.fws.gov/refuge/cedar-point	https://www.fws.gov/refuge/cedar-point;https://www.fws.gov/refuge/cedar-point/visit-us		2026-04-29T05:11:27Z	2026-04-29T05:11:27Z
West Sister Island National Wildlife Refuge	Wildlife Area	Federal Wildlife Area	National Wildlife Refuge	Active	U.S. Fish and Wildlife Service	U.S. Fish and Wildlife Service	Ottawa National Wildlife Refuge (administers)	Managed by Ottawa National Wildlife Refuge staff	"Declared a refuge in 1938 and a wilderness area in 1975, West Sister Island National Wildlife Refuge is located nine miles from shore in the Lake Erie Western Basin. This 82 acre island is closed to all access to protect the largest nesting colony of wading birds in the United States Great Lakes. Tall hackberry trees provide nesting sites for great blue herons, great egrets, black-crowned night-herons, double-crested cormorants and more."	"Lake Erie Western Basin, nine miles from shore"	82	Lucas			41.769	-83.127	86HRQV9F+J6		"CLOSED to all public use — limited research permits only. Boaters may view from water only. Wilderness Area designation since 1975. Administered by Ottawa NWR staff (14000 West State Route 2, Oak Harbor, OH 43449-9485; 419-898-0014). County assignment: baseline lists as Lucas County; island is in Lake Erie and county attribution may warrant verification at normalization. Baseline seed confirmed."	https://www.fws.gov/refuge/west-sister-island	https://www.fws.gov/refuge/west-sister-island;https://www.fws.gov/refuge/west-sister-island/visit-us		2026-04-29T05:11:27Z	2026-04-29T05:11:27Z
Maumee Bay State Park	Park		State Park	Active	State of Ohio	ODNR Division of Parks & Watercraft			"Maumee Bay State Park features a 57-acre inland lake, Lake Erie shoreline, marina managed by the Lodge, campground, and Trautman Nature Center (opened 1993). The park offers archery range, disc golf (18-hole), golf course, two beaches, and multiple trails. Mallard Club Marsh Wildlife Area is adjacent to the park."	"1400 State Park Road, Oregon, OH 43616; Lake Erie shoreline and inland lake, northwest Lucas County"		Lucas	Oregon		41.681408	-83.376536	86HRMJJF+H9	Hiking Trail;Boardwalk;Multi-use Trail;Marina;Beach;Disc Golf Course;Archery Range;Nature Center	Phone: (419) 836-7758. Baseline seed confirmed. Adjacent to Mallard Club Marsh Wildlife Area. GPS from NW_Ohio_Parks_View GIS centroid (outSR=4326) during T6 map verification pass 2026-04-28 — treat as authoritative GIS source.	https://ohiodnr.gov/go-and-do/plan-a-visit/find-a-property/maumee-bay-state-park	https://ohiodnr.gov/go-and-do/plan-a-visit/find-a-property/maumee-bay-state-park		2026-04-29T05:11:27Z	2026-04-29T05:11:27Z
Irwin Prairie State Nature Preserve	Nature Preserve	State Nature Preserve	State Nature Preserve	Active	State of Ohio	ODNR Division of Natural Areas & Preserves			"Irwin Prairie State Nature Preserve contains the finest sedge meadow in the state of Ohio, featuring a mosaic of wet prairie, sedge meadow, shrub swamp, and swamp forest habitats. The preserve supports dozens of rare and state-listed plant species."	"Lucas County, Ohio"	207	Lucas	Spencer	Spencer	41.65454	-83.776837	86HRM63F+R7	Boardwalk;Prairie	ODNR page reports 207 acres; baseline records 226.467 acres. Discrepancy flagged for normalization review — GIS verification needed. Baseline seed confirmed. GPS from NW_Ohio_Parks_View GIS centroid (outSR=4326) during T6 map verification pass 2026-04-28 — treat as authoritative GIS source.	https://ohiodnr.gov/go-and-do/plan-a-visit/find-a-property/irwin-prairie-state-nature-preserve	https://ohiodnr.gov/go-and-do/plan-a-visit/find-a-property/irwin-prairie-state-nature-preserve		2026-04-29T05:11:27Z	2026-04-29T05:11:27Z
Campbell State Nature Preserve	Nature Preserve	State Nature Preserve	State Nature Preserve	Active	State of Ohio	ODNR Division of Natural Areas & Preserves			"Campbell State Nature Preserve honors Louis W. (Lou) Campbell, a well-known Toledo naturalist and outdoor writer. High quality habitats include wet sedge meadows, swamp forest, sand dunes, sand barrens, mesic sand prairie and oak openings. These habitats support endangered wildlife including the frosted elfin and harvester butterflies. Rare wildflowers seen here include wild lupine, grass-pink orchid, spathulate-leaved sundew, soapwort gentian, plains puccoon and Missouri ironweed."	"Lucas County, Ohio"		Lucas			41.574	-83.718	86HRH7FJ+JQ	Hiking Trail;Restrooms;Prairie	"ODNR page uses ""Campbell State Nature Preserve"" (not ""Louis W. Campbell State Nature Preserve""). Baseline lists as ""Louis W. Campbell State Nature Preserve"" — name normalization needed. Baseline acreage: 74.9 acres (not confirmed on ODNR page). Hours: 1/2 hour before sunrise to 1/2 hour after sunset. Baseline seed confirmed."	https://ohiodnr.gov/go-and-do/plan-a-visit/find-a-property/campbell-state-nature-preserve	https://ohiodnr.gov/go-and-do/plan-a-visit/find-a-property/campbell-state-nature-preserve		2026-04-29T05:11:27Z	2026-04-29T05:11:27Z
Mallard Club Wildlife Area	Wildlife Area	State Wildlife Area	State Wildlife Area	Active	State of Ohio	ODNR Division of Wildlife			Mallard Club Wildlife Area is a 402-acre state wildlife area located 9 miles east of Toledo. Acquisition began in 1992 using multiple state funds and Fish Restoration federal funding.	"9 miles east of Toledo; Lucas County, Ohio"	402	Lucas	Jerusalem	Jerusalem	41.679836	-83.343337	86HRMMH4+WM	Parking Lot;Wildlife Observation Area	"Phone: (419) 424-5000. ODNR map file named ""mallardclub.pdf"". Note: ODNR page title is ""Mallard Club Wildlife Area"" while hunting maps list as ""Mallard Club Marsh."" Name normalization needed. Adjacent to Maumee Bay State Park. Baseline seed confirmed. GPS from NW_Ohio_Parks_View GIS centroid (outSR=4326) during T6 map verification pass 2026-04-28 — treat as authoritative GIS source."	https://ohiodnr.gov/go-and-do/plan-a-visit/find-a-property/mallard-club-wildlife-area	https://ohiodnr.gov/go-and-do/plan-a-visit/find-a-property/mallard-club-wildlife-area;https://ohiodnr.gov/static/documents/wildlife/wildlife-area-maps/mallardclub.pdf		2026-04-29T05:11:27Z	2026-04-29T05:11:27Z
Metzger Marsh Wildlife Area	Wildlife Area	State Wildlife Area	State Wildlife Area	Active	State of Ohio	ODNR Division of Wildlife	U.S. Fish and Wildlife Service (cooperative management); Ducks Unlimited; local conservation groups	Managed cooperatively with U.S. Fish and Wildlife Service as a high-quality wetland	"Metzger Marsh Wildlife Area is a 558-acre wildlife area that adjoins 182 acres of Ottawa National Wildlife Refuge, creating a 740-acre wetland adjacent to Lake Erie. A remnant of the 300,000-acre marsh once bordering western Lake Erie, the area was purchased by the Division of Wildlife in 1955 after years as a private hunting club. The outer dike was restored in 1995. Today it attracts thousands of migrating waterfowl, songbirds, and shorebirds annually."	"20 miles east of Toledo, just off State Route 2; Lake Erie shoreline; Lucas County, Ohio"	558	Lucas	Jerusalem	Jerusalem	41.642865	-83.240018	86HRJQV5+4X	Boat Ramp;Fishing Area;Parking Lot;Wildlife Observation Area	"Phone: (419) 424-5000. Managed cooperatively with USFWS (Ottawa NWR). Yellow perch, channel catfish, freshwater drum, white bass, largemouth bass, northern pike present. Baseline seed confirmed. GPS from NW_Ohio_Parks_View GIS centroid (outSR=4326) during T6 map verification pass 2026-04-28 — treat as authoritative GIS source."	https://ohiodnr.gov/go-and-do/plan-a-visit/find-a-property/metzger-marsh-wildlife-area	https://ohiodnr.gov/go-and-do/plan-a-visit/find-a-property/metzger-marsh-wildlife-area;https://ohiodnr.gov/static/documents/wildlife/wildlife-area-maps/metzgermarsh.pdf		2026-04-29T05:11:27Z	2026-04-29T05:11:27Z
Meilke Road Savanna Wildlife Area	Wildlife Area	State Wildlife Area	State Wildlife Area	Active	State of Ohio	ODNR Division of Wildlife				"Lucas County, Ohio"		Lucas	Spencer	Spencer	41.639215	-83.766025	86HRJ6QM+MH		"ODNR property page has minimal content (dynamically rendered). Map file named ""Meilke_Road.pdf"". Hunting maps list as ""Meilke Road Savanna"" (Lucas County). ODNR map download uses alternate spelling ""Meilke Road Savannah Wildlife Area."" Acreage not confirmed from source — baseline lists no acreage. Baseline seed confirmed. GPS from NW_Ohio_Parks_View GIS centroid (outSR=4326) during T6 map verification pass 2026-04-28 — treat as authoritative GIS source."	https://ohiodnr.gov/go-and-do/plan-a-visit/find-a-property/meilke-road-savanna-wildlife-area	https://ohiodnr.gov/go-and-do/plan-a-visit/find-a-property/meilke-road-savanna-wildlife-area;https://ohiodnr.gov/static/documents/wildlife/wildlife-area-maps/Meilke_Road.pdf		2026-04-29T05:11:27Z	2026-04-29T05:11:27Z
Lanker Wildlife Area	Wildlife Area	State Wildlife Area	State Wildlife Area	Active	State of Ohio	ODNR Division of Wildlife			Lanker Wildlife Area is a 26-acre state wildlife area located 1 mile northeast of Grand Rapids. Acquisition began in 1996 using multiple state funds.	"1 mile northeast of Grand Rapids; Lucas County, Ohio"	26	Lucas			41.436	-83.858	86HRC4PR+CQ		Discovered via mandatory ODNR Hunting Area Maps enumeration (§3.3) — not in baseline or prior ODNR property page searches. Not in baseline; new discovery.	https://ohiodnr.gov/go-and-do/plan-a-visit/find-a-property/lanker-wildlife-area	https://ohiodnr.gov/go-and-do/plan-a-visit/find-a-property/lanker-wildlife-area;https://ohiodnr.gov/static/documents/wildlife/wildlife-area-maps/Lanker.pdf		2026-04-29T05:11:27Z	2026-04-29T05:11:27Z
Magee Marsh Wildlife Area	Wildlife Area	State Wildlife Area	State Wildlife Area	Active	State of Ohio	ODNR Division of Wildlife			"Magee Marsh Wildlife Area is a 2,202-acre controlled hunting area containing some of Ohio's finest remaining wetlands. Originally private hunting clubs from the late 1800s, the area was purchased by the Ohio Division of Wildlife in August 1951. The marsh complex is renowned for its waterfowl, waterbirds, shorebirds, and songbirds. A forested beach ridge provides critical habitat for over 150 migrating songbird species including 36 species of warblers. More than 300 bird species have been recorded on the area."	17 miles west of Port Clinton on State Route 2; 10 miles north of Oak Harbor on State Route 19; Lake Erie Western Basin marshes	2202	Lucas;Ottawa	Jerusalem	Jerusalem	41.626809	-83.183527	86HRJRG8+PH	Boardwalk;Boat Ramp;Fishing Area;Beach;Parking Lot;Visitor Center	"GIS_VERIFY_COUNTY: ODNR hunting area maps list as ""Lucas & Ottawa."" Location description places property primarily near Ottawa County (Port Clinton, Oak Harbor area). County_primary set to Ottawa based on HQ address proximity; Lucas County portion requires GIS verification. Boardwalk and trails open year-round sunrise to sunset; restricted hours Oct-mid Dec during controlled waterfowl hunt. Discovered via mandatory ODNR Hunting Area Maps enumeration (§3.3). Not in baseline. GPS from NW_Ohio_Parks_View GIS centroid (outSR=4326) during T6 map verification pass 2026-04-28 — treat as authoritative GIS source."	https://ohiodnr.gov/go-and-do/plan-a-visit/find-a-property/magee-marsh-wildlife-area	https://ohiodnr.gov/go-and-do/plan-a-visit/find-a-property/magee-marsh-wildlife-area;https://ohiodnr.gov/static/documents/wildlife/wildlife-area-maps/mageemarsh.pdf;https://ohiodnr.gov/static/documents/wildlife/wildlife-area-maps/mageemarshwildlifearea_trailmap.pdf		2026-04-29T05:11:27Z	2026-04-29T05:11:27Z
Missionary Island Wildlife Area	Wildlife Area	State Wildlife Area	State Wildlife Area	Active	State of Ohio	ODNR Division of Wildlife			"Missionary Island Wildlife Area is a 297-acre state wildlife area located in the Maumee River, 2 miles southwest of Waterville. The property spans Lucas and Wood counties. Acquisition began in 1974 and continued through 1989. The area consists of river islands accessible by watercraft or by wading the river."	"2 miles southwest of Waterville; in the Maumee River; Lucas and Wood counties, Ohio"	297	Lucas;Wood	Waterville	Waterville	41.473647	-83.746508	86HRF7F3+F9	Bridge	"Phone: (419) 424-5000. GIS_VERIFY_COUNTY: spans Lucas and Wood counties. County_primary set to Lucas based on ""2 miles southwest of Waterville"" (Waterville is in Lucas County). Van Tassel page also references Missionary Island acreage as 296 acres (vs. 297 on Missionary Island page — minor discrepancy). Discovered via mandatory ODNR Hunting Area Maps enumeration (§3.3). Not in baseline. GPS from NW_Ohio_Parks_View GIS centroid (outSR=4326) during T6 map verification pass 2026-04-28 — treat as authoritative GIS source."	https://ohiodnr.gov/go-and-do/plan-a-visit/find-a-property/missionary-island-wildlife-area	https://ohiodnr.gov/go-and-do/plan-a-visit/find-a-property/missionary-island-wildlife-area;https://ohiodnr.gov/static/documents/wildlife/wildlife-area-maps/Missionary_Island.pdf		2026-04-29T05:11:27Z	2026-04-29T05:11:27Z
Van Tassel Wildlife Area	Wildlife Area	State Wildlife Area	State Wildlife Area	Active	State of Ohio	ODNR Division of Wildlife			"Van Tassel Wildlife Area consists of 88 acres of river islands in the Maumee River, located in Wood and Lucas counties. The area is accessible only by watercraft or by wading the river; there are no bridges."	"In the Maumee River; bordered by State Route 24 and State Route 65; Wood and Lucas counties, Ohio"	88	Lucas;Wood			41.579	-83.734	86HRH7H8+JC	Bridge	"Phone: (419) 424-5000. GIS_VERIFY_COUNTY: spans Wood and Lucas counties. County_primary set to Lucas per ODNR hunting maps listing as ""Wood & Lucas"" but map title and county ordering suggests Wood may be primary — flag for GIS verification. Van Tassel and Missionary Island are referenced together in ODNR materials as companion island wildlife areas. Discovered via mandatory ODNR Hunting Area Maps enumeration (§3.3). Not in baseline."	https://ohiodnr.gov/go-and-do/plan-a-visit/find-a-property/van-tassel-wildlife-area	https://ohiodnr.gov/go-and-do/plan-a-visit/find-a-property/van-tassel-wildlife-area;https://ohiodnr.gov/static/documents/wildlife/wildlife-area-maps/vantassel.pdf		2026-04-29T05:11:27Z	2026-04-29T05:11:27Z
Bend View Metropark	Park			Active	Metroparks Toledo / Metropolitan Park District of the Toledo Area	Metroparks Toledo			"Bend View's name describes its greatest attribute — an unequaled view of a 90-degree bend in the Maumee River. The park entrance is on the Anthony Wayne Trail, but it is also accessible by hiking 2.2 miles from Farnsworth or about six miles from Providence on the Towpath Trail. Reaching the historic Bend View shelter is the reward for those who make the trek."	"10613 S River Rd, Waterville, OH 43566"		Lucas	Waterville	Waterville	41.453202	-83.784864	86HRF638+73	Watercraft Access;Camping	Accessible from Farnsworth (2.2 mi Towpath) and Providence (~6 mi Towpath). Bend View shelter is a historic WPA-era structure. New camping platforms: Liberty and Freedom. GPS from NW_Ohio_Parks_View GIS centroid (outSR=4326) during T6 map verification pass 2026-04-28 — treat as authoritative GIS source.	https://metroparkstoledo.com/explore-your-parks/bend-view-metropark/	https://metroparkstoledo.com/explore-your-parks/bend-view-metropark/		2026-04-29T05:11:27Z	2026-04-29T05:11:27Z
Blue Creek Metropark	Park			Active	Metroparks Toledo / Metropolitan Park District of the Toledo Area	Metroparks Toledo			"Blue Creek is a quiet country retreat where visitors can walk a looped trail through a wetland and around a quarry pond, fish, kayak, sled or have a family gathering. Located on the edge of the Oak Openings Region, Blue Creek was the site of limestone quarries in the mid- to late-1800s. In 1917, the city of Toledo bought the land to build a prison farm (Toledo House of Corrections / 'The Workhouse'). Blue Creek is home to the Metroparks native plant nursery where plants and trees are reared to support the park system's habitat restoration projects across Lucas County."	"7035 Providence St, Whitehouse, OH 43571"	678	Lucas	Waterville	Waterville	41.504399	-83.796125	86HRG633+QG	Sledding Hill;Prairie;Wetland	Two entrance areas: Schadel Road (Quarry Pond Trail) and Providence Road (Nona France quarry). Historic prison farm structures on site. On edge of Oak Openings Region. GPS from NW_Ohio_Parks_View GIS centroid (outSR=4326) during T6 map verification pass 2026-04-28 — treat as authoritative GIS source.	https://metroparkstoledo.com/explore-your-parks/blue-creek-metropark/	https://metroparkstoledo.com/explore-your-parks/blue-creek-metropark/		2026-04-29T05:11:27Z	2026-04-29T05:11:27Z
Brookwood (special use area)	Park			Active	Metroparks Toledo / Metropolitan Park District of the Toledo Area	Metroparks Toledo			"The Brookwood Area in South Toledo is unique in the Metroparks. Operated as part of Swan Creek Preserve, it is accessible only during programs and special events, and can be reserved for private functions. The newly renovated space in a former family home is scenic inside and out, with a deck overlooking the Swan Creek floodplain."	"5604 Swan Creek Drive, Toledo, OH 43614"		Lucas			41.598	-83.727	86HRH7XF+65	Observation Deck;Bridge	Satellite of Swan Creek Preserve Metropark. Reservation-only / program access — not open for general public walk-in use. NOT in baseline — new discovery.	https://metroparkstoledo.com/explore-your-parks/brookwood-special-use-area/	https://metroparkstoledo.com/explore-your-parks/brookwood-special-use-area/		2026-04-29T05:11:27Z	2026-04-29T05:11:27Z
Cannonball Prairie Metropark	Park			Active	Metroparks Toledo / Metropolitan Park District of the Toledo Area	Metroparks Toledo			"Once home to a 1,000-acre farm (formerly Springer Farm), almost 100 acres of this land is being restored to a rich habitat for birds, frogs and turtles. For people, a bicycle, kayak or tent is the best way to truly experience this Metropark beside the region's longest trail. The park has planted prairies, a pond for boating, three campsites secluded in the woods, walking paths and a connection to the Wabash Cannonball Trail, which runs through the park. Built in 1855, the northern leg of the Wabash Railroad ran from Toledo to Chicago until 1969; in the mid-1990s it became a rails-to-trails bicycle trail."	"9725 Monclova Road, Monclova, Ohio 43542"	100	Lucas			41.537	-83.76	86HRG6PQ+RX	Hiking Trail;Camping;Prairie Restoration;Prairie	"Baseline says 89 ac; source page says 'almost 100 acres' — acreage discrepancy, minor. Part of Oak Openings corridor. Wabash Cannonball Trail passes through."	https://metroparkstoledo.com/explore-your-parks/cannonball-prairie-metropark/	https://metroparkstoledo.com/explore-your-parks/cannonball-prairie-metropark/		2026-04-29T05:11:27Z	2026-04-29T05:11:27Z
Fallen Timbers Battlefield & Fort Miamis Metropark	Park			Active	Metroparks Toledo / Metropolitan Park District of the Toledo Area (Battlefield and Fort Miamis parcels); Ohio History Connection (Fallen Timbers Monument parcel)	Metroparks Toledo	National Park Service (NPS Affiliated Unit); Ohio History Connection (Monument parcel owner)	NPS Affiliated Unit of Fallen Timbers Battlefield and Fort Miamis National Historic Site	"The Fallen Timbers Battlefield and Fort Miamis National Historic Site is an Affiliated Unit of the National Park Service, owned and managed by Metroparks Toledo. The park includes three connected sites: Fallen Timbers Battlefield (1794 battle site), Fallen Timbers Monument/Memorial Park (owned by Ohio History Connection), and Fort Miamis (British fort on River Road). A pleasant 1.5-mile Northwest Territory Trail loops through a wooded area and over a ravine where the 1794 Battle of Fallen Timbers took place. The Wabash Cannonball Trail connects the Battlefield with Side Cut, Cannonball Prairie and Oak Openings Preserve Metroparks."	"US23/I-475 and US24 (Anthony Wayne Trail), Maumee, OH; parking lot and visitor center on Jerome Road"	204	Lucas			41.56	-83.709	86HRH76R+29	Watercraft Access;Observation Deck;Bridge;Visitor Center	"LUC-F-02 RESOLVED. NPS Affiliated Unit. Three sub-areas: Battlefield (Metroparks-owned), Fallen Timbers Monument/Memorial Park (OHC-owned, Metroparks-managed), Fort Miamis (Metroparks-managed). OHC-owned monument parcel is across Anthony Wayne Trail from battlefield; connected by bike/pedestrian bridge. Baseline has two entries: 'Fallen Timbers Battlefield Memorial Park' (OHC) and 'Fallen Timbers Battlefield Metropark & Fort Miamis State Memorial' (204 ac) — both refer to this complex."	https://metroparkstoledo.com/explore-your-parks/fallen-timbers-battlefield-fort-miamis-metropark/	https://metroparkstoledo.com/explore-your-parks/fallen-timbers-battlefield-fort-miamis-metropark/		2026-04-29T05:11:27Z	2026-04-29T05:11:27Z
Farnsworth Metropark	Park			Active	Metroparks Toledo / Metropolitan Park District of the Toledo Area	Metroparks Toledo			"Farnsworth is a narrow park along the Maumee River overlooking Missionary, Butler and Indian islands, which are owned by the Ohio Division of Wildlife. The ruins of the Interurban Bridge, which crosses the river at Farnsworth, is a favorite subject of painters and photographers. The iconic bridge is partially built atop Roche de Bout, a large, protruding rock in the river that served as an early landmark for native people, European explorers and armies. The Towpath Trail, which is part of the Buckeye Trail (marked with blue blazes), follows the remains of the Miami and Erie Canal along the old towpath where mules once towed flat-bottom boats along the waterway. The 8-mile trail connects Providence, Bend View and Farnsworth Metroparks."	"8505 S River Road (US 24), Waterville, OH 43566"		Lucas	Waterville	Waterville	41.480093	-83.74522	86HRF7J3+2W	Watercraft Access;Playground;Camping;Bridge	"Overlooks Missionary Island, Butler Island, and Indian Island (all ODNR DOW). Butler Island WA and Indian Island WA may be T2 entities not yet staged — flag for T2 remediation check. GPS from NW_Ohio_Parks_View GIS centroid (outSR=4326) during T6 map verification pass 2026-04-28 — treat as authoritative GIS source."	https://metroparkstoledo.com/explore-your-parks/farnsworth-metropark/	https://metroparkstoledo.com/explore-your-parks/farnsworth-metropark/		2026-04-29T05:11:27Z	2026-04-29T05:11:27Z
Glass City Metropark	Park			Active	Metroparks Toledo / Metropolitan Park District of the Toledo Area	Metroparks Toledo			"Glass City Metropark has quickly become a year-round destination for fun and community celebrations, set against the backdrop of the Maumee River and the downtown Toledo skyline. More than 500,000 visitors since Phase 2 opening in June 2023. This park is 25% of the larger Glass City Riverwalk project currently in development."	"815 Front Street (Glass City Enrichment Center), 1001 Front Street (Pavilion), 1505 Front Street (Market Hall / The Ribbon area), Toledo, OH 43605"	66	Lucas	Toledo		41.654254	-83.517843	86HRMF3J+PV	Boardwalk;Mountain Bike Trail;Watercraft Access;Marina;Prairie;Garden;Butterfly or Pollinator Garden;Public Art Installation	LUC-F-06: Glass City Riverwalk IS open (not 'coming soon'). Glass City Metropark is the most-developed phase of the larger Glass City Riverwalk project (300 ac total; 80+ ac now open). Multiple distinct address nodes along Front Street. The Ribbon at Glass City Metropark is a featured attraction within this site. GPS from NW_Ohio_Parks_View GIS centroid (outSR=4326) during T6 map verification pass 2026-04-28 — treat as authoritative GIS source.	https://metroparkstoledo.com/explore-your-parks/glass-city-metropark/	https://metroparkstoledo.com/explore-your-parks/glass-city-metropark/		2026-04-29T05:11:27Z	2026-04-29T05:11:27Z
Glass City Riverwalk	Park	Linear Park		Active	Metroparks Toledo / Metropolitan Park District of the Toledo Area	Metroparks Toledo			"Nestled along the Maumee River, the Glass City Riverwalk is rapidly becoming Toledo's top social and recreational destination, drawing over 600,000 visitors in 2023. With nearly 80 acres already restored and accessible, and an additional 220 acres of riverfront green space under development, the transformation of our city's riverfront has only just begun."	"Maumee River, downtown Toledo and East Toledo, Toledo, OH"	300	Lucas	Toledo		41.656511	-83.524183	86HRMF4G+J8	Hiking Trail	"LUC-F-06 RESOLVED — open and active. Glass City Riverwalk encompasses Glass City Metropark, Middlegrounds Metropark, and additional riverfront parcels. Total project = 300 ac. Staged as a Site here; also a Site Network candidate (multi-site riverside system). Resolution will determine whether this is a Site, Trail, or Site Network. GPS from NW_Ohio_Parks_View GIS centroid (outSR=4326) during T6 map verification pass 2026-04-28 — treat as authoritative GIS source."	https://metroparkstoledo.com/explore-your-parks/glass-city-riverwalk/	https://metroparkstoledo.com/explore-your-parks/glass-city-riverwalk/;https://www.GlassCityRiverwalk.com;https://GCRToledo.com		2026-04-29T05:11:27Z	2026-04-29T05:11:27Z
Howard Marsh Metropark	Park			Active	Metroparks Toledo / Metropolitan Park District of the Toledo Area	Metroparks Toledo			"In western Lake Erie, where just 10 percent of the original 300,000-acres of wetland remain, every acre counts. The largest new wetland restoration project on the Great Lakes, Howard Marsh takes 1,000 acres near the lakeshore — from a willing landowner out of agricultural production and re-creates a marsh wetland as buffer between land and lake. According to the scientific literature, one acre of restored Lake Erie coastal wetland can remove 13 pounds of phosphorus from the water per year."	"611 S Howard Rd, Curtice, OH 43412"	1000	Lucas;Ottawa			41.646496	-83.26133	86HRJPWQ+HF	Wildlife Observation Area;Wetland Restoration;Wetland	"GIS_VERIFY_COUNTY — address is Curtice, OH 43412 which is in Ottawa County, not Lucas County. Metroparks Toledo manages this site; it is part of the Lucas County district but address is Ottawa Co. Phase 1 and Phase 2 development documented."	https://metroparkstoledo.com/explore-your-parks/howard-marsh-metropark/	https://metroparkstoledo.com/explore-your-parks/howard-marsh-metropark/		2026-04-29T05:11:27Z	2026-04-29T05:11:27Z
Manhattan Marsh Preserve Metropark	Park			Active	Metroparks Toledo / Metropolitan Park District of the Toledo Area	Metroparks Toledo			"The first Metropark in North Toledo preserves nature in a neighborhood. A 1.3-mile trail with nearly 1,500 feet of concrete 'boardwalk' and scenic overlooks offers access into the marsh. One of the last remnants of a much larger marsh that surrounded Maumee Bay, the area was a popular haven for frogs and toads (earning Toledo the nickname 'Frogtown'). Positioned within one of North America's most significant migratory bird flyways, the marsh provides critical stopover habitat for more than 100 species of birds."	"510 Clifford Street, Toledo, Ohio 43611"	57	Lucas			41.685855	-83.497757	86HRMGP2+8V	Boardwalk;Picnic Area;Basketball Court;Observation Deck	Historic 'Frogtown' area. Adjacent to Manhattan Boulevard and Suder Avenue. Lost City of Manhattan historical context.	https://metroparkstoledo.com/explore-your-parks/manhattan-marsh-preserve-metropark/	https://metroparkstoledo.com/explore-your-parks/manhattan-marsh-preserve-metropark/		2026-04-29T05:11:27Z	2026-04-29T05:11:27Z
Middlegrounds Metropark	Park			Active	Metroparks Toledo / Metropolitan Park District of the Toledo Area	Metroparks Toledo			"Located in downtown Toledo, the park includes a half-mile of river frontage, with an entrance at the base of the Anthony Wayne Bridge. The 28-acre greenspace offers a 1.5-mile meandering walk/bike path and tranquil views of the Maumee River. Middlegrounds is a reclaimed riverfront property. The transformation of the land began with the removal of 8,000 tons of debris. Middlegrounds will eventually be part of the Glass City Riverwalk — 300 acres of greenspace stretching along the East Toledo and downtown sides of the river."	"111 Ottawa Street, Toledo, OH 43604"	28	Lucas	Toledo		41.638683	-83.535481	86HRJFQ7+FR	Multi-use Trail;Watercraft Access;Dog Park	Part of Glass City Riverwalk project. Entrance at base of Anthony Wayne Bridge. Reclaimed industrial site. GPS from NW_Ohio_Parks_View GIS centroid (outSR=4326) during T6 map verification pass 2026-04-28 — treat as authoritative GIS source.	https://metroparkstoledo.com/explore-your-parks/middlegrounds-metropark/	https://metroparkstoledo.com/explore-your-parks/middlegrounds-metropark/		2026-04-29T05:11:27Z	2026-04-29T05:11:27Z
Oak Openings Preserve Metropark	Park			Active	Metroparks Toledo / Metropolitan Park District of the Toledo Area	Metroparks Toledo	The Nature Conservancy (TNC — originally named Oak Openings Region as one of 200 'Last Great Places on Earth')		"Oak Openings Preserve is the largest of the Metroparks — by far — at 5,000 acres. The park takes its name from the surrounding region, which is 23 times larger. The natural habitats in the park range from oak savanna to wetlands to vegetated sand. The Nature Conservancy once named the sandy region one of the 200 'Last Great Places on Earth.' Prickly-pear cactus, wild lupine and sand cherry bloom atop dry, hot dunes just yards away from orchids thriving in low, wet swales. Oak Openings is a birder's paradise and is the nesting place of bluebirds, indigo buntings, whippoorwills, lark sparrows and many other species. There are more than 70 miles of trail in the preserve, including a network of horse trails, a dedicated cross-country ski trail and a popular singletrack mountain bike trail."	"5402 Wilkins Rd, Whitehouse, OH 43571; Beach Ridge Area: 3520 Waterville Swanton Rd, Swanton, OH 43558"	5000	Fulton;Lucas	Swanton	Swanton	41.555985	-83.855383	86HRH44V+9R	Bridle Trail;Mountain Bike Trail;Beach;Playground;Cabin Rentals	"NOT IN BASELINE — major discovery. Spans Lucas County (main entrance, Whitehouse) and Fulton County (Beach Ridge Area, Swanton). GIS_VERIFY_COUNTY for multi-county boundary. Largest Metropark by far. Beach Ridge Area has its own page and distinct address (Fulton Co) but is part of this park. TNC designation as 'Last Great Places on Earth'. Named trails include 12 color-coded trails; see trails listing. GPS from NW_Ohio_Parks_View GIS centroid (outSR=4326) during T6 map verification pass 2026-04-28 — treat as authoritative GIS source."	https://metroparkstoledo.com/explore-your-parks/oak-openings-preserve-metropark/	https://metroparkstoledo.com/explore-your-parks/oak-openings-preserve-metropark/;https://metroparkstoledo.com/explore-your-parks/oak-openings-beach-ridge-area/		2026-04-29T05:11:27Z	2026-04-29T05:11:27Z
Oak Openings Beach Ridge Area	Park			Active	Metroparks Toledo / Metropolitan Park District of the Toledo Area	Metroparks Toledo			"The Beach Ridge Area at Oak Openings Preserve Metropark is the hub of adventure nestled in the woods at the region's largest Metropark. Beach Ridge is home to two unique attractions, the Cannaley Treehouse Village and the 12-mile Beach Ridge Singletrack Mountain Biking Trail. Stay overnight in the trees, wake up to a hot cup of coffee at The Wheelhouse, and warm up on the FitPark Ride Mountain Biking Skills course before tackling the singletrack."	"3520 Waterville Swanton Rd, Swanton, OH 43558"		Fulton;Lucas			41.567	-83.782	86HRH689+R6	Mountain Bike Trail;Beach;Restrooms;Parking Lot	"NOT IN BASELINE — new discovery. Child area / sub-unit of Oak Openings Preserve Metropark. Address in Swanton, OH = Fulton County. GIS_VERIFY_COUNTY. Cannaley Treehouse Village is located here (3520 Waterville Swanton Rd, Swanton OH 43558). One of three Oak Openings trailheads (with Springbrook and Buttonbush)."	https://metroparkstoledo.com/explore-your-parks/oak-openings-beach-ridge-area/	https://metroparkstoledo.com/explore-your-parks/oak-openings-beach-ridge-area/;https://metroparkstoledo.com/explore-your-parks/cannaley-treehouse-village/		2026-04-29T05:11:27Z	2026-04-29T05:11:27Z
Pearson Metropark	Park			Active	Metroparks Toledo / Metropolitan Park District of the Toledo Area	Metroparks Toledo	Old-Growth Forest Network (inducted 2026)		"From birding to baseball to picnicking and fishing, there's something for everyone at Pearson. This Metropark is one of the last remaining stands of the Great Black Swamp, a notorious forest that once blanketed much of northwest Ohio. Buildings, shelters, bridges, ponds and a garden with a waterfall were built by workers enrolled in the Works Progress Administration and Civilian Conservation Corps during The Great Depression. Nearly 15 miles of trail in this 624-acre park provide remarkable access to the best birding anywhere. Portions of Pearson Metropark's Black Swamp woods were inducted into the national Old-Growth Forest Network on Arbor Day 2026."	"761 Lallendorf Rd, Oregon, OH 43616"	624	Lucas	Oregon		41.644773	-83.438363	86HRJHV6+WM	Ball Diamond;Tennis Court;Soccer Pitch;Playground;Cabin Rentals;Observation Deck;Wetland Restoration;Wetland	Baseline says 627 ac; source says 624 ac — minor discrepancy. Pearson North is an addition accessible from Seaman Road with wetland restoration and Johlin Cabin. Old-Growth Forest Network inductee as of Arbor Day 2026. Extended hours for winter recreation. GPS from NW_Ohio_Parks_View GIS centroid (outSR=4326) during T6 map verification pass 2026-04-28 — treat as authoritative GIS source.	https://metroparkstoledo.com/explore-your-parks/pearson-metropark/	https://metroparkstoledo.com/explore-your-parks/pearson-metropark/		2026-04-29T05:11:27Z	2026-04-29T05:11:27Z
Providence Metropark	Park			Active	Metroparks Toledo / Metropolitan Park District of the Toledo Area	Metroparks Toledo			"Canal boats once carried goods and people 249 miles between Toledo and Cincinnati, linking Lake Erie and the Ohio River. At Providence, you can get a sense of what canal travel was like along an original section of the Miami and Erie Canal, complete with Lock #44. A replica of an authentic canal boat, The Volunteer, and historic Isaac Ludwig Mill preserve features of mid-1800s Ohio in a charming setting just across the river from the canal town of Grand Rapids."	"13827 S. River Road, Grand Rapids, OH 43522; Canal Experience: 13205 S. River Road, Grand Rapids, OH 43522"		Lucas;Wood	Providence	Providence	41.419448	-83.856371	86HRC49V+QF	Watercraft Access;Playground;Historic Lock;Bridge	"GIS_VERIFY_COUNTY — addresses are Grand Rapids, OH 43522 which is in Wood County. However, Providence Township is in Lucas County and park may straddle county line. Canal boat and mill open May-October. Towpath Trail northern terminus. Kimble's Landing = Maumee River Water Trail access point. GPS from NW_Ohio_Parks_View GIS centroid (outSR=4326) during T6 map verification pass 2026-04-28 — treat as authoritative GIS source."	https://metroparkstoledo.com/explore-your-parks/providence-metropark/	https://metroparkstoledo.com/explore-your-parks/providence-metropark/		2026-04-29T05:11:27Z	2026-04-29T05:11:27Z
Secor Metropark	Park			Active	Metroparks Toledo / Metropolitan Park District of the Toledo Area	Metroparks Toledo			"Located on the edge of the Oak Openings Region, Secor is the northern terminus of the still-developing Oak Openings Corridor, a chain of public and private lands preserving the rare habitats that make up this fascinating region. The first leg of the Moseley Trail, which will connect these natural areas, is completed from Secor to Wiregrass Lake Metropark. Many distinctive trees are a legacy of Secor's past as an arboretum, while Wolfinger Cemetery (Richfield Township cemetery) is named for the area's founding family."	"Secor Metropark, Lucas County, OH"	837	Lucas	Richfield	Richfield	41.666937	-83.780967	86HRM689+QJ	Pavilion;Picnic Area;Playground;Prairie;Arboretum	"Northern terminus of Moseley Trail (Oak Openings Corridor trail). Park expanded in 2019 with two adjacent golf courses (now restored). Multiple areas: Lone Oak, Meadowview, Walnut Grove. Address not captured from page — Lucas County confirmed per project scope. GPS from NW_Ohio_Parks_View GIS centroid (outSR=4326) during T6 map verification pass 2026-04-28 — treat as authoritative GIS source."	https://metroparkstoledo.com/explore-your-parks/secor-metropark/	https://metroparkstoledo.com/explore-your-parks/secor-metropark/		2026-04-29T05:11:27Z	2026-04-29T05:11:27Z
Side Cut Metropark	Park			Active	Metroparks Toledo / Metropolitan Park District of the Toledo Area	Metroparks Toledo			"Side Cut is where the Metroparks system began more than 90 years ago, and remains a signature Toledo-area destination today. The riverside park draws fishermen from around the country as walleye swim upriver to spawn in the rapids in late March and April. The flat rocks that extend into the river between Maumee and Waterville are known as the Maumee River Ledges, a rare form of a little-known habitat called an alvar, found in only a handful of places on the Great Lakes. The name 'Side Cut' is derived from the former 'side cut' extension of the Miami and Erie Canal that connected the main line of the canal with the city of Maumee. Three of the six original locks from the canal system were preserved by WPA workers during The Great Depression."	"1025 W River Rd, Maumee, OH 43537"	323	Lucas	Maumee		41.549111	-83.681191	86HRG8X9+JG	Pavilion;Playground;Sledding Hill;Historic Lock	First Metropark (90+ years). Maumee River Ledges are an alvar habitat — rare in Great Lakes. Wabash Cannonball Trail connection to Fallen Timbers and other parks. GPS from NW_Ohio_Parks_View GIS centroid (outSR=4326) during T6 map verification pass 2026-04-28 — treat as authoritative GIS source.	https://metroparkstoledo.com/explore-your-parks/side-cut-metropark/	https://metroparkstoledo.com/explore-your-parks/side-cut-metropark/		2026-04-29T05:11:27Z	2026-04-29T05:11:27Z
Swan Creek Preserve Metropark	Park			Active	Metroparks Toledo / Metropolitan Park District of the Toledo Area	Metroparks Toledo			"Swan Creek Preserve provides a pleasant, pastoral respite from city life. The South Toledo park named for the creek is an oasis in an urban area, providing crucial feeding and resting ground for migratory birds and a nesting area for resident species. The forested banks of Swan Creek offer a sheltered corridor of wild vegetation. Swan Creek spans 441 acres with an additional 154 acres along the creek. Swan Creek is known for a beautiful display of spring wildflowers, and a very active Window on Wildlife."	"4301 Airport Hwy, Toledo, OH 43615 (2nd entrance: 4100 Glendale Avenue, Toledo, OH 43614)"	595	Lucas	Toledo		41.61666	-83.641402	86HRJ985+MC	Gazebo;Playground;Observation Deck;Bridge	441 ac main park + 154 ac along creek = 595 ac total (per source page). Baseline did not list acreage separately. Brookwood Area is a reservation-only satellite at 5604 Swan Creek Drive. Swan Creek Connector Trail is a named regional connector. GPS from NW_Ohio_Parks_View GIS centroid (outSR=4326) during T6 map verification pass 2026-04-28 — treat as authoritative GIS source.	https://metroparkstoledo.com/explore-your-parks/swan-creek-preserve-metropark/	https://metroparkstoledo.com/explore-your-parks/swan-creek-preserve-metropark/		2026-04-29T05:11:27Z	2026-04-29T05:11:27Z
Toledo Botanical Garden Metropark	Curated Biological Site	Botanical Garden		Active	Metroparks Toledo / Metropolitan Park District of the Toledo Area	Metroparks Toledo	OSU Extension Lucas County		"A museum for plants, Toledo Botanical Garden offers visitors the opportunity to share, discover and enjoy cultivated beauty. With more than 60 acres of display gardens and relevant plant collections, TBG is a place of tranquility and opportunities for exploration and reflection. It is also a center for the arts and neighbor to two Toledo Public Schools — Hawkins STEM Academy and Natural Sciences Technology Center — creating a campus for horticulture, art and education."	"5403 Elmer Drive, Toledo, Ohio 43615 (additional parking: 5434 W. Bancroft, Toledo, OH 43615)"	60	Lucas			41.665605	-83.672688	86HRM88G+6W	ADA Accessible;Garden;Public Art Installation	LUC-F-13 RESOLVED: Secret Forest is a children's playscape child feature within TBG — not a standalone site. Baseline lists as 'Toledo Botanical Garden' (60 ac). Adjacent to Hawkins STEM Academy and Natural Sciences Technology Center. Closed Thursdays during concert season.	https://metroparkstoledo.com/explore-your-parks/toledo-botanical-garden-metropark/	https://metroparkstoledo.com/explore-your-parks/toledo-botanical-garden-metropark/		2026-04-29T05:11:27Z	2026-04-29T05:11:27Z
Westwinds Metropark	Park			Active	Metroparks Toledo / Metropolitan Park District of the Toledo Area	Metroparks Toledo			"Westwinds is an archery park for all skill levels. Bring your own equipment during normal operating hours, or attend special training programs. Westwinds is also home to the Flying Tigers Model RC Club, and its members can often be seen flying their remote-control aircraft from the airstrip that they maintain."	"9918 Geiser Rd, Holland, OH 43528"	174	Lucas	Springfield	Springfield	41.609565	-83.777531	86HRJ65C+RX	Hiking Trail;Archery Range	Seasonal: open April 1 - December 1. Specialized archery and RC aircraft facility. Turkey Foot Shelter. Unmanned aircraft (RC models) permitted only at Westwinds with a permit. GPS from NW_Ohio_Parks_View GIS centroid (outSR=4326) during T6 map verification pass 2026-04-28 — treat as authoritative GIS source.	https://metroparkstoledo.com/explore-your-parks/westwinds-metropark/	https://metroparkstoledo.com/explore-your-parks/westwinds-metropark/		2026-04-29T05:11:27Z	2026-04-29T05:11:27Z
Wildwood Preserve Metropark	Park			Active	Metroparks Toledo / Metropolitan Park District of the Toledo Area	Metroparks Toledo			"Natural beauty and manmade elegance come together as one at Wildwood Preserve, the most visited of the Metroparks. The 493-acre park is the former estate of Toledo's Stranahan family. The park is bisected by the Ottawa River and has sandy soil indicative of the rare Oak Openings Region. In the spring, it is a breeding site for ground-nesting birds such as rufous-sided towhees, field sparrows and American woodcock. Built in 1938 by Champion Spark Plug magnate Robert Stranahan, Metroparks acquired the estate in 1975."	"5100 W Central Ave, Toledo, OH 43615"	493	Lucas	Sylvania	Sylvania	41.682735	-83.668658	86HRM8MJ+3G	Multi-use Trail;Pavilion;Playground;Prairie;Garden	"Former Stranahan family estate. Note: UT Stranahan Arboretum (LUC-F-18) is also Stranahan family legacy — different entity, separate from this park. Most visited Metropark. Sandy soil = Oak Openings Region character. GPS from NW_Ohio_Parks_View GIS centroid (outSR=4326) during T6 map verification pass 2026-04-28 — treat as authoritative GIS source."	https://metroparkstoledo.com/explore-your-parks/wildwood-preserve-metropark/	https://metroparkstoledo.com/explore-your-parks/wildwood-preserve-metropark/		2026-04-29T05:11:27Z	2026-04-29T05:11:27Z
Wiregrass Lake Metropark	Park			Active	Metroparks Toledo / Metropolitan Park District of the Toledo Area	Metroparks Toledo			"The namesake lake is the first thing you will notice at Wiregrass. The scenic water is open for canoeing and kayaking, as well as fishing from the shore or the dock. Wiregrass Lake Metropark contains rare wet prairie and the variety of dragonflies found here is unmatched anywhere else in Ohio."	"201 N Eber Rd, Holland, OH 43528"	51	Lucas	Spencer	Spencer	41.639004	-83.791277	86HRJ6Q5+JF	Hiking Trail;Watercraft Access;Camping;Prairie	Southern terminus of Moseley Trail (Oak Openings Corridor trail; first leg from Secor complete). Rare dragonfly community of statewide significance. GPS from NW_Ohio_Parks_View GIS centroid (outSR=4326) during T6 map verification pass 2026-04-28 — treat as authoritative GIS source.	https://metroparkstoledo.com/explore-your-parks/wiregrass-lake-metropark/	https://metroparkstoledo.com/explore-your-parks/wiregrass-lake-metropark/		2026-04-29T05:11:27Z	2026-04-29T05:11:27Z
Audubon Islands	Nature Preserve	State Nature Preserve	State Nature Preserve	Active	Metroparks Toledo / Metropolitan Park District of the Toledo Area	Metroparks Toledo	ODNR Division of Natural Areas and Preserves (SNP designation)	ODNR State Nature Preserve designation (Audubon Islands State Nature Preserve)	Audubon Islands is a conservation/restoration area managed by Metroparks Toledo. The site carries an ODNR State Nature Preserve designation. It appears under 'Conservation Highlights > Wildlife Audubon Islands Restoration' on the Metroparks website.	"Lucas County, OH (islands in Maumee River near Toledo)"	170	Lucas			41.566	-83.659	86HRH88R+C9	Habitat Restoration Area	From prior T2 discovery: ODNR SNP designation on Metroparks-governed land. Metroparks website lists under 'Conservation Highlights' not under 'Explore Your Parks' — may not have regular public access. T2 record deferred to T3 at prior session. Baseline lists as 170 ac. Governance confirmed as Metroparks Toledo (ODNR source page: donated to Metropolitan Park District of Toledo Area). Public access status unclear — flag for manual verification.	https://metroparkstoledo.com/about/conservation/highlights/wildlife/audubon-islands/	https://metroparkstoledo.com/about/conservation/highlights/wildlife/audubon-islands/		2026-04-29T05:11:27Z	2026-04-29T05:11:27Z
Cooley Canal Boat Ramps	Fishing Area			Active	Lucas County	Lucas County Recreation Department			"The Cooley Canal Boat Ramps are located in Jerusalem Township, off Lake Erie. The ramps offer easy access to boaters and are free for public use."	"Jerusalem Township, off Lake Erie, Lucas County, Ohio"		Lucas			41.68	-83.257	86HRMPJV+25	Boat Ramp	Likely = baseline entry 'Lucas County Recreation Ramp' (LUC-F-09) — baseline had no type/management/address; this is the only county-managed boat ramp facility found in T4 discovery. Multiple ramps (plural) described on county page; no individual ramp names given. MINIMAL_DATA — GPS and precise address require field verification.	https://www.co.lucas.oh.us/468/Cooley-Canal-Boat-Ramps	https://www.co.lucas.oh.us/468/Cooley-Canal-Boat-Ramps		2026-04-29T05:11:27Z	2026-04-29T05:11:27Z
Burnham Park	Park			Active	Sylvania Area Joint Recreation District	Sylvania Area Joint Recreation District			"3.2 acre park nestled in the heart of Sylvania just west of downtown. It offers many recreational opportunities including playgrounds, shelters for picnicking and sitting areas."	"Sylvania, Ohio (just west of downtown)"	3.2	"Lucas, Ohio"			41.718509	-83.709628	86HRP79R+C4	Playground	SAJRD park. Retroactively staged at T3 from T5 Sylvania Township investigation.	https://www.playsylvania.com/burnham-park/	https://www.playsylvania.com/burnham-park/		2026-04-29T05:11:27Z	2026-04-29T05:11:27Z
Centennial Quarry	Water Site	Lake		Active	Sylvania Area Joint Recreation District	Sylvania Area Joint Recreation District			"Deep-water, spring-fed swimming facility with an average depth of about 22 ft. Features diving platforms, water toys, several swim rafts, a beautiful sandy beach as well as sand volleyball courts and a basketball court."	"Sylvania, Ohio"		"Lucas, Ohio"			41.720648	-83.744181	86HRP7C4+78	Beach;Basketball Court;Volleyball Court	SAJRD park. Seasonal swimming facility (quarry). Retroactively staged at T3 from T5 Sylvania Township investigation.	https://www.playsylvania.com/centennial-quarry/	https://www.playsylvania.com/centennial-quarry/		2026-04-29T05:11:27Z	2026-04-29T05:11:27Z
Pacesetter Park	Park			Active	Sylvania Area Joint Recreation District	Sylvania Area Joint Recreation District			138 acre multi-use sports complex with a 1 1/2 mile walking/jogging path.	"Sylvania, Ohio"	138	"Lucas, Ohio"	Sylvania	Sylvania	41.712629	-83.75794	86HRP67R+3R		SAJRD park. Largest SAJRD site at 138 acres. Retroactively staged at T3 from T5 Sylvania Township investigation. GPS from NW_Ohio_Parks_View GIS centroid (outSR=4326) during T6 map verification pass 2026-04-28 — treat as authoritative GIS source.	https://www.playsylvania.com/pacesetter-park/	https://www.playsylvania.com/pacesetter-park/		2026-04-29T05:11:27Z	2026-04-29T05:11:27Z
Veterans Memorial Park	Park			Active	Sylvania Area Joint Recreation District	Sylvania Area Joint Recreation District			"36 acre facility which houses a Veterans Memorial park, four (4) baseball/softball fields and an open turf space."	"Sylvania, Ohio"	36	"Lucas, Ohio"			41.713	-83.714	86HRP77P+5C	Ball Diamond	SAJRD park. Contains veterans memorial. Retroactively staged at T3 from T5 Sylvania Township investigation.	https://www.playsylvania.com/veterans-memorial-park/	https://www.playsylvania.com/veterans-memorial-park/		2026-04-29T05:11:27Z	2026-04-29T05:11:27Z
Shoreland Park	Park			Active	Washington Township	Washington Township				"5470 Patriot Dr, Toledo, OH 43611"		"Lucas, Ohio"			41.703	-83.447	86HRPH33+65		"Washington Township-owned park. Minimal data — only name, address, and hall rental confirmed from source. MINIMAL_DATA — description and full amenity list require field verification."	https://washington-twp.com/parks/	https://washington-twp.com/parks/		2026-04-29T05:11:27Z	2026-04-29T05:11:27Z
Monclova Community Park	Park			Active	Monclova Township	Monclova Township			"Township park located on Albon Road next to the Administrative Offices offering illuminated tennis courts, ball fields, play structure, swings, and a shelter house."	"4335 Albon Road, Monclova, Ohio (next to Administrative Offices)"		"Lucas, Ohio"			41.559228	-83.737437	86HRH757+M2	Pavilion;Picnic Area;Tennis Court;Pickleball Court	Monclova Township-owned park. Part of 'Monclova Township Park System.'	https://monclovatwp.org/parks-recreation/	https://monclovatwp.org/parks-recreation/		2026-04-29T05:11:27Z	2026-04-29T05:11:27Z
Keener Park	Park			Active	Monclova Township	Monclova Township			"Township park located between Monclova and Stitt Roads offering illuminated pickleball courts, ball fields, soccer fields, playground, and shelter. Adjacent to Wabash Cannonball Rails-to-Trails."	"4620 Keener Road, between Monclova and Stitt Roads, Monclova, Ohio"		"Lucas, Ohio"			41.56	-83.739	86HRH766+29	Pavilion;Picnic Area;Pickleball Court;Soccer Pitch;Horseshoe Pitch;Parking Lot	Monclova Township-owned park. Adjacent to Wabash Cannonball Trail (T3). Part of 'Monclova Township Park System.'	https://monclovatwp.org/parks-recreation/	https://monclovatwp.org/parks-recreation/		2026-04-29T05:11:27Z	2026-04-29T05:11:27Z
Grassy Island	Open Space	Urban Open Space		Active	U.S. Army Corps of Engineers	U.S. Army Corps of Engineers				"Toledo, OH (Maumee River / Lake Erie area)"		Lucas	Washington	Washington	41.705939	-83.45451	86HRPG4W+95		USACE ownership; status=Undeveloped per NW_Ohio_Parks GIS 2026-04-28. No address in GIS. Retroactively surfaced from NW_Ohio_Parks_View GIS query at T6. USACE governance = T1. GPS from NW_Ohio_Parks_View GIS centroid (outSR=4326) during T6 map verification pass 2026-04-28 — treat as authoritative GIS source.	https://services1.arcgis.com/SvdVZfVAhlYe04Tl/arcgis/rest/services/NW_Ohio_Parks_View/FeatureServer	https://services1.arcgis.com/SvdVZfVAhlYe04Tl/arcgis/rest/services/NW_Ohio_Parks_View/FeatureServer		2026-04-29T05:11:27Z	2026-04-29T05:11:27Z
Maumee State Forest	Conservation Area	Forest Management Area	State Forest	Active	State of Ohio / ODNR Division of Forestry	ODNR-Forest				"Swanton/Whitehouse area, Lucas County; addresses: 13201 Waterville Swanton Rd; 5741 Waterville Swanton Rd; 7575 Fulton Lucas Rd; 7575 Fulton Lucas Rd; 12260 Archbold Whitehouse Rd"		Lucas	Swanton	Swanton	41.525824	-83.858809	86HRG4GR+8F		ODNR Division of Forestry state forest. 5 GIS parcels in Lucas County totaling ~826 ac; all status=Undeveloped. Parcels at: 13201 Waterville Swanton Rd; 5741 Waterville Swanton Rd; 7575 Fulton Lucas Rd; 7575 Fulton Lucas Rd; 12260 Archbold Whitehouse Rd. Retroactively surfaced from NW_Ohio_Parks_View GIS at T6. ODNR-Forest governance = T2. NOT in baseline — new discovery. GPS from NW_Ohio_Parks_View GIS centroid (outSR=4326) during T6 map verification pass 2026-04-28 — treat as authoritative GIS source.	https://ohiodnr.gov/go-and-do/plan-a-visit/find-a-property/maumee-state-forest	https://ohiodnr.gov/go-and-do/plan-a-visit/find-a-property/maumee-state-forest		2026-04-29T05:11:27Z	2026-04-29T05:11:27Z
Herr Road Property	Natural Area			Active	Special District	Olander Park System				3236 Herr Rd		Lucas	Sylvania	Sylvania	41.676116	-83.755771	86HRM6GV+CM		Olander Park System (Special District). ownertype=Special District; mgmtpriority=Passive Park; citymuni=Sylvania. Source: NW_Ohio_Parks_View GIS 2026-04-28. Retroactive T3. GPS from NW_Ohio_Parks_View GIS centroid (outSR=4326) during T6 map verification pass 2026-04-28 — treat as authoritative GIS source.	https://services1.arcgis.com/SvdVZfVAhlYe04Tl/arcgis/rest/services/NW_Ohio_Parks_View/FeatureServer	https://services1.arcgis.com/SvdVZfVAhlYe04Tl/arcgis/rest/services/NW_Ohio_Parks_View/FeatureServer		2026-04-29T05:11:27Z	2026-04-29T05:11:27Z
Milton Olander Park	Park			Active	Special District	Olander Park System				6930 Sylvania Ave		Lucas	Sylvania	Sylvania	41.693404	-83.710353	86HRM7VQ+9V	Hiking Trail;Boat Ramp	Olander Park System (Special District). ownertype=Special District; mgmtpriority=Active Park; citymuni=Sylvania. Source: NW_Ohio_Parks_View GIS 2026-04-28. Retroactive T3. GPS from NW_Ohio_Parks_View GIS centroid (outSR=4326) during T6 map verification pass 2026-04-28 — treat as authoritative GIS source.	https://services1.arcgis.com/SvdVZfVAhlYe04Tl/arcgis/rest/services/NW_Ohio_Parks_View/FeatureServer	https://services1.arcgis.com/SvdVZfVAhlYe04Tl/arcgis/rest/services/NW_Ohio_Parks_View/FeatureServer		2026-04-29T05:11:27Z	2026-04-29T05:11:27Z
Southview Oak Savanna	Natural Area	Savanna		Active	Municipal	Olander Park System				7225 W Sylvania Ave		Lucas	Sylvania	Sylvania	41.682324	-83.716612	86HRM7JM+W9	Hiking Trail	Olander Park System (Special District). ownertype=Municipal; mgmtpriority=Natural Area; citymuni=Sylvania. Source: NW_Ohio_Parks_View GIS 2026-04-28. Retroactive T3. GPS from NW_Ohio_Parks_View GIS centroid (outSR=4326) during T6 map verification pass 2026-04-28 — treat as authoritative GIS source.	https://services1.arcgis.com/SvdVZfVAhlYe04Tl/arcgis/rest/services/NW_Ohio_Parks_View/FeatureServer	https://services1.arcgis.com/SvdVZfVAhlYe04Tl/arcgis/rest/services/NW_Ohio_Parks_View/FeatureServer		2026-04-29T05:11:27Z	2026-04-29T05:11:27Z
Sylvan Prairie Park	Park			Active	Special District	Olander Park System				8601 Brint Rd		Lucas	Sylvania	Sylvania	41.694568	-83.755309	86HRM6VV+RV	Hiking Trail	Olander Park System (Special District). ownertype=Special District; mgmtpriority=Mixed-use Park; citymuni=Sylvania. Source: NW_Ohio_Parks_View GIS 2026-04-28. Retroactive T3. GPS from NW_Ohio_Parks_View GIS centroid (outSR=4326) during T6 map verification pass 2026-04-28 — treat as authoritative GIS source.	https://services1.arcgis.com/SvdVZfVAhlYe04Tl/arcgis/rest/services/NW_Ohio_Parks_View/FeatureServer	https://services1.arcgis.com/SvdVZfVAhlYe04Tl/arcgis/rest/services/NW_Ohio_Parks_View/FeatureServer		2026-04-29T05:11:27Z	2026-04-29T05:11:27Z
Whetstone Park	Park			Active	Special District	Olander Park System				5430 Rudyard Rd		Lucas	Sylvania	Sylvania	41.713237	-83.676236	86HRP87F+7G		Olander Park System (Special District). ownertype=Special District; mgmtpriority=Mixed-use Park; citymuni=Sylvania. Source: NW_Ohio_Parks_View GIS 2026-04-28. Retroactive T3. GPS from NW_Ohio_Parks_View GIS centroid (outSR=4326) during T6 map verification pass 2026-04-28 — treat as authoritative GIS source.	https://services1.arcgis.com/SvdVZfVAhlYe04Tl/arcgis/rest/services/NW_Ohio_Parks_View/FeatureServer	https://services1.arcgis.com/SvdVZfVAhlYe04Tl/arcgis/rest/services/NW_Ohio_Parks_View/FeatureServer		2026-04-29T05:11:27Z	2026-04-29T05:11:27Z
Fossil Park	Park			Active	Private	Olander Park System				5675 Centennial Rd		Lucas	Sylvania	Sylvania	41.712762	-83.74723	86HRP773+44	Hiking Trail	Olander Park System (Special District). ownertype=Private; mgmtpriority=Special Use Area; citymuni=Sylvania Township. Source: NW_Ohio_Parks_View GIS 2026-04-28. Retroactive T3. GPS from NW_Ohio_Parks_View GIS centroid (outSR=4326) during T6 map verification pass 2026-04-28 — treat as authoritative GIS source.	https://services1.arcgis.com/SvdVZfVAhlYe04Tl/arcgis/rest/services/NW_Ohio_Parks_View/FeatureServer	https://services1.arcgis.com/SvdVZfVAhlYe04Tl/arcgis/rest/services/NW_Ohio_Parks_View/FeatureServer		2026-04-29T05:11:27Z	2026-04-29T05:11:27Z
Community Homecoming Park	Park			Active	Springfield Township	Springfield Township			"COMMUNITY HOMECOMING PARK is located at 7807 Angola Rd. and was purchased in 1995 from Community Homecoming Corporation (CHC) for $1. Grants from the State of Ohio were very instrumental in developing this 40 acre parcel. The Township Public Service Department maintains the grounds, ball fields, and buildings. Home to SSA recreational soccer league (approx 600 kids/season, Fall and Spring) and STYBS youth baseball/softball. Hosts annual Strawberry Festival and Rollie Run each June."	7807 Angola Rd	40	Lucas	Springfield	Springfield	41.618774	-83.727816	86HRJ79C+GV	Hiking Trail;Boardwalk;Fishing Area;Pond;Pavilion;Gazebo;Ball Diamond;Soccer Pitch;Playground	Springfield Township park. GIS citymuni=Holland; status=Open. Source: NW_Ohio_Parks_View GIS 2026-04-28. Retroactive T5 — Springfield Township website was inaccessible (UNVERIFIED) at T5 discovery; GIS confirms these parks exist. GPS from NW_Ohio_Parks_View GIS centroid (outSR=4326) during T6 map verification pass 2026-04-28 — treat as authoritative GIS source. Website confirmed 2026-04-29 at springfieldtownship.net/departments/parks/ — Springfield Township UNVERIFIED flag resolved.	https://springfieldtownship.net/departments/parks/	https://springfieldtownship.net/departments/parks/		2026-04-29T05:11:27Z	2026-04-29T05:11:27Z
Florian Park	Park			Active	Springfield Township	Springfield Township				1912 Old Planke Rd		Lucas	Springfield	Springfield	41.606747	-83.714747	86HRJ74P+M4		Springfield Township park. GIS citymuni=Holland; status=Open. Source: NW_Ohio_Parks_View GIS 2026-04-28. Retroactive T5 — Springfield Township website was inaccessible (UNVERIFIED) at T5 discovery; GIS confirms these parks exist. GPS from NW_Ohio_Parks_View GIS centroid (outSR=4326) during T6 map verification pass 2026-04-28 — treat as authoritative GIS source.	https://services1.arcgis.com/SvdVZfVAhlYe04Tl/arcgis/rest/services/NW_Ohio_Parks_View/FeatureServer	https://services1.arcgis.com/SvdVZfVAhlYe04Tl/arcgis/rest/services/NW_Ohio_Parks_View/FeatureServer		2026-04-29T05:11:27Z	2026-04-29T05:11:27Z
Carmella Gardens Park	Park			Active	Springfield Township	Springfield Township			"CARMELLA GARDENS PARK is located at 6555 Danny Ln. in the Carmella Gardens Subdivision off Garden Rd. This neighborhood park is approximately 3 acres, was opened up to the public in October 2006 and consists of a covered picnic area, playground, and ball diamond."	6555 Danny Ln	3	Lucas	Springfield	Springfield	41.592695	-83.698806	86HRH8V2+3F	Picnic Area;Ball Diamond;Playground	Springfield Township park. GIS citymuni=Maumee; status=Open. Source: NW_Ohio_Parks_View GIS 2026-04-28. Retroactive T5 — Springfield Township website was inaccessible (UNVERIFIED) at T5 discovery; GIS confirms these parks exist. GPS from NW_Ohio_Parks_View GIS centroid (outSR=4326) during T6 map verification pass 2026-04-28 — treat as authoritative GIS source. Website confirmed 2026-04-29. Name on website: Carmella Gardens Park (GIS had Carmella Gardens — same entity). Springfield Township UNVERIFIED flag resolved.	https://springfieldtownship.net/departments/parks/	https://springfieldtownship.net/departments/parks/		2026-04-29T05:11:27Z	2026-04-29T05:11:27Z
Springfield Athletic Complex	Park			Active	Springfield Township	Springfield Township				1041 Albon Rd		Lucas	Springfield	Springfield	41.621089	-83.734121	86HRJ7C8+C9		Springfield Township park. GIS citymuni=Springfield; status=Open. Source: NW_Ohio_Parks_View GIS 2026-04-28. Retroactive T5 — Springfield Township website was inaccessible (UNVERIFIED) at T5 discovery; GIS confirms these parks exist. GPS from NW_Ohio_Parks_View GIS centroid (outSR=4326) during T6 map verification pass 2026-04-28 — treat as authoritative GIS source.	https://services1.arcgis.com/SvdVZfVAhlYe04Tl/arcgis/rest/services/NW_Ohio_Parks_View/FeatureServer	https://services1.arcgis.com/SvdVZfVAhlYe04Tl/arcgis/rest/services/NW_Ohio_Parks_View/FeatureServer		2026-04-29T05:11:27Z	2026-04-29T05:11:27Z
Bear Creek Park	Park			Active	Springfield Township	Springfield Township			BEAR CREEK PARK is a football field plus some additional space located behind 6645 Airport Highway and is used primarily by little league football organizations for practices and games.	6621 Airport Hwy		Lucas	Springfield	Springfield	41.60901	-83.699734	86HRJ852+J4	Football Field	"Springfield Township park. GIS citymuni=Springfield Township; status=Open. Source: NW_Ohio_Parks_View GIS 2026-04-28. Retroactive T5 — Springfield Township website was inaccessible (UNVERIFIED) at T5 discovery; GIS confirms these parks exist. GPS from NW_Ohio_Parks_View GIS centroid (outSR=4326) during T6 map verification pass 2026-04-28 — treat as authoritative GIS source. Website confirmed 2026-04-29. Website address is 6645 Airport Hwy (GIS has 6621 Airport Hwy — minor discrepancy, same entity). Springfield Township UNVERIFIED flag resolved."	https://springfieldtownship.net/departments/parks/	https://springfieldtownship.net/departments/parks/		2026-04-29T05:11:27Z	2026-04-29T05:11:27Z
Lincoln Green Park	Park			Active	Springfield Township	Springfield Township			"LINCOLN GREEN PARK is located at 201 Shrewsbury Dr. in the Lincoln Green Subdivision. This 3 acre neighborhood park was opened to the public in 2006 and consists of a covered picnic area, benches, walking trail, and playground, and open green space."	201 Burnham Green Rd	3	Lucas	Springfield	Springfield	41.636619	-83.696995	86HRJ8P3+J6	Hiking Trail;Picnic Area;Playground	Springfield Township park. GIS citymuni=Toledo; status=Open. Source: NW_Ohio_Parks_View GIS 2026-04-28. Retroactive T5 — Springfield Township website was inaccessible (UNVERIFIED) at T5 discovery; GIS confirms these parks exist. GPS from NW_Ohio_Parks_View GIS centroid (outSR=4326) during T6 map verification pass 2026-04-28 — treat as authoritative GIS source. Website confirmed 2026-04-29. Address discrepancy: website says 201 Shrewsbury Dr.; GIS has 201 Burnham Green Rd — flag for normalization review. Springfield Township UNVERIFIED flag resolved.	https://springfieldtownship.net/departments/parks/	https://springfieldtownship.net/departments/parks/		2026-04-29T05:11:27Z	2026-04-29T05:11:27Z
John Kennedy Memorial Park	Park			Active	Jerusalem Township	Jerusalem Township				9555 Jerusalem Rd.		Lucas	Jerusalem	Jerusalem	41.642466	-83.318345	86HRJMRJ+XM		Jerusalem Township park. GIS citymuni=Curtice. Source: NW_Ohio_Parks_View GIS 2026-04-28. Retroactive T5 — these parks were missed during T5 discovery (Jerusalem Township website showed only youth sports programming). GPS from NW_Ohio_Parks_View GIS centroid (outSR=4326) during T6 map verification pass 2026-04-28 — treat as authoritative GIS source.	https://services1.arcgis.com/SvdVZfVAhlYe04Tl/arcgis/rest/services/NW_Ohio_Parks_View/FeatureServer	https://services1.arcgis.com/SvdVZfVAhlYe04Tl/arcgis/rest/services/NW_Ohio_Parks_View/FeatureServer		2026-04-29T05:11:27Z	2026-04-29T05:11:27Z
Jerusalem Township Rec Fields	Park			Active	Jerusalem Township	Jerusalem Township				0 Sacks Rd		Lucas	Jerusalem	Jerusalem	41.644395	-83.309173	86HRJMVR+Q8	Hiking Trail	Jerusalem Township park. GIS citymuni=Jerusalem Township. Source: NW_Ohio_Parks_View GIS 2026-04-28. Retroactive T5 — these parks were missed during T5 discovery (Jerusalem Township website showed only youth sports programming). GPS from NW_Ohio_Parks_View GIS centroid (outSR=4326) during T6 map verification pass 2026-04-28 — treat as authoritative GIS source.	https://services1.arcgis.com/SvdVZfVAhlYe04Tl/arcgis/rest/services/NW_Ohio_Parks_View/FeatureServer	https://services1.arcgis.com/SvdVZfVAhlYe04Tl/arcgis/rest/services/NW_Ohio_Parks_View/FeatureServer		2026-04-29T05:11:27Z	2026-04-29T05:11:27Z
Joe Verb Memorial Park	Park			Active	Jerusalem Township	Jerusalem Township				248 Rialto Dr		Lucas	Jerusalem	Jerusalem	41.658839	-83.263394	86HRMP5P+GJ		Jerusalem Township park. GIS citymuni=Jerusalem Township. Source: NW_Ohio_Parks_View GIS 2026-04-28. Retroactive T5 — these parks were missed during T5 discovery (Jerusalem Township website showed only youth sports programming). GPS from NW_Ohio_Parks_View GIS centroid (outSR=4326) during T6 map verification pass 2026-04-28 — treat as authoritative GIS source.	https://services1.arcgis.com/SvdVZfVAhlYe04Tl/arcgis/rest/services/NW_Ohio_Parks_View/FeatureServer	https://services1.arcgis.com/SvdVZfVAhlYe04Tl/arcgis/rest/services/NW_Ohio_Parks_View/FeatureServer		2026-04-29T05:11:27Z	2026-04-29T05:11:27Z
Asbury Park	Park			Active	Municipal	City of Toledo			"Asbury Park is a 2.8 acre park that currently has a baseball diamond, a half basketball court, drinking fountain, a playground, two tennis courts, a community building, a walking trail, and several benches and picnic tables."	4300 Asbury Dr		Lucas	Toledo		41.697354	-83.562453	86HRMCWQ+W2	Hiking Trail	City of Toledo park. GIS mgmtpriority=Active Park; status=Open; ownertype=Municipal. Source: NW_Ohio_Parks_View GIS (Toledo Parks Explorer dashboard) 2026-04-28. Toledo Batch 1. GPS from NW_Ohio_Parks_View GIS centroid (outSR=4326) during T6 map verification pass 2026-04-28 — treat as authoritative GIS source.	https://toledo.oh.gov/residents/parks	https://toledo.oh.gov/residents/parks;https://toledo.maps.arcgis.com/apps/dashboards/33025e55224b4770862f8c5afb54ca1e		2026-04-29T05:11:27Z	2026-04-29T05:11:27Z
Ashley Park	Park			Active	Municipal	City of Toledo			"Ashley Park is home to a half basketball court, a playground, and an open field."	131 Knower St		Lucas	Toledo		41.631654	-83.541492	86HRJFJ5+MC		City of Toledo park. GIS mgmtpriority=Active Park; status=Open; ownertype=Municipal. Source: NW_Ohio_Parks_View GIS (Toledo Parks Explorer dashboard) 2026-04-28. Toledo Batch 1. GPS from NW_Ohio_Parks_View GIS centroid (outSR=4326) during T6 map verification pass 2026-04-28 — treat as authoritative GIS source.	https://toledo.oh.gov/residents/parks	https://toledo.oh.gov/residents/parks;https://toledo.maps.arcgis.com/apps/dashboards/33025e55224b4770862f8c5afb54ca1e		2026-04-29T05:11:27Z	2026-04-29T05:11:27Z
Bandore Park	Park			Active	Municipal	City of Toledo			Bandore Park has several picnic tables on its three and a half acres.	4768 Paisley Rd		Lucas	Toledo		41.661219	-83.654971	86HRM86W+F2		City of Toledo park. GIS mgmtpriority=Passive Park; status=Open; ownertype=Municipal. Source: NW_Ohio_Parks_View GIS (Toledo Parks Explorer dashboard) 2026-04-28. Toledo Batch 1. GPS from NW_Ohio_Parks_View GIS centroid (outSR=4326) during T6 map verification pass 2026-04-28 — treat as authoritative GIS source.	https://toledo.oh.gov/residents/parks	https://toledo.oh.gov/residents/parks;https://toledo.maps.arcgis.com/apps/dashboards/33025e55224b4770862f8c5afb54ca1e		2026-04-29T05:11:27Z	2026-04-29T05:11:27Z
Bay View Park	Park			Active	Municipal	City of Toledo			"Bay View Park is 91 acres, making it one of the largest within the parks system. The park includes the Howard H. & Mary A. Pinkley Memorial Trail that weaves through the woods and is a perfect place for a walk or easy bike ride. Visitors will also find a lighthouse and a Military Memorial Pathway that remembers those from the Point Place Community that served their country. "	3910 N Summit St		Lucas	Toledo		41.696903	-83.474538	86HRMGWG+Q5	Hiking Trail	City of Toledo park. GIS mgmtpriority=Active Park; status=Open; ownertype=Municipal. Source: NW_Ohio_Parks_View GIS (Toledo Parks Explorer dashboard) 2026-04-28. Toledo Batch 1. GPS from NW_Ohio_Parks_View GIS centroid (outSR=4326) during T6 map verification pass 2026-04-28 — treat as authoritative GIS source.	https://toledo.oh.gov/residents/parks	https://toledo.oh.gov/residents/parks;https://toledo.maps.arcgis.com/apps/dashboards/33025e55224b4770862f8c5afb54ca1e		2026-04-29T05:11:27Z	2026-04-29T05:11:27Z
Beatty Park	Park			Active	Municipal	City of Toledo			Beatty Park is a 6.7 acre park that is home to a large and flat grass field that is perfect for sporting events. There is also an Overland Trail map that shows both planned and open bicycle trails throughout the city of Toledo. 	1359 W Central Ave		Lucas	Toledo		41.675175	-83.5774	86HRMCGF+32	Hiking Trail	City of Toledo park. GIS mgmtpriority=Passive Park; status=Open; ownertype=Municipal. Source: NW_Ohio_Parks_View GIS (Toledo Parks Explorer dashboard) 2026-04-28. Toledo Batch 1. GPS from NW_Ohio_Parks_View GIS centroid (outSR=4326) during T6 map verification pass 2026-04-28 — treat as authoritative GIS source.	https://toledo.oh.gov/residents/parks	https://toledo.oh.gov/residents/parks;https://toledo.maps.arcgis.com/apps/dashboards/33025e55224b4770862f8c5afb54ca1e		2026-04-29T05:11:27Z	2026-04-29T05:11:27Z
Bennett Park	Park			Active	Municipal	City of Toledo			"Bennett Park is a five acre park that is home to a baseball diamond, a playground, tennis courts, a walking path, and several benches and picnic tables. "	4974 Bennett Rd		Lucas	Toledo		41.706005	-83.557083	86HRPC4V+C5	Hiking Trail	City of Toledo park. GIS mgmtpriority=Active Park; status=Open; ownertype=Municipal. Source: NW_Ohio_Parks_View GIS (Toledo Parks Explorer dashboard) 2026-04-28. Toledo Batch 1. GPS from NW_Ohio_Parks_View GIS centroid (outSR=4326) during T6 map verification pass 2026-04-28 — treat as authoritative GIS source.	https://toledo.oh.gov/residents/parks	https://toledo.oh.gov/residents/parks;https://toledo.maps.arcgis.com/apps/dashboards/33025e55224b4770862f8c5afb54ca1e		2026-04-29T05:11:27Z	2026-04-29T05:11:27Z
Beth Raudabusch Park	Park			Active	Municipal	City of Toledo			"Beth Raudebush Park is just over one acre that contains a basketball hoop, a picnic shelter, a picnic table, and a barbecue grill."	305 Wilmot St		Lucas	Toledo		41.631221	-83.526185	86HRJFJF+FG		City of Toledo park. GIS mgmtpriority=Passive Park; status=Open; ownertype=Municipal. Source: NW_Ohio_Parks_View GIS (Toledo Parks Explorer dashboard) 2026-04-28. Toledo Batch 1. GPS from NW_Ohio_Parks_View GIS centroid (outSR=4326) during T6 map verification pass 2026-04-28 — treat as authoritative GIS source.	https://toledo.oh.gov/residents/parks	https://toledo.oh.gov/residents/parks;https://toledo.maps.arcgis.com/apps/dashboards/33025e55224b4770862f8c5afb54ca1e		2026-04-29T05:11:27Z	2026-04-29T05:11:27Z
Beverly Park	Park			Active	Municipal	City of Toledo			"Beverly Park is one and a half acres with two basketball hoops, a playground, benches, and picnic tables."	3722 Beechway Blvd		Lucas	Toledo		41.598969	-83.607817	86HRH9XR+HV		City of Toledo park. GIS mgmtpriority=Active Park; status=Open; ownertype=Municipal. Source: NW_Ohio_Parks_View GIS (Toledo Parks Explorer dashboard) 2026-04-28. Toledo Batch 1. GPS from NW_Ohio_Parks_View GIS centroid (outSR=4326) during T6 map verification pass 2026-04-28 — treat as authoritative GIS source.	https://toledo.oh.gov/residents/parks	https://toledo.oh.gov/residents/parks;https://toledo.maps.arcgis.com/apps/dashboards/33025e55224b4770862f8c5afb54ca1e		2026-04-29T05:11:27Z	2026-04-29T05:11:27Z
Bicentennial Park	Park			Active	Municipal	City of Toledo				123 Main St		Lucas	Toledo		41.648076	-83.522618	86HRJFXG+6X		City of Toledo park. GIS mgmtpriority=Historical/Cultural; status=Open; ownertype=Municipal. Source: NW_Ohio_Parks_View GIS (Toledo Parks Explorer dashboard) 2026-04-28. Toledo Batch 1. GPS from NW_Ohio_Parks_View GIS centroid (outSR=4326) during T6 map verification pass 2026-04-28 — treat as authoritative GIS source.	https://toledo.oh.gov/residents/parks	https://toledo.oh.gov/residents/parks;https://toledo.maps.arcgis.com/apps/dashboards/33025e55224b4770862f8c5afb54ca1e		2026-04-29T05:11:27Z	2026-04-29T05:11:27Z
Birmingham Park	Park			Active	Municipal	City of Toledo			Birmingham Park has 8.3 acres of open grassland. 	285 Knox St		Lucas	Toledo		41.655393	-83.501105	86HRMF4X+5H		City of Toledo park. GIS mgmtpriority=Passive Park; status=Open; ownertype=Municipal. Source: NW_Ohio_Parks_View GIS (Toledo Parks Explorer dashboard) 2026-04-28. Toledo Batch 1. GPS from NW_Ohio_Parks_View GIS centroid (outSR=4326) during T6 map verification pass 2026-04-28 — treat as authoritative GIS source.	https://toledo.oh.gov/residents/parks	https://toledo.oh.gov/residents/parks;https://toledo.maps.arcgis.com/apps/dashboards/33025e55224b4770862f8c5afb54ca1e		2026-04-29T05:11:27Z	2026-04-29T05:11:27Z
Boeschenstein Park	Park			Active	Municipal	City of Toledo			Boeschenstein Park is just under three acres along Swan Creek. It has numerous benches and is also home to the Major Ritual art piece that is over four decades old and the first public art piece purchased by the city for its One Percent for Art Program. 	1 S Summit St		Lucas	Toledo		41.646786	-83.536775	86HRJFW7+P7	Hiking Trail	City of Toledo park. GIS mgmtpriority=Passive Park; status=Open; ownertype=Municipal. Source: NW_Ohio_Parks_View GIS (Toledo Parks Explorer dashboard) 2026-04-28. Toledo Batch 1. GPS from NW_Ohio_Parks_View GIS centroid (outSR=4326) during T6 map verification pass 2026-04-28 — treat as authoritative GIS source.	https://toledo.oh.gov/residents/parks	https://toledo.oh.gov/residents/parks;https://toledo.maps.arcgis.com/apps/dashboards/33025e55224b4770862f8c5afb54ca1e		2026-04-29T05:11:27Z	2026-04-29T05:11:27Z
Bowman Park	Park			Active	Municipal	City of Toledo				Jackman		Lucas	Toledo		41.702285	-83.589552	86HRPC26+W5	Hiking Trail	City of Toledo park. GIS mgmtpriority=Active Park; status=Open; ownertype=Municipal. Source: NW_Ohio_Parks_View GIS (Toledo Parks Explorer dashboard) 2026-04-28. Toledo Batch 1. GPS from NW_Ohio_Parks_View GIS centroid (outSR=4326) during T6 map verification pass 2026-04-28 — treat as authoritative GIS source.	https://toledo.oh.gov/residents/parks	https://toledo.oh.gov/residents/parks;https://toledo.maps.arcgis.com/apps/dashboards/33025e55224b4770862f8c5afb54ca1e		2026-04-29T05:11:27Z	2026-04-29T05:11:27Z
Bronson/T J Overton Park	Park			Active	Municipal	City of Toledo			"T. Jean Overton Park, formally Bronson Park, is just over half an acre and is home to a new playground. "	3016 C St		Lucas	Toledo		41.678455	-83.521685	86HRMFHH+98		City of Toledo park. GIS mgmtpriority=Active Park; status=Open; ownertype=Municipal. Source: NW_Ohio_Parks_View GIS (Toledo Parks Explorer dashboard) 2026-04-28. Toledo Batch 1. GPS from NW_Ohio_Parks_View GIS centroid (outSR=4326) during T6 map verification pass 2026-04-28 — treat as authoritative GIS source.	https://toledo.oh.gov/residents/parks	https://toledo.oh.gov/residents/parks;https://toledo.maps.arcgis.com/apps/dashboards/33025e55224b4770862f8c5afb54ca1e		2026-04-29T05:11:27Z	2026-04-29T05:11:27Z
Burroughs Park	Park			Active	Municipal	City of Toledo			Burroughs Park has three baseball diamonds and nine acres of open land to enjoy.	2404 South Ave		Lucas	Toledo		41.633641	-83.60291	86HRJ9MW+FR		City of Toledo park. GIS mgmtpriority=Active Park; status=Open; ownertype=Municipal. Source: NW_Ohio_Parks_View GIS (Toledo Parks Explorer dashboard) 2026-04-28. Toledo Batch 1. GPS from NW_Ohio_Parks_View GIS centroid (outSR=4326) during T6 map verification pass 2026-04-28 — treat as authoritative GIS source.	https://toledo.oh.gov/residents/parks	https://toledo.oh.gov/residents/parks;https://toledo.maps.arcgis.com/apps/dashboards/33025e55224b4770862f8c5afb54ca1e		2026-04-29T05:11:27Z	2026-04-29T05:11:27Z
Casey Jones Park	Park			Active	Municipal	City of Toledo			"Casey Jones Park is home to a full basketball court, a barbecue grill, a drinking fountain, two horseshoe sets, benches, tables, and a playground."	1760 Hamilton St		Lucas	Toledo		41.64423	-83.585032	86HRJCV7+MX		City of Toledo park. GIS mgmtpriority=Active Park; status=Open; ownertype=Municipal. Source: NW_Ohio_Parks_View GIS (Toledo Parks Explorer dashboard) 2026-04-28. Toledo Batch 1. GPS from NW_Ohio_Parks_View GIS centroid (outSR=4326) during T6 map verification pass 2026-04-28 — treat as authoritative GIS source.	https://toledo.oh.gov/residents/parks	https://toledo.oh.gov/residents/parks;https://toledo.maps.arcgis.com/apps/dashboards/33025e55224b4770862f8c5afb54ca1e		2026-04-29T05:11:27Z	2026-04-29T05:11:27Z
Cass Ryan Eastgate Park	Park			Active	Municipal	City of Toledo			"Cass Ryan Eastgate Park is a 20 acre park that is home to a barbecue grill, benches, picnic tables, a playground, two tennis courts, and a walking trail. There is a large and flat grass field that would be ideal for a pick-up sports game with friends or family members. With plenty of trees, the park has an abundance of shade that will make a picnic enjoyable and comfortable. "	2260 Eastgate Rd		Lucas	Toledo		41.599809	-83.651716	86HRH8XX+W8	Hiking Trail	City of Toledo park. GIS mgmtpriority=Active Park; status=Open; ownertype=Municipal. Source: NW_Ohio_Parks_View GIS (Toledo Parks Explorer dashboard) 2026-04-28. Toledo Batch 1. GPS from NW_Ohio_Parks_View GIS centroid (outSR=4326) during T6 map verification pass 2026-04-28 — treat as authoritative GIS source.	https://toledo.oh.gov/residents/parks	https://toledo.oh.gov/residents/parks;https://toledo.maps.arcgis.com/apps/dashboards/33025e55224b4770862f8c5afb54ca1e		2026-04-29T05:11:27Z	2026-04-29T05:11:27Z
Children's Park	Park			Active	Municipal	City of Toledo			"Children's Park has a monument called ""Artifacts of Childhood,"" numerous picnic tables, a bench, and a walking path. "	341 Wade St		Lucas	Toledo		41.639349	-83.540796	86HRJFQ5+PM	Hiking Trail	City of Toledo park. GIS mgmtpriority=Passive Park; status=Open; ownertype=Municipal. Source: NW_Ohio_Parks_View GIS (Toledo Parks Explorer dashboard) 2026-04-28. Toledo Batch 1. GPS from NW_Ohio_Parks_View GIS centroid (outSR=4326) during T6 map verification pass 2026-04-28 — treat as authoritative GIS source.	https://toledo.oh.gov/residents/parks	https://toledo.oh.gov/residents/parks;https://toledo.maps.arcgis.com/apps/dashboards/33025e55224b4770862f8c5afb54ca1e		2026-04-29T05:11:27Z	2026-04-29T05:11:27Z
Chorus Lane	Park			Active	Municipal	City of Toledo			"Chorus Lane Park is just over three acres of open land, making it an ideal spot to play a game of kickball with friends, pitch a blanket for a picnic, or to fly a kite. "	4666 Ventura Dr		Lucas	Toledo		41.634016	-83.652011	86HRJ8MX+J5		City of Toledo park. GIS mgmtpriority=Passive Park; status=Open; ownertype=Municipal. Source: NW_Ohio_Parks_View GIS (Toledo Parks Explorer dashboard) 2026-04-28. Toledo Batch 1. GPS from NW_Ohio_Parks_View GIS centroid (outSR=4326) during T6 map verification pass 2026-04-28 — treat as authoritative GIS source.	https://toledo.oh.gov/residents/parks	https://toledo.oh.gov/residents/parks;https://toledo.maps.arcgis.com/apps/dashboards/33025e55224b4770862f8c5afb54ca1e		2026-04-29T05:11:27Z	2026-04-29T05:11:27Z
Chub DeWolfe	Park			Active	Municipal	City of Toledo			"Chub DeWolfe Park is one of the smallest within the parks system. The park has a memorial titled ""The Last Alarm,"" an Ohio Historical Marker, and several park benches. "	500 Beech St		Lucas	Toledo		41.655896	-83.533371	86HRMF48+9M		City of Toledo park. GIS mgmtpriority=Historical/Cultural; status=Open; ownertype=Municipal. Source: NW_Ohio_Parks_View GIS (Toledo Parks Explorer dashboard) 2026-04-28. Toledo Batch 1. GPS from NW_Ohio_Parks_View GIS centroid (outSR=4326) during T6 map verification pass 2026-04-28 — treat as authoritative GIS source.	https://toledo.oh.gov/residents/parks	https://toledo.oh.gov/residents/parks;https://toledo.maps.arcgis.com/apps/dashboards/33025e55224b4770862f8c5afb54ca1e		2026-04-29T05:11:27Z	2026-04-29T05:11:27Z
Civic Center Mall	Park			Active	Municipal	City of Toledo				1716 Spielbusch Ave		Lucas	Toledo		41.657245	-83.535224	86HRMF47+VW	Hiking Trail	City of Toledo park. GIS mgmtpriority=Passive Park; status=Open; ownertype=Municipal. Source: NW_Ohio_Parks_View GIS (Toledo Parks Explorer dashboard) 2026-04-28. Toledo Batch 1. GPS from NW_Ohio_Parks_View GIS centroid (outSR=4326) during T6 map verification pass 2026-04-28 — treat as authoritative GIS source.	https://toledo.oh.gov/residents/parks	https://toledo.oh.gov/residents/parks;https://toledo.maps.arcgis.com/apps/dashboards/33025e55224b4770862f8c5afb54ca1e		2026-04-29T05:11:27Z	2026-04-29T05:11:27Z
Clinton Park	Park			Active	Municipal	City of Toledo			Clinton Park is just over an acre of land that has several benches and two playground sets. 	2044 Clinton St		Lucas	Toledo		41.661394	-83.583526	86HRMC68+HH		City of Toledo park. GIS mgmtpriority=Active Park; status=Open; ownertype=Municipal. Source: NW_Ohio_Parks_View GIS (Toledo Parks Explorer dashboard) 2026-04-28. Toledo Batch 1. GPS from NW_Ohio_Parks_View GIS centroid (outSR=4326) during T6 map verification pass 2026-04-28 — treat as authoritative GIS source.	https://toledo.oh.gov/residents/parks	https://toledo.oh.gov/residents/parks;https://toledo.maps.arcgis.com/apps/dashboards/33025e55224b4770862f8c5afb54ca1e		2026-04-29T05:11:27Z	2026-04-29T05:11:27Z
Close Park	Park			Active	Municipal	City of Toledo			"Close Park is six acres of land containing a baseball diamond, a playground, a barbecue grill, benches, picnic tables, and a walking trail. It is also home to an art piece titled “Close, Closer, Closest” by Randy Walker, created in 1976."	2131 Castlewood Dr		Lucas	Toledo		41.696296	-83.595199	86HRMCW3+GW	Hiking Trail	City of Toledo park. GIS mgmtpriority=Active Park; status=Open; ownertype=Municipal. Source: NW_Ohio_Parks_View GIS (Toledo Parks Explorer dashboard) 2026-04-28. Toledo Batch 1. GPS from NW_Ohio_Parks_View GIS centroid (outSR=4326) during T6 map verification pass 2026-04-28 — treat as authoritative GIS source.	https://toledo.oh.gov/residents/parks	https://toledo.oh.gov/residents/parks;https://toledo.maps.arcgis.com/apps/dashboards/33025e55224b4770862f8c5afb54ca1e		2026-04-29T05:11:27Z	2026-04-29T05:11:27Z
Clover Lane Park	Park			Active	Municipal	City of Toledo			"Clover Lane Park is four acres and has a full basketball court, a baseball diamond, a bench, and one playground. "	5146 Clover Ln		Lucas	Toledo		41.709222	-83.637813	86HRP956+MV		City of Toledo park. GIS mgmtpriority=Active Park; status=Open; ownertype=Municipal. Source: NW_Ohio_Parks_View GIS (Toledo Parks Explorer dashboard) 2026-04-28. Toledo Batch 1. GPS from NW_Ohio_Parks_View GIS centroid (outSR=4326) during T6 map verification pass 2026-04-28 — treat as authoritative GIS source.	https://toledo.oh.gov/residents/parks	https://toledo.oh.gov/residents/parks;https://toledo.maps.arcgis.com/apps/dashboards/33025e55224b4770862f8c5afb54ca1e		2026-04-29T05:11:27Z	2026-04-29T05:11:27Z
Clover Ridge Park	Park			Active	Municipal	City of Toledo			"Clover Ridge Park has 1.2 acres of open and flat grassland, making it ideal for flying a kite, a family picnic, or reading a book. A hammock can be set up on the northeast side of the park, with plenty of trees in close proximity."	4207 Regis Dr		Lucas	Toledo		41.724639	-83.644087	86HRP9F4+V9		City of Toledo park. GIS mgmtpriority=Passive Park; status=Open; ownertype=Municipal. Source: NW_Ohio_Parks_View GIS (Toledo Parks Explorer dashboard) 2026-04-28. Toledo Batch 1. GPS from NW_Ohio_Parks_View GIS centroid (outSR=4326) during T6 map verification pass 2026-04-28 — treat as authoritative GIS source.	https://toledo.oh.gov/residents/parks	https://toledo.oh.gov/residents/parks;https://toledo.maps.arcgis.com/apps/dashboards/33025e55224b4770862f8c5afb54ca1e		2026-04-29T05:11:27Z	2026-04-29T05:11:27Z
Collins Park	Park			Active	Municipal	City of Toledo			"Collins Park includes a nine-hole golf course, a basketball court, a community building, a football field, two baseball diamonds, and a drinking fountain. "	755 Collins Park Ave		Lucas	Toledo		41.66226	-83.482336	86HRMG69+W3		City of Toledo park. GIS mgmtpriority=Active Park; status=Open; ownertype=Municipal. Source: NW_Ohio_Parks_View GIS (Toledo Parks Explorer dashboard) 2026-04-28. Toledo Batch 1. GPS from NW_Ohio_Parks_View GIS centroid (outSR=4326) during T6 map verification pass 2026-04-28 — treat as authoritative GIS source.	https://toledo.oh.gov/residents/parks	https://toledo.oh.gov/residents/parks;https://toledo.maps.arcgis.com/apps/dashboards/33025e55224b4770862f8c5afb54ca1e		2026-04-29T05:11:27Z	2026-04-29T05:11:27Z
Copland Park	Park			Active	Municipal	City of Toledo			"Copland Park is just over 22 acres, and contains two baseball diamonds, numerous park benches, several picnic tables, a soccer field, and a walking trail. Many renovations have taken place at the park recently, with a new water fountain (with a dog bowl) installed in 2019, tennis courts refurbished in 2021, a new playground in 2021, and a new half basketball court in 2022. The tennis court also has lining for pickleball, a sport that has become immensely popular within the past decade. "	4000 Copland Blvd		Lucas	Toledo		41.591403	-83.623865	86HRH9RG+HF	Hiking Trail	City of Toledo park. GIS mgmtpriority=Active Park; status=Open; ownertype=Municipal. Source: NW_Ohio_Parks_View GIS (Toledo Parks Explorer dashboard) 2026-04-28. Toledo Batch 1. GPS from NW_Ohio_Parks_View GIS centroid (outSR=4326) during T6 map verification pass 2026-04-28 — treat as authoritative GIS source.	https://toledo.oh.gov/residents/parks	https://toledo.oh.gov/residents/parks;https://toledo.maps.arcgis.com/apps/dashboards/33025e55224b4770862f8c5afb54ca1e		2026-04-29T05:11:27Z	2026-04-29T05:11:27Z
Corbin Park	Park			Active	Municipal	City of Toledo			Corbin Park is a 1.2 acre park that is currently home to a swing set and an open field. 	1226 Crestwood Rd		Lucas	Toledo		41.703044	-83.570989	86HRPC3H+6J	Hiking Trail	City of Toledo park. GIS mgmtpriority=Active Park; status=Open; ownertype=Municipal. Source: NW_Ohio_Parks_View GIS (Toledo Parks Explorer dashboard) 2026-04-28. Toledo Batch 1. GPS from NW_Ohio_Parks_View GIS centroid (outSR=4326) during T6 map verification pass 2026-04-28 — treat as authoritative GIS source.	https://toledo.oh.gov/residents/parks	https://toledo.oh.gov/residents/parks;https://toledo.maps.arcgis.com/apps/dashboards/33025e55224b4770862f8c5afb54ca1e		2026-04-29T05:11:27Z	2026-04-29T05:11:27Z
Cranbrook Plot	Park			Active	Municipal	City of Toledo				4606 W Central Ave		Lucas	Toledo		41.678752	-83.651594	86HRM8HX+G9		City of Toledo park. GIS mgmtpriority=Passive Park; status=Undeveloped; ownertype=Municipal. Source: NW_Ohio_Parks_View GIS (Toledo Parks Explorer dashboard) 2026-04-28. Toledo Batch 1. GPS from NW_Ohio_Parks_View GIS centroid (outSR=4326) during T6 map verification pass 2026-04-28 — treat as authoritative GIS source.	https://toledo.oh.gov/residents/parks	https://toledo.oh.gov/residents/parks;https://toledo.maps.arcgis.com/apps/dashboards/33025e55224b4770862f8c5afb54ca1e		2026-04-29T05:11:27Z	2026-04-29T05:11:27Z
Cuba Saturn Park	Park			Active	Municipal	City of Toledo			Cuba Saturn Park is rectangular and flat which makes for great pick-up sporting events or family picnics. 	6250 Calla Lane		Lucas	Toledo		41.65209	-83.691127	86HRM825+RG		City of Toledo park. GIS mgmtpriority=Passive Park; status=Open; ownertype=Municipal. Source: NW_Ohio_Parks_View GIS (Toledo Parks Explorer dashboard) 2026-04-28. Toledo Batch 1. GPS from NW_Ohio_Parks_View GIS centroid (outSR=4326) during T6 map verification pass 2026-04-28 — treat as authoritative GIS source.	https://toledo.oh.gov/residents/parks	https://toledo.oh.gov/residents/parks;https://toledo.maps.arcgis.com/apps/dashboards/33025e55224b4770862f8c5afb54ca1e		2026-04-29T05:11:27Z	2026-04-29T05:11:27Z
Cullen Park	Park			Active	Municipal	City of Toledo			"Cullen Park is nearly nine acres and is home to a marina, an anchor memorial statue, a walking trail, a community building, and numerous park benches. "	4526 N Summit St		Lucas	Washington	Washington	41.704636	-83.474576	86HRPG3G+V5	Hiking Trail;Boat Ramp	City of Toledo park. GIS mgmtpriority=Passive Park; status=Open; ownertype=Municipal. Source: NW_Ohio_Parks_View GIS (Toledo Parks Explorer dashboard) 2026-04-28. Toledo Batch 1. GPS from NW_Ohio_Parks_View GIS centroid (outSR=4326) during T6 map verification pass 2026-04-28 — treat as authoritative GIS source.	https://toledo.oh.gov/residents/parks	https://toledo.oh.gov/residents/parks;https://toledo.maps.arcgis.com/apps/dashboards/33025e55224b4770862f8c5afb54ca1e		2026-04-29T05:11:27Z	2026-04-29T05:11:27Z
Czelusta Park	Park			Active	Municipal	City of Toledo			"Czelusta Park has just less than half an acre of space, along with two covered benches and well-maintained landscaping. "	2834 Lagrange St		Lucas	Toledo		41.676194	-83.539012	86HRMFG6+F9		City of Toledo park. GIS mgmtpriority=Passive Park; status=Open; ownertype=Municipal. Source: NW_Ohio_Parks_View GIS (Toledo Parks Explorer dashboard) 2026-04-28. Toledo Batch 1. GPS from NW_Ohio_Parks_View GIS centroid (outSR=4326) during T6 map verification pass 2026-04-28 — treat as authoritative GIS source.	https://toledo.oh.gov/residents/parks	https://toledo.oh.gov/residents/parks;https://toledo.maps.arcgis.com/apps/dashboards/33025e55224b4770862f8c5afb54ca1e		2026-04-29T05:11:27Z	2026-04-29T05:11:27Z
Dale Stone Park	Park			Active	Municipal	City of Toledo			"Dale Stone Park offers play equipment, a park bench, and many recently planted trees."	1 Aurora Gonzalez Dr		Lucas	Toledo		41.631238	-83.56472	86HRJCJP+F4		City of Toledo park. GIS mgmtpriority=Active Park; status=Open; ownertype=Municipal. Source: NW_Ohio_Parks_View GIS (Toledo Parks Explorer dashboard) 2026-04-28. Toledo Batch 1. GPS from NW_Ohio_Parks_View GIS centroid (outSR=4326) during T6 map verification pass 2026-04-28 — treat as authoritative GIS source.	https://toledo.oh.gov/residents/parks	https://toledo.oh.gov/residents/parks;https://toledo.maps.arcgis.com/apps/dashboards/33025e55224b4770862f8c5afb54ca1e		2026-04-29T05:11:27Z	2026-04-29T05:11:27Z
Danny Thomas Park	Park			Active	Municipal	City of Toledo			"Visitors to Danny Thomas Park will find a monument for Danny Thomas,  Dan Roman Field in the Rick and Nancy Corbett Sports Complex, a full basketball court, play equipment, a football field, three playable percussion sets, picnic tables, park benches, a picnic shelter, and a walking trail."	2583 E Broadway St		Lucas	Toledo		41.624227	-83.565708	86HRJCFM+MP	Hiking Trail	City of Toledo park. GIS mgmtpriority=Active Park; status=Open; ownertype=Municipal. Source: NW_Ohio_Parks_View GIS (Toledo Parks Explorer dashboard) 2026-04-28. Toledo Batch 1. GPS from NW_Ohio_Parks_View GIS centroid (outSR=4326) during T6 map verification pass 2026-04-28 — treat as authoritative GIS source.	https://toledo.oh.gov/residents/parks	https://toledo.oh.gov/residents/parks;https://toledo.maps.arcgis.com/apps/dashboards/33025e55224b4770862f8c5afb54ca1e		2026-04-29T05:11:27Z	2026-04-29T05:11:27Z
Delaware Creek	Park			Active	Municipal	City of Toledo			"Delaware Creek Park has a boat launch that is open to the public. To get to the boat launch,  go to 1766 Yaryan Drive and turn left at the Delaware Park sign. "	1707 Yaryan Dr		Lucas	Toledo		41.60909	-83.593475	86HRJC54+JJ	Boat Ramp	City of Toledo park. GIS mgmtpriority=Natural Area; status=Open; ownertype=Municipal. Source: NW_Ohio_Parks_View GIS (Toledo Parks Explorer dashboard) 2026-04-28. Toledo Batch 1. GPS from NW_Ohio_Parks_View GIS centroid (outSR=4326) during T6 map verification pass 2026-04-28 — treat as authoritative GIS source.	https://toledo.oh.gov/residents/parks	https://toledo.oh.gov/residents/parks;https://toledo.maps.arcgis.com/apps/dashboards/33025e55224b4770862f8c5afb54ca1e		2026-04-29T05:11:27Z	2026-04-29T05:11:27Z
Delaware Park	Park			Active	Municipal	City of Toledo			"Delaware Park has 20 acres and surrounds a portion of the Delaware Creek, a tributary of the Maumee River."	2520 Wildwood Rd		Lucas	Toledo		41.607101	-83.602094	86HRJ94X+R5		City of Toledo park. GIS mgmtpriority=Natural Area; status=Open; ownertype=Municipal. Source: NW_Ohio_Parks_View GIS (Toledo Parks Explorer dashboard) 2026-04-28. Toledo Batch 1. GPS from NW_Ohio_Parks_View GIS centroid (outSR=4326) during T6 map verification pass 2026-04-28 — treat as authoritative GIS source.	https://toledo.oh.gov/residents/parks	https://toledo.oh.gov/residents/parks;https://toledo.maps.arcgis.com/apps/dashboards/33025e55224b4770862f8c5afb54ca1e		2026-04-29T05:11:27Z	2026-04-29T05:11:27Z
DeLucia Park	Park			Active	Municipal	City of Toledo			"Delucia Park is almost 9 acres and contains a baseball diamond, a half basketball court, benches, picnic tables, two playgrounds, and a tennis court. The walking trail goes through a small section of woods, and is home to several deer."	3947 Shadylawn Dr		Lucas	Toledo		41.604374	-83.636277	86HRJ937+PF	Hiking Trail	City of Toledo park. GIS mgmtpriority=Active Park; status=Open; ownertype=Municipal. Source: NW_Ohio_Parks_View GIS (Toledo Parks Explorer dashboard) 2026-04-28. Toledo Batch 1. GPS from NW_Ohio_Parks_View GIS centroid (outSR=4326) during T6 map verification pass 2026-04-28 — treat as authoritative GIS source.	https://toledo.oh.gov/residents/parks	https://toledo.oh.gov/residents/parks;https://toledo.maps.arcgis.com/apps/dashboards/33025e55224b4770862f8c5afb54ca1e		2026-04-29T05:11:27Z	2026-04-29T05:11:27Z
Detwiler Park	Park			Active	Municipal	City of Toledo			" Detwiler Park is located at 421 Summit Street and has the Detwiler Park Golf Course, four baseball diamonds with lighting, two picnic tables, a bench, a shelter house, and a walking trail. The pool and pool building are still standing, but are closed to the public."	4001 N Summit St		Lucas	Toledo		41.696196	-83.485913	86HRMGW7+FJ		City of Toledo park. GIS mgmtpriority=Active Park; status=Open; ownertype=Municipal. Source: NW_Ohio_Parks_View GIS (Toledo Parks Explorer dashboard) 2026-04-28. Toledo Batch 1. GPS from NW_Ohio_Parks_View GIS centroid (outSR=4326) during T6 map verification pass 2026-04-28 — treat as authoritative GIS source.	https://toledo.oh.gov/residents/parks	https://toledo.oh.gov/residents/parks;https://toledo.maps.arcgis.com/apps/dashboards/33025e55224b4770862f8c5afb54ca1e		2026-04-29T05:11:27Z	2026-04-29T05:11:27Z
Drummond Woods Park	Park			Active	Municipal	City of Toledo			"As of 2023, a new playground has been installed and opened in August at Drummond Woods Park! The park is four acres and is home to a barbecue grill, a playground, and several benches and picnic tables."	3625 Drummond Rd		Lucas	Toledo		41.687199	-83.614962	86HRM9PP+V2		City of Toledo park. GIS mgmtpriority=Active Park; status=Open; ownertype=Municipal. Source: NW_Ohio_Parks_View GIS (Toledo Parks Explorer dashboard) 2026-04-28. Toledo Batch 1. GPS from NW_Ohio_Parks_View GIS centroid (outSR=4326) during T6 map verification pass 2026-04-28 — treat as authoritative GIS source.	https://toledo.oh.gov/residents/parks	https://toledo.oh.gov/residents/parks;https://toledo.maps.arcgis.com/apps/dashboards/33025e55224b4770862f8c5afb54ca1e		2026-04-29T05:11:27Z	2026-04-29T05:11:27Z
Edgar Holmes Park	Park			Active	Municipal	City of Toledo			Edgar Holmes Park is just over half of an acre and is home to a playground and several benches and picnic tables. 	1216 Ironwood Ave		Lucas	Toledo		41.625016	-83.512259	86HRJFGQ+23		City of Toledo park. GIS mgmtpriority=Active Park; status=Open; ownertype=Municipal. Source: NW_Ohio_Parks_View GIS (Toledo Parks Explorer dashboard) 2026-04-28. Toledo Batch 1. GPS from NW_Ohio_Parks_View GIS centroid (outSR=4326) during T6 map verification pass 2026-04-28 — treat as authoritative GIS source.	https://toledo.oh.gov/residents/parks	https://toledo.oh.gov/residents/parks;https://toledo.maps.arcgis.com/apps/dashboards/33025e55224b4770862f8c5afb54ca1e		2026-04-29T05:11:27Z	2026-04-29T05:11:27Z
Elmhurst Park	Park			Active	Municipal	City of Toledo			Elmhurst Park is a 1.3 acre park located across the street from Elmhurst Elementary School. It has a playground and several benches.	4530 Garrison Rd		Lucas	Toledo		41.700852	-83.613972	86HRP92P+8C		City of Toledo park. GIS mgmtpriority=Active Park; status=Open; ownertype=Municipal. Source: NW_Ohio_Parks_View GIS (Toledo Parks Explorer dashboard) 2026-04-28. Toledo Batch 1. GPS from NW_Ohio_Parks_View GIS centroid (outSR=4326) during T6 map verification pass 2026-04-28 — treat as authoritative GIS source.	https://toledo.oh.gov/residents/parks	https://toledo.oh.gov/residents/parks;https://toledo.maps.arcgis.com/apps/dashboards/33025e55224b4770862f8c5afb54ca1e		2026-04-29T05:11:27Z	2026-04-29T05:11:27Z
Feeback Park	Park			Active	Municipal	City of Toledo			"At just under half an acre, this is one of the smaller parks within the parks system. The park has a new playground (2021), a picnic table, and outdoor gym equipment. "	613 Buffalo St		Lucas	Toledo		41.665128	-83.516448	86HRMF8M+3C		City of Toledo park. GIS mgmtpriority=Active Park; status=Open; ownertype=Municipal. Source: NW_Ohio_Parks_View GIS (Toledo Parks Explorer dashboard) 2026-04-28. Toledo Batch 1. GPS from NW_Ohio_Parks_View GIS centroid (outSR=4326) during T6 map verification pass 2026-04-28 — treat as authoritative GIS source.	https://toledo.oh.gov/residents/parks	https://toledo.oh.gov/residents/parks;https://toledo.maps.arcgis.com/apps/dashboards/33025e55224b4770862f8c5afb54ca1e		2026-04-29T05:11:27Z	2026-04-29T05:11:27Z
Fort Meigs Sertoma Park	Park			Active	Municipal	City of Toledo			"Visitors to Fort Meigs Sertoma Park will find 6.7 acres of land, along with a baseball diamond, a half basketball court, a picnic shelter, picnic tables and benches, a playground, two tennis courts, and a walking trail."	103 Silverside Dr		Lucas	Toledo		41.718326	-83.554372	86HRPC9W+87	Hiking Trail	City of Toledo park. GIS mgmtpriority=Active Park; status=Open; ownertype=Municipal. Source: NW_Ohio_Parks_View GIS (Toledo Parks Explorer dashboard) 2026-04-28. Toledo Batch 1. GPS from NW_Ohio_Parks_View GIS centroid (outSR=4326) during T6 map verification pass 2026-04-28 — treat as authoritative GIS source.	https://toledo.oh.gov/residents/parks	https://toledo.oh.gov/residents/parks;https://toledo.maps.arcgis.com/apps/dashboards/33025e55224b4770862f8c5afb54ca1e		2026-04-29T05:11:27Z	2026-04-29T05:11:27Z
Foxglove Meadow Park	Park			Active	Municipal	City of Toledo			"Foxglove Meadow Park has 4.8 acres and is located within a mile of Franklin Park Mall. The park has plenty of trees to set up a hammock, many picnic tables and benches, a picnic shelter, a barbeque grill, a tennis court, a playground, and a paved walking trail. "	4422 Willis Blvd		Lucas	Toledo		41.698538	-83.628542	86HRM9XC+CH	Hiking Trail	City of Toledo park. GIS mgmtpriority=Active Park; status=Open; ownertype=Municipal. Source: NW_Ohio_Parks_View GIS (Toledo Parks Explorer dashboard) 2026-04-28. Toledo Batch 1. GPS from NW_Ohio_Parks_View GIS centroid (outSR=4326) during T6 map verification pass 2026-04-28 — treat as authoritative GIS source.	https://toledo.oh.gov/residents/parks	https://toledo.oh.gov/residents/parks;https://toledo.maps.arcgis.com/apps/dashboards/33025e55224b4770862f8c5afb54ca1e		2026-04-29T05:11:27Z	2026-04-29T05:11:27Z
Friendship Park	Park			Active	Municipal	City of Toledo			"Friendship Park is just over ten and a half acres and is home to two baseball diamonds, a basketball court, a playground, a walking trail, and numerous benches and a picnic table. Also located on the park property is the Friendship Park Senior Center, as well as a monument to fallen soldiers."	2930 131 St		Lucas	Toledo		41.718199	-83.47531	86HRPG9F+7V	Hiking Trail	City of Toledo park. GIS mgmtpriority=Active Park; status=Open; ownertype=Municipal. Source: NW_Ohio_Parks_View GIS (Toledo Parks Explorer dashboard) 2026-04-28. Toledo Batch 1. GPS from NW_Ohio_Parks_View GIS centroid (outSR=4326) during T6 map verification pass 2026-04-28 — treat as authoritative GIS source.	https://toledo.oh.gov/residents/parks	https://toledo.oh.gov/residents/parks;https://toledo.maps.arcgis.com/apps/dashboards/33025e55224b4770862f8c5afb54ca1e		2026-04-29T05:11:27Z	2026-04-29T05:11:27Z
Galliers Park	Park			Active	Municipal	City of Toledo			"Galliers Park has 1.3 acres and a full basketball court, two horseshoe sets, a playground, park benches, and two barbeque grills. "	2461 Putnam St		Lucas	Toledo		41.670764	-83.549201	86HRMFC2+88		City of Toledo park. GIS mgmtpriority=Active Park; status=Open; ownertype=Municipal. Source: NW_Ohio_Parks_View GIS (Toledo Parks Explorer dashboard) 2026-04-28. Toledo Batch 1. GPS from NW_Ohio_Parks_View GIS centroid (outSR=4326) during T6 map verification pass 2026-04-28 — treat as authoritative GIS source.	https://toledo.oh.gov/residents/parks	https://toledo.oh.gov/residents/parks;https://toledo.maps.arcgis.com/apps/dashboards/33025e55224b4770862f8c5afb54ca1e		2026-04-29T05:11:27Z	2026-04-29T05:11:27Z
George E. Bush Park/The Kids' Spot	Park			Active	Municipal	City of Toledo			George E. Bush Park (Kids' Spot) is roughly half an acre that has a playground and a park bench. 	2805 Stickney Ave		Lucas	Toledo		41.675411	-83.526815	86HRMFGF+57		City of Toledo park. GIS mgmtpriority=None; status=None; ownertype=Municipal. Source: NW_Ohio_Parks_View GIS (Toledo Parks Explorer dashboard) 2026-04-28. Toledo Batch 1. GPS from NW_Ohio_Parks_View GIS centroid (outSR=4326) during T6 map verification pass 2026-04-28 — treat as authoritative GIS source.	https://toledo.oh.gov/residents/parks	https://toledo.oh.gov/residents/parks;https://toledo.maps.arcgis.com/apps/dashboards/33025e55224b4770862f8c5afb54ca1e		2026-04-29T05:11:27Z	2026-04-29T05:11:27Z
Glenwood Park	Park			Active	Municipal	City of Toledo			Glenwood Park is located across the street from Glenwood Elementary School. The park has over four acres of land with a playground and large open field. 	2860 Glenwood Ave		Lucas	Toledo		41.676823	-83.561696	86HRMCGQ+P8		City of Toledo park. GIS mgmtpriority=Active Park; status=Open; ownertype=Municipal. Source: NW_Ohio_Parks_View GIS (Toledo Parks Explorer dashboard) 2026-04-28. Toledo Batch 1. GPS from NW_Ohio_Parks_View GIS centroid (outSR=4326) during T6 map verification pass 2026-04-28 — treat as authoritative GIS source.	https://toledo.oh.gov/residents/parks	https://toledo.oh.gov/residents/parks;https://toledo.maps.arcgis.com/apps/dashboards/33025e55224b4770862f8c5afb54ca1e		2026-04-29T05:11:27Z	2026-04-29T05:11:27Z
Goodwin Park	Park			Active	Municipal	City of Toledo			"Goodwin Park is a three acre park that is home to a basketball hoop, bench, and a playground."	116 Oregon Rd		Lucas	Toledo		41.619114	-83.53845	86HRJF96+JJ		City of Toledo park. GIS mgmtpriority=Passive Park; status=Open; ownertype=Municipal. Source: NW_Ohio_Parks_View GIS (Toledo Parks Explorer dashboard) 2026-04-28. Toledo Batch 1. GPS from NW_Ohio_Parks_View GIS centroid (outSR=4326) during T6 map verification pass 2026-04-28 — treat as authoritative GIS source.	https://toledo.oh.gov/residents/parks	https://toledo.oh.gov/residents/parks;https://toledo.maps.arcgis.com/apps/dashboards/33025e55224b4770862f8c5afb54ca1e		2026-04-29T05:11:27Z	2026-04-29T05:11:27Z
Gosser Memorial Park	Park			Active	Municipal	City of Toledo			"Gosser Memorial Park is less than half of an acre of land, and acts as a gateway to the Uptown district of the city in memory of the powerful labor leader. The park includes the Richard T. Gosser Memorial Sculpture that was completed by Donald Drumm. "	2120 Adams St		Lucas	Toledo		41.660217	-83.549276	86HRMF62+37	Hiking Trail	City of Toledo park. GIS mgmtpriority=Passive Park; status=Open; ownertype=Municipal. Source: NW_Ohio_Parks_View GIS (Toledo Parks Explorer dashboard) 2026-04-28. Toledo Batch 1. GPS from NW_Ohio_Parks_View GIS centroid (outSR=4326) during T6 map verification pass 2026-04-28 — treat as authoritative GIS source.	https://toledo.oh.gov/residents/parks	https://toledo.oh.gov/residents/parks;https://toledo.maps.arcgis.com/apps/dashboards/33025e55224b4770862f8c5afb54ca1e		2026-04-29T05:11:27Z	2026-04-29T05:11:27Z
Greenwood Park	Park			Active	Municipal	City of Toledo			"Greenwood Park covers over 73 acres, making it one of the largest within the Toledo Parks System. Greenwood is home to a large walking trail, a community building, a picnic table and bench, a playground, and the Halfway Creek that runs from Blissfield, Michigan, down through northern Ohio, and back up to southeastern Michigan."	6124 Jackman Rd		Lucas	Toledo		41.726683	-83.577387	86HRPCGF+M2	Hiking Trail	City of Toledo park. GIS mgmtpriority=Active Park; status=Open; ownertype=Municipal. Source: NW_Ohio_Parks_View GIS (Toledo Parks Explorer dashboard) 2026-04-28. Toledo Batch 1. GPS from NW_Ohio_Parks_View GIS centroid (outSR=4326) during T6 map verification pass 2026-04-28 — treat as authoritative GIS source.	https://toledo.oh.gov/residents/parks	https://toledo.oh.gov/residents/parks;https://toledo.maps.arcgis.com/apps/dashboards/33025e55224b4770862f8c5afb54ca1e		2026-04-29T05:11:27Z	2026-04-29T05:11:27Z
Grove Patterson Park	Park			Active	Municipal	City of Toledo			"Grove Patterson Park is just over five acres of land and has tennis courts, a playground, and several benches and picnic tables. "	3022 Marvin Ave		Lucas	Toledo		41.681109	-83.617204	86HRM9JM+C4		City of Toledo park. GIS mgmtpriority=Active Park; status=Open; ownertype=Municipal. Source: NW_Ohio_Parks_View GIS (Toledo Parks Explorer dashboard) 2026-04-28. Toledo Batch 1. GPS from NW_Ohio_Parks_View GIS centroid (outSR=4326) during T6 map verification pass 2026-04-28 — treat as authoritative GIS source.	https://toledo.oh.gov/residents/parks	https://toledo.oh.gov/residents/parks;https://toledo.maps.arcgis.com/apps/dashboards/33025e55224b4770862f8c5afb54ca1e		2026-04-29T05:11:27Z	2026-04-29T05:11:27Z
Gunckel Park	Park			Active	Municipal	City of Toledo			"Gunckel Park is just over seven acres. It is home to two baseball diamonds, a playground, a drinking fountain, and a walking trail, as well as several benches and picnic tables.  "	716 Collingwood Blvd		Lucas	Toledo		41.647314	-83.553454	86HRJCWW+WJ	Hiking Trail	City of Toledo park. GIS mgmtpriority=Active Park; status=Open; ownertype=Municipal. Source: NW_Ohio_Parks_View GIS (Toledo Parks Explorer dashboard) 2026-04-28. Toledo Batch 1. GPS from NW_Ohio_Parks_View GIS centroid (outSR=4326) during T6 map verification pass 2026-04-28 — treat as authoritative GIS source.	https://toledo.oh.gov/residents/parks	https://toledo.oh.gov/residents/parks;https://toledo.maps.arcgis.com/apps/dashboards/33025e55224b4770862f8c5afb54ca1e		2026-04-29T05:11:27Z	2026-04-29T05:11:27Z
Harry Kessler Park	Park			Active	Municipal	City of Toledo				222 Main St		Lucas	Toledo		41.646615	-83.521837	86HRJFWH+J7		City of Toledo park. GIS mgmtpriority=Passive Park; status=Open; ownertype=Municipal. Source: NW_Ohio_Parks_View GIS (Toledo Parks Explorer dashboard) 2026-04-28. Toledo Batch 1. GPS from NW_Ohio_Parks_View GIS centroid (outSR=4326) during T6 map verification pass 2026-04-28 — treat as authoritative GIS source.	https://toledo.oh.gov/residents/parks	https://toledo.oh.gov/residents/parks;https://toledo.maps.arcgis.com/apps/dashboards/33025e55224b4770862f8c5afb54ca1e		2026-04-29T05:11:27Z	2026-04-29T05:11:27Z
Hathaway Park	Park			Active	Municipal	City of Toledo			"Hathaway Park is just over one acre of land and is home to a playground and several benches, in addition to a large open field. "	1354 Felt St		Lucas	Toledo		41.62577	-83.526608	86HRJFGF+89		City of Toledo park. GIS mgmtpriority=Active Park; status=Open; ownertype=Municipal. Source: NW_Ohio_Parks_View GIS (Toledo Parks Explorer dashboard) 2026-04-28. Toledo Batch 1. GPS from NW_Ohio_Parks_View GIS centroid (outSR=4326) during T6 map verification pass 2026-04-28 — treat as authoritative GIS source.	https://toledo.oh.gov/residents/parks	https://toledo.oh.gov/residents/parks;https://toledo.maps.arcgis.com/apps/dashboards/33025e55224b4770862f8c5afb54ca1e		2026-04-29T05:11:27Z	2026-04-29T05:11:27Z
Heatherdowns Park	Park			Active	Municipal	City of Toledo			"Heatherdowns Park is a 1.6 acre park that is known for its two baseball diamonds, a half basketball court, picnic tables, and play equipment."	1804 Heatherdowns Blvd		Lucas	Toledo		41.60647	-83.615465	86HRJ94M+HR		City of Toledo park. GIS mgmtpriority=Active Park; status=Open; ownertype=Municipal. Source: NW_Ohio_Parks_View GIS (Toledo Parks Explorer dashboard) 2026-04-28. Toledo Batch 1. GPS from NW_Ohio_Parks_View GIS centroid (outSR=4326) during T6 map verification pass 2026-04-28 — treat as authoritative GIS source.	https://toledo.oh.gov/residents/parks	https://toledo.oh.gov/residents/parks;https://toledo.maps.arcgis.com/apps/dashboards/33025e55224b4770862f8c5afb54ca1e		2026-04-29T05:11:27Z	2026-04-29T05:11:27Z
Hecklinger Pond	Park			Active	Municipal	City of Toledo			Hecklinger Pond and the adjacent park are a full 12 acres of open land with many trees. The pond is open to public fishing. Always check the Ohio Department of Health’s Fish Consumption advisory page before consuming any fish that may be caught in Toledo ponds. 	375 Ravine Pk		Lucas	Toledo		41.653045	-83.494005	86HRMG34+69		City of Toledo park. GIS mgmtpriority=Active Park; status=Open; ownertype=Municipal. Source: NW_Ohio_Parks_View GIS (Toledo Parks Explorer dashboard) 2026-04-28. Toledo Batch 1. GPS from NW_Ohio_Parks_View GIS centroid (outSR=4326) during T6 map verification pass 2026-04-28 — treat as authoritative GIS source.	https://toledo.oh.gov/residents/parks	https://toledo.oh.gov/residents/parks;https://toledo.maps.arcgis.com/apps/dashboards/33025e55224b4770862f8c5afb54ca1e		2026-04-29T05:11:27Z	2026-04-29T05:11:27Z
Highland Park	Park			Active	Municipal	City of Toledo			"Highland Park has 64 acres, a lighted baseball diamond, an unlighted baseball diamond, two half basketball courts, the shelter house, tennis courts, walking trails, and numerous benches and picnic tables. It also has a playground, as well as the skate park. The tennis courts are scheduled for renovation in 2023. "	1865 Finch St		Lucas	Toledo		41.632373	-83.584574	86HRJCJ8+W5	Hiking Trail	City of Toledo park. GIS mgmtpriority=Active Park; status=Open; ownertype=Municipal. Source: NW_Ohio_Parks_View GIS (Toledo Parks Explorer dashboard) 2026-04-28. Toledo Batch 1. GPS from NW_Ohio_Parks_View GIS centroid (outSR=4326) during T6 map verification pass 2026-04-28 — treat as authoritative GIS source.	https://toledo.oh.gov/residents/parks	https://toledo.oh.gov/residents/parks;https://toledo.maps.arcgis.com/apps/dashboards/33025e55224b4770862f8c5afb54ca1e		2026-04-29T05:11:27Z	2026-04-29T05:11:27Z
Hill Avenue Park	Park			Active	Municipal	City of Toledo			"Hill Avenue Park has 8.3 acres and a small walking trail, along with plenty of open space to host a picnic, fly a kite, or start a pick-up game of soccer. "	3940 Hill Ave		Lucas	Toledo		41.639992	-83.634884	86HRJ9Q8+X2	Hiking Trail	City of Toledo park. GIS mgmtpriority=Passive Park; status=Open; ownertype=Municipal. Source: NW_Ohio_Parks_View GIS (Toledo Parks Explorer dashboard) 2026-04-28. Toledo Batch 1. GPS from NW_Ohio_Parks_View GIS centroid (outSR=4326) during T6 map verification pass 2026-04-28 — treat as authoritative GIS source.	https://toledo.oh.gov/residents/parks	https://toledo.oh.gov/residents/parks;https://toledo.maps.arcgis.com/apps/dashboards/33025e55224b4770862f8c5afb54ca1e		2026-04-29T05:11:27Z	2026-04-29T05:11:27Z
Honorable Myron Duhart Park	Park			Active	Municipal	City of Toledo			"Honorable Judge Myron Duhart Park has 2.6 acres and is home to several benches, a new playground (2023), and a small walking trail. "	931 Hawley St		Lucas	Toledo		41.649817	-83.567964	86HRJCXJ+WR	Hiking Trail	City of Toledo park. GIS mgmtpriority=Active Park; status=Open; ownertype=Municipal. Source: NW_Ohio_Parks_View GIS (Toledo Parks Explorer dashboard) 2026-04-28. Toledo Batch 1. GPS from NW_Ohio_Parks_View GIS centroid (outSR=4326) during T6 map verification pass 2026-04-28 — treat as authoritative GIS source.	https://toledo.oh.gov/residents/parks	https://toledo.oh.gov/residents/parks;https://toledo.maps.arcgis.com/apps/dashboards/33025e55224b4770862f8c5afb54ca1e		2026-04-29T05:11:27Z	2026-04-29T05:11:27Z
Howard Pinkley Landing	Park			Active	Municipal	City of Toledo			"Riveriera-Pinkley Landing is just over one and a half acres and is home to a boat launch, two benches, and a very small walking trail. The Howard Pinkley Landing boat launch provides access to the Ottawa River for canoes, kayaks, and rowboats, and is open to the public."	2250 Shoreland Ave		Lucas	Toledo		41.71511	-83.489633	86HRPG86+24	Hiking Trail;Boat Ramp	City of Toledo park. GIS mgmtpriority=Passive Park; status=Open; ownertype=Municipal. Source: NW_Ohio_Parks_View GIS (Toledo Parks Explorer dashboard) 2026-04-28. Toledo Batch 1. GPS from NW_Ohio_Parks_View GIS centroid (outSR=4326) during T6 map verification pass 2026-04-28 — treat as authoritative GIS source.	https://toledo.oh.gov/residents/parks	https://toledo.oh.gov/residents/parks;https://toledo.maps.arcgis.com/apps/dashboards/33025e55224b4770862f8c5afb54ca1e		2026-04-29T05:11:27Z	2026-04-29T05:11:27Z
Hyde Park	Park			Active	Municipal	City of Toledo						Lucas	Toledo		41.67811	-83.552329	86HRMCHX+63		City of Toledo park. GIS mgmtpriority=None; status=None; ownertype=Municipal. Source: NW_Ohio_Parks_View GIS (Toledo Parks Explorer dashboard) 2026-04-28. Toledo Batch 1. GPS from NW_Ohio_Parks_View GIS centroid (outSR=4326) during T6 map verification pass 2026-04-28 — treat as authoritative GIS source.	https://toledo.oh.gov/residents/parks	https://toledo.oh.gov/residents/parks;https://toledo.maps.arcgis.com/apps/dashboards/33025e55224b4770862f8c5afb54ca1e		2026-04-29T05:11:27Z	2026-04-29T05:11:27Z
Inez Nash Park	Park			Active	Municipal	City of Toledo			"In 2021, Mayor Wade Kapszukiewicz announced a 21 million dollar project that would rebuild both Inez Nash Park and the nearby Warren D. Palmer Community YMCA. Once the park and YMCA building are completed, the park will still be named in memory of Inez Nash. The Inez Nash Park and Wayman D. Palmer Community YMCA will be under construction in the summer of 2023."	200 E Bancroft		Lucas	Toledo		41.663326	-83.543197	86HRMF74+8P	Hiking Trail	City of Toledo park. GIS mgmtpriority=Passive Park; status=Open; ownertype=Municipal. Source: NW_Ohio_Parks_View GIS (Toledo Parks Explorer dashboard) 2026-04-28. Toledo Batch 1. GPS from NW_Ohio_Parks_View GIS centroid (outSR=4326) during T6 map verification pass 2026-04-28 — treat as authoritative GIS source.	https://toledo.oh.gov/residents/parks	https://toledo.oh.gov/residents/parks;https://toledo.maps.arcgis.com/apps/dashboards/33025e55224b4770862f8c5afb54ca1e		2026-04-29T05:11:27Z	2026-04-29T05:11:27Z
Jack Freeh Plaza	Park			Active	Municipal	City of Toledo			Jack Freeh Plaza is less than half an acre and is home to several benches and trees.	2341 Ashland Ave		Lucas	Toledo		41.667506	-83.554838	86HRMC9W+23	Hiking Trail	City of Toledo park. GIS mgmtpriority=Passive Park; status=Open; ownertype=Municipal. Source: NW_Ohio_Parks_View GIS (Toledo Parks Explorer dashboard) 2026-04-28. Toledo Batch 1. GPS from NW_Ohio_Parks_View GIS centroid (outSR=4326) during T6 map verification pass 2026-04-28 — treat as authoritative GIS source.	https://toledo.oh.gov/residents/parks	https://toledo.oh.gov/residents/parks;https://toledo.maps.arcgis.com/apps/dashboards/33025e55224b4770862f8c5afb54ca1e		2026-04-29T05:11:27Z	2026-04-29T05:11:27Z
Jamie Farr Park	Park			Active	Municipal	City of Toledo			"Jamie Farr Park is home to a full basketball court, the Riverside Park Pool, the James B. Steedman Monument, a reservable shelter house, two community buildings, a picnic shelter, numerous picnic tables and benches, a barbeque grill, playgrounds, horseshoe sets, and a walking trail. "	2200 N Summit St		Lucas	Toledo		41.671519	-83.50171	86HRMFCX+J8	Hiking Trail	City of Toledo park. GIS mgmtpriority=Active Park; status=Open; ownertype=Municipal. Source: NW_Ohio_Parks_View GIS (Toledo Parks Explorer dashboard) 2026-04-28. Toledo Batch 1. GPS from NW_Ohio_Parks_View GIS centroid (outSR=4326) during T6 map verification pass 2026-04-28 — treat as authoritative GIS source.	https://toledo.oh.gov/residents/parks	https://toledo.oh.gov/residents/parks;https://toledo.maps.arcgis.com/apps/dashboards/33025e55224b4770862f8c5afb54ca1e		2026-04-29T05:11:27Z	2026-04-29T05:11:27Z
Janet Smolenski Park	Park			Active	Municipal	City of Toledo			Janet Smolenski Park is nearly two acres of open space with a playground and several park benches. 	817 Sherman St		Lucas	Toledo		41.666438	-83.538248	86HRMF86+HP		City of Toledo park. GIS mgmtpriority=Mixed-use Park; status=Open; ownertype=Municipal. Source: NW_Ohio_Parks_View GIS (Toledo Parks Explorer dashboard) 2026-04-28. Toledo Batch 1. GPS from NW_Ohio_Parks_View GIS centroid (outSR=4326) during T6 map verification pass 2026-04-28 — treat as authoritative GIS source.	https://toledo.oh.gov/residents/parks	https://toledo.oh.gov/residents/parks;https://toledo.maps.arcgis.com/apps/dashboards/33025e55224b4770862f8c5afb54ca1e		2026-04-29T05:11:27Z	2026-04-29T05:11:27Z
Jermain Meadows Park	Park			Active	Municipal	City of Toledo				2434 S Cove Blvd		Lucas	Toledo		41.673687	-83.583106	86HRMCF8+FQ	Hiking Trail	City of Toledo park. GIS mgmtpriority=Passive Park; status=Open; ownertype=Municipal. Source: NW_Ohio_Parks_View GIS (Toledo Parks Explorer dashboard) 2026-04-28. Toledo Batch 1. GPS from NW_Ohio_Parks_View GIS centroid (outSR=4326) during T6 map verification pass 2026-04-28 — treat as authoritative GIS source.	https://toledo.oh.gov/residents/parks	https://toledo.oh.gov/residents/parks;https://toledo.maps.arcgis.com/apps/dashboards/33025e55224b4770862f8c5afb54ca1e		2026-04-29T05:11:27Z	2026-04-29T05:11:27Z
Jermain Park	Park			Active	Municipal	City of Toledo			"As of the summer of 2023, Jermain Park is under construction. After construction is completed, the park will be home to new tennis courts, four pickleball courts, a walking trail, a picnic shelter, shuffleboard courts, horseshoe courts, as well as being in close proximity to Ottawa Park. "	2434 S Cove Blvd		Lucas	Toledo		41.670555	-83.586947	86HRMCC7+66	Hiking Trail	City of Toledo park. GIS mgmtpriority=Active Park; status=Open; ownertype=Municipal. Source: NW_Ohio_Parks_View GIS (Toledo Parks Explorer dashboard) 2026-04-28. Toledo Batch 1. GPS from NW_Ohio_Parks_View GIS centroid (outSR=4326) during T6 map verification pass 2026-04-28 — treat as authoritative GIS source.	https://toledo.oh.gov/residents/parks	https://toledo.oh.gov/residents/parks;https://toledo.maps.arcgis.com/apps/dashboards/33025e55224b4770862f8c5afb54ca1e		2026-04-29T05:11:27Z	2026-04-29T05:11:27Z
Joe E Brown Park	Park			Active	Municipal	City of Toledo			"Visitors to the Joe E. Brown park will find a lighted baseball diamond, two basketball courts, two tennis courts, a playground with outdoor gym equipment, a picnic shelter, numerous picnic tables and benches, a walking trail, and a sign that provides more information on the man himself."	3304 Blanchard St		Lucas	Toledo		41.683711	-83.5486	86HRMFM2+FH	Hiking Trail	City of Toledo park. GIS mgmtpriority=Active Park; status=Open; ownertype=Municipal. Source: NW_Ohio_Parks_View GIS (Toledo Parks Explorer dashboard) 2026-04-28. Toledo Batch 1. GPS from NW_Ohio_Parks_View GIS centroid (outSR=4326) during T6 map verification pass 2026-04-28 — treat as authoritative GIS source.	https://toledo.oh.gov/residents/parks	https://toledo.oh.gov/residents/parks;https://toledo.maps.arcgis.com/apps/dashboards/33025e55224b4770862f8c5afb54ca1e		2026-04-29T05:11:27Z	2026-04-29T05:11:27Z
Joseph P. Burnett Park	Park			Active	Municipal	City of Toledo			"Joseph P. Burnett Park is just over four acres and is home to a basketball court, a playground, a drinking fountain, and several benches and picnic tables."	1606 Starr Ave		Lucas	Toledo		41.642704	-83.508103	86HRJFVR+3Q		City of Toledo park. GIS mgmtpriority=Active Park; status=Open; ownertype=Municipal. Source: NW_Ohio_Parks_View GIS (Toledo Parks Explorer dashboard) 2026-04-28. Toledo Batch 1. GPS from NW_Ohio_Parks_View GIS centroid (outSR=4326) during T6 map verification pass 2026-04-28 — treat as authoritative GIS source.	https://toledo.oh.gov/residents/parks	https://toledo.oh.gov/residents/parks;https://toledo.maps.arcgis.com/apps/dashboards/33025e55224b4770862f8c5afb54ca1e		2026-04-29T05:11:27Z	2026-04-29T05:11:27Z
Junction Park	Park			Active	Municipal	City of Toledo			"Junction Park was established in 2018, making it one of the newest within the parks system. It includes numerous picnic tables and benches, along with an outdoor entertainment area that is perfect for concerts or a birthday party. "	1339 Nebraska Ave		Lucas	Toledo		41.645276	-83.576493	86HRJCWF+4C		City of Toledo park. GIS mgmtpriority=None; status=Open; ownertype=None. Source: NW_Ohio_Parks_View GIS (Toledo Parks Explorer dashboard) 2026-04-28. Toledo Batch 1. GPS from NW_Ohio_Parks_View GIS centroid (outSR=4326) during T6 map verification pass 2026-04-28 — treat as authoritative GIS source.	https://toledo.oh.gov/residents/parks	https://toledo.oh.gov/residents/parks;https://toledo.maps.arcgis.com/apps/dashboards/33025e55224b4770862f8c5afb54ca1e		2026-04-29T05:11:27Z	2026-04-29T05:11:27Z
Kinder Park	Park			Active	Municipal	City of Toledo			"Kinder Park is just over two acres of open space, perfect for a picnic or tossing a ball around."	900 Kinder Rd		Lucas	Toledo		41.623407	-83.670109	86HRJ8FH+9X		City of Toledo park. GIS mgmtpriority=None; status=Open; ownertype=Municipal. Source: NW_Ohio_Parks_View GIS (Toledo Parks Explorer dashboard) 2026-04-28. Toledo Batch 1. GPS from NW_Ohio_Parks_View GIS centroid (outSR=4326) during T6 map verification pass 2026-04-28 — treat as authoritative GIS source.	https://toledo.oh.gov/residents/parks	https://toledo.oh.gov/residents/parks;https://toledo.maps.arcgis.com/apps/dashboards/33025e55224b4770862f8c5afb54ca1e		2026-04-29T05:11:27Z	2026-04-29T05:11:27Z
Kleis Park	Park			Active	Municipal	City of Toledo			"Kleis Park is just over one and a half acres with a playground, benches, a walking trail, and visual art pieces designed in 1998 by Mags Harries. "	2730 119th St		Lucas	Toledo		41.713682	-83.480595	86HRPG79+FQ	Hiking Trail	City of Toledo park. GIS mgmtpriority=Active Park; status=Open; ownertype=Municipal. Source: NW_Ohio_Parks_View GIS (Toledo Parks Explorer dashboard) 2026-04-28. Toledo Batch 1. GPS from NW_Ohio_Parks_View GIS centroid (outSR=4326) during T6 map verification pass 2026-04-28 — treat as authoritative GIS source.	https://toledo.oh.gov/residents/parks	https://toledo.oh.gov/residents/parks;https://toledo.maps.arcgis.com/apps/dashboards/33025e55224b4770862f8c5afb54ca1e		2026-04-29T05:11:27Z	2026-04-29T05:11:27Z
Landers Park	Park			Active	Municipal	City of Toledo			"Landers Park is almost five acres of land, and is home to two baseball diamonds, a basketball court, and picnic shelter."	114 Wellington St		Lucas	Toledo		41.640231	-83.565691	86HRJCRM+3P		City of Toledo park. GIS mgmtpriority=Active Park; status=Open; ownertype=Municipal. Source: NW_Ohio_Parks_View GIS (Toledo Parks Explorer dashboard) 2026-04-28. Toledo Batch 1. GPS from NW_Ohio_Parks_View GIS centroid (outSR=4326) during T6 map verification pass 2026-04-28 — treat as authoritative GIS source.	https://toledo.oh.gov/residents/parks	https://toledo.oh.gov/residents/parks;https://toledo.maps.arcgis.com/apps/dashboards/33025e55224b4770862f8c5afb54ca1e		2026-04-29T05:11:27Z	2026-04-29T05:11:27Z
Levis Square	Park			Active	Municipal	City of Toledo			"Levis Square is just under one acre and has many benches and tables near the fountain. This makes it an ideal spot to eat lunch with family, friends, or co-workers.   "	435 N St Clair St		Lucas	Toledo		41.65087	-83.53481	86HRMF28+83	Hiking Trail	City of Toledo park. GIS mgmtpriority=Historical/Cultural; status=Open; ownertype=Municipal. Source: NW_Ohio_Parks_View GIS (Toledo Parks Explorer dashboard) 2026-04-28. Toledo Batch 1. GPS from NW_Ohio_Parks_View GIS centroid (outSR=4326) during T6 map verification pass 2026-04-28 — treat as authoritative GIS source.	https://toledo.oh.gov/residents/parks	https://toledo.oh.gov/residents/parks;https://toledo.maps.arcgis.com/apps/dashboards/33025e55224b4770862f8c5afb54ca1e		2026-04-29T05:11:27Z	2026-04-29T05:11:27Z
Liberty Park	Park			Active	Municipal	City of Toledo			"Liberty Park has fifteen acres and is home to a walking trail, a playground, a picnic shelter, in addition to a number of benches."	3721 Lockwood Ave		Lucas	Toledo		41.686484	-83.569159	86HRMCPJ+H8	Hiking Trail	City of Toledo park. GIS mgmtpriority=Active Park; status=Open; ownertype=Municipal. Source: NW_Ohio_Parks_View GIS (Toledo Parks Explorer dashboard) 2026-04-28. Toledo Batch 1. GPS from NW_Ohio_Parks_View GIS centroid (outSR=4326) during T6 map verification pass 2026-04-28 — treat as authoritative GIS source.	https://toledo.oh.gov/residents/parks	https://toledo.oh.gov/residents/parks;https://toledo.maps.arcgis.com/apps/dashboards/33025e55224b4770862f8c5afb54ca1e		2026-04-29T05:11:27Z	2026-04-29T05:11:27Z
Library Village Park	Park			Active	Municipal	City of Toledo			Library Village Park is a 4.2 acre park that is home to a walking trail and a large open field.	4112 Jackman Road		Lucas	Toledo		41.694435	-83.584036	86HRMCV8+Q9	Hiking Trail	City of Toledo park. GIS mgmtpriority=None; status=Open; ownertype=Municipal. Source: NW_Ohio_Parks_View GIS (Toledo Parks Explorer dashboard) 2026-04-28. Toledo Batch 1. GPS from NW_Ohio_Parks_View GIS centroid (outSR=4326) during T6 map verification pass 2026-04-28 — treat as authoritative GIS source.	https://toledo.oh.gov/residents/parks	https://toledo.oh.gov/residents/parks;https://toledo.maps.arcgis.com/apps/dashboards/33025e55224b4770862f8c5afb54ca1e		2026-04-29T05:11:27Z	2026-04-29T05:11:27Z
Macelwane Park	Park			Active	State	City of Toledo			"Macelwane Park is home to half a basketball court, a barbecue grill, benches, picnic tables, a playground, and a walking trail. It is cared for by local members of the community who pride themselves on the park looking tidy."	851 Virginia St		Lucas	Toledo		41.665577	-83.564089	86HRMC8P+69	Hiking Trail	City of Toledo park. GIS mgmtpriority=Active Park; status=Open; ownertype=State. Source: NW_Ohio_Parks_View GIS (Toledo Parks Explorer dashboard) 2026-04-28. Toledo Batch 1. GPS from NW_Ohio_Parks_View GIS centroid (outSR=4326) during T6 map verification pass 2026-04-28 — treat as authoritative GIS source.	https://toledo.oh.gov/residents/parks	https://toledo.oh.gov/residents/parks;https://toledo.maps.arcgis.com/apps/dashboards/33025e55224b4770862f8c5afb54ca1e		2026-04-29T05:11:27Z	2026-04-29T05:11:27Z
Manhattan Park	Park			Active	Municipal	City of Toledo			"Manhattan Park has 70 acres, making it one of the largest within the city of Toledo’s park system. It has a playground, picnic and park bench, along with a walking trail. "	3400 Counter St		Lucas	Toledo		41.684363	-83.510663	86HRMFMQ+PP	Hiking Trail	City of Toledo park. GIS mgmtpriority=Active Park; status=Open; ownertype=Municipal. Source: NW_Ohio_Parks_View GIS (Toledo Parks Explorer dashboard) 2026-04-28. Toledo Batch 1. GPS from NW_Ohio_Parks_View GIS centroid (outSR=4326) during T6 map verification pass 2026-04-28 — treat as authoritative GIS source.	https://toledo.oh.gov/residents/parks	https://toledo.oh.gov/residents/parks;https://toledo.maps.arcgis.com/apps/dashboards/33025e55224b4770862f8c5afb54ca1e		2026-04-29T05:11:27Z	2026-04-29T05:11:27Z
Maplewood Park	Park			Active	Municipal	City of Toledo			Maplewood Park has less than one acre but is home to a playground.	3280 Maplewood Ave		Lucas	Toledo		41.682805	-83.56096	86HRMCMQ+4J		City of Toledo park. GIS mgmtpriority=Active Park; status=Open; ownertype=Municipal. Source: NW_Ohio_Parks_View GIS (Toledo Parks Explorer dashboard) 2026-04-28. Toledo Batch 1. GPS from NW_Ohio_Parks_View GIS centroid (outSR=4326) during T6 map verification pass 2026-04-28 — treat as authoritative GIS source.	https://toledo.oh.gov/residents/parks	https://toledo.oh.gov/residents/parks;https://toledo.maps.arcgis.com/apps/dashboards/33025e55224b4770862f8c5afb54ca1e		2026-04-29T05:11:27Z	2026-04-29T05:11:27Z
Maya Park	Park			Active	Municipal	City of Toledo			Maya Park is just over half of an acre and has two swing sets and several benches.	803 S St Clair St		Lucas	Toledo		41.638254	-83.549649	86HRJFQ2+84		City of Toledo park. GIS mgmtpriority=Active Park; status=Open; ownertype=Municipal. Source: NW_Ohio_Parks_View GIS (Toledo Parks Explorer dashboard) 2026-04-28. Toledo Batch 1. GPS from NW_Ohio_Parks_View GIS centroid (outSR=4326) during T6 map verification pass 2026-04-28 — treat as authoritative GIS source.	https://toledo.oh.gov/residents/parks	https://toledo.oh.gov/residents/parks;https://toledo.maps.arcgis.com/apps/dashboards/33025e55224b4770862f8c5afb54ca1e		2026-04-29T05:11:27Z	2026-04-29T05:11:27Z
Mayfair Park	Park			Active	Municipal	City of Toledo			"Mayfair Park has four acres of open land with a playground, a bench and picnic table, along with a walking trail. "	5331 Bennett Rd		Lucas	Toledo		41.713548	-83.559468	86HRPC7R+C6	Hiking Trail	City of Toledo park. GIS mgmtpriority=Active Park; status=Open; ownertype=Municipal. Source: NW_Ohio_Parks_View GIS (Toledo Parks Explorer dashboard) 2026-04-28. Toledo Batch 1. GPS from NW_Ohio_Parks_View GIS centroid (outSR=4326) during T6 map verification pass 2026-04-28 — treat as authoritative GIS source.	https://toledo.oh.gov/residents/parks	https://toledo.oh.gov/residents/parks;https://toledo.maps.arcgis.com/apps/dashboards/33025e55224b4770862f8c5afb54ca1e		2026-04-29T05:11:27Z	2026-04-29T05:11:27Z
Meadowstream Park	Park			Active	Municipal	City of Toledo			"Meadowstream Park is nearly two acres of flat, well-maintained land that would be a great place to host a pick-up soccer or football game, a large game of tag, or fly a kite."	4033 Hill Ave		Lucas	Toledo		41.637553	-83.636882	86HRJ9Q7+26		City of Toledo park. GIS mgmtpriority=Passive Park; status=Open; ownertype=Municipal. Source: NW_Ohio_Parks_View GIS (Toledo Parks Explorer dashboard) 2026-04-28. Toledo Batch 1. GPS from NW_Ohio_Parks_View GIS centroid (outSR=4326) during T6 map verification pass 2026-04-28 — treat as authoritative GIS source.	https://toledo.oh.gov/residents/parks	https://toledo.oh.gov/residents/parks;https://toledo.maps.arcgis.com/apps/dashboards/33025e55224b4770862f8c5afb54ca1e		2026-04-29T05:11:27Z	2026-04-29T05:11:27Z
Mulberry Park	Park			Active	Municipal	City of Toledo						Lucas	Toledo		41.668616	-83.526833	86HRMF9F+C7		City of Toledo park. GIS mgmtpriority=None; status=None; ownertype=Municipal. Source: NW_Ohio_Parks_View GIS (Toledo Parks Explorer dashboard) 2026-04-28. Toledo Batch 1. GPS from NW_Ohio_Parks_View GIS centroid (outSR=4326) during T6 map verification pass 2026-04-28 — treat as authoritative GIS source.	https://toledo.oh.gov/residents/parks	https://toledo.oh.gov/residents/parks;https://toledo.maps.arcgis.com/apps/dashboards/33025e55224b4770862f8c5afb54ca1e		2026-04-29T05:11:27Z	2026-04-29T05:11:27Z
Navarre Park	Park			Active	Municipal	City of Toledo			"Visitors to Navarre Park will find a pool/water park, three baseball diamonds, four tennis courts, two soccer fields, a half basketball court, two community buildings, two barbecue grills, horseshoes, benches, picnic tables, a walking trail, a sledding hill, as well as the East Side Senior Center. "	1020 Varland Ave		Lucas	Toledo		41.633294	-83.510412	86HRJFMQ+8R	Hiking Trail	City of Toledo park. GIS mgmtpriority=Active Park; status=Open; ownertype=Municipal. Source: NW_Ohio_Parks_View GIS (Toledo Parks Explorer dashboard) 2026-04-28. Toledo Batch 1. GPS from NW_Ohio_Parks_View GIS centroid (outSR=4326) during T6 map verification pass 2026-04-28 — treat as authoritative GIS source.	https://toledo.oh.gov/residents/parks	https://toledo.oh.gov/residents/parks;https://toledo.maps.arcgis.com/apps/dashboards/33025e55224b4770862f8c5afb54ca1e		2026-04-29T05:11:27Z	2026-04-29T05:11:27Z
Nelson Grace Park	Park			Active	Municipal	City of Toledo			"Nelson Grace Park has 1.76 acres and is home to a basketball court, playground, and park bench. The park is also used for the Community Day event during the annual African American Festival, the largest African American event that takes place in Toledo."	1001 Detroit Ave		Lucas	Toledo		41.650746	-83.579646	86HRMC2C+74		City of Toledo park. GIS mgmtpriority=Active Park; status=Open; ownertype=Municipal. Source: NW_Ohio_Parks_View GIS (Toledo Parks Explorer dashboard) 2026-04-28. Toledo Batch 1. GPS from NW_Ohio_Parks_View GIS centroid (outSR=4326) during T6 map verification pass 2026-04-28 — treat as authoritative GIS source.	https://toledo.oh.gov/residents/parks	https://toledo.oh.gov/residents/parks;https://toledo.maps.arcgis.com/apps/dashboards/33025e55224b4770862f8c5afb54ca1e		2026-04-29T05:11:27Z	2026-04-29T05:11:27Z
North Collingwood Park	Park			Active	Municipal	City of Toledo			"North Collingwood Park has 1.9 acres, along with a playground, a baseball diamond, and a park bench. "	10 W Crawford Ave		Lucas	Toledo		41.707097	-83.548605	86HRPF42+RH		City of Toledo park. GIS mgmtpriority=Active Park; status=Open; ownertype=Municipal. Source: NW_Ohio_Parks_View GIS (Toledo Parks Explorer dashboard) 2026-04-28. Toledo Batch 1. GPS from NW_Ohio_Parks_View GIS centroid (outSR=4326) during T6 map verification pass 2026-04-28 — treat as authoritative GIS source.	https://toledo.oh.gov/residents/parks	https://toledo.oh.gov/residents/parks;https://toledo.maps.arcgis.com/apps/dashboards/33025e55224b4770862f8c5afb54ca1e		2026-04-29T05:11:27Z	2026-04-29T05:11:27Z
Northgate Park	Park			Active	Municipal	City of Toledo			Northgate Park has 5.4 acres and a baseball diamond.	415 Rozelle Dr		Lucas	Toledo		41.717061	-83.544364	86HRPF84+R7		City of Toledo park. GIS mgmtpriority=Active Park; status=Open; ownertype=Municipal. Source: NW_Ohio_Parks_View GIS (Toledo Parks Explorer dashboard) 2026-04-28. Toledo Batch 1. GPS from NW_Ohio_Parks_View GIS centroid (outSR=4326) during T6 map verification pass 2026-04-28 — treat as authoritative GIS source.	https://toledo.oh.gov/residents/parks	https://toledo.oh.gov/residents/parks;https://toledo.maps.arcgis.com/apps/dashboards/33025e55224b4770862f8c5afb54ca1e		2026-04-29T05:11:27Z	2026-04-29T05:11:27Z
Oakdale Park	Park			Active	Municipal	City of Toledo			"Though one of the smaller parks, Oakdale Park has many amenities including a Ga Ga Pit, a baseball diamond, a barbeque grill, a drinking fountain, a picnic shelter, several picnic tables, a bench, and a playground. "	1621 Bond St		Lucas	Toledo		41.621374	-83.520797	86HRJFCH+GM		City of Toledo park. GIS mgmtpriority=Active Park; status=Open; ownertype=Municipal. Source: NW_Ohio_Parks_View GIS (Toledo Parks Explorer dashboard) 2026-04-28. Toledo Batch 1. GPS from NW_Ohio_Parks_View GIS centroid (outSR=4326) during T6 map verification pass 2026-04-28 — treat as authoritative GIS source.	https://toledo.oh.gov/residents/parks	https://toledo.oh.gov/residents/parks;https://toledo.maps.arcgis.com/apps/dashboards/33025e55224b4770862f8c5afb54ca1e		2026-04-29T05:11:27Z	2026-04-29T05:11:27Z
Old West End Commons	Park			Active	Municipal	City of Toledo			"The Old West End Commons is a 0.5 acre park that is most lively when it hosts events during the annual Old West End Festival each June. The park has a gazebo, new walkways, new lighting, beautiful landscaping, numerous park benches, and a historical marker. "	2152 Robinwood Ave		Lucas	Toledo		41.663587	-83.56012	86HRMC7Q+CX	Hiking Trail	City of Toledo park. GIS mgmtpriority=Historical/Cultural; status=Open; ownertype=Municipal. Source: NW_Ohio_Parks_View GIS (Toledo Parks Explorer dashboard) 2026-04-28. Toledo Batch 1. GPS from NW_Ohio_Parks_View GIS centroid (outSR=4326) during T6 map verification pass 2026-04-28 — treat as authoritative GIS source.	https://toledo.oh.gov/residents/parks	https://toledo.oh.gov/residents/parks;https://toledo.maps.arcgis.com/apps/dashboards/33025e55224b4770862f8c5afb54ca1e		2026-04-29T05:11:27Z	2026-04-29T05:11:27Z
Ottawa Park	Park			Active	Municipal	City of Toledo			"Ottawa Park has the public golf course, the Toledo Police Museum, playgrounds, an open-air shelter house, six tennis courts, walking trails, park benches, barbeque grills, picnic tables, two picnic shelters, an ice rink, amphitheater, sledding hill, disc golf course, and the Walden Pond."	2315 Walden Pond Dr		Lucas	Toledo		41.667298	-83.598619	86HRMC82+WH	Hiking Trail	City of Toledo park. GIS mgmtpriority=Active Park; status=Open; ownertype=Municipal. Source: NW_Ohio_Parks_View GIS (Toledo Parks Explorer dashboard) 2026-04-28. Toledo Batch 1. GPS from NW_Ohio_Parks_View GIS centroid (outSR=4326) during T6 map verification pass 2026-04-28 — treat as authoritative GIS source.	https://toledo.oh.gov/residents/parks	https://toledo.oh.gov/residents/parks;https://toledo.maps.arcgis.com/apps/dashboards/33025e55224b4770862f8c5afb54ca1e		2026-04-29T05:11:27Z	2026-04-29T05:11:27Z
Ottawa River/Harry Kessler Park	Park			Active	Municipal	City of Toledo			"Harry Kessler Park is six acres and is home to a baseball diamond, a playground, a soccer field, two tennis courts, a picnic shelter, and several park benches and picnic tables."	4857 290th St		Lucas	Toledo		41.711244	-83.487628	86HRPG66+FW		City of Toledo park. GIS mgmtpriority=Active Park; status=Open; ownertype=Municipal. Source: NW_Ohio_Parks_View GIS (Toledo Parks Explorer dashboard) 2026-04-28. Toledo Batch 1. GPS from NW_Ohio_Parks_View GIS centroid (outSR=4326) during T6 map verification pass 2026-04-28 — treat as authoritative GIS source.	https://toledo.oh.gov/residents/parks	https://toledo.oh.gov/residents/parks;https://toledo.maps.arcgis.com/apps/dashboards/33025e55224b4770862f8c5afb54ca1e		2026-04-29T05:11:27Z	2026-04-29T05:11:27Z
Paul William Alexander Park	Park			Active	Municipal	City of Toledo			"Paul William Alexander Park is half an acre and is home to a playground and a walking trail. It is located near where Alexander was raised, and also has a historical plaque explaining his importance to the Toledo area."	1221 N Superior St		Lucas	Toledo		41.660066	-83.523182	86HRMF6G+2P		City of Toledo park. GIS mgmtpriority=Passive Park; status=Open; ownertype=Municipal. Source: NW_Ohio_Parks_View GIS (Toledo Parks Explorer dashboard) 2026-04-28. Toledo Batch 1. GPS from NW_Ohio_Parks_View GIS centroid (outSR=4326) during T6 map verification pass 2026-04-28 — treat as authoritative GIS source.	https://toledo.oh.gov/residents/parks	https://toledo.oh.gov/residents/parks;https://toledo.maps.arcgis.com/apps/dashboards/33025e55224b4770862f8c5afb54ca1e		2026-04-29T05:11:27Z	2026-04-29T05:11:27Z
Pickford Park	Park			Active	Municipal	City of Toledo			"Pickford Park has 15 acres, two baseball diamonds, a full basketball court, a playground, a pool, a football field, and several benches and picnic tables. With so many sports options, open grass fields, and a pool, this park is ideal for a field trip or a family reunion. "	2912 Medford Dr		Lucas	Toledo		41.598883	-83.613873	86HRH9XP+HF	Hiking Trail	City of Toledo park. GIS mgmtpriority=Active Park; status=Open; ownertype=Municipal. Source: NW_Ohio_Parks_View GIS (Toledo Parks Explorer dashboard) 2026-04-28. Toledo Batch 1. GPS from NW_Ohio_Parks_View GIS centroid (outSR=4326) during T6 map verification pass 2026-04-28 — treat as authoritative GIS source.	https://toledo.oh.gov/residents/parks	https://toledo.oh.gov/residents/parks;https://toledo.maps.arcgis.com/apps/dashboards/33025e55224b4770862f8c5afb54ca1e		2026-04-29T05:11:27Z	2026-04-29T05:11:27Z
Pine Glen Park	Park			Active	Municipal	City of Toledo			"Pine Glen Park has 15.2 acres, two sets of play equipment, multiple picnic tables and benches, two newly renovated tennis courts with lines for pickleball matches, a sledding hill, and one walking trail. The park has many trees that provide plenty of shade on a hot day or allow visitors to put up a hammock. "	4256 Wynnewood Dr		Lucas	Toledo		41.697022	-83.619892	86HRM9WJ+R2	Hiking Trail	City of Toledo park. GIS mgmtpriority=Active Park; status=Open; ownertype=Municipal. Source: NW_Ohio_Parks_View GIS (Toledo Parks Explorer dashboard) 2026-04-28. Toledo Batch 1. GPS from NW_Ohio_Parks_View GIS centroid (outSR=4326) during T6 map verification pass 2026-04-28 — treat as authoritative GIS source.	https://toledo.oh.gov/residents/parks	https://toledo.oh.gov/residents/parks;https://toledo.maps.arcgis.com/apps/dashboards/33025e55224b4770862f8c5afb54ca1e		2026-04-29T05:11:27Z	2026-04-29T05:11:27Z
Polonia Park	Park			Active	Municipal	City of Toledo			"Polonia Park is just under one acre and hosts a playground and park bench, in addition to a large open field that can be used for picnics or games. "	112 Bronson Ave		Lucas	Toledo		41.677201	-83.542558	86HRMFG4+VX		City of Toledo park. GIS mgmtpriority=Active Park; status=Open; ownertype=Municipal. Source: NW_Ohio_Parks_View GIS (Toledo Parks Explorer dashboard) 2026-04-28. Toledo Batch 1. GPS from NW_Ohio_Parks_View GIS centroid (outSR=4326) during T6 map verification pass 2026-04-28 — treat as authoritative GIS source.	https://toledo.oh.gov/residents/parks	https://toledo.oh.gov/residents/parks;https://toledo.maps.arcgis.com/apps/dashboards/33025e55224b4770862f8c5afb54ca1e		2026-04-29T05:11:27Z	2026-04-29T05:11:27Z
Prentice Park	Park			Active	Municipal	City of Toledo			"Prentice Park covers 1.6 acres and has barbeque grills, picnic tables, a picnic shelter, and a playground. "	644 Prentice St		Lucas	Toledo		41.638653	-83.520167	86HRJFQH+FW		City of Toledo park. GIS mgmtpriority=Active Park; status=Open; ownertype=Municipal. Source: NW_Ohio_Parks_View GIS (Toledo Parks Explorer dashboard) 2026-04-28. Toledo Batch 1. GPS from NW_Ohio_Parks_View GIS centroid (outSR=4326) during T6 map verification pass 2026-04-28 — treat as authoritative GIS source.	https://toledo.oh.gov/residents/parks	https://toledo.oh.gov/residents/parks;https://toledo.maps.arcgis.com/apps/dashboards/33025e55224b4770862f8c5afb54ca1e		2026-04-29T05:11:27Z	2026-04-29T05:11:27Z
Promenade Park	Park			Active	Municipal	City of Toledo			"Promenade Park hosts live musical events for the public, including a summer concert series sponsored by Promedica. The park is eight acres and is home to boat docks, benches, and a couple of fire pits. It is also home to the Echo Sculpture, created by Kristine Rumman and Dane Turpening, composed of eleven rings that once were a piece of metal on top of the Edison Steam Plant. Now, they are meant to represent the metaphor of Toledo’s transition from past, to present, to future. They fade from black to blue to white as a representation of the way that the plant used to turn coal into steam for the city."	220 N Summit St		Lucas	Toledo		41.649808	-83.533462	86HRJFX8+WJ	Hiking Trail	City of Toledo park. GIS mgmtpriority=Passive Park; status=Open; ownertype=Municipal. Source: NW_Ohio_Parks_View GIS (Toledo Parks Explorer dashboard) 2026-04-28. Toledo Batch 1. GPS from NW_Ohio_Parks_View GIS centroid (outSR=4326) during T6 map verification pass 2026-04-28 — treat as authoritative GIS source.	https://toledo.oh.gov/residents/parks	https://toledo.oh.gov/residents/parks;https://toledo.maps.arcgis.com/apps/dashboards/33025e55224b4770862f8c5afb54ca1e		2026-04-29T05:11:27Z	2026-04-29T05:11:27Z
Ravine Park I	Park			Active	Special District	City of Toledo				375 Ravine Pk		Lucas	Toledo		41.650068	-83.5077	86HRMF2R+2W		City of Toledo park. GIS mgmtpriority=Active Park; status=Open; ownertype=Special District. Source: NW_Ohio_Parks_View GIS (Toledo Parks Explorer dashboard) 2026-04-28. Toledo Batch 2. GPS from NW_Ohio_Parks_View GIS centroid (outSR=4326) during T6 map verification pass 2026-04-28 — treat as authoritative GIS source.	https://toledo.oh.gov/residents/parks	https://toledo.oh.gov/residents/parks;https://toledo.maps.arcgis.com/apps/dashboards/33025e55224b4770862f8c5afb54ca1e		2026-04-29T05:11:27Z	2026-04-29T05:11:27Z
Ravine Park II	Park			Active	Municipal	City of Toledo			"Ravine Park II is the second of two parks to bear the name Ravine, with Ravine I being transferred to the Metroparks in the mid 2010s. Ravine II is home to two baseball diamonds with lighting."	1600 Mott Ave		Lucas	Toledo		41.653885	-83.508193	86HRMF3R+HP		City of Toledo park. GIS mgmtpriority=Active Park; status=Open; ownertype=Municipal. Source: NW_Ohio_Parks_View GIS (Toledo Parks Explorer dashboard) 2026-04-28. Toledo Batch 2. GPS from NW_Ohio_Parks_View GIS centroid (outSR=4326) during T6 map verification pass 2026-04-28 — treat as authoritative GIS source.	https://toledo.oh.gov/residents/parks	https://toledo.oh.gov/residents/parks;https://toledo.maps.arcgis.com/apps/dashboards/33025e55224b4770862f8c5afb54ca1e		2026-04-29T05:11:27Z	2026-04-29T05:11:27Z
Reverend H. V. Savage Park	Park			Active	Municipal	City of Toledo			"Savage Park is home to a baseball diamond, two basketball courts, two playgrounds, shuffleboard courts, a picnic shelter, numerous picnic tables and benches, barbeque grills, a walking trail, and the splash pad water park."	617 City Park Ave		Lucas	Toledo		41.646083	-83.558675	86HRJCWR+CG	Hiking Trail	City of Toledo park. GIS mgmtpriority=Active Park; status=Open; ownertype=Municipal. Source: NW_Ohio_Parks_View GIS (Toledo Parks Explorer dashboard) 2026-04-28. Toledo Batch 2. GPS from NW_Ohio_Parks_View GIS centroid (outSR=4326) during T6 map verification pass 2026-04-28 — treat as authoritative GIS source.	https://toledo.oh.gov/residents/parks	https://toledo.oh.gov/residents/parks;https://toledo.maps.arcgis.com/apps/dashboards/33025e55224b4770862f8c5afb54ca1e		2026-04-29T05:11:27Z	2026-04-29T05:11:27Z
River Road Park	Park			Active	Municipal	City of Toledo			"River Road Park has 15.8 acres and is home to a baseball diamond, four playgrounds, picnic tables, benches, and a barbecue grill.  "	3620 River Rd		Lucas	Toledo		41.600196	-83.596351	86HRJC23+3F	Hiking Trail	City of Toledo park. GIS mgmtpriority=Active Park; status=Open; ownertype=Municipal. Source: NW_Ohio_Parks_View GIS (Toledo Parks Explorer dashboard) 2026-04-28. Toledo Batch 2. GPS from NW_Ohio_Parks_View GIS centroid (outSR=4326) during T6 map verification pass 2026-04-28 — treat as authoritative GIS source.	https://toledo.oh.gov/residents/parks	https://toledo.oh.gov/residents/parks;https://toledo.maps.arcgis.com/apps/dashboards/33025e55224b4770862f8c5afb54ca1e		2026-04-29T05:11:27Z	2026-04-29T05:11:27Z
Robinson Park	Park			Active	Municipal	City of Toledo			Robinson Park is connected to Robinson Elementary School. The park has just over six acres and is home to a baseball diamond and a large open field. 	1075 Horace St		Lucas	Toledo		41.661219	-83.568809	86HRMC6J+FF		City of Toledo park. GIS mgmtpriority=Active Park; status=Open; ownertype=Municipal. Source: NW_Ohio_Parks_View GIS (Toledo Parks Explorer dashboard) 2026-04-28. Toledo Batch 2. GPS from NW_Ohio_Parks_View GIS centroid (outSR=4326) during T6 map verification pass 2026-04-28 — treat as authoritative GIS source.	https://toledo.oh.gov/residents/parks	https://toledo.oh.gov/residents/parks;https://toledo.maps.arcgis.com/apps/dashboards/33025e55224b4770862f8c5afb54ca1e		2026-04-29T05:11:27Z	2026-04-29T05:11:27Z
Romanoff Park	Park			Active	Municipal	City of Toledo			Romanoff Park is just under half an acre of open field with a swing set and picnic table. 	949 Collins St		Lucas	Toledo		41.674882	-83.56653	86HRMCFM+X9		City of Toledo park. GIS mgmtpriority=Active Park; status=Open; ownertype=Municipal. Source: NW_Ohio_Parks_View GIS (Toledo Parks Explorer dashboard) 2026-04-28. Toledo Batch 2. GPS from NW_Ohio_Parks_View GIS centroid (outSR=4326) during T6 map verification pass 2026-04-28 — treat as authoritative GIS source.	https://toledo.oh.gov/residents/parks	https://toledo.oh.gov/residents/parks;https://toledo.maps.arcgis.com/apps/dashboards/33025e55224b4770862f8c5afb54ca1e		2026-04-29T05:11:27Z	2026-04-29T05:11:27Z
Schneider Soccer Park	Park			Active	Municipal	City of Toledo			"In 2022, initial plans for a 1.3 million dollar renovation of Schneider Park were announced by the city of Toledo, the Toledo Celtics, and the Toledo Football Academy. The plan involves expanding Schnider park to 33 acres, inserting turf and grass soccer fields, adding a walking trail, concessions, and an ADA-accessible playground. Construction is expected to be completed in October of 2023. "	2610 Schneider Rd		Lucas	Toledo		41.609819	-83.608729	86HRJ95R+WG	Hiking Trail	City of Toledo park. GIS mgmtpriority=Active Park; status=Open; ownertype=Municipal. Source: NW_Ohio_Parks_View GIS (Toledo Parks Explorer dashboard) 2026-04-28. Toledo Batch 2. GPS from NW_Ohio_Parks_View GIS centroid (outSR=4326) during T6 map verification pass 2026-04-28 — treat as authoritative GIS source.	https://toledo.oh.gov/residents/parks	https://toledo.oh.gov/residents/parks;https://toledo.maps.arcgis.com/apps/dashboards/33025e55224b4770862f8c5afb54ca1e		2026-04-29T05:11:27Z	2026-04-29T05:11:27Z
Scott Park	Park			Active	State	City of Toledo			"The Scott Park Sports Complex is nearly 35 acres and is home to four lighted baseball diamonds, a picnic shelter, a soccer field, a community building, a pond, and a walking trail."	2225 Nebraska Ave		Lucas	Toledo		41.641742	-83.596803	86HRJCR3+M7	Hiking Trail	City of Toledo park. GIS mgmtpriority=Mixed-use Park; status=Open; ownertype=State. Source: NW_Ohio_Parks_View GIS (Toledo Parks Explorer dashboard) 2026-04-28. Toledo Batch 2. GPS from NW_Ohio_Parks_View GIS centroid (outSR=4326) during T6 map verification pass 2026-04-28 — treat as authoritative GIS source.	https://toledo.oh.gov/residents/parks	https://toledo.oh.gov/residents/parks;https://toledo.maps.arcgis.com/apps/dashboards/33025e55224b4770862f8c5afb54ca1e		2026-04-29T05:11:27Z	2026-04-29T05:11:27Z
Sleepy Hollow Park	Park			Active	Municipal	City of Toledo			"Visitors to Sleepy Hollow Park will find the fishing pond, a baseball field, a full basketball court, two tennis courts, many picnic tables, and play equipment."	4100 Overlook Blvd		Lucas	Toledo		41.651515	-83.638265	86HRM926+JM		City of Toledo park. GIS mgmtpriority=Active Park; status=Open; ownertype=Municipal. Source: NW_Ohio_Parks_View GIS (Toledo Parks Explorer dashboard) 2026-04-28. Toledo Batch 2. GPS from NW_Ohio_Parks_View GIS centroid (outSR=4326) during T6 map verification pass 2026-04-28 — treat as authoritative GIS source.	https://toledo.oh.gov/residents/parks	https://toledo.oh.gov/residents/parks;https://toledo.maps.arcgis.com/apps/dashboards/33025e55224b4770862f8c5afb54ca1e		2026-04-29T05:11:27Z	2026-04-29T05:11:27Z
Smith Park	Park			Active	Municipal	City of Toledo			"Smith Park has 13 acres, three basketball courts, a pool, two tennis courts, a playground, a walking trail, several picnic tables, a bench, and a barbeque grill, as well as being adjacent to the Mott Library."	668 Dorr St		Lucas	Toledo		41.653899	-83.567026	86HRMC3M+H5	Hiking Trail	City of Toledo park. GIS mgmtpriority=Active Park; status=Open; ownertype=Municipal. Source: NW_Ohio_Parks_View GIS (Toledo Parks Explorer dashboard) 2026-04-28. Toledo Batch 2. GPS from NW_Ohio_Parks_View GIS centroid (outSR=4326) during T6 map verification pass 2026-04-28 — treat as authoritative GIS source.	https://toledo.oh.gov/residents/parks	https://toledo.oh.gov/residents/parks;https://toledo.maps.arcgis.com/apps/dashboards/33025e55224b4770862f8c5afb54ca1e		2026-04-29T05:11:27Z	2026-04-29T05:11:27Z
Sterling Park	Park			Active	Municipal	City of Toledo			Sterling Field has a baseball diamond in addition to a rugby field that is home to the Toledo Celtics Rugby Club. 	64 Center St		Lucas	Toledo		41.64116	-83.561691	86HRJCRQ+F8		City of Toledo park. GIS mgmtpriority=Active Park; status=Open; ownertype=Municipal. Source: NW_Ohio_Parks_View GIS (Toledo Parks Explorer dashboard) 2026-04-28. Toledo Batch 2. GPS from NW_Ohio_Parks_View GIS centroid (outSR=4326) during T6 map verification pass 2026-04-28 — treat as authoritative GIS source.	https://toledo.oh.gov/residents/parks	https://toledo.oh.gov/residents/parks;https://toledo.maps.arcgis.com/apps/dashboards/33025e55224b4770862f8c5afb54ca1e		2026-04-29T05:11:27Z	2026-04-29T05:11:27Z
Thyer Park	Park			Active	Municipal	City of Toledo			"Thyer Park is a 3.4 acre park that has a baseball diamond, a half basketball court, playgrounds, and several benches and picnic tables."	6105 Luddington Dr		Lucas	Toledo		41.664058	-83.68931	86HRM876+J7		City of Toledo park. GIS mgmtpriority=Active Park; status=Open; ownertype=Municipal. Source: NW_Ohio_Parks_View GIS (Toledo Parks Explorer dashboard) 2026-04-28. Toledo Batch 2. GPS from NW_Ohio_Parks_View GIS centroid (outSR=4326) during T6 map verification pass 2026-04-28 — treat as authoritative GIS source.	https://toledo.oh.gov/residents/parks	https://toledo.oh.gov/residents/parks;https://toledo.maps.arcgis.com/apps/dashboards/33025e55224b4770862f8c5afb54ca1e		2026-04-29T05:11:27Z	2026-04-29T05:11:27Z
Toledo Spain Plaza	Park			Active	Municipal	City of Toledo			"The Toledo Spain Plaza is a monument to the sisterhood between Toledo, Ohio and Toledo, Spain, a relationship that goes back over one hundred years. The park is less than two acres and has several benches, a monument to the sisterhood of the cities, and numerous murals spread throughout. "	1840 Collingwood Blvd		Lucas	Toledo		41.658386	-83.554521	86HRMC5W+95		City of Toledo park. GIS mgmtpriority=Passive Park; status=Open; ownertype=Municipal. Source: NW_Ohio_Parks_View GIS (Toledo Parks Explorer dashboard) 2026-04-28. Toledo Batch 2. GPS from NW_Ohio_Parks_View GIS centroid (outSR=4326) during T6 map verification pass 2026-04-28 — treat as authoritative GIS source.	https://toledo.oh.gov/residents/parks	https://toledo.oh.gov/residents/parks;https://toledo.maps.arcgis.com/apps/dashboards/33025e55224b4770862f8c5afb54ca1e		2026-04-29T05:11:27Z	2026-04-29T05:11:27Z
Trilby Park	Park			Active	Municipal	City of Toledo			"Trilby Park has over 9 acres of land to explore and is home to two picnic shelters, several picnic tables and benches, three playgrounds, a shelter house, two tennis courts, two baseball diamonds, one full basketball court, and three barbeque grills. "	3125 Shawnee Rd		Lucas	Toledo		41.714502	-83.6204	86HRP97H+RR	Hiking Trail	City of Toledo park. GIS mgmtpriority=Active Park; status=Open; ownertype=Municipal. Source: NW_Ohio_Parks_View GIS (Toledo Parks Explorer dashboard) 2026-04-28. Toledo Batch 2. GPS from NW_Ohio_Parks_View GIS centroid (outSR=4326) during T6 map verification pass 2026-04-28 — treat as authoritative GIS source.	https://toledo.oh.gov/residents/parks	https://toledo.oh.gov/residents/parks;https://toledo.maps.arcgis.com/apps/dashboards/33025e55224b4770862f8c5afb54ca1e		2026-04-29T05:11:27Z	2026-04-29T05:11:27Z
Union Memorial	Park			Active	Municipal	City of Toledo			"Union Memorial Park is on the land of the old Electric Auto-Lite factory, demolished in 1999. The memorial to the strikers is a plaza made from bricks salvaged from the demolished factory, as well as a historical marker."	0 Champlain St.		Lucas	Toledo		41.663662	-83.528713	86HRMF7C+FG		City of Toledo park. GIS mgmtpriority=Historical/Cultural; status=Open; ownertype=Municipal. Source: NW_Ohio_Parks_View GIS (Toledo Parks Explorer dashboard) 2026-04-28. Toledo Batch 2. GPS from NW_Ohio_Parks_View GIS centroid (outSR=4326) during T6 map verification pass 2026-04-28 — treat as authoritative GIS source.	https://toledo.oh.gov/residents/parks	https://toledo.oh.gov/residents/parks;https://toledo.maps.arcgis.com/apps/dashboards/33025e55224b4770862f8c5afb54ca1e		2026-04-29T05:11:27Z	2026-04-29T05:11:27Z
Walbridge Park	Park			Active	Municipal	City of Toledo			"Walbridge Park boasts over 35 acres of land along the Maumee River. It has a boat launch, picnic shelters, barbeque grills, a gazebo, playgrounds, a walking path, and a shelter house, as well as numerous benches and picnic tables."	2735 Broadway St		Lucas	Toledo		41.614468	-83.582524	86HRJC78+QX	Hiking Trail;Boat Ramp	City of Toledo park. GIS mgmtpriority=Active Park; status=Open; ownertype=Municipal. Source: NW_Ohio_Parks_View GIS (Toledo Parks Explorer dashboard) 2026-04-28. Toledo Batch 2. GPS from NW_Ohio_Parks_View GIS centroid (outSR=4326) during T6 map verification pass 2026-04-28 — treat as authoritative GIS source.	https://toledo.oh.gov/residents/parks	https://toledo.oh.gov/residents/parks;https://toledo.maps.arcgis.com/apps/dashboards/33025e55224b4770862f8c5afb54ca1e		2026-04-29T05:11:27Z	2026-04-29T05:11:27Z
Washington Village Park	Park			Active	Municipal	City of Toledo			Washington Village Park is 0.1 acres of open field with several benches. 	373 Woodland Ave		Lucas	Toledo		41.651388	-83.550924	86HRMC2X+HJ		City of Toledo park. GIS mgmtpriority=Passive Park; status=Open; ownertype=Municipal. Source: NW_Ohio_Parks_View GIS (Toledo Parks Explorer dashboard) 2026-04-28. Toledo Batch 2. GPS from NW_Ohio_Parks_View GIS centroid (outSR=4326) during T6 map verification pass 2026-04-28 — treat as authoritative GIS source.	https://toledo.oh.gov/residents/parks	https://toledo.oh.gov/residents/parks;https://toledo.maps.arcgis.com/apps/dashboards/33025e55224b4770862f8c5afb54ca1e		2026-04-29T05:11:27Z	2026-04-29T05:11:27Z
Waterbury Wet Woods	Park			Active	Municipal	City of Toledo			"Waterbury Wetwoods Park has four acres, along with a walking trail through the woods and a free miniature library at the entrance to the park. "	30 Meadow Ln		Lucas	Sylvania	Sylvania	41.713394	-83.651489	86HRP87X+9C	Hiking Trail	City of Toledo park. GIS mgmtpriority=Natural Area; status=Open; ownertype=Municipal. Source: NW_Ohio_Parks_View GIS (Toledo Parks Explorer dashboard) 2026-04-28. Toledo Batch 2. GPS from NW_Ohio_Parks_View GIS centroid (outSR=4326) during T6 map verification pass 2026-04-28 — treat as authoritative GIS source.	https://toledo.oh.gov/residents/parks	https://toledo.oh.gov/residents/parks;https://toledo.maps.arcgis.com/apps/dashboards/33025e55224b4770862f8c5afb54ca1e		2026-04-29T05:11:27Z	2026-04-29T05:11:27Z
Wayne Snow Park	Park			Active	Municipal	City of Toledo				128 Indiana Ave		Lucas	Toledo		41.650624	-83.545642	86HRMF23+6P		City of Toledo park. GIS mgmtpriority=Passive Park; status=Open; ownertype=Municipal. Source: NW_Ohio_Parks_View GIS (Toledo Parks Explorer dashboard) 2026-04-28. Toledo Batch 2. GPS from NW_Ohio_Parks_View GIS centroid (outSR=4326) during T6 map verification pass 2026-04-28 — treat as authoritative GIS source.	https://toledo.oh.gov/residents/parks	https://toledo.oh.gov/residents/parks;https://toledo.maps.arcgis.com/apps/dashboards/33025e55224b4770862f8c5afb54ca1e		2026-04-29T05:11:27Z	2026-04-29T05:11:27Z
Westwood Park	Park			Active	Municipal	City of Toledo			"Visitors to Westwood Park will find 8.1 acres of land to explore with a baseball diamond, a half basketball court, two sets of play equipment, a shelter house, and a football field."	4056 McGregor Ln		Lucas	Toledo		41.714255	-83.641025	86HRP975+PH		City of Toledo park. GIS mgmtpriority=Active Park; status=Open; ownertype=Municipal. Source: NW_Ohio_Parks_View GIS (Toledo Parks Explorer dashboard) 2026-04-28. Toledo Batch 2. GPS from NW_Ohio_Parks_View GIS centroid (outSR=4326) during T6 map verification pass 2026-04-28 — treat as authoritative GIS source.	https://toledo.oh.gov/residents/parks	https://toledo.oh.gov/residents/parks;https://toledo.maps.arcgis.com/apps/dashboards/33025e55224b4770862f8c5afb54ca1e		2026-04-29T05:11:27Z	2026-04-29T05:11:27Z
Willys Park	Park			Active	Municipal	City of Toledo			"Willys Park is over one hundred acres, and contains three baseball diamonds, two horseshoe areas, playgrounds, a pool, four tennis courts, a walking trail, and several benches and picnic tables. "	1375 Hillcrest Ave		Lucas	Toledo		41.682887	-83.573163	86HRMCMG+5P	Hiking Trail	City of Toledo park. GIS mgmtpriority=Active Park; status=Open; ownertype=Municipal. Source: NW_Ohio_Parks_View GIS (Toledo Parks Explorer dashboard) 2026-04-28. Toledo Batch 2. GPS from NW_Ohio_Parks_View GIS centroid (outSR=4326) during T6 map verification pass 2026-04-28 — treat as authoritative GIS source.	https://toledo.oh.gov/residents/parks	https://toledo.oh.gov/residents/parks;https://toledo.maps.arcgis.com/apps/dashboards/33025e55224b4770862f8c5afb54ca1e		2026-04-29T05:11:27Z	2026-04-29T05:11:27Z
Wilson Park	Park			Active	Municipal	City of Toledo			"Wilson Park offers over twelve acres to explore and is home to a pool complex, three baseball fields, two tennis courts, a basketball court, a soccer field, a street hockey rink, a football field, a shelter house, numerous picnic tables and park benches, drinking fountains, and a walking trail. Visitors will also find numerous murals spread throughout. These were established in 2014 by the YouthBuild cohort who also helped with the walking trails and the benches."	3235 Otto St		Lucas	Toledo		41.681598	-83.529617	86HRMFJC+J5	Hiking Trail	City of Toledo park. GIS mgmtpriority=Active Park; status=Open; ownertype=Municipal. Source: NW_Ohio_Parks_View GIS (Toledo Parks Explorer dashboard) 2026-04-28. Toledo Batch 2. GPS from NW_Ohio_Parks_View GIS centroid (outSR=4326) during T6 map verification pass 2026-04-28 — treat as authoritative GIS source.	https://toledo.oh.gov/residents/parks	https://toledo.oh.gov/residents/parks;https://toledo.maps.arcgis.com/apps/dashboards/33025e55224b4770862f8c5afb54ca1e		2026-04-29T05:11:27Z	2026-04-29T05:11:27Z
Winterfield Park	Park			Active	Municipal	City of Toledo			"Winterfeld Park is 12.7 acres with baseball diamonds, the George T. Hillard basketball court, barbecue grills, and tennis courts. It also has a walking path, several picnic tables, benches, and a picnic shelter. "	4565 Hill Ave		Lucas	Toledo		41.636118	-83.649398	86HRJ9P2+C6	Hiking Trail	City of Toledo park. GIS mgmtpriority=Active Park; status=Open; ownertype=Municipal. Source: NW_Ohio_Parks_View GIS (Toledo Parks Explorer dashboard) 2026-04-28. Toledo Batch 2. GPS from NW_Ohio_Parks_View GIS centroid (outSR=4326) during T6 map verification pass 2026-04-28 — treat as authoritative GIS source.	https://toledo.oh.gov/residents/parks	https://toledo.oh.gov/residents/parks;https://toledo.maps.arcgis.com/apps/dashboards/33025e55224b4770862f8c5afb54ca1e		2026-04-29T05:11:27Z	2026-04-29T05:11:27Z
Woodsdale Park	Park			Active	Municipal	City of Toledo			"Woodsdale Park is a 23 acre park that is home to the Glass City Dog Park, a membership based dog park that aims to provide a safe and clean place for dogs to socialize and burn off energy in the open fields, as well as four baseball diamonds, many benches, and a walking trail to enjoy."	1226 Woodsdale Ave		Lucas	Toledo		41.616965	-83.589685	86HRJC86+Q4	Hiking Trail	City of Toledo park. GIS mgmtpriority=Active Park; status=Open; ownertype=Municipal. Source: NW_Ohio_Parks_View GIS (Toledo Parks Explorer dashboard) 2026-04-28. Toledo Batch 2. GPS from NW_Ohio_Parks_View GIS centroid (outSR=4326) during T6 map verification pass 2026-04-28 — treat as authoritative GIS source.	https://toledo.oh.gov/residents/parks	https://toledo.oh.gov/residents/parks;https://toledo.maps.arcgis.com/apps/dashboards/33025e55224b4770862f8c5afb54ca1e		2026-04-29T05:11:27Z	2026-04-29T05:11:27Z
Yondota Park	Park			Active	Municipal	City of Toledo			"Yondota Park is less than half of an acre of open field with several trees, perfect for a picnic, games, or hammocking."	717 Yondota St		Lucas	Toledo		41.637438	-83.528162	86HRJFPC+XP		City of Toledo park. GIS mgmtpriority=Passive Park; status=Open; ownertype=Municipal. Source: NW_Ohio_Parks_View GIS (Toledo Parks Explorer dashboard) 2026-04-28. Toledo Batch 2. GPS from NW_Ohio_Parks_View GIS centroid (outSR=4326) during T6 map verification pass 2026-04-28 — treat as authoritative GIS source.	https://toledo.oh.gov/residents/parks	https://toledo.oh.gov/residents/parks;https://toledo.maps.arcgis.com/apps/dashboards/33025e55224b4770862f8c5afb54ca1e		2026-04-29T05:11:27Z	2026-04-29T05:11:27Z
Adair Park	Park			Active	Municipal	City of Oregon				844 N Wynn Rd		Lucas	Oregon		41.637733	-83.488566	86HRJGQ6+3H		Source: NW_Ohio_Parks_View GIS 2026-04-28. citymuni=Oregon; status=Open; ownertype=Municipal. GPS from NW_Ohio_Parks_View GIS centroid (outSR=4326) during T6 map verification pass 2026-04-28 — treat as authoritative GIS source.	https://www.oregonohio.org/parks-recreation	https://www.oregonohio.org/parks-recreation		2026-04-29T05:11:27Z	2026-04-29T05:11:27Z
Berlin-Luella Park	Park			Active	Municipal	City of Oregon				2833 Quincy St		Lucas	Oregon		41.65485	-83.481067	86HRMG39+WH		Source: NW_Ohio_Parks_View GIS 2026-04-28. citymuni=Oregon; status=Open; ownertype=Municipal. GPS from NW_Ohio_Parks_View GIS centroid (outSR=4326) during T6 map verification pass 2026-04-28 — treat as authoritative GIS source.	https://www.oregonohio.org/parks-recreation	https://www.oregonohio.org/parks-recreation		2026-04-29T05:11:27Z	2026-04-29T05:11:27Z
Easthampton Park	Park			Active	Municipal	City of Oregon				50 Easthampton Dr		Lucas	Oregon		41.650074	-83.472176	86HRMG2H+24		Source: NW_Ohio_Parks_View GIS 2026-04-28. citymuni=Oregon; status=Open; ownertype=Municipal. GPS from NW_Ohio_Parks_View GIS centroid (outSR=4326) during T6 map verification pass 2026-04-28 — treat as authoritative GIS source.	https://www.oregonohio.org/parks-recreation	https://www.oregonohio.org/parks-recreation		2026-04-29T05:11:27Z	2026-04-29T05:11:27Z
Lake Access - No Boat Ramp	Park			Active	Municipal	City of Oregon				6225 Bay Shore Rd		Lucas	Washington	Washington	41.689694	-83.398462	86HRMJQ2+VJ		Source: NW_Ohio_Parks_View GIS 2026-04-28. citymuni=Oregon; status=Undeveloped; ownertype=Municipal. GPS from NW_Ohio_Parks_View GIS centroid (outSR=4326) during T6 map verification pass 2026-04-28 — treat as authoritative GIS source.	https://www.oregonohio.org/parks-recreation	https://www.oregonohio.org/parks-recreation		2026-04-29T05:11:27Z	2026-04-29T05:11:27Z
Pullman Park	Park			Active	Municipal	City of Oregon				3201 Pullman Ave		Lucas	Oregon		41.655328	-83.4737	86HRMG4G+4G		Source: NW_Ohio_Parks_View GIS 2026-04-28. citymuni=Oregon; status=Open; ownertype=Municipal. GPS from NW_Ohio_Parks_View GIS centroid (outSR=4326) during T6 map verification pass 2026-04-28 — treat as authoritative GIS source.	https://www.oregonohio.org/parks-recreation	https://www.oregonohio.org/parks-recreation		2026-04-29T05:11:27Z	2026-04-29T05:11:27Z
South Shore Veterans Park	Park			Active	Municipal	City of Oregon				5760 Bayshore Rd		Lucas	Oregon		41.687906	-83.412565	86HRMHQP+5X	Hiking Trail	Source: NW_Ohio_Parks_View GIS 2026-04-28. citymuni=Oregon; status=Open; ownertype=Municipal. GPS from NW_Ohio_Parks_View GIS centroid (outSR=4326) during T6 map verification pass 2026-04-28 — treat as authoritative GIS source.	https://www.oregonohio.org/parks-recreation	https://www.oregonohio.org/parks-recreation		2026-04-29T05:11:27Z	2026-04-29T05:11:27Z
Wildhurst Park	Park			Active	Municipal	City of Oregon				1961 Lagundovie Rd		Lucas	Oregon		41.68853	-83.402037	86HRMHQX+C5		Source: NW_Ohio_Parks_View GIS 2026-04-28. citymuni=Oregon; status=Open; ownertype=Municipal. GPS from NW_Ohio_Parks_View GIS centroid (outSR=4326) during T6 map verification pass 2026-04-28 — treat as authoritative GIS source.	https://www.oregonohio.org/parks-recreation	https://www.oregonohio.org/parks-recreation		2026-04-29T05:11:27Z	2026-04-29T05:11:27Z
William P. Coontz Recreation Complex	Park			Active	Municipal	City of Oregon				5330 Seaman Rd		Lucas	Oregon		41.648409	-83.419355	86HRJHXJ+97	Hiking Trail	Source: NW_Ohio_Parks_View GIS 2026-04-28. citymuni=Oregon; status=Open; ownertype=Municipal. GPS from NW_Ohio_Parks_View GIS centroid (outSR=4326) during T6 map verification pass 2026-04-28 — treat as authoritative GIS source.	https://www.oregonohio.org/parks-recreation	https://www.oregonohio.org/parks-recreation		2026-04-29T05:11:27Z	2026-04-29T05:11:27Z
Anderson Park	Park			Active	Municipal	City of Maumee				1401 Michigan St		Lucas	Maumee		41.585825	-83.634649	86HRH9P8+84	Hiking Trail	Source: NW_Ohio_Parks_View GIS 2026-04-28. citymuni=Maumee; status=Open; ownertype=Municipal. GPS from NW_Ohio_Parks_View GIS centroid (outSR=4326) during T6 map verification pass 2026-04-28 — treat as authoritative GIS source.	https://maumee.org/parks	https://maumee.org/parks		2026-04-29T05:11:27Z	2026-04-29T05:11:27Z
Epstein Park	Park			Active	Municipal	City of Maumee				2005 Indian Wood Cir		Lucas	Maumee		41.58628	-83.682819	86HRH8P8+GV	Hiking Trail	Source: NW_Ohio_Parks_View GIS 2026-04-28. citymuni=Maumee; status=Open; ownertype=Municipal. GPS from NW_Ohio_Parks_View GIS centroid (outSR=4326) during T6 map verification pass 2026-04-28 — treat as authoritative GIS source.	https://maumee.org/parks	https://maumee.org/parks		2026-04-29T05:11:27Z	2026-04-29T05:11:27Z
Fairfield Elementary School	Park			Active	School	City of Maumee				3215 Eastfield Dr		Lucas	Maumee		41.580318	-83.651851	86HRH8JX+47	Hiking Trail	Source: NW_Ohio_Parks_View GIS 2026-04-28. citymuni=Maumee; status=Open; ownertype=School. GPS from NW_Ohio_Parks_View GIS centroid (outSR=4326) during T6 map verification pass 2026-04-28 — treat as authoritative GIS source.	https://maumee.org/parks	https://maumee.org/parks		2026-04-29T05:11:27Z	2026-04-29T05:11:27Z
Fairfield Park	Park			Active	Municipal	City of Maumee				3215 Eastfield Dr		Lucas	Maumee		41.581082	-83.651798	86HRH8JX+C7	Hiking Trail	Source: NW_Ohio_Parks_View GIS 2026-04-28. citymuni=Maumee; status=Open; ownertype=Municipal. GPS from NW_Ohio_Parks_View GIS centroid (outSR=4326) during T6 map verification pass 2026-04-28 — treat as authoritative GIS source.	https://maumee.org/parks	https://maumee.org/parks		2026-04-29T05:11:27Z	2026-04-29T05:11:27Z
Ford Park	Park			Active	Municipal	City of Maumee				509 Ford St		Lucas	Maumee		41.560952	-83.665628	86HRH86M+9P		Source: NW_Ohio_Parks_View GIS 2026-04-28. citymuni=Maumee; status=Open; ownertype=Municipal. GPS from NW_Ohio_Parks_View GIS centroid (outSR=4326) during T6 map verification pass 2026-04-28 — treat as authoritative GIS source.	https://maumee.org/parks	https://maumee.org/parks		2026-04-29T05:11:27Z	2026-04-29T05:11:27Z
Ft Miami Elementary	Park			Active	School	City of Maumee				2501 River Rd		Lucas	Maumee		41.578412	-83.618643	86HRH9HJ+9G		Source: NW_Ohio_Parks_View GIS 2026-04-28. citymuni=Maumee; status=Open; ownertype=School. GPS from NW_Ohio_Parks_View GIS centroid (outSR=4326) during T6 map verification pass 2026-04-28 — treat as authoritative GIS source.	https://maumee.org/parks	https://maumee.org/parks		2026-04-29T05:11:27Z	2026-04-29T05:11:27Z
Gateway Middle School Park	Park			Active	School	City of Maumee				325 Sackett St		Lucas	Maumee		41.570302	-83.653534	86HRH8CW+4H	Hiking Trail	Source: NW_Ohio_Parks_View GIS 2026-04-28. citymuni=Maumee; status=Open; ownertype=School. GPS from NW_Ohio_Parks_View GIS centroid (outSR=4326) during T6 map verification pass 2026-04-28 — treat as authoritative GIS source.	https://maumee.org/parks	https://maumee.org/parks		2026-04-29T05:11:27Z	2026-04-29T05:11:27Z
Hugo Park	Park			Active	Municipal	City of Maumee				1343 Hugo St		Lucas	Maumee		41.586142	-83.633346	86HRH9P8+FM	Hiking Trail	Source: NW_Ohio_Parks_View GIS 2026-04-28. citymuni=Maumee; status=Open; ownertype=Municipal. GPS from NW_Ohio_Parks_View GIS centroid (outSR=4326) during T6 map verification pass 2026-04-28 — treat as authoritative GIS source.	https://maumee.org/parks	https://maumee.org/parks		2026-04-29T05:11:27Z	2026-04-29T05:11:27Z
Library Park	Park			Active	Municipal	City of Maumee				E William at Jackson Streets		Lucas	Maumee		41.566529	-83.647227	86HRH983+J4		Source: NW_Ohio_Parks_View GIS 2026-04-28. citymuni=Maumee; status=Open; ownertype=Municipal. GPS from NW_Ohio_Parks_View GIS centroid (outSR=4326) during T6 map verification pass 2026-04-28 — treat as authoritative GIS source.	https://maumee.org/parks	https://maumee.org/parks		2026-04-29T05:11:27Z	2026-04-29T05:11:27Z
Maumee High School/Wayne Trail Elementary School	Park			Active	School	City of Maumee				1147 Saco St		Lucas	Maumee		41.577714	-83.640314	86HRH9H5+3V	Hiking Trail	Source: NW_Ohio_Parks_View GIS 2026-04-28. citymuni=Maumee; status=Open; ownertype=School. GPS from NW_Ohio_Parks_View GIS centroid (outSR=4326) during T6 map verification pass 2026-04-28 — treat as authoritative GIS source.	https://maumee.org/parks	https://maumee.org/parks		2026-04-29T05:11:27Z	2026-04-29T05:11:27Z
Monclova Park	Park			Active	Municipal	City of Maumee				Monclova Road across from St. Luke's Hospital		Lucas	Maumee		41.559362	-83.683514	86HRH858+PH		Source: NW_Ohio_Parks_View GIS 2026-04-28. citymuni=Maumee; status=Open; ownertype=Municipal. GPS from NW_Ohio_Parks_View GIS centroid (outSR=4326) during T6 map verification pass 2026-04-28 — treat as authoritative GIS source.	https://maumee.org/parks	https://maumee.org/parks		2026-04-29T05:11:27Z	2026-04-29T05:11:27Z
Rolf Park	Park			Active	Municipal	City of Maumee				2029 Cass Rd		Lucas	Maumee		41.589003	-83.657687	86HRH8QR+JW	Hiking Trail	Source: NW_Ohio_Parks_View GIS 2026-04-28. citymuni=Maumee; status=Open; ownertype=Municipal. GPS from NW_Ohio_Parks_View GIS centroid (outSR=4326) during T6 map verification pass 2026-04-28 — treat as authoritative GIS source.	https://maumee.org/parks	https://maumee.org/parks		2026-04-29T05:11:27Z	2026-04-29T05:11:27Z
Towpath	Park			Active	Municipal	City of Maumee				412 River Rd		Lucas	Maumee		41.557295	-83.655357	86HRH84V+WV	Hiking Trail	Source: NW_Ohio_Parks_View GIS 2026-04-28. citymuni=Maumee; status=Open; ownertype=Municipal. GPS from NW_Ohio_Parks_View GIS centroid (outSR=4326) during T6 map verification pass 2026-04-28 — treat as authoritative GIS source.	https://maumee.org/parks	https://maumee.org/parks		2026-04-29T05:11:27Z	2026-04-29T05:11:27Z
Union Park	Park			Active	Municipal	City of Maumee				102 Conant St		Lucas	Maumee		41.560858	-83.652538	86HRH86W+8X		Source: NW_Ohio_Parks_View GIS 2026-04-28. citymuni=Maumee; status=Open; ownertype=Municipal. GPS from NW_Ohio_Parks_View GIS centroid (outSR=4326) during T6 map verification pass 2026-04-28 — treat as authoritative GIS source.	https://maumee.org/parks	https://maumee.org/parks		2026-04-29T05:11:27Z	2026-04-29T05:11:27Z
Valley Grove Park	Park			Active	Municipal	City of Maumee				1088 Valley Grove Dr		Lucas	Maumee		41.585198	-83.622708	86HRH9PG+3W		Source: NW_Ohio_Parks_View GIS 2026-04-28. citymuni=Maumee; status=Open; ownertype=Municipal. GPS from NW_Ohio_Parks_View GIS centroid (outSR=4326) during T6 map verification pass 2026-04-28 — treat as authoritative GIS source.	https://maumee.org/parks	https://maumee.org/parks		2026-04-29T05:11:27Z	2026-04-29T05:11:27Z
Wolcott	Park			Active	Municipal	City of Maumee				1027 River Rd		Lucas	Maumee		41.572958	-83.638734	86HRH9F6+5G		Source: NW_Ohio_Parks_View GIS 2026-04-28. citymuni=Maumee; status=Open; ownertype=Municipal. GPS from NW_Ohio_Parks_View GIS centroid (outSR=4326) during T6 map verification pass 2026-04-28 — treat as authoritative GIS source.	https://maumee.org/parks	https://maumee.org/parks		2026-04-29T05:11:27Z	2026-04-29T05:11:27Z
Baer Park	Park			Active	Municipal	City of Waterville				371 Canal Rd		Lucas	Roche de Boeuf		41.504485	-83.721754	86HRG73H+Q7	Hiking Trail	Source: NW_Ohio_Parks_View GIS 2026-04-28. citymuni=Waterville; status=Open; ownertype=Municipal. GPS from NW_Ohio_Parks_View GIS centroid (outSR=4326) during T6 map verification pass 2026-04-28 — treat as authoritative GIS source.	https://watervilleohio.org	https://watervilleohio.org		2026-04-29T05:11:27Z	2026-04-29T05:11:27Z
Conrad Park	Park			Active	Municipal	City of Waterville				7600 Michigan Ave		Lucas	Roche de Boeuf		41.501763	-83.724726	86HRG72G+P4		Source: NW_Ohio_Parks_View GIS 2026-04-28. citymuni=Waterville; status=Open; ownertype=Municipal. GPS from NW_Ohio_Parks_View GIS centroid (outSR=4326) during T6 map verification pass 2026-04-28 — treat as authoritative GIS source.	https://watervilleohio.org	https://watervilleohio.org		2026-04-29T05:11:27Z	2026-04-29T05:11:27Z
Memorial Park	Park			Active	Municipal	City of Waterville				24 Water St		Lucas	Roche de Boeuf		41.499805	-83.715443	86HRF7XM+WR		Source: NW_Ohio_Parks_View GIS 2026-04-28. citymuni=Waterville; status=Open; ownertype=Municipal. GPS from NW_Ohio_Parks_View GIS centroid (outSR=4326) during T6 map verification pass 2026-04-28 — treat as authoritative GIS source.	https://watervilleohio.org	https://watervilleohio.org		2026-04-29T05:11:27Z	2026-04-29T05:11:27Z
Prairie Trail/Royal Hampton	Park			Active	Municipal	City of Waterville				751 Waterville Monclova Rd		Lucas	Roche de Boeuf		41.512507	-83.734953	86HRG778+22	Hiking Trail	Source: NW_Ohio_Parks_View GIS 2026-04-28. citymuni=Waterville; status=Open; ownertype=Municipal. GPS from NW_Ohio_Parks_View GIS centroid (outSR=4326) during T6 map verification pass 2026-04-28 — treat as authoritative GIS source.	https://watervilleohio.org	https://watervilleohio.org		2026-04-29T05:11:27Z	2026-04-29T05:11:27Z
Pray Park	Park			Active	Municipal	City of Waterville				12 N Fourth St		Lucas	Roche de Boeuf		41.499734	-83.720876	86HRF7XH+VJ		Source: NW_Ohio_Parks_View GIS 2026-04-28. citymuni=Waterville; status=Open; ownertype=Municipal. GPS from NW_Ohio_Parks_View GIS centroid (outSR=4326) during T6 map verification pass 2026-04-28 — treat as authoritative GIS source.	https://watervilleohio.org	https://watervilleohio.org		2026-04-29T05:11:27Z	2026-04-29T05:11:27Z
Stitt Park	Park			Active	Municipal	City of Waterville				1135 Farnsworth Rd		Lucas	Roche de Boeuf		41.498157	-83.732742	86HRF7X8+7W		Source: NW_Ohio_Parks_View GIS 2026-04-28. citymuni=Waterville; status=Open; ownertype=Municipal. GPS from NW_Ohio_Parks_View GIS centroid (outSR=4326) during T6 map verification pass 2026-04-28 — treat as authoritative GIS source.	https://watervilleohio.org	https://watervilleohio.org		2026-04-29T05:11:27Z	2026-04-29T05:11:27Z
Waterworks Park	Park			Active	Municipal	City of Waterville				241 S River Rd		Lucas	Roche de Boeuf		41.494079	-83.717868	86HRF7VJ+JV	Hiking Trail	Source: NW_Ohio_Parks_View GIS 2026-04-28. citymuni=Waterville; status=Open; ownertype=Municipal. GPS from NW_Ohio_Parks_View GIS centroid (outSR=4326) during T6 map verification pass 2026-04-28 — treat as authoritative GIS source.	https://watervilleohio.org	https://watervilleohio.org		2026-04-29T05:11:27Z	2026-04-29T05:11:27Z
Lathrop Park	Park			Active	Municipal	Village of Berkey				12130 Sylvania Metamora Rd		Lucas	Richfield	Richfield	41.716524	-83.837128	86HRP587+J4		Source: NW_Ohio_Parks_View GIS 2026-04-28. citymuni=Berkey; status=Open; ownertype=Municipal. GPS from NW_Ohio_Parks_View GIS centroid (outSR=4326) during T6 map verification pass 2026-04-28 — treat as authoritative GIS source.				2026-04-29T05:11:27Z	2026-04-29T05:11:27Z
Harbor View Village Park	Park			Active	Municipal	Village of Harbor View				365 Lakeview Dr		Lucas	Harbor View		41.69557	-83.444896	86HRMHW4+62		Source: NW_Ohio_Parks_View GIS 2026-04-28. citymuni=Harbor View; status=Open; ownertype=Municipal. GPS from NW_Ohio_Parks_View GIS centroid (outSR=4326) during T6 map verification pass 2026-04-28 — treat as authoritative GIS source.				2026-04-29T05:11:27Z	2026-04-29T05:11:27Z
Historcial Train Enchahncement	Park			Active	Municipal	Village of Holland				7101 Front St		Lucas	Springfield	Springfield	41.617627	-83.71065	86HRJ79Q+3P		Source: NW_Ohio_Parks_View GIS 2026-04-28. citymuni=Holland; status=Open; ownertype=Municipal. GPS from NW_Ohio_Parks_View GIS centroid (outSR=4326) during T6 map verification pass 2026-04-28 — treat as authoritative GIS source.				2026-04-29T05:11:27Z	2026-04-29T05:11:27Z
Rail Park Field	Park			Active	Municipal	Village of Holland				1205 Holloway Rd		Lucas	Springfield	Springfield	41.617411	-83.714653	86HRJ78P+X4		Source: NW_Ohio_Parks_View GIS 2026-04-28. citymuni=Holland; status=Open; ownertype=Municipal. GPS from NW_Ohio_Parks_View GIS centroid (outSR=4326) during T6 map verification pass 2026-04-28 — treat as authoritative GIS source.				2026-04-29T05:11:27Z	2026-04-29T05:11:27Z
Strawberry Acres Park	Park			Active	Municipal	Village of Holland				950 McCord Rd		Lucas	Springfield	Springfield	41.622437	-83.70513	86HRJ7CV+XW	Hiking Trail	Source: NW_Ohio_Parks_View GIS 2026-04-28. citymuni=Holland; status=Open; ownertype=Municipal. GPS from NW_Ohio_Parks_View GIS centroid (outSR=4326) during T6 map verification pass 2026-04-28 — treat as authoritative GIS source.				2026-04-29T05:11:27Z	2026-04-29T05:11:27Z
Greenspace	Open Space	Urban Open Space		Active	Municipal	Village of Ottawa Hills				3750 W Bancroft St		Lucas	Ottawa Hills		41.663846	-83.633009	86HRM978+GQ	Hiking Trail	Source: NW_Ohio_Parks_View GIS 2026-04-28. citymuni=Toledo; status=Unknown; ownertype=Municipal. GPS from NW_Ohio_Parks_View GIS centroid (outSR=4326) during T6 map verification pass 2026-04-28 — treat as authoritative GIS source.	https://ottawahills.org	https://ottawahills.org		2026-04-29T05:11:27Z	2026-04-29T05:11:27Z
Greenspace	Open Space	Urban Open Space		Active	Municipal	Village of Ottawa Hills				3569 W Bancroft St		Lucas	Ottawa Hills		41.663846	-83.633009	86HRM978+GQ	Hiking Trail	Source: NW_Ohio_Parks_View GIS 2026-04-28. citymuni=Toledo; status=Unknown; ownertype=Municipal. GPS from NW_Ohio_Parks_View GIS centroid (outSR=4326) during T6 map verification pass 2026-04-28 — treat as authoritative GIS source.	https://ottawahills.org	https://ottawahills.org		2026-04-29T05:11:27Z	2026-04-29T05:11:27Z
Greenspace	Open Space	Urban Open Space		Active	Municipal	Village of Ottawa Hills				2450 Bancroft St		Lucas	Ottawa Hills		41.663846	-83.633009	86HRM978+GQ	Hiking Trail	Source: NW_Ohio_Parks_View GIS 2026-04-28. citymuni=Toledo; status=Open; ownertype=Municipal. GPS from NW_Ohio_Parks_View GIS centroid (outSR=4326) during T6 map verification pass 2026-04-28 — treat as authoritative GIS source.	https://ottawahills.org	https://ottawahills.org		2026-04-29T05:11:27Z	2026-04-29T05:11:27Z
Greenspace	Open Space	Urban Open Space		Active	Municipal	Village of Ottawa Hills				2715 Edgehill Rd		Lucas	Ottawa Hills		41.663846	-83.633009	86HRM978+GQ		Source: NW_Ohio_Parks_View GIS 2026-04-28. citymuni=Toledo; status=Open; ownertype=Municipal. GPS from NW_Ohio_Parks_View GIS centroid (outSR=4326) during T6 map verification pass 2026-04-28 — treat as authoritative GIS source.	https://ottawahills.org	https://ottawahills.org		2026-04-29T05:11:27Z	2026-04-29T05:11:27Z
McKondin Heights	Park			Active	Municipal	Village of Ottawa Hills				3812 Orkney Dr		Lucas	Ottawa Hills		41.669514	-83.63361	86HRM998+RH		Source: NW_Ohio_Parks_View GIS 2026-04-28. citymuni=Toledo; status=Open; ownertype=Municipal. GPS from NW_Ohio_Parks_View GIS centroid (outSR=4326) during T6 map verification pass 2026-04-28 — treat as authoritative GIS source.	https://ottawahills.org	https://ottawahills.org		2026-04-29T05:11:27Z	2026-04-29T05:11:27Z
Ottawa Hill Park	Park			Active	Municipal	Village of Ottawa Hills				3357 Indian Rd		Lucas	Ottawa Hills		41.663296	-83.624111	86HRM97G+89		Source: NW_Ohio_Parks_View GIS 2026-04-28. citymuni=Toledo; status=Open; ownertype=Municipal. GPS from NW_Ohio_Parks_View GIS centroid (outSR=4326) during T6 map verification pass 2026-04-28 — treat as authoritative GIS source.	https://ottawahills.org	https://ottawahills.org		2026-04-29T05:11:27Z	2026-04-29T05:11:27Z
Sandra Park	Park			Active	Municipal	Village of Whitehouse				6648 Finzel Rd		Lucas	Waterville	Waterville	41.529315	-83.783441	86HRG6H8+PJ		Source: NW_Ohio_Parks_View GIS 2026-04-28. citymuni=Whitehouse; status=Open; ownertype=Municipal. GPS from NW_Ohio_Parks_View GIS centroid (outSR=4326) during T6 map verification pass 2026-04-28 — treat as authoritative GIS source.	https://whitehouseoh.gov	https://whitehouseoh.gov		2026-04-29T05:11:27Z	2026-04-29T05:11:27Z
Whitehouse Village Park	Park			Active	Municipal	Village of Whitehouse				6779 Gilead St; 6710 Providence St		Lucas	Waterville	Waterville	41.517811	-83.799752	86HRG692+43	Hiking Trail	Source: NW_Ohio_Parks_View GIS 2026-04-28. citymuni=Whitehouse; status=Open; ownertype=Municipal. GPS from NW_Ohio_Parks_View GIS centroid (outSR=4326) during T6 map verification pass 2026-04-28 — treat as authoritative GIS source. Merged from two GIS address points (indices 331+332) for same park.	https://whitehouseoh.gov	https://whitehouseoh.gov		2026-04-29T05:11:27Z	2026-04-29T05:11:27Z
Stranahan Arboretum	Curated Biological Site	Arboretum		Active	State of Ohio / University of Toledo	University of Toledo				"4131 Tantara Rd, Toledo, OH"		Lucas	Sylvania	Sylvania	41.692947	-83.668362	86HRM8VJ+5M		University of Toledo arboretum. ownertype=State; agencyname=University of Toledo; status=Open per NW_Ohio_Parks_View GIS 2026-04-28. Resolves LUC-F-18. §4.7 mandatory public university natural area check at T2. UT is a public university (state). NOT in baseline — new discovery via GIS. GPS from NW_Ohio_Parks_View GIS centroid (outSR=4326) during T6 map verification pass 2026-04-28 — treat as authoritative GIS source.	https://services1.arcgis.com/SvdVZfVAhlYe04Tl/arcgis/rest/services/NW_Ohio_Parks_View/FeatureServer	https://services1.arcgis.com/SvdVZfVAhlYe04Tl/arcgis/rest/services/NW_Ohio_Parks_View/FeatureServer		2026-04-29T05:11:27Z	2026-04-29T05:11:27Z
Kitty Todd Nature Preserve	Nature Preserve	Private Nature Preserve	State Nature Preserve	Active	The Nature Conservancy	The Nature Conservancy	ODNR Division of Natural Areas and Preserves (Kitty Todd State Nature Preserve designation); Green Ribbon Initiative (regional partnership)	Green Ribbon Initiative; ODNR	"The Nature Conservancy's nearly 1,500-acre Kitty Todd Preserve is a centerpiece of the Oak Openings Region and a model of land management practices. The preserve's nearly 1,500 acres are comprised of low-lying wetlands and windblown sand dunes populated by prairie, oak savanna, woodland and forest in a rural suburban area."	"10420 Old State Line Road, Holland OH (near Swanton)"	1464	Lucas	Harding	Harding	41.6176	-83.8027	86HRJ59W+2W	Hiking Trail;Pavilion;Restrooms;Observation Deck;Wildlife Observation Area;Wetland;Visitor Center	"Primary T7 entity. ODNR has designated this as Kitty Todd State Nature Preserve (SNP designation on TNC-owned/managed land). T2 raw discovery record staged separately for ODNR SNP designation only (governance=TNC noted there). This T7 record is the primary entity. GIS shows 13 parcels totaling ~1,437 ac under agencyname=The Nature Conservancy, ownertype=Special District; 2 parcels with status=Open (name=""Kitty Todd Nature Preserve (Main)""), ~897 ac main + ~5 ac. TNC website gives size as 1,464 ac. GPS from GIS main parcel centroid (897 ac parcel)."	https://www.nature.org/en-us/get-involved/how-to-help/places-we-protect/kitty-todd-nature-preserve/	https://www.nature.org/en-us/get-involved/how-to-help/places-we-protect/kitty-todd-nature-preserve/;https://www.nature.org/content/dam/tnc/nature/en/documents/OH_Kitty-Todd-Trail-Map_2022.pdf		2026-04-29T05:11:27Z	2026-04-29T05:11:27Z
Ottawa Wildlife Refuge	Wildlife Area	Wetland Management Area		Active	Howard Farms Conservancy District	Howard Farms Conservancy District				12581 Lagoon Dr	1	Lucas			41.652664	-83.242914	86HRMQ34+3R		"ORC 6101 statutory drainage/flood-control conservancy district (not a land trust nonprofit). ownertype=Special District per NW_Ohio_Parks_View GIS. status=Open. citymuni=Curtice. GIS centroid GPS. Staged retroactively at T3 after GIS review 2026-04-28. Two separate GIS parcels both named 'Ottawa Wildlife Refuge' — each staged as separate record; may merge at Resolution if same entity. GIS_VERIFY_COUNTY: centroid lon=-83.24 places this parcel in Ottawa County area (expected ~lon -83.40 for Curtice/Jerusalem Twp, Lucas Co). GIS county attribute = Lucas but centroid may be misgeoreferenced. Verify actual parcel location before pipeline. GPS coordinates suspect — do not use for location until verified."				2026-04-29T05:11:27Z	2026-04-29T05:11:27Z
Ottawa Wildlife Refuge	Wildlife Area	Wetland Management Area		Active	Howard Farms Conservancy District	Howard Farms Conservancy District				12291 Lagoon Dr	1.1	Lucas			41.652664	-83.242914	86HRMQ34+3R		"ORC 6101 statutory drainage/flood-control conservancy district (not a land trust nonprofit). ownertype=Special District per NW_Ohio_Parks_View GIS. status=Open. citymuni=Curtice. GIS centroid GPS. Staged retroactively at T3 after GIS review 2026-04-28. Two separate GIS parcels both named 'Ottawa Wildlife Refuge' — each staged as separate record; may merge at Resolution if same entity. GIS_VERIFY_COUNTY: centroid lon=-83.24 places this parcel in Ottawa County area (expected ~lon -83.40 for Curtice/Jerusalem Twp, Lucas Co). GIS county attribute = Lucas but centroid may be misgeoreferenced. Verify actual parcel location before pipeline. GPS coordinates suspect — do not use for location until verified."				2026-04-29T05:11:27Z	2026-04-29T05:11:27Z
Camp Miakonda	Campground	Cabin Campground		Active	Boy Scouts of America / Erie Shores Council	"Erie Shores Council, Boy Scouts of America"			"Camp Miakonda at the DeVilbiss Scout Reservation is a 160 acres resident-type facility for Scouting groups. The DeVilbiss Scout Reservation is the 5th oldest Scouting America camp in the United States. Fourteen rustic cabins are available for rental. Four Adirondack sites (3-sided buildings), tent camping sites, a pool, a lake, chapel, dining hall (with food service operation), Trading Post, Historical Museum, a marked historical trail, and Fort Scheib are also on-premises. The Council Lodge, Ford Center, and Wildlife Center are available for day, evening, or weekend use for special events, dinners, training seminars, etc. for both Scout and non-Scout groups. Ohio's oldest and America's 5th oldest surviving Scout camp."	"5600 W Sylvania Ave, Toledo OH (DeVilbiss Scout Reservation)"	160	Lucas	Sylvania	Sylvania	41.69472	-83.679499	86HRM8VC+V6	Swimming Pool;Restrooms;Parking Lot;Camping;Cabin Rentals;Historic Marker;Museum Building	"Scout camp (T8 per sub-procedure §2 explicit scope). LUC-F-14 RESOLVED — confirmed reservation-based access; cabins/facilities available to non-Scout groups as well as Scouts. BSA/Erie Shores Council is a nonprofit 501(c)(3) — per §4.3 this could suggest T7, but T8 sub-procedure §2 explicitly lists Scout camps as T8 scope. Staged T8. GIS records: acres=152.52 (website says 160 ac — acreage discrepancy; use 160 from official source). Historical Museum open Sep–May; trail requires reservations. GPS from NW_Ohio_Parks_View GIS centroid (returnCentroid=true, outSR=4326) 2026-04-29."	https://www.erieshorescouncil.org/miakonda	https://www.erieshorescouncil.org/miakonda;https://www.erieshorescouncil.org/museum;https://www.erieshorescouncil.org/orienteeringtrail		2026-04-29T05:11:27Z	2026-04-29T05:11:27Z
Agnes Reynolds Jackson Arboretum	Curated Biological Site	Arboretum		Active	"Old West End Association, Inc."	"Old West End Association, Inc."			"A 2-acre urban arboretum in the Historic Old West End of Toledo, Ohio, lovingly cared for by Old West End residents since 1986. Home to summer concerts, movie nights, weddings and other community events. Garden beds feature architectural artifacts salvaged from Old West End homes and businesses."	"2501 Robinwood Ave (corner of Delaware & Robinwood), Toledo OH 43610 (Historic Old West End)"	1.66	Lucas	Toledo		41.67151	-83.561403	86HRMCCQ+JC	Restrooms;Garden	"GIS ownertype=Private - NP (private nonprofit). GOVERNANCE_REVIEW — per §4.3, nonprofit ownership suggests T7 reclassification. However, Old West End Association, Inc. is a civic neighborhood association, not a land trust or conservancy; T7 sub-procedure §2 scope (land trusts, conservancies, greenway coalitions, watershed groups) does not naturally include civic neighborhood associations. Staged T8 per explicit T8 scope coverage of civic/community organizations. Flag for normalization review. GPS from NW_Ohio_Parks_View GIS centroid (returnCentroid=true, outSR=4326) 2026-04-29."	https://www.toledooldwestend.com	https://www.toledooldwestend.com		2026-04-29T05:11:27Z	2026-04-29T05:11:27Z
River Tract	Open Space	Urban Open Space		Active	Owens Corning	Owens Corning	Metroparks Toledo (Glass City Riverwalk partner; $1M foundation gift 2021)	Owens Corning Foundation donated $1M toward Glass City Riverwalk development 2021; OC campus to be connected by Riverwalk corridor	A 19.76-acre riverfront parcel at the Owens Corning World Headquarters along the Maumee River in downtown Toledo. Includes a public 1-mile fitness trail with views of the downtown cityscape and the Anthony Wayne Bridge. Connected to the broader Glass City Riverwalk corridor linking Middlegrounds Metropark with Glass City Metropark.	"Maumee River frontage, Owens Corning World Headquarters, Toledo OH"	19.76	Lucas	Toledo		41.64358	-83.535375	86HRJFV7+CR	Bridge	"GIS ownertype=Private, agencyname=Owens Corning, status=Open. Corporate campus riverfront parcel with public fitness trail along Maumee River. Owens Corning is a for-profit corporation (T8 per §4.3). OC Foundation donated $1M to Glass City Riverwalk (Metroparks Toledo) in 2021; OC campus is to be connected by Riverwalk corridor but parcel not yet transferred to Metroparks per current GIS. If parcel is later donated/transferred to Metroparks, reclassify as T3. GPS from NW_Ohio_Parks_View GIS centroid (returnCentroid=true, outSR=4326) 2026-04-29."	https://metroparkstoledo.com/discover/blog/posts/owens-corning-foundation-gift-advances-riverwalk-vision/	https://metroparkstoledo.com/discover/blog/posts/owens-corning-foundation-gift-advances-riverwalk-vision/;https://calisthenics-parks.com/spots/2245-en-toledo-fitness-trail-owens-corning-corporate-headquarters		2026-04-29T05:11:27Z	2026-04-29T05:11:27Z
