Name,Type,Description,Status,Ownership,Management,Coordination,Address,Acres,Location,County,GPS Coordinates,Plus Code,Trail Role,Parent Trail Name,Trail Segment Type,Trail Access Type,Trail Length (Miles),Features,Notes,URL,
Activity Center Park,Park District Park,"All‑access playground, sprayground, shelter, and inclusive play features",Active,Centerville–Washington Park District,Centerville–Washington Park District,,"221 N. Main St., Centerville, OH 45459",22.1,Centerville,Montgomery,"39.638676,-84.159907","9GQ2+4R Centerville, Ohio",None,,None,None,,Baseball Diamond; Playground; Pickleball Court; Restroom; Picnic Shelter; Rain Garden,AED; battery recycling barrel; sprayground; universal changing table,https://cwpd.org/parks/activity-center/,
Art Park,Municipal Park,"Walkable art park with sculptures, greenspace, and Rotary Bridge connection",Active,City of Vandalia,City of Vandalia,,"256 E Alkaline Springs Rd, Vandalia, OH 45377",8,Vandalia,Montgomery,"39.886918,-84.191820","2FQH+Q2 Vandalia, Ohio",None,,None,None,,Sculpture Garden,,https://vandaliaohio.org/Facilities/Facility/Details/Art-Park-1,
Art Van Atta Park,County Park,"County‑managed park with pond, path, and greenspace",Active,Montgomery County,Montgomery County,,"3180 Benchwood Rd, Dayton, OH 45414",37,Butler Township,Montgomery,"39.853870,-84.191650","2F7H+X3 Dayton, Ohi",None,,None,None,,Fishing Pond;Picnic Shelter;Playground,,https://www.mcohio.org/departments/parks/art_van_atta_park.php,
Arthur O. Fisher Park,County Park,Large county-owned park featuring ponds and open natural areas; formerly home of the Montgomery County Fairgrounds.,Active,Montgomery County Parks & Recreation,Montgomery County Parks & Recreation,,"5661 Dayton-Liberty Road, Dayton, OH 45427",150,Jefferson Township,Montgomery,"39.732980,-84.284820","J9Q5+7H Dayton, Ohio",None,,,None,,Baseball Diamond; Basketball Court; Restroom; Picnic Shelter,"Named for Judge Arthur O. Fisher, a Tuskegee Airman and local civil rights figure.","https://www.daytonlocal.com/directory/profiles/arthur-o-fisher-park/; https://www.google.com/maps?q=39.7330,-84.2848",
Ashbury Farms Park,Municipal Park,Small neighborhood park with benches and greenspace,Active,City of Vandalia,City of Vandalia,,"1701 Ashworth Dr, Vandalia, OH 45377",,Vandalia,Montgomery,"39.879720,-84.204240","2FJ9+J6 Vandalia, Ohio",None,,None,None,,,,https://vandaliaohio.org/Facilities/Facility/Details/Ashbury-Farms-Park-2,
Aullwood Audubon Center and Farm,Private Nature Reserve,"National Audubon sanctuary with prairies, forests, wetlands, farm, and extensive trails; includes farm and nature center",Active,National Audubon Society,National Audubon Society,,"1000 Aullwood Rd., Dayton, OH 45414",200,Dayton,Montgomery,"39.867020,-84.290010","86J6+H8 Dayton, Ohio",None,,,,,,Includes Aullwood Farm and Nature Center,https://aullwood.audubon.org,
Aullwood Garden MetroPark,Park District Park,Environmental education gardens; adjacent to Aullwood Audubon,Active,Five Rivers MetroParks,Five Rivers MetroParks,,,31,Dayton,Montgomery,"39.868410,-84.287160","86M7+Q4 Dayton, Ohio",None,,,,,,Adjacent to Aullwood Audubon,,
Beachler Park,Municipal Park,Neighborhood park with playground and basic amenities,Active,City of Miamisburg,City of Miamisburg,,412 Ninth St.,,Miamisburg,Montgomery,"39.642650,-84.281980","J9V4+6V Miamisburg, Ohio",None,,None,None,,Playground,,https://storage.googleapis.com/proudcity/playmiamisburgoh/uploads/2022/05/Parks-Map-2022.pdf,
Bear Creek Cemetery,Cemetery,Historic cemetery with mature canopy and passive walking access,Active,Jefferson Township,Jefferson Township,,"1800 Union Rd, Dayton, OH 45417",,Jefferson Township,Montgomery,"39.740520,-84.308900","9X3+4P Dayton, Ohio",None,,None,None,,,"Qualifies due to canopy, wildlife presence, and walkable grounds.",,
Beechwood Springs Park,Park District Park,Neighborhood park with wooded stream corridor,Active,Centerville–Washington Park District,Centerville–Washington Park District,,1141 Quiet Brook Trail,11.455,Centerville,Montgomery,"39.627870,-84.142940","9GPF+Q4 Centerville, Ohio",None,,None,None,,Playground,Acquired via open space transfer in 1987,https://cwpd.org/parks/beechwood-springs/,
Bell Civic Park,Municipal Park,Small civic greenspace,Active,City of Miamisburg,City of Miamisburg,,1021 S. Main St.,,Miamisburg,Montgomery,"39.635260,-84.287870","J9Q4+M2 Miamisburg, Ohio",None,,None,None,,,,https://storage.googleapis.com/proudcity/playmiamisburgoh/uploads/2022/05/Parks-Map-2022.pdf,
Belle Plain Park,Municipal Park,Neighborhood park with greenspace,Active,City of Huber Heights,City of Huber Heights,,"7715 Belle Plain Dr, Huber Heights, OH",,Huber Heights,Montgomery,"39.864870,-84.113940","3G9W+QW Huber Heights, Ohio",None,,None,None,,Playground,,,
Belmont Park,Municipal Park,,Active,City of Dayton,City of Dayton,,"957 Lynhurst Ave., Dayton, OH 45420",55,Dayton,Montgomery,"39.729020,-84.129020","9J9G+2C Dayton, Ohio",None,,None,None,,Baseball diamond; Picnic Shelter; Playground; Restroom; Tennis Court; Soccer Pitch,,https://www.daytonohio.gov/Facilities/Facility/Details/Belmont-Park-Shelter-12,
Benham's Grove,Municipal Park,19th‑century farmhouse complex and community gathering place,Active,City of Centerville,City of Centerville,,"166 North Main Street, Centerville, OH",10,Centerville,Montgomery,"39.639870,-84.159020","9GQ2+JH Centerville, Ohio",None,,None,None,,,Historic estate; renovated grounds; event center,https://www.benhamsgrove.com/BENDEV/,
Benner Park,Municipal Park,Athletic fields and open green space,Active,City of Miamisburg,City of Miamisburg,,1608 Maue Rd.,,Miamisburg,Montgomery,"39.630870,-84.288540","J9Q3+5H Miamisburg, Ohio",None,,None,None,,Baseball Diamond; Soccer Pitch,,https://storage.googleapis.com/proudcity/playmiamisburgoh/uploads/2022/05/Parks-Map-2022.pdf,
Berwin Park,Municipal Park,Train-themed playground; benches,Active,City of Kettering,City of Kettering,,"1400 Berwin Ave., Kettering, OH 45429",1.7,Kettering,Montgomery,"39.695900,-84.168000","9GJX+QG Kettering, Ohio",None,,None,None,,Basketball Court; Playground,,https://www.playkettering.org/berwin-park/,
Big Bend Park,Park District Park,"Neighborhood park with wooded area, trails, and bridge.",Active,Centerville–Washington Park District,Centerville–Washington Park District,,1328 Spring Ash Drive,7.841,Centerville,Montgomery,"39.627410,-84.143870","9GPF+J6 Centerville, Ohio",None,,None,None,,Playground,Access to old railroad bed; stream feature; drinking fountain (seasonal),https://cwpd.org/parks/big-bend/,
Bill Yeck Park,Park District Park,"Large natural area with rare plant species, fossils, and extensive trail system",Active,Centerville–Washington Park District,Centerville–Washington Park District,,Rooks Mill Entrance: 8798 Rooks Mill Ln.; Smith House Entrance: 2230 E. Centerville Station Rd.; McGuffey Meadow Entrance: 7893 Wilmington-Dayton Rd.,194.352,Centerville,Montgomery,"39.627980,-84.106870","9GPG+Q4 Centerville, Ohio",None,,None,None,,,Historic sites; environmental education programs; multiple parking areas,https://cwpd.org/parks/bill-yeck/,
Black Oak East Park,Park District Park,"Natural area with forest, stream, and informal trails",Active,Centerville–Washington Park District,Centerville–Washington Park District,,7835 John Elwood Drive,25.394,Centerville,Montgomery,,,None,,None,None,,,Acquired via open space transfer (1971–1992),https://cwpd.org/parks/black-oak-east/,
Black Oak Park,Park District Park,"Nature park with hiking trails, stream, paved path, and wetland overlook",Active,Centerville–Washington Park District,Centerville–Washington Park District,,1552 Ambridge Road; 7766 Bigger Road,17.855,Centerville,Montgomery,,,None,,None,None,,Playground; Sledding Hill,drinking fountain (seasonal),https://cwpd.org/parks/black-oak/,
Blackhawk Park,Municipal Park,Ball fields; basketball courts; playground; picnic shelter; grill; paved path,Active,City of Kettering,City of Kettering,,"3005 Blackhawk Dr., Kettering, OH 45420",7.3,Kettering,Montgomery,"39.6847,-84.1298",,None,,None,None,,,,https://www.playkettering.org/blackhawk-park/,
BMX Bike Trail,Internal Feature,Named BMX trail within Miamisburg Community Park,Active,City of Miamisburg,City of Miamisburg,,1681 Maue Road (Sycamore Trails Park),,Miamisburg,Montgomery,,,None,,None,None,,,Contained within Miamisburg Community Park,https://www.playmiamisburg.com/parks_facilities/,
Bomberger Park,Municipal Park,Playground; open green space; walking paths; community recreation area,Active,City of Dayton,City of Dayton,,"E. Fifth St. & Keowee St., Dayton, OH 45403",5.5,Dayton,Montgomery,"39.7570,-84.1690",,None,,None,None,,,,https://parkmagnet.com/united-states/ohio/dayton/bomberger-park,
Brittany Hills Park,Park District Park,"Neighborhood park with wooded area and play equipment including slides, climbers, belt swings, and infant swings",Active,Centerville–Washington Park District,Centerville–Washington Park District,,5825 Batsford Drive,4.184,Centerville,Montgomery,,,None,,,,,Hiking trails,Purchased in 1977 with U.S. Department of the Interior funding,https://cwpd.org/parks/brittany-hills/,
Brown School Road Park,Municipal Park,"Neighborhood greenspace with benches, open play area, and nature observation",Active,City of Vandalia,City of Vandalia,,"792 Hunter’s Chase, Vandalia, OH 45377",,Vandalia,Montgomery,"39.8790,-84.2058",,None,,None,None,,,,https://vandaliaohio.org/Facilities/Facility/Details/Brown-School-Road-Park-3,
Bruin Park,Municipal Park,Neighborhood park within Englewood’s municipal park system,Active,City of Englewood,City of Englewood,,"201 N Main Street, Englewood, Ohio 45322",,Englewood,Montgomery,,,None,,,,,Playground; Picnic Shelter,Features from City of Englewood facility page,https://www.englewood.oh.us/Facilities/Facility/Details/Bruin-Park-1,
Buckeye Pheasant Hunting Preserve,Private Hunting Reserve,Privately operated upland game preserve offering guided and unguided pheasant hunts; habitat includes fields and mixed cover,Active,Private,,,"1601 Diamond Mill Rd, New Lebanon, OH 45345",,New Lebanon,Montgomery,"39.7419,-84.3308",,No,,,,,,Hunting preserve; upland game habitat,https://www.buckeyepheasanthunting.com,
Burkham Park,Municipal Park,Playground; basketball court; parking; picnic tables; restrooms; soccer; tennis; water access,Active,City of Dayton,City of Dayton,,"679 S. Broadway St., Dayton, OH 45417",,Dayton,Montgomery,"39.7445,-84.2160",,None,,None,None,,,,https://www.daytonohio.gov/Facilities/Facility/Details/Burkham-Park-Shelter-North-13,
Burns Jackson Park,Municipal Park,Baseball/softball diamond; basketball court; picnic tables; playground; soccer field; tennis court,Active,City of Dayton,City of Dayton,,"552 Buckeye St., Dayton, OH 45410",8,Dayton,Montgomery,"39.7540,-84.1695",,None,,None,None,,,,https://www.daytonohio.gov/Facilities/Facility/Details/Burns-Jackson-Park-Shelter-16,
Burton Street Green,Municipal Park,No listed amenities,Active,City of Dayton,City of Dayton,,"Burton St., Dayton, OH",,Dayton,Montgomery,"39.0,-84.0",,None,,None,None,,,,,
Camp Charles R. Hook,BSA Camp,Historic BSA camp (closed 1991); now contained within Twin Creek MetroPark; contains oak from Gilwell Park,Closed,Boy Scouts of America (historic),,,"8502 Chamberlain Rd., Germantown, OH 45327",,Germantown,Montgomery,"39.6430,-84.3690",,None,,None,None,,,Contained within Twin Creek MetroPark.,,
Canal Lock Park,Municipal Park,Historical lock site and mini-park,Active,City of Huber Heights,City of Huber Heights,,"5999 Endicott Rd, Huber Heights, OH",,Huber Heights,Montgomery,,,None,,None,,,,Historical canal feature,,
Canal Run Dog Park,Internal Feature,Off‑leash dog park within Miamisburg Community Park,Active,City of Miamisburg,City of Miamisburg,,550 South First Street (inside Community Park),,Miamisburg,Montgomery,,,None,,None,None,,,Contained within Miamisburg Community Park,https://www.playmiamisburg.com/parks_facilities/,
Carillon Historical Park,Historical Park,"Open‑air museum with historic buildings, exhibits, and the Wright Flyer III",Active,Dayton History,Dayton History,,"1000 Carillon Blvd., Dayton, OH 45409",65,Dayton,Montgomery,"39.7310,-84.1910","85C2+6R Dayton, Ohio",None,,None,None,,,Part of Dayton History campus,https://www.daytonhistory.org,
Carillon Park Connector Corridor,Controversial,Trail and greenway corridor linking RiverScape and Carillon,Active,Five Rivers MetroParks,Five Rivers MetroParks,,"Along Great Miami River near Carillon Blvd., Dayton, OH",,Dayton,Montgomery,,,None,,None,None,,,Connector corridor,,
Carnegie Center,Recreation Facility,Community recreation and cultural facility,Active,City of Miamisburg,City of Miamisburg,,426 E. Central Ave.,,Miamisburg,Montgomery,,,,,,,,,,https://storage.googleapis.com/proudcity/playmiamisburgoh/uploads/2022/05/Parks-Map-2022.pdf,
Carriage Hill MetroPark,Park District Park,"Large regional MetroPark with trails, historic farm, visitor center, prairie, equestrian facilities",Active,Five Rivers MetroParks,Five Rivers MetroParks,,"7800 E Shull Rd, Huber Heights, OH",900,Huber Heights,Montgomery,,,None,,,,,,,https://www.metroparks.org/,
Case Landing,Municipal Park,River access site on the Great Miami River for non-motorized watercraft,Active,City of Miamisburg,City of Miamisburg,,Linden & Riverview Ave.,,Miamisburg,Montgomery,,,None,,None,None,,,Great Miami River access,https://storage.googleapis.com/proudcity/playmiamisburgoh/uploads/2022/05/Parks-Map-2022.pdf; https://www.playmiamisburg.com/parks_facilities/parks/,
Cassel Hills Pool,Recreation Facility,"Seasonal outdoor public pool with lap lanes, diving area, deck seating, and adjacent greenspace",Seasonal,City of Vandalia,City of Vandalia,,"1061 Taylorsview Dr, Vandalia, OH 45377",,Vandalia,Montgomery,"39.8794,-84.2006",,Yes,,,,,,Public pool; lap lanes; diving area; deck seating,https://vandaliaohio.org,
Centennial Field,Municipal Park,Football field; bleachers; parking; athletic turf,Active,City of Dayton,City of Dayton,,"504 E. Helena St., Dayton, OH 45404",,Dayton,Montgomery,"39.7810,-84.1780",,None,,None,None,,,,https://www.daytonohio.gov/REC,
Centennial Park,Municipal Park,Community park providing multiuse recreation space within Englewood’s park system,Active,City of Englewood,City of Englewood,,"321 Union Boulevard, Englewood, Ohio 45322",,Englewood,Montgomery,,,None,,,,,Fishing Pond;Picnic Shelter;Playground,Amenities summarized from city bikeways and recreation brochure,https://www.englewood.oh.us/189/Parks-Playgrounds,
Chambersburg Road Trail Access,Trail Access Point,Access point to regional bikeway network,Public,Miami Valley Trails,,,"Chambersburg Rd, Huber Heights, OH",,Huber Heights,Montgomery,,,Bikeway Access,,,,,,,https://www.miamivalleytrails.org,
Cherry Hill Park,Park District Park,Neighborhood park with play equipment and open athletic area,Active,Centerville–Washington Park District,Centerville–Washington Park District,,10244 Cherry Tree Terrace,6.016,Centerville,Montgomery,,,None,,,,,Informal open play area,Grill; picnic tables; sled hill; acquired 1988; originally Section 16 Park; renamed 1997,https://cwpd.org/parks/cherry-hill/,
Cleveland Park,Municipal Park,Baseball/softball diamond; basketball court; picnic tables; playground; soccer field,Active,City of Dayton,City of Dayton,,"3200 Cleveland Ave., Dayton, OH 45420",9.8,Dayton,Montgomery,"39.7410,-84.1400",,None,,None,None,,,,,
Cloverbrook Park,Park District Park,Neighborhood park with open sports area and play equipment,Active,Centerville–Washington Park District,Centerville–Washington Park District,,7566 Cloverbrook Park Drive,5.522,Centerville,Montgomery,,,None,,,,,Informal play area,Formerly Pelbrook Park; renamed 2020; acquired 1973,https://cwpd.org/parks/cloverbrook/,
College Hill Park,Municipal Park,Playground; restrooms; tennis court; walking paths,Active,City of Dayton,City of Dayton,,"3222 Harvard Blvd., Dayton, OH 45406",5,Dayton,Montgomery,"39.7830,-84.2160",,None,,None,None,,,,https://www.mypacer.com/parks/165637/college-hill-park-dayton,
Community Garden,Municipal Park,Community garden plots and greenspace,Active,City of Huber Heights,City of Huber Heights,,"4301 Powell Rd, Huber Heights, OH",,Huber Heights,Montgomery,,,None,,None,,,,,,
Community Park,Municipal Park,"Playground, shelter, open greenspace",Active,City of Huber Heights,City of Huber Heights,,"5401 Chambersburg Rd, Huber Heights, OH",,Huber Heights,Montgomery,,,None,,None,,,,,,
Community Park,Municipal Park,Basketball courts; playground; walking path; contains Canal Run Dog Park; BMX trail; skate park,Active,City of Miamisburg,City of Miamisburg,,550 South First Street,,Miamisburg,Montgomery,,,None,,None,None,,,,https://storage.googleapis.com/proudcity/playmiamisburgoh/uploads/2022/05/Parks-Map-2022.pdf; https://www.playmiamisburg.com/parks_facilities/parks/,
Community Park,Municipal Park,"Community park with walking path, playgrounds, dog park, courts, and picnic amenities",Active,City of Riverside,City of Riverside,,"796 Old Harshman Road, Riverside, OH 45431",11,Riverside,Montgomery,,,None,,None,None,0.48,Playground;Dog Park;Basketball Court;Volleyball Court;Walking Path;Picnic Shelter;Restroom;Water Fountain;Grill,,https://cms3.revize.com/revize/riverside/Parks%20&%20Recreation%20Amenities.pdf?t=202508061644210&t=202508061644210,
Community Park Learning Center,Recreation Facility,Indoor learning and community space,Active,City of Miamisburg,City of Miamisburg,,550 S. First St.,,Miamisburg,Montgomery,,,,,,,,,,https://storage.googleapis.com/proudcity/playmiamisburgoh/uploads/2022/05/Parks-Map-2022.pdf,
Concept Park,Park District Park,"Neighborhood park with basketball court, shelter, play equipment, and stream feature",Active,Centerville–Washington Park District,Centerville–Washington Park District,,345 Clareridge Lane,6.016,Centerville,Montgomery,,,None,,,,,Informal natural stream area,Basketball court; drinking fountain; shelter; picnic tables; water feature; acquired 1963,https://cwpd.org/parks/concept/,
Concord Farms North Neighborhood Park,Municipal Park,Green space and neighborhood recreation area,Active,City of Union,City of Union,,Concord Farms North subdivision,,Union,Montgomery,,,None,,None,None,,,,https://www.unionoh.org/1257/Places-to-Play,
Concord Farms West Neighborhood Park,Municipal Park,Green space and neighborhood recreation area,Active,City of Union,City of Union,,Concord Farms West subdivision,,Union,Montgomery,,,None,,None,None,,,,https://www.unionoh.org/1257/Places-to-Play,
Cook Park,Municipal Park,"Small neighborhood park with slide, swing set, bars, basketball court, and shelter",Active,Village of Carlisle,Village of Carlisle,,Northwest of Fairview Dr. & Timber Ridge Dr.,,Carlisle,Montgomery,,,None,,None,None,,,,https://www.carlisleoh.org/community/parks_recreation/index.php,
Copperfield Park,Municipal Park,"Neighborhood park with benches, greenspace, and informal recreation area",Active,City of Vandalia,City of Vandalia,,"1635 Middlefield Ct, Dayton, OH 45414",,Vandalia,Montgomery,"39.8597,-84.1915",,None,,None,None,,,,https://vandaliaohio.org/Facilities/Facility/Details/Copperfield-Park-4,
Cornerstone Park,Municipal Park,"Passive parkland with trails, greenspace, plaza, sculpture, and preserved stream",Active,City of Centerville,City of Centerville,,5210 Cornerstone North Boulevard,11,Centerville,Montgomery,,,None,,,,,,Developed with Oberer Developers and ODNR; Clean Ohio grant; part of DORA district; Hiking/walking trails,https://www.centervilleohio.gov/402/Cornerstone-Park,
Cottonwood Park,Municipal Park,Neighborhood park with playground and greenspace,Active,City of Huber Heights,City of Huber Heights,,"6000 Fishburg Rd, Huber Heights, OH 45424",,Huber Heights,Montgomery,,,None,,None,,,,,https://huberheights.org,
Countryside Park,Park District Park,"Mixed natural and recreational park with lake, ponds, boardwalk, kayak launch, playgrounds, fields, and paved path",Active,Washington Township,Washington Township,,895 Miamisburg‑Centerville Road,21.2,Centerville,Montgomery,,,None,,,,,Paved pedestrian path; boardwalk; kayak launch,Donor required nature preserve use; historic cabin; master plan improvements,https://www.washingtontwp.org/recreation/rentals___parties/countryside_park,
Cox Arboretum and Gardens MetroPark,Park District Park,"Arboretum, gardens, nature trails, butterfly house",Active,Five Rivers MetroParks,Five Rivers MetroParks,,,174,Dayton,Montgomery,,,Yes,,,,,,Botanical focus,,
Crains Run County Nature Preserve,County Nature Preserve,"County‑managed river corridor with wetlands, riparian habitat, and access to the Great Miami River Trail",Active,Montgomery County,Montgomery County,,"10400 Dayton Cincinnati Pike, Miamisburg, OH 45342",,Miami Township,Montgomery,"39.5880,-84.2735",,None,,None,None,,,Multiple unofficial names exist online (“Nature Area” / “Nature Park”); consolidated into a single county‑managed conservation parcel.,https://mcdwater.org (if applicable),
Creekside Trail Access — Airway Rd,Trail Access Point,Trail access point to the Creekside Trail,Active,Miami Valley Trails,Miami Valley Trails,,"Airway Rd, Riverside, OH",,Riverside,Montgomery,,,Bikeway Access Point,Creekside Trail,None,Access Point,,,,https://www.miamivalleytrails.org,
Creekside Trail Access — Woodman Dr,Trail Access Point,Trail access point to the Creekside Trail,Active,Miami Valley Trails,Miami Valley Trails,,"Woodman Dr, Riverside, OH",,Riverside,Montgomery,,,Bikeway Access Point,Creekside Trail,None,Access Point,,,,https://www.miamivalleytrails.org,
Cricket Holler,BSA Camp,"BSA camp with forest, trails, and camp facilities",Active,Boy Scouts of America – Miami Valley Council,Boy Scouts of America – Miami Valley Council,,"6675 Brantford Rd, Dayton, OH 45414",160,Dayton,Montgomery,"39.8370,-84.2600","86H3+Q3 Dayton, Ohio",None,,None,None,,,,https://www.miamivalleytrails.org,
Dayton 2nd Street Market,Recreation Facility,Indoor public market operated by Five Rivers MetroParks,Active,Five Rivers MetroParks,Five Rivers MetroParks,,"600 E 2nd St., Dayton, OH 45402",,Dayton,Montgomery,"39.7610,-84.1780","85G2+QW Dayton, Ohio",No,,,,,,MetroParks-operated community market,https://www.metroparks.org,
Dayton View Park,Municipal Park,Basketball court; electricity; picnic tables; playground; restrooms; water availability,Active,City of Dayton,City of Dayton,,"600 Edgewood Ave., Dayton, OH 45402",8.2,Dayton,Montgomery,"39.7720,-84.2160",,None,,None,None,,,,https://www.daytonohio.gov/facilities/facility/details/Dayton-View-Park-Shelter-19,
Dayton View Triangle Green,Municipal Park,Park-like neighborhood green with mature trees and scenic landscape,Active,City of Dayton,City of Dayton,,"Salem Ave., Philadelphia Dr., & Cornell Dr., Dayton, OH",,Dayton,Montgomery,"39.0,-84.0",,None,,None,None,,,,https://liveindayton.org/dayton-view-triangle/,
Deeds Dog Park,Municipal Park,Fenced dog areas; water fountains; seating; shade; double-gated entrance,Active,City of Dayton,City of Dayton,,"555 Webster St., Dayton, OH 45404",,Dayton,Montgomery,"39.7690,-84.1780",,None,,None,None,,,,https://www.bringfido.com/attraction/12612/,
Deeds Point Buffer Zone,Park District Conservation Area,Natural buffer area adjacent to Deeds Point MetroPark,Active,Five Rivers MetroParks,Five Rivers MetroParks,,"Near Webster St., Dayton, OH",,Dayton,Montgomery,,,None,,None,None,,,,,
Deeds Point MetroPark,Park District Park,Scenic riverfront park at confluence of Mad and Great Miami Rivers,Active,Five Rivers MetroParks,Five Rivers MetroParks,,,,Dayton,Montgomery,,,Yes,,,,,,Overlooks downtown Dayton,,
Deer Meadow Connector Trail,Municipal Park,Short paved connector linking Deer Meadow Park to the regional trail system,Active,City of Moraine,City of Moraine,,Near 2650 Blanchard Avenue,,Moraine,Montgomery,,,None,,None,None,,,Connector trail,https://moraineoh.myrec.com/info/dept/details.aspx?DeptInfoID=1052,
Deer Meadow Park,Municipal Park,Playground equipment; picnic tables; grills; shelters; basketball court,Active,City of Moraine,City of Moraine,,2650 Blanchard Avenue,5,Moraine,Montgomery,,,None,,None,None,,,,https://moraineoh.myrec.com/info/dept/details.aspx?DeptInfoID=1052,
Delco Park,Municipal Park,Fishing pond; BMX track; shelters; restrooms; trails; large open fields,Active,City of Kettering,City of Kettering,,"1700 Delco Park Dr., Kettering, OH 45420",69,Kettering,Montgomery,"39.7053,-84.1137",,None,,None,None,,,,https://www.playkettering.org/delco-park/,
DeWeese Park,Municipal Park,Parking; picnic tables; wooded trails; river access; walking & hiking routes,Active,City of Dayton,City of Dayton,,"1301 E. Siebenthaler Ave., Dayton, OH 45414",159,Dayton,Montgomery,"39.8020,-84.1940",,None,,None,None,,,,https://www.daytonohio.gov/Facilities/Facility/Details/DeWeese-Park-21,
Dial Park,Municipal Park,Neighborhood park with greenspace and bike amenity planning,Active,City of Huber Heights,City of Huber Heights,,"5046 Longford Rd, Huber Heights, OH 45424",,Huber Heights,Montgomery,"39.86457,-84.10863",,None,,None,,,,,https://hhoh.recdesk.com/Community/Facility/Detail?facilityId=28,
Disc Golf Course,Recreation Facility,"18-hole disc golf course designed for newer players; shared baskets; incorporates water, trees, walking paths, and cricket field",Active,City of Centerville,City of Centerville,,255 W. Spring Valley Pike,,Centerville,Montgomery,,,,,,,,Walking paths,Opened 2016; ODNR funding; benches added,https://www.centervilleohio.gov/Facilities/Facility/Details/Disc-Golf-Course-5,
Divided Ridge Park,Park District Park,"Neighborhood park with paved walking path, benches, play equipment, and shelter",Active,Centerville–Washington Park District,Centerville–Washington Park District,,347 Beck Drive,1.374,Centerville,Montgomery,,,None,,,,,Paved walking path,Acquired 2008; watershed divide; playground expanded 2019,https://cwpd.org/parks/divided-ridge/,
Doctor Bowers Lakes,Municipal Park,Lakeside public open space within Englewood’s park system,Active,City of Englewood,City of Englewood,,"Englewood, Ohio 45322",,Englewood,Montgomery,,,None,,,,,,,https://www.englewood.oh.us/189/Parks-Playgrounds,
Don Rusk Park (Fuls Park),Municipal Park,"Community park with ballfields, paved loop trail, playground; dog-friendly",Active,Village of New Lebanon,Village of New Lebanon,,"209–233 S Fuls Rd, New Lebanon, OH 45345",,New Lebanon,Montgomery,"39.7399,-84.3880",,None,,None,None,,,,https://www.newlebanonoh.com,
Donnington Park,Municipal Park,Playground equipment and a half basketball court,Active,City of West Carrollton,City of West Carrollton,,350 Donnington Dr.,,West Carrollton,Montgomery,,,None,,None,None,,,Playground and court amenities only.,,
Donnybrook Park,Park District Park,"Neighborhood park with wooded area, rare fen, stream, and play equipment",Active,Centerville–Washington Park District,Centerville–Washington Park District,,6161 Donnybrook Drive; 6161 Millbrook Drive,4.724,Centerville,Montgomery,,,None,,,,,Hiking trails; fen access,Fen restoration; boardwalk; invasive removal; acquired 1966,https://cwpd.org/parks/donnybrook/,
Drennen Park,Municipal Park,"Neighborhood park with walking path, playground, court, and parking",Active,City of Riverside,City of Riverside,,"5731 Penn Avenue, Riverside, OH 45432",4.5,Riverside,Montgomery,,,None,,None,None,0.12,Playground;Basketball Court;Walking Path;Restroom,,https://cms3.revize.com/revize/riverside/Parks%20&%20Recreation%20Amenities.pdf?t=202508061644210&t=202508061644210,
Dull Woods,Park District Conservation Area,Wooded natural tract managed for conservation,Active,Five Rivers MetroParks,Five Rivers MetroParks,,"Brookville, Ohio, USA",8,Brookville,Montgomery,,,None,,None,None,,,,,
Dull Woods Conservation Area,Park District Conservation Area,High‑quality swamp forest remnant with mature wetland trees; adjacent to the Wolf Creek Trail,Active,Five Rivers MetroParks,Five Rivers MetroParks,,Westbrook Rd. near Wolf Creek Trail,8,Dayton,Montgomery,,,None,,None,None,,,Wolf Creek Trail adjacency.,https://www.metroparks.org/,
East River Landing,Municipal Park,Boat ramp; fishing access; picnic tables; riverfront green space,Active,City of Moraine,City of Moraine,,3800 East River Road,2,Moraine,Montgomery,,,None,,None,None,,,Great Miami River access,https://moraineoh.myrec.com/info/dept/details.aspx?DeptInfoID=1052,
Eastwood MetroPark,Park District Park,"Lake, river corridor, trails, boating, fishing",Active,Five Rivers MetroParks,Five Rivers MetroParks,,,441,Dayton,Montgomery,,,Yes,,,,,,Lake + river access,,
Edgemont Cemetery,Cemetery,Small historic cemetery serving the Edgemont neighborhood,Active,City of Dayton,City of Dayton,,"Edgemont Ave., Dayton, OH 45417",,Dayton,Montgomery,"39.7420,-84.2160","85CW+V2 Dayton, Ohio",None,,None,None,,,Historic cemetery with mature trees.,,
Edgemont Community Green,Municipal Park,Urban agriculture space; community gathering area,Active,City of Dayton,City of Dayton,,"Edgemont neighborhood, Dayton, OH",,Dayton,Montgomery,"39.0,-84.0",,None,,None,None,,,,https://www.greateredgemont.com/about,
Edgemont Solar Garden Green,Municipal Park,Community greenhouse; farmers markets; workshops; food production space,Active,City of Dayton,City of Dayton,,"Miami Chapel Rd., Dayton, OH",,Dayton,Montgomery,"39.0,-84.0",,None,,None,None,,,,https://www.greateredgemont.com/action/edgemont-solar-garden,
Eintracht River Access,Fishing Access,"River access site with non‑motorized boat launch, parking, and picnic seating",Active,City of Riverside,City of Riverside,,"2707 Old Troy Pike, Dayton, OH 45404",,Riverside,Montgomery,,,Trail Access Point,Great Miami River Water Trail,None,Access Point,,Boat Ramp;River Access;Parking,,https://cms3.revize.com/revize/riverside/Parks%20&%20Recreation%20Amenities.pdf?t=202508061644210&t=202508061644210,
Elizabeth Gardens,Municipal Park,Formal public garden with landscaped beds and seating areas,Active,City of Oakwood,City of Oakwood,,Elizabeth Ct.,,Oakwood,Montgomery,,,None,,None,None,,,Companion site to Smith Gardens,,
Elizabeth Hoy Park,Park District Park,Open green space with whale climber; paved trail connection,Active,Centerville–Washington Park District,Centerville–Washington Park District,,185 Hampton Drive,4.058,Centerville,Montgomery,,,None,,,,,Paved multi-use trail,Dedicated 1973; transferred 1979,https://cwpd.org/parks/elizabeth-hoy/,
Ellerton Cemetery,Cemetery,"Rural cemetery with open lawn, tree cover, and passive recreation access",Active,Miami Township,Miami Township,,"6480 Farmersville West Carrollton Rd, Miamisburg, OH 45342",,Miamisburg,Montgomery,"39.6351,-84.3360",,None,,None,None,,,Qualifies due to canopy and passive walking access.,,
Englewood Dam Recreation Area,Army Corps of Engineers Property,"Recreation area with trails, river access, and open space",Active,,U.S. Army Corps of Engineers,,"Near U.S. 40, Englewood, OH 45322",,Randolph Township,Montgomery,,,,,,,,,Part of Miami Conservancy District flood control system,,
Englewood MetroPark,Park District Park,"Large regional natural area with waterfalls, forest, river corridor, dam, and multiple trail systems",Active,Five Rivers MetroParks,Five Rivers MetroParks,,4361 National Rd.,1900,Englewood,Montgomery,"39.8795,-84.3160","86GJ+Q4 Englewood, Ohio",Yes,,,,,,Includes Martindale Falls; Includes Englewood Dam (MCD) and multiple waterfalls,https://www.metroparks.org/places-to-go/englewood-metropark/,
Englewood Reserve (formerly Englewood Hills South Park),Municipal Park,Wooded neighborhood park with trails and natural areas,Active,City of Englewood,City of Englewood,,400 S. Main St.,,Englewood,Montgomery,,,None,,None,None,,,,https://www.englewood.oh.us/,
Englewood Reserve Bikeway,Land Trail,Paved bikeway corridor within Englewood’s recreational network,Active,City of Englewood,City of Englewood,,"Englewood, Ohio 45322",,Englewood,Montgomery,,,Trail System,,Linear,None,,Multi-Use Trail,Segment and amenity details generalized from city bikeways brochure,https://www.englewood.oh.us/189/Parks-Playgrounds,
Englewood YMCA,Recreation Facility,Recreation facility and grounds associated with the Englewood YMCA,Active,City of Englewood,City of Englewood,,"West National Road, Englewood, Ohio 45322",,Englewood,Montgomery,,,None,,,,,,,https://www.englewood.oh.us/189/Parks-Playgrounds,
Ernst Park,Municipal Park,Shelter; grills; bike/walking paths; playground; drinking fountains; picnic tables,Active,City of Kettering,City of Kettering,,"1030 E. David Rd., Kettering, OH 45429",14,Kettering,Montgomery,"39.6894,-84.1477",,None,,None,None,,,,https://www.playkettering.org/ernst-park/,
Fairmont Triangle,Municipal Park,Small landscaped traffic‑island green with ornamental plantings,Active,City of Oakwood,City of Oakwood,,Far Hills Ave. & Thruston Blvd.,,Oakwood,Montgomery,,,None,,None,None,,,Recognized micro‑park within Oakwood’s civic landscape.,,
Fairridge Park,Municipal Park,Small neighborhood park with open lawn and informal recreation space,Active,City of Oakwood,City of Oakwood,,2100 Far Hills Ave. (approx.),,Oakwood,Montgomery,,,None,,None,None,,,Small green space serving nearby residential area.,,
Feedwire Road Covered Bridge,Covered Bridge,Wooden covered bridge relocated from Little Sugar Creek; preserved within Carillon Historical Park,Preserved,City of Dayton,City of Dayton,,"Carillon Historical Park, 1000 Carillon Blvd., Dayton, OH 45409",,Dayton,Montgomery,"39.728,-84.200",,None,,None,None,,,Originally located on Feedwire Road; only covered bridge in the park,https://www.daytonhistory.org/,
Fence Row Park,Park District Park,"Neighborhood park with climbers, swings, and picnic tables",Active,Centerville–Washington Park District,Centerville–Washington Park District,,1650 Haley Drive,2.0169,Centerville,Montgomery,,,None,,,,,Informal play area,Acquired 1979–2001,https://cwpd.org/parks/fence-row/,
Fishburg Road Trail Access,Trail Access Point,Access point to regional bikeway network,Public,Miami Valley Trails,,,"Fishburg Rd, Huber Heights, OH",,Huber Heights,Montgomery,,,Bikeway Access,,,,,,,https://www.miamivalleytrails.org,
Five Oaks Park,Municipal Park,Baseball/softball diamond; electricity; picnic tables; playground; restrooms; spray park; water availability,Active,City of Dayton,City of Dayton,,"300 5 Oaks Ave., Dayton, OH 45405",,Dayton,Montgomery,"39.7790,-84.2160",,None,,None,None,,,,https://www.daytonohio.gov/facilities/facility/details/Five-Oaks-Park-Shelter-22,
Flyer Field at Kitty Hawk Park,Municipal Park,Open greenspace with dog park,Active,City of Huber Heights,City of Huber Heights,,"5210 Sabra Ave, Huber Heights, OH",,Huber Heights,Montgomery,,,None,,None,,,,,,
Forest Field Park,Park District Park,"Community park and arboretum with trails, courts, fields, and natural play area",Active,Centerville–Washington Park District,Centerville–Washington Park District,,2100 E. Centerville Station Rd.,44.274,Centerville,Montgomery,,,None,,,,,Paved loop (.5 mile),AED; EV charging; grill; Little Free Library; pickleball; rain garden; restrooms; courts; parking,https://cwpd.org/parks/forest-field/,
Forest Walk Park,Park District Park,"Nature park with wooded trails, stream, and play equipment at both entrances",Active,Centerville–Washington Park District,Centerville–Washington Park District,,7570 Forest Brook Boulevard; 1193 Deer Run Road,8.278,Centerville,Montgomery,,,None,,None,None,,Acquired 1979 & 2000 via open space transfer; stream corridor; two access points,https://cwpd.org/parks/forest-walk/,,
Frederick Pike / Shoup Mill Conservation Tract,Park District Conservation Area,Riparian forest and floodplain habitat near Frederick Pike and Shoup Mill Rd; important for water quality and wildlife movement,Active,Five Rivers MetroParks,Five Rivers MetroParks,,,,Dayton,Montgomery,,,None,,None,None,,,,https://www.metroparks.org/what-we-do/conservation-leadership/what-we-protect/,
Friend Park,Municipal Park,Playground equipment; bike trail access; half basketball court,Active,City of West Carrollton,City of West Carrollton,,155 Squire St.,,West Carrollton,Montgomery,,,None,,None,None,,,Bike trail access; neighborhood park with mixed recreation amenities.,,
Friendship Park,Township Park,Small community green at rural crossroads,Active,German Township,,,"Dayton Germantown Pike at Friend Rd., Germantown, OH 45327",,German Township,Montgomery,"39.6885,-84.4020",,No,,,,,,,,
Garden Plots,Municipal Park,Community garden plots available for seasonal rental,Active,City of Moraine,City of Moraine,,4200 Dryden Road,2,Moraine,Montgomery,,,None,,None,None,,,Community agriculture site.,https://moraineoh.myrec.com/info/dept/details.aspx?DeptInfoID=1052,
Gary Sherman Park,Municipal Park,Neighborhood park with playground and lawn,Active,City of Huber Heights,City of Huber Heights,,"6109–6121 Taylorsville Rd, Huber Heights, OH",,Huber Heights,Montgomery,,,None,,None,,,,,,
Gateway Park,Municipal Park,Picnic tables and Veterans & First Responders Memorial,Active,City of Brookville,City of Brookville,,Upper Lewisburg Salem Rd. & Arlington Rd.,,Brookville,Montgomery,,,None,,None,,,,Small memorial-focused park,,
Gazebo Park,Municipal Park,Small municipal park centered on a gazebo structure,Active,City of Englewood,City of Englewood,,"Englewood, Ohio 45322",,Englewood,Montgomery,,,None,,,,,,,https://www.englewood.oh.us/189/Parks-Playgrounds,
Gebhart Church Cemetery,Cemetery,"Historic cemetery with mature trees, wildlife presence, and passive walking access",Active,Miami Township,Miami Township,,"2717 Gebhart Church Rd, Miamisburg, OH 45342",,Miamisburg,Montgomery,"39.6248,-84.2722",,None,,None,None,,,"Qualifies due to canopy, wildlife, and public access.",,
Gentile Nature Park,Municipal Park,Zipline; nature playground; bike path connector; historical displays; walking path,Active,City of Kettering,City of Kettering,,"915 Peach Orchard Rd., Kettering, OH 45420",19,Kettering,Montgomery,"39.7170,-84.1347",,None,,None,None,,,,https://www.playkettering.org/gentile-nature-park/,
George Taylor Park,Municipal Park,Playground equipment; picnic tables; grills; shelters; basketball courts; tennis court,Active,City of Moraine,City of Moraine,,4709 E. Venetian Way,2,Moraine,Montgomery,,,None,,None,None,,,,https://moraineoh.myrec.com/info/dept/details.aspx?DeptInfoID=1052,
German Village Park,Municipal Park,Playground equipment; picnic tables; grills; shelters,Active,City of Moraine,City of Moraine,,4700 Pinnacle Road,1,Moraine,Montgomery,,,None,,None,None,,,,https://moraineoh.myrec.com/info/dept/details.aspx?DeptInfoID=1052,
Germantown / Twin Creek Wilderness Tract,Park District Conservation Area,"Large wilderness area with deep ravines, mature forest, and high‑quality streams",Active,Five Rivers MetroParks,Five Rivers MetroParks,,Germantown Area,,Germantown,Montgomery,,,None,,None,None,,,,https://www.metroparks.org/what-we-do/conservation-leadership/what-we-protect/,
Germantown Connector Greenway,Controversial,Greenway corridor linking Germantown MetroPark and Twin Creek,Active,Five Rivers MetroParks,Five Rivers MetroParks,,"Near Conservancy Rd., Germantown, OH",,Germantown,Montgomery,,,None,,None,None,,,Connector greenway,,
Germantown Covered Bridge,Covered Bridge,Historic 1870 covered bridge over Little Twin Creek (Bridge ID 35‑57‑01),Active,City of Germantown,City of Germantown,,"West Center St., Germantown, OH 45327",,Germantown,Montgomery,"39.6260,-84.3690",,None,,None,None,,,Historic covered bridge.,,
Germantown Dam Recreation Area,Federal Recreation Area,USACE/MCD recreation area with river access and natural habitat,Active,U.S. Army Corps of Engineers,U.S. Army Corps of Engineers,,"Conservancy Rd., Germantown, OH 45327",,Germantown,Montgomery,"39.6505,-84.3780",,None,,None,None,,,Part of Miami Conservancy District flood‑control system.,,
Germantown MetroPark,Park District Park,"Large MetroPark with old-growth forest, ravines, prairies, meadows, and Twin Creek corridor",Active,Five Rivers MetroParks,Five Rivers MetroParks,,7101 Conservancy Rd.; 6206 Boomershine Rd,1655,Germantown,Montgomery,,,Yes,,,,,,Main entrance; multiple trailheads,https://www.metroparks.org/places-to-go/germantown/,
Gettysburg Avenue Green,Municipal Park,No listed amenities; potential redevelopment green space,Active,City of Dayton,City of Dayton,,"N. Gettysburg Ave., Dayton, OH",,Dayton,Montgomery,"39.0,-84.0",,None,,None,None,,,,https://www.wdtn.com/news/dayton-repurposes-old-gas-station-sites-for-new-developments/,
Gettysburg Stormwater Green,Controversial,Stormwater green infrastructure; drainage features; vegetation,Active,City of Dayton,,,"Gettysburg Ave., Dayton, OH",,Dayton,Montgomery,"39.0,-84.0",,,,,,,,,https://www.daytonohio.gov/409/Storm-Water-Management-Program,
Glaser Park,Municipal Park,Railroad-themed playground; swings; basketball court; picnic tables; walking loop,Active,City of Kettering,City of Kettering,,"1851 Doris Dr., Kettering, OH 45429",0.8,Kettering,Montgomery,"39.6957,-84.1690",,None,,None,None,,,,https://www.playkettering.org/glaser-park/,
Golden Gate Park,Municipal Park,"Community park with playground, fields, courts, and shelters",Active,City of Brookville,City of Brookville,,"545 Upper Lewisburg Salem Rd., Brookville, OH",,Brookville,Montgomery,,,None,,None,,,,Primary community park,,
Government Center Playground,Municipal Park,Playground area at or near the Englewood Government Center,Active,City of Englewood,City of Englewood,,"Englewood, Ohio 45322",,Englewood,Montgomery,,,None,,,,,Playground,,https://www.englewood.oh.us/189/Parks-Playgrounds,
Grant Park,Park District Park,"Large natural area with creeks, meadow, forest, prairie, wetlands, and extensive trails",Active,Centerville–Washington Park District,Centerville–Washington Park District,,501 Normandy Ridge Rd; 6588 McEwen Rd; 616 Grant’s Trail,222.48,Centerville,Montgomery,,,None,,,,,,Hiking trails; paved loop; nature literature trail,Fire circles; sled hills; wetland; restrooms; historic notes,https://cwpd.org/parks/grant/
Grantwood Park,Municipal Park,Picnic shelter; playground equipment; basketball court,Active,City of West Carrollton,City of West Carrollton,,35 Grantwood Ave.,,West Carrollton,Montgomery,,,None,,None,None,,,Standard neighborhood park amenities.,,
Great Miami Mitigation Bank Conservation Area,Park District Conservation Area,A 360‑acre wetland and stream mitigation bank restored and managed by MetroParks; major bird habitat,Active,Five Rivers MetroParks,Five Rivers MetroParks,,"2765 N Snyder Rd, Dayton, OH 45426",360,,Montgomery,"39.8180,-84.3430",,None,,None,None,,,Part of Spring Run Conservation Area; adjacent to Sycamore State Park.,https://www.metroparks.org/places-to-go/spring-run/,
Great Miami River Access — Medlar Road,Fishing Access,Roadside public access to Great Miami River near Medlar Conservation Area,Active,"Miami Township, Ohio",,,"Medlar Rd at Great Miami River, Miamisburg, OH 45342",,Miami Township,Montgomery,"39.5985,-84.2808",,Yes,,,,,,Verified public river access point,,
Great Miami River Access (MetroParks),River Access,River access point managed by MetroParks,Active,Five Rivers MetroParks,Five Rivers MetroParks,,"Near Carillon Blvd., Dayton, OH",,Dayton,Montgomery,,,Yes,,,,,,River access,,
Great Miami River Corridor (Dayton Segment),Municipal Park,Trail access; paved multi-use path; river corridor access,Active,City of Dayton,City of Dayton,,"Great Miami River, Dayton, OH",,Dayton,Montgomery,"39.0,-84.0",,None,,None,None,,,,https://www.miamivalleytrails.org/trails/great-miami-river-trail,
Great Miami River Corridor (Miami Township Segment),Controversial,Riparian corridor along the Great Miami River with public access at crossings; Regional paved trail along the Great Miami River with multiple access points,Active,Miami Township,Miami Township,,"Near Dayton‑Cincinnati Pike, Miamisburg, OH 45342",,,Montgomery,"39.6200,-84.2700",,None,,None,None,,,Linear natural corridor with ecological value; Official regional trail; only Miami Township segments included,,
Great Miami River Floodplain Tract,Park District Conservation Area,"Floodplain forest, wetlands, and riparian habitat along the Great Miami River",Active,Five Rivers MetroParks,Five Rivers MetroParks,,,,Dayton,Montgomery,,,None,,None,None,,,,https://www.metroparks.org/what-we-do/conservation-leadership/what-we-protect/,
Great Miami River Trail Corridor (MetroParks),Controversial,Riverfront bikeway corridor managed by MetroParks,Active,Five Rivers MetroParks,Five Rivers MetroParks,,"Along Great Miami River, Montgomery County",,Montgomery,Montgomery,,,None,,None,None,,,Part of regional bikeway network,,
Great Miami South Connector,Controversial,Greenway corridor linking Miamisburg and West Carrollton,Active,Five Rivers MetroParks,Five Rivers MetroParks,,Along Great Miami River south of Dayton,,,Montgomery,,,None,,None,None,,,Linear natural corridor,,
Great Miami Valley Trail,Municipal Park,Regional paved multi-use trail following the Great Miami River,Active,City of Moraine,City of Moraine,,Various access points,,Moraine,Montgomery,,,None,,None,None,,,Part of the regional trail network.,https://moraineoh.myrec.com/info/dept/details.aspx?DeptInfoID=1052,
Greater Dayton Recreation Center,Municipal Park,Gymnasium; fitness center; indoor track; multipurpose rooms; community programming,Active,City of Dayton,City of Dayton,,"2021 W. Third St., Dayton, OH 45417",,Dayton,Montgomery,"39.7570,-84.2280",,None,,None,None,,,,https://www.daytonohio.gov/Facilities/Facility/Details/Greater-Dayton-Recreation-Center-23,
Green Park,Park District Park,"Neighborhood park with open sports area, tennis court, play equipment, and shelter",Active,Centerville–Washington Park District,Centerville–Washington Park District,,6661 Green Park Drive,5,Centerville,Montgomery,,,None,,,,,,Informal open play area,Drinking fountain; shelter; tennis court; acquired 1964,https://cwpd.org/parks/green/
Greene Line Park,Park District Park,"Large neighborhood park with wooded trails, stream, sled hill, grill, picnic tables, and play equipment",Active,Centerville–Washington Park District,Centerville–Washington Park District,,6774 Crossbrook Drive; 2170 Briggs Drive,11.325,Centerville,Montgomery,,,None,,,,,,Hiking trails,Stream; sled hill; grill; picnic tables; acquired 1991–1992,https://cwpd.org/parks/greene-line/
Hardscrabble Park,Municipal Park,Wooded natural area with informal trails,Active,City of Clayton,City of Clayton,,100 W. Mill St.,,Clayton,Montgomery,,,None,,None,None,,,Verified via Facility/Details/1.,http://clayton.oh.us/Facilities/Facility/Details/1,
Harmon Park,Municipal Park,Playground equipment; half basketball court; three baseball fields; lighted football field,Active,City of West Carrollton,City of West Carrollton,,545 N. Elm St.,,West Carrollton,Montgomery,,,None,,None,None,,,Includes multiple ballfields.,,
Helke Park,Municipal Park,Major community park with playgrounds; lit courts; ballfields; disc golf; shelters; restrooms,Active,City of Vandalia,City of Vandalia,,"Randler Ave, Vandalia, OH 45377",30.5,Vandalia,Montgomery,"39.8895,-84.2010",,None,,None,None,,,,https://vandaliaohio.org/Facilities/Facility/Details/Helke-Park-6,
Herbert C. Huber Community Park,Municipal Park,"Also known as Community Park; playground, shelter, open greenspace",Active,City of Huber Heights,City of Huber Heights,,"8625 Brandt Pike, Huber Heights, OH 45424",,Huber Heights,Montgomery,,,None,,None,,,,,https://huberheights.org,
Heritage Village: Gebhart Tavern & Jacob Kercher Cabin,Historic Site,Historic structures preserved as part of Heritage Village,Active,City of Miamisburg,City of Miamisburg,,104 Old Main St.,,Miamisburg,Montgomery,,,None,,None,None,,,Historic structures,https://storage.googleapis.com/proudcity/playmiamisburgoh/uploads/2022/05/Parks-Map-2022.pdf,
Hickorydale Park,Municipal Park,Walking paths; wooded areas; open green space,Active,City of Dayton,City of Dayton,,"3000 Shiloh Springs Rd., Dayton, OH 45406",,Dayton,Montgomery,"39.8020,-84.2580",,None,,None,None,,,,https://www.mypacer.com/parks/165639/hickorydale-park-dayton,
Highland Park,Municipal Park,Playground; basketball court; open green space,Active,City of Dayton,City of Dayton,,"2000 Revere Ave., Dayton, OH 45406",,Dayton,Montgomery,"39.7830,-84.2400",,None,,None,None,,,,https://www.mypacer.com/parks/165640/highland-park-dayton,
Highview Hills Park,Municipal Park,Basketball court; playground; restrooms; picnic tables; water availability,Active,City of Dayton,City of Dayton,,"3610 Palmerston Ave., Dayton, OH 45417",,Dayton,Montgomery,"39.7440,-84.2480",,None,,None,None,,,,https://www.daytonohio.gov/Facilities/Facility/Details/Highview-Hills-Park-Shelter-24,
Hillgrove Cemetery,Cemetery,"Historic cemetery with mature canopy, wildlife presence, and passive walking access",Active,Miami Township,Miami Township,,"1002 E Central Ave, Miamisburg, OH 45342",,Miamisburg,Montgomery,"39.6421,-84.2608",,None,,None,None,,,"Qualifies due to canopy, wildlife, and public access.",,
Hills & Dales MetroPark,Park District Park,Historic Olmsted‑designed park with trails and wetlands,Active,Five Rivers MetroParks,Five Rivers MetroParks,,,63,Kettering,Montgomery,,,Yes,,,,,,,,
Hintermeister Park,Municipal Park,Natural walking trails; butterfly garden; dog park; picnic shelter; restrooms; playground; basketball court,Active,City of West Carrollton,City of West Carrollton,,1300 Mayrose Dr.,,West Carrollton,Montgomery,,,None,,None,None,,,Contains natural‑area features including trails and pollinator habitat.,,
History Center,Museum,Local history museum and cultural site,Active,City of Miamisburg,City of Miamisburg,,35 S. Fifth St.,,Miamisburg,Montgomery,,,None,,None,None,,,,https://storage.googleapis.com/proudcity/playmiamisburgoh/uploads/2022/05/Parks-Map-2022.pdf,
Hithergreen Park,Park District Park,"Neighborhood park on the former Hithergreen Center site; features hiking trail, paved multi-use trail (.25 mile), picnic tables, play equipment, and a small shelter",Active,Centerville–Washington Park District,Centerville–Washington Park District,,5900 Hithergreen Drive,14.889,Centerville,Montgomery,,,,,,,,Hiking trail; paved multi-use trail (.25 mile),Acquired from Washington Township in 2019; funded by Clean Ohio grant,https://cwpd.org/parks/hithergreen/,
Holes Creek Corridor (Miami Township Segment),Controversial,Officially recognized riparian corridor with public access at multiple road crossings,Active,Montgomery County,Montgomery County,,"Holes Creek through Miami Township, OH",,,Montgomery,"39.6260,-84.2490",,None,,None,None,,,Verified hydrological corridor with ecological value,,
Holes Creek Park,Park District Park,"Nature park with 1.3-mile paved multi-use trail, 3 bridge crossings, and stream corridor; connects to Yankee Trace trails",Active,Centerville–Washington Park District,Centerville–Washington Park District,,8575 Yankee Street,25.197,Centerville,Montgomery,,,,,,,,Paved multi-use trail (1.3 miles),Gazebo; stream; Clean Ohio Trails grant; acquired 1994–2002,https://cwpd.org/parks/holes-creek/,
Holp Road Cemetery,Cemetery,Historic cemetery with mature trees and open space,Active,German Township,German Township,,"8200 Holp Rd., Farmersville, OH 45325",,German Township,Montgomery,"39.6790,-84.4290",,None,,None,None,,,,,
Houk Stream / Houk Meadows,Municipal Park,"Natural corridor with streamside greenway, meadows, and informal walking routes",Active,City of Oakwood,City of Oakwood,,Along Houk Stream between Shafor Blvd. & Far Hills Ave.,,Oakwood,Montgomery,,,None,,None,None,,,Linear greenway integrated into neighborhood fabric.,,
Huber Heights Athletic Fields,Recreation Facility,City-managed athletic fields for youth sports,Active,City of Huber Heights,City of Huber Heights,,"Multiple sites, Huber Heights, OH",,Huber Heights,Montgomery,,,,,,,,,,https://huberheights.org,
Huber Heights Senior Center,Recreation Facility,"Senior programs, events, and community activities",Active,City of Huber Heights,City of Huber Heights,,"6428 Chambersburg Rd, Huber Heights, OH 45424",,Huber Heights,Montgomery,,,,,,,,,,https://huberheights.org,
Huber Heights YMCA,Recreation Facility,"City-partnered YMCA facility offering fitness, aquatics, and programs",Active,YMCA; City of Huber Heights,YMCA; City of Huber Heights,,"7251 Shull Rd, Huber Heights, OH 45424",,Huber Heights,Montgomery,,,,,,,,,,https://huberheights.org,
Huffman Dam,Dam,Flood‑control dam on the Mad River; part of the Miami Conservancy District system; adjacent to Huffman MetroPark,Active,Miami Conservancy District,Miami Conservancy District,,"Near Lower Valley Pike, Dayton, OH 45424",,Riverside,Greene,"39.7800,-84.1100","86F9+H3 Dayton, Ohio",None,,None,None,,,Part of the MCD flood‑control system; adjacent to Huffman MetroPark.,https://mcdwater.org,
Huffman Dam - USACE River Access,River Access,River access and open space near Huffman Dam,Active,U.S. Army Corps of Engineers,U.S. Army Corps of Engineers,,"Near Lower Valley Pike, Dayton, OH 45424",,Mad River Township,Greene,,,Yes,,,,,,Adjacent to Huffman MetroPark,,
Huffman MetroPark,Park District Park,"Large river‑corridor MetroPark with lake, dam, meadows, trails, and river access",Active,Five Rivers MetroParks,Five Rivers MetroParks,,"4090 Lower Valley Pike, Dayton, OH 45424",316,Dayton,Montgomery,"39.8000,-84.0930","86C6+V7 Dayton, Ohio",None,,None,None,,,Includes Dam Access Area; adjacent to Huffman Dam,https://www.metroparks.org/places-to-go/huffman/; https://mcdwater.org,
Huffman MetroPark - Dam Access Area,Fishing Access,River access and open space near Huffman Dam; contained within Huffman MetroPark,Active,,Five Rivers MetroParks; Miami Conservancy District,,"4090 Lower Valley Pike, Dayton, OH 45424",,Dayton,Montgomery,"39.8000, -84.0930","86C6+V7 Dayton, Ohio",Yes,,,,,,Part of Huffman MetroPark; adjacent to Huffman Dam,https://www.metroparks.org/places-to-go/huffman/,
Huffman Park,Park District Park,"Natural area with meandering stream, wildlife habitat, and no formal trails or parking",Active,Centerville–Washington Park District,Centerville–Washington Park District,,1616 W. Alex-Bell Road,12.448,Centerville,Montgomery,,,None,,None,None,,Donated in 1974 by Huffman family; designated to remain in natural state,https://cwpd.org/parks/huffman/,,
Huffman Prairie Flying Field,National Historic Landmark,Historic prairie where the Wright brothers developed the first practical airplane,Active,National Park Service; U.S. Air Force,National Park Service; U.S. Air Force,,"Wright‑Patterson AFB, Dayton, OH 45433",84,Dayton,Greene,"39.8130,-84.0780","86QV+J3 Dayton, Ohio",None,,None,None,,,Part of Dayton Aviation Heritage NHP; National Historic Landmark,https://www.nps.gov/thingstodo/exploring-huffman-prairie.htm,
Huffman Prairie Interpretive Area,Federal Interpretive Site,"Interpretive center with exhibits, trails, and signage overlooking Huffman Prairie",Active,National Park Service,National Park Service,,"2380 Memorial Rd., Dayton, OH 45424",,Dayton,Greene,"39.8149,-84.0718","86QW+3R Dayton, Ohio",None,,None,None,,,Part of Dayton Aviation Heritage NHP; near Wright Brothers Hill.,https://www.nps.gov/places/hpic.htm,
Huffman Prairie State Natural Landmark,State Natural Landmark,One of Ohio’s largest remaining tallgrass prairies; site of Wright Brothers’ early flight experiments,Active,Wright‑Patterson Air Force Base,National Park Service,Five Rivers MetroParks,"Wright‑Patterson AFB, Dayton, OH 45433",,Dayton,Greene,,,None,,None,None,,,Cooperative ecological stewardship site with inter‑agency management.,https://www.metroparks.org/what-we-do/conservation-leadership/what-we-protect/,
Indian Riffle Park,Municipal Park,Accessible playground; shelters; paved loop trail; fishing pond; ball fields; sledding hill; restrooms,Active,City of Kettering,City of Kettering,,"2801 E. Stroop Rd., Kettering, OH 45440",,Kettering,Montgomery,"39.6946,-84.1298",,None,,None,None,,,,https://www.playkettering.org/indian-riffle-park/,
Irelan Park,Municipal Park,Two shelters; playground; volleyball courts; ball diamonds; drinking fountains; grills; walking paths,Active,City of Kettering,City of Kettering,,"4532 Marshall Rd., Kettering, OH 45429",16,Kettering,Montgomery,"39.6865,-84.1597",,None,,None,None,,,,https://www.playkettering.org/irelan-park/,
Iron Horse Park,Park District Park,"Community park with baseball diamonds, soccer fields, paved Iron Horse Trail, perimeter loop, playground themed after Dayton–Cincinnati Railroad, and diverse tree species",Active,Centerville–Washington Park District,Centerville–Washington Park District,,6161 Millshire Dr.,31.833,Centerville,Montgomery,,,,,,,,Paved multi-use trails (Iron Horse Trail + 0.6-mile loop),AED; air pump; grill; restrooms; sled hill; parking,https://cwpd.org/parks/iron-horse/,
Irving Field,Municipal Park,Baseball field; open green space; informal recreation area,Active,City of Oakwood,City of Oakwood,,210 Irving Ave.,,Oakwood,Montgomery,,,None,,None,None,,,Primarily an athletic field with surrounding green space.,,
Irving Field Annex,Municipal Park,Small open field adjacent to Irving Field used for informal recreation,Active,City of Oakwood,City of Oakwood,,Near 210 Irving Ave.,,Oakwood,Montgomery,,,None,,None,None,,,Secondary green space associated with Irving Field.,,
Island MetroPark,Park District Park,River island park with trails and event spaces,Active,Five Rivers MetroParks,Five Rivers MetroParks,,,43,Dayton,Montgomery,,,Yes,,,,,,River island,,
Island MetroPark Buffer Zone,Park District Conservation Area,Natural buffer area adjacent to Island MetroPark,Active,Five Rivers MetroParks,Five Rivers MetroParks,,"Near Helena St., Dayton, OH",,Dayton,Montgomery,,,None,,None,None,,,,,
Jake Grossnickle Memorial Park,Municipal Park,Memorial park serving surrounding neighborhoods within Englewood’s park system,Active,City of Englewood,City of Englewood,,"137 Heathcliff Road, Englewood, Ohio 45322",,Englewood,Montgomery,,,Trailhead,Englewood Reserve Bikeway,None,Trailhead,3,,,https://www.englewood.oh.us/189/Parks-Playgrounds,
Jake Grossnickle Park,Municipal Park,Neighborhood park with playground and open space,Active,City of Englewood,City of Englewood,,,,Englewood,Montgomery,,,None,,None,None,,,,https://www.englewood.oh.us/,
Jane Newcom Park,Municipal Park,Baseball/softball diamond; basketball court; electricity; picnic tables; playground; restrooms; tennis court; water availability,Active,City of Dayton,City of Dayton,,"1198 Tudor Rd., Dayton, OH 45419",4.5,Dayton,Montgomery,"39.7250,-84.1550",,None,,None,None,,,,https://www.daytonohio.gov/facilities/facility/details/janenewcomparkshelter-24,
Jeffers Park / Community Gardens,Municipal Park,Neighborhood park with play structure; courts; greenspace; 22 rentable community garden plots,Active,City of Vandalia,City of Vandalia,,"407 Halcyon Ave, Vandalia, OH 45377",,Vandalia,Montgomery,"39.8892,-84.1970",,None,,None,None,,,,https://vandaliaohio.org/Facilities/Facility/Details/Jeffers-Park-Community-Gardens-5,
Jim Nichols Tennis Complex,Municipal Park,6 clay courts; 3 hard courts; lighting; outdoor facility; league play; youth camps,Active,City of Dayton,City of Dayton,,"2424 Ridge Ave., Dayton, OH 45414",,Dayton,Montgomery,"39.7880,-84.1880",,None,,None,None,,,,https://www.destinationdayton.org/listing/jim-nichols-tennis-center/2457/,
John Wolfe Park,Municipal Park,Picnic shelter; playground; fishing pond; basketball court,Active,City of Trotwood,City of Trotwood,,"4030 Denlinger Rd, Trotwood, OH 45426",,Trotwood,Montgomery,"39.7889,-84.2607",,None,,None,None,,,Verified municipal park,https://www.trotwoodchamber.org/recreation.php,
Kantner Park,Municipal Park,Accessible playground; basketball courts; walking paths; picnic areas,Active,City of Kettering,City of Kettering,,"1512 Brownleigh Rd., Kettering, OH 45429",5,Kettering,Montgomery,"39.6899,-84.1730",,None,,None,None,,,,https://www.playkettering.org/kantner-park/,
Keelboat Park,Municipal Park,Riverfront park with historical theme and open space,Active,City of Miamisburg,City of Miamisburg,,151 Pearl St.,,Miamisburg,Montgomery,,,None,,None,None,,,,https://storage.googleapis.com/proudcity/playmiamisburgoh/uploads/2022/05/Parks-Map-2022.pdf,
Kennedy Park,Municipal Park,Splash pad; farm-themed playground; pickleball courts; ball fields; restrooms; picnic areas,Active,City of Kettering,City of Kettering,,"5073 Bigger Rd., Kettering, OH 45440",15,Kettering,Montgomery,"39.6769,-84.1290",,None,,None,None,,,,https://www.playkettering.org/kennedy-park/,
Keowee Street Stormwater Green,Controversial,Stormwater green infrastructure; drainage features; vegetation,Active,City of Dayton,,,"Keowee St., Dayton, OH",,Dayton,Montgomery,"39.0,-84.0",,,,,,,,,https://www.daytonohio.gov/409/Storm-Water-Management-Program,
Kercher Community Park,Municipal Park,"Large community park with baseball, softball, soccer, pee-wee football, shelters, and open space",Active,City of Germantown,City of Germantown,,1700 S Main St.,,Germantown,Montgomery,,,None,,None,None,,,,https://germantown.oh.us/parks-recreation/,
Kettering Field,Municipal Park,Athletic fields; synthetic turf; pickleball courts; tennis courts; improved lighting; expanded parking; staffed facility,Active,City of Dayton,City of Dayton,,"444 N. Bend Blvd., Dayton, OH 45404",,Dayton,Montgomery,"39.7790,-84.1780",,None,,None,None,,,,https://www.daytonohio.gov/CivicAlerts.aspx?AID=760,
Lake Forest Park,Municipal Park,Playground equipment in a neighborhood greenspace,Active,City of West Carrollton,City of West Carrollton,,131 Lake Forest Dr.,,West Carrollton,Montgomery,,,None,,None,None,,,Small neighborhood park with basic play amenities.,,
Lake of the Woods Campground,Private Campground,"250-acre private campground with fishing lake, RV sites, tent sites, seasonal camping, and recreation amenities",Private,Private,,,"10891 Jordan Rd, Farmersville, OH 45325",,Farmersville,Montgomery,"39.6795,-84.4397",,No,,,,,,Campground; fishing lake; RV sites; tent sites; recreation amenities,https://lakeofthewoodscampground.com,
Lehigh Park,Municipal Park,Playground equipment; picnic tables; grills; shelters,Active,City of Moraine,City of Moraine,,2607 Lehigh Place,0.5,Moraine,Montgomery,,,None,,None,None,,,,https://moraineoh.myrec.com/info/dept/details.aspx?DeptInfoID=1052,
Leiwig Park,Municipal Park,Picnic shelter with electricity; playground equipment; paved trail; basketball court,Active,City of West Carrollton,City of West Carrollton,,5299 Lindbergh Blvd.; 5500 Andover Ave,,West Carrollton,Montgomery,,,None,,None,None,,,Includes a shelter with power and mixed recreation amenities.,,
Lincoln Park Civic Commons,Municipal Park,Civic art; pond; walkways; event lawn; cultural gathering space,Active,City of Kettering,City of Kettering,,"675 Lincoln Park Blvd., Kettering, OH 45429",14,Kettering,Montgomery,"39.6970,-84.1550",,None,,None,None,,,,https://www.playkettering.org/lincoln-park-civic-commons/,
Linden Community Green,Municipal Park,No listed amenities,Active,City of Dayton,City of Dayton,,"Linden neighborhood, Dayton, OH",,Dayton,Montgomery,"39.0,-84.0",,None,,None,None,,,,,
Linden Heights Bikeway Access,Municipal Park,Trail access; neighborhood connector,Active,City of Dayton,City of Dayton,,"Linden Heights, Dayton, OH",,Dayton,Montgomery,"39.0,-84.0",,None,,None,None,,,,,
Lions Park (Jill Park),Municipal Park,Playground equipment and baseball field; green‑space park,Active,Village of Carlisle,Village of Carlisle,,Monroe Dr.,,Carlisle,Montgomery,,,None,,None,None,,,,https://www.carlisleoh.org/community/parks_recreation/index.php,
Liscum Drive Green,Municipal Park,No listed amenities,Active,City of Dayton,City of Dayton,,"Liscum Dr., Dayton, OH",,Dayton,Montgomery,"39.0,-84.0",,None,,None,None,,,,,
Little Mound Park,Park District Park,"Neighborhood park with sled hill and play equipment including climber, slide, zip line, swings, and infant swings",Active,Centerville–Washington Park District,Centerville–Washington Park District,,9490 Still Meadow Lane,5.141,Centerville,Montgomery,,,,,,,,Informal play area; sled hill,Picnic tables; replica Miamisburg Mound; acquired 1978,https://cwpd.org/parks/little-mound/,
Little Woods Park,Park District Park,Nature park emphasizing native plants with seasonal color; mowed north–south path,Active,Centerville–Washington Park District,Centerville–Washington Park District,,Far Hills Avenue & Colonial Lane,3.6,Centerville,Montgomery,,,None,,None,None,,,Developed with native plantings; donated by Yeck Family Foundation in 2014,https://cwpd.org/parks/little-woods/,
Lohrey Park,Municipal Park,Playground; basketball court; open green space; walking paths,Active,City of Dayton,City of Dayton,,"2366 Glenarm Ave., Dayton, OH 45420",,Dayton,Montgomery,"39.7250,-84.1240",,None,,None,None,,,,https://www.mypacer.com/parks/165641/lohrey-park-dayton,
Lohrey Recreation Center,Municipal Park,Gymnasium; indoor pool; fitness center; multipurpose rooms; community programming,Active,City of Dayton,City of Dayton,,"2366 Glenarm Ave., Dayton, OH 45420",,Dayton,Montgomery,"39.7250,-84.1240",,None,,None,None,,,,https://www.daytonohio.gov/Facilities/Facility/Details/Lohrey-Recreation-Center-25,
Loma Linda Park,Municipal Park,Playground; open green space; walking paths,Active,City of Dayton,City of Dayton,,"3500 Valerie Arms Dr., Dayton, OH 45405",,Dayton,Montgomery,"39.8020,-84.2380",,None,,None,None,,,,https://www.mypacer.com/parks/165642/loma-linda-park-dayton,
MacIntosh Park,Municipal Park,Baseball/softball diamond; basketball court; electricity; picnic tables; playground; restrooms; water availability,Active,City of Dayton,City of Dayton,,"Edwin C. Moses Blvd. at W. Riverview Ave., Dayton, OH 45402",,Dayton,Montgomery,"39.7640,-84.2040",,None,,None,None,,,,https://www.daytonohio.gov/Facilities/Facility/Details/MacIntosh-Park-17,
Mad River Bikeway Access (MetroParks),Trail Access Point,Bikeway access point along Mad River Trail; contained within Eastwood MetroPark,Active,Five Rivers MetroParks,,,"Near Eastwood MetroPark, Dayton, OH",,Dayton,Montgomery,"39.0,-84.0",,Bikeway Access Point,Mad River Bikeway,None,Access Point,,,Bikeway access point contained within Eastwood MetroPark,https://www.miamivalleytrails.org/trails/mad-river-trail,
Mad River Conservancy Corridor,Water Authority Land,Federal flood‑control corridor along the Mad River,Active,Miami Conservancy District,Miami Conservancy District,,"Near Harshman Rd., Dayton, OH 45424",,Dayton,Montgomery,"39.7800,-84.1100","86F9+H3 Dayton, Ohio",None,,None,None,,,Flood‑control corridor; levees and channel maintained by MCD.,https://mcdwater.org,
Mad River North Connector,Controversial,Trail corridor linking Eastwood and Huffman areas,Active,Five Rivers MetroParks,Five Rivers MetroParks,,"Near Harshman Rd., Dayton, OH",,Dayton,Montgomery,,,None,,None,None,,,Connector corridor,,
Mad River Trail Access — Old Harshman Rd,Trail Access Point,Trail access point to the Mad River Trail,Active,Miami Conservancy District,Miami Conservancy District,,"Old Harshman Rd, Riverside, OH",,Riverside,Montgomery,,,Bikeway Access Point,Mad River Bikeway,None,Access Point,,,,https://www.miamivalleytrails.org,
Madison Lakes Park,County Park,"Large county-owned park with multiple fishing lakes, shelters, and open recreation areas.",Active,Montgomery County Parks & Recreation,Montgomery County Parks & Recreation,,"581 Olive Road, Dayton, OH 45427",,Trotwood,Montgomery,"39.7406, -84.3334","J9W2+X9 Dayton, Ohio",None,,,None,,,One of three official Montgomery County parks.,"https://www.google.com/maps?q=39.7406,-84.3334",
Madison Park,Municipal Park,Pavilion; shelters; playground; soccer fields; tennis courts; exercise trail,Active,City of Trotwood,City of Trotwood,,"301 S Broadway, Trotwood, OH 45426",,Trotwood,Montgomery,"39.7408,-84.2904",,None,,None,None,,,Verified municipal park,https://www.trotwoodchamber.org/recreation.php,
Mallory Park,Municipal Park,Basketball court; parking; playground; picnic tables; restrooms,Active,City of Dayton,City of Dayton,,"Germantown St. at Burwood Ave., Dayton, OH 45417",,Dayton,Montgomery,"39.7410,-84.2450",,None,,None,None,,,,https://www.daytonohio.gov/Facilities/Facility/Details/Mallory-Park-Shelter-18,
Manor Park,Park District Park,"Neighborhood park with climber, slides, belt swings, infant swings, and picnic tables",Active,Centerville–Washington Park District,Centerville–Washington Park District,,989 Thorndale Drive,7.431,Centerville,Montgomery,,,,,,,,Informal play area,Acquired 1971,https://cwpd.org/parks/manor/,
Market Square Building,Recreation Facility,Civic building used for events and programs,Active,City of Miamisburg,City of Miamisburg,,4 N. Main St.,,Miamisburg,Montgomery,,,,,,,,,,https://storage.googleapis.com/proudcity/playmiamisburgoh/uploads/2022/05/Parks-Map-2022.pdf,
Martindale Road Neighborhood Park,Municipal Park,Major playground structure and tennis courts,Active,City of Union,City of Union,,211 W Martindale Rd.,,Union,Montgomery,,,None,,None,None,,,,https://www.unionoh.org/1257/Places-to-Play,
Mary Francis Playlot,Municipal Park,Small neighborhood playlot,Active,City of Miamisburg,City of Miamisburg,,1509 Mary Francis Ct.,,Miamisburg,Montgomery,,,None,,None,None,,,,https://storage.googleapis.com/proudcity/playmiamisburgoh/uploads/2022/05/Parks-Map-2022.pdf,
McCabe Park,Municipal Park,Basketball court; playground; restrooms; picnic tables,Active,City of Dayton,City of Dayton,,"3200 Home Ave., Dayton, OH 45417",,Dayton,Montgomery,"39.7410,-84.2450",,None,,None,None,,,,https://www.daytonohio.gov/Facilities/Facility/Details/McCabe-Park-Shelter-19,
McIntosh Park,Municipal Park,Spray park; playground; basketball courts; picnic shelter; open green space; community events,Active,City of Dayton,City of Dayton,,"Edwin C. Moses Blvd. at W. Riverview Ave., Dayton, OH 45402",,Dayton,Montgomery,"39.7640,-84.2040",,None,,None,None,,,,https://www.daytonlocal.com/directory/parks/mcintosh-park/,
Meadowlane Park,Municipal Park,Neighborhood park with open space,Active,City of Miamisburg,City of Miamisburg,,2025 Old Central Ave.,,Miamisburg,Montgomery,,,None,,None,None,,,,https://storage.googleapis.com/proudcity/playmiamisburgoh/uploads/2022/05/Parks-Map-2022.pdf,
Medlar Conservation Area,Park District Park,"Conservation area with forest, meadow, and river corridor habitat",Active,Five Rivers MetroParks,Five Rivers MetroParks,,"3001 Medlar Rd., Miamisburg, OH 45342",450,Miamisburg,Montgomery,,,Yes,,,,,,Part of Great Miami River corridor,https://www.metroparks.org/,
Medlar Road River Access,Fishing Access,River access point near Medlar Conservation Area,Active,Five Rivers MetroParks,Five Rivers MetroParks,,"Medlar Rd., Miamisburg, OH",,Miamisburg,Montgomery,,,Yes,,,,,,River access,,
Memorial Park,Municipal Park,"Small memorial park honoring military, police, and firefighters",Active,City of Riverside,City of Riverside,,"Springfield Street & Norman Boulevard, Riverside, OH",0.15,Riverside,Montgomery,,,None,,None,None,,Memorial,,https://cms3.revize.com/revize/riverside/Parks%20&%20Recreation%20Amenities.pdf?t=202508061644210&t=202508061644210,
Meyer Park,Municipal Park,Neighborhood park with open green space,Active,City of Miamisburg,City of Miamisburg,,385 Overland Trail,,Miamisburg,Montgomery,,,None,,None,None,,,,https://storage.googleapis.com/proudcity/playmiamisburgoh/uploads/2022/05/Parks-Map-2022.pdf,
Miami & Erie Canal Park,Municipal Park,Picnic shelter; playground equipment; canoe launch,Active,City of West Carrollton,City of West Carrollton,,5457 Marina Dr.,,West Carrollton,Montgomery,,,None,,None,None,,,Located on the canal; includes water access and corridor adjacency.,,
Miami Conservancy District Flood‑Control Lands — Mad River,Water Authority Land,Flood‑control corridor along the Mad River,Active,Miami Conservancy District,Miami Conservancy District,,"Near Harshman Rd., Dayton, OH 45424",,Dayton,Montgomery,"39.7800,-84.1100","86F9+H3 Dayton, Ohio",None,,None,None,,,Descriptive name; MCD does not assign formal site names to flood‑control lands; levees and channel maintained by MCD.,https://mcdwater.org,
Miami Villa Park,Municipal Park,Mini-park with greenspace,Active,City of Huber Heights,City of Huber Heights,,"6275 Rip Rap Rd, Huber Heights, OH",,Huber Heights,Montgomery,,,None,,None,,,,,,
Miamisburg Community Center,Recreation Facility,Primary community center with programs and activities,Active,City of Miamisburg,City of Miamisburg,,305 E. Central Ave.,,Miamisburg,Montgomery,,,,,,,,,,https://storage.googleapis.com/proudcity/playmiamisburgoh/uploads/2022/05/Parks-Map-2022.pdf,
Miamisburg Community Center North,Recreation Facility,Community recreation building,Active,City of Miamisburg,City of Miamisburg,,224 Maple Ave.,,Miamisburg,Montgomery,,,,,,,,,,https://storage.googleapis.com/proudcity/playmiamisburgoh/uploads/2022/05/Parks-Map-2022.pdf,
Miamisburg High School Nature Edge,Public School Property,Wooded perimeter and open natural edge with public walking access outside school hours,Active,Miamisburg Schools,Miamisburg Schools,,"1860 Belvo Rd, Miamisburg, OH 45342",,Miami Township,Montgomery,"39.6274,-84.2619",,Yes,,,,,,Qualifies due to public access and ecological edge habitat,,
Miamisburg Mound,State Historical Site,"One of the largest Adena mounds in the U.S., with stairs and overlook; largest Adena burial mound in Ohio",Active,Ohio History Connection,,,"900 Mound Rd., Miamisburg, OH 45342",37,Miamisburg,Montgomery,"39.6330, -84.2870","78X3+6V Miamisburg, Ohio",,,,,,,Major prehistoric earthwork,https://www.miamisburg.org; www.ohiohistory.org,
Monita Field Bike and Skate Park,Municipal Park,Bike and skate park with ramps and paved area,Active,City of Huber Heights,City of Huber Heights,,"5045 Fishburg Rd, Huber Heights, OH",,Huber Heights,Montgomery,,,None,,None,,,,,,
Monument Avenue River Parcel,Greenway,Small riverfront parcel with riparian vegetation,Active,Five Rivers MetroParks,Five Rivers MetroParks,,"Near Monument Ave., Dayton, OH",,,Montgomery,,,Yes,,,,,,River corridor fragment,,
Mound Park,Municipal Park,Historic park adjacent to Miamisburg Mound State Memorial; playground; shelters; restrooms,Active,City of Miamisburg,City of Miamisburg,,900 Mound Rd.,,Miamisburg,Montgomery,,,None,,None,None,,,Adjacent to prehistoric Adena Miamisburg Mound,https://storage.googleapis.com/proudcity/playmiamisburgoh/uploads/2022/05/Parks-Map-2022.pdf; https://www.playmiamisburg.com/parks_facilities/parks/,
Mud Lick or Jasper Road Covered Bridge,Covered Bridge,Bridge ID 35‑57‑36; privately owned,Active,Private,Private,,,,Dayton,Montgomery,,,None,,None,None,,,Private property.,,
Music Center at The Heights,Recreation Facility,City-owned outdoor amphitheater and event venue,Active,City of Huber Heights,City of Huber Heights,,"6800 Executive Blvd, Huber Heights, OH 45424",,Huber Heights,Montgomery,,,,,,,,,,https://huberheights.org,
National Aviation Hall of Fame,Museum,National aviation honors museum located inside the USAF Museum,Active,U.S. Air Force,U.S. Air Force,,"1100 Spaatz St., Dayton, OH 45433",,Dayton,Montgomery,"39.7810,-84.1100","86F9+Q6 Dayton, Ohio",None,,None,None,,,,https://www.nationalaviation.org,
National Museum of the United States Air Force,Museum,World’s largest military aviation museum with extensive exhibits,Active,U.S. Air Force,U.S. Air Force,,"1100 Spaatz St., Dayton, OH 45433",1000+,Dayton,Montgomery,"39.7810,-84.1100","86F9+Q6 Dayton, Ohio",None,,None,None,,,Major national museum,https://www.nationalmuseum.af.mil,
Needmore Conservation Area,Park District Conservation Area,Conservation land along the Stillwater River,Active,Five Rivers MetroParks,Five Rivers MetroParks,,,,Dayton,Montgomery,,,None,,None,None,,,,,
Nordale Park,Municipal Park,Playground; pavilion; picnic tables; basketball courts; open field; shaded areas; street parking,Active,City of Dayton,City of Dayton,,"Nordale Ave. at Enterprise Ave., Dayton, OH 45420",7.8,Dayton,Montgomery,"39.7410,-84.1400",,None,,None,None,,,,https://parkmagnet.com/united-states/ohio/dayton/nordale-park,
North Broadway Park,Municipal Park,Picnic shelter; playground,Active,City of Trotwood,City of Trotwood,,"460 N Broadway, Trotwood, OH 45426",,Trotwood,Montgomery,"39.7547,-84.2910",,None,,None,None,,,Verified municipal park,https://www.trotwoodchamber.org/recreation.php,
Northmont High School Outdoor Athletic Complex,Public School Property,Outdoor athletic fields and track for Northmont High School,Active,Northmont City Schools,Northmont City Schools,,"4916 National Rd., Clayton, OH 45315",,Clayton,Montgomery,"39.8590,-84.3230","86JQ+9W Clayton, Ohio",No,,,,,,School athletic facilities,,
Northview Park,Municipal Park,Neighborhood park with playground and open green space,Active,City of Clayton,City of Clayton,,"Northview Park, Lavon Ct.",,Clayton,Montgomery,,,None,,None,None,,,Verified via Facility/Details/3.,http://clayton.oh.us/Facilities/Facility/Details/3,
Northwest Recreation Center,Municipal Park,Indoor pool; gymnasiums; fitness room; multipurpose rooms; activity room; game room; computer lab; outdoor ball diamonds; outdoor courts,Active,City of Dayton,City of Dayton,,"1600 Princeton Dr., Dayton, OH 45406",,Dayton,Montgomery,"39.7870,-84.2380",,None,,None,None,,,,https://www.daytonohio.gov/422/Recreation,
Nutt Woods Park,Park District Park,"Small wooded park with spring wildflowers including bloodroot, trillium, spring beauties, and goldenseal",Active,Centerville–Washington Park District,Centerville–Washington Park District,,10188 Ashpark Court,3.075,Centerville,Montgomery,,,,,,,,Hiking trails,Acquired 1978,https://cwpd.org/parks/nutt-woods/,
Oak and Ivy Park,Municipal Park,Open lawns; walking paths; pond; event space; picnic areas,Active,City of Dayton,City of Dayton,,"803 Anderson Goodrich Ct., Dayton, OH 45402",,Dayton,Montgomery,"39.7570,-84.2160",,None,,None,None,,,,https://www.mapquest.com/us/ohio/oak-ivy-park-753302759,
Oak Creek Park,Municipal Park,Playground; picnic areas; walking path,Active,City of Kettering,City of Kettering,,"2239 Berrycreek Dr., Kettering, OH 45440",5,Kettering,Montgomery,"39.6768,-84.1139",,None,,None,None,,,,https://www.playkettering.org/oak-creek-park/,
Oak Creek South Park,Park District Park,"Neighborhood park with play equipment, open play area, and paved path",Active,Centerville–Washington Park District,Centerville–Washington Park District,,7893 McEwen Road,6,Centerville,Montgomery,,,,,,,,Paved path,Grill; picnic tables; drinking fountain; acquired 1975,https://cwpd.org/parks/oak-creek-south/,
Oak Grove Park,Park District Park,"Large community park with fields, courts, playground, paved trails, and natural areas",Active,Centerville–Washington Park District,Centerville–Washington Park District,,1790 E. Social Row Road,102.058,Centerville,Montgomery,,,,,,,,Paved multi-use trails,AED; EV charging; sled hill; restrooms; acquired 1993–2001,https://cwpd.org/parks/oak-grove/,
Oak Park,Municipal Park,Playground; shelter; grill; picnic tables; courts; ball field; walking path,Active,City of Kettering,City of Kettering,,"2055 Malcom Dr., Kettering, OH 45420",,Kettering,Montgomery,"39.7040,-84.1355",,None,,None,None,,,,https://www.playkettering.org/oak-park/,
Oberer Field,Municipal Park,Athletic field complex used for youth sports and community events,Active,City of Englewood,City of Englewood,,115 Union Blvd.,,Englewood,Montgomery,,,None,,None,None,,,,https://www.englewood.oh.us/,
Oberer Field,Municipal Park,Athletic field used for community sports within Englewood’s park system,Active,City of Englewood,City of Englewood,,"Arcadia Boulevard, Englewood, Ohio 45322",,Englewood,Montgomery,,,None,,,,,,,https://www.englewood.oh.us/189/Parks-Playgrounds,
ODNR Mad River Fishing Access (Eastwood),Fishing Access,ODNR‑recognized fishing access near Eastwood Lake and the Mad River,Active,Ohio Department of Natural Resources,Ohio Department of Natural Resources,,"Near Harshman Rd., Dayton, OH 45424",185,Dayton,Montgomery,"39.7810,-84.1080","86F9+Q6 Dayton, Ohio",None,,None,None,,,Located at Eastwood Lake (185 acres) within Eastwood MetroPark,https://ohiodnr.gov,
ODNR Stillwater River Fishing Access,Fishing Access,Multiple ODNR‑recognized fishing access sites along the Stillwater River,Active,Ohio Department of Natural Resources,Ohio Department of Natural Resources,,,,,Montgomery,,,None,,None,None,,,,,
Old Lane Park,Park District Park,Neighborhood park with play equipment and open play area,Active,Centerville–Washington Park District,Centerville–Washington Park District,,1000 Old Lane,3,Centerville,Montgomery,,,,,,,,Informal play area,Picnic tables; acquired 1967,https://cwpd.org/parks/old-lane/,
Old River Sports Complex,Municipal Park,"Athletic complex with baseball fields, open turf, and recreation facilities",Active,City of Oakwood,City of Oakwood,,225 Old River Trail,,Oakwood,Montgomery,,,None,,None,None,,,Primary sports complex serving youth athletics.,,
Ora Everetts Park,Municipal Park,Playground; picnic tables; grills; shelters; ball fields; 1/4‑mile walking path,Active,City of Moraine,City of Moraine,,3050 Kreitzer Road,13,Moraine,Montgomery,,,None,,None,None,,,Situated on the same site as the Gerhardt Civic Center.,https://moraineoh.myrec.com/info/dept/details.aspx?DeptInfoID=1052,
Orchardly Park,Municipal Park,Playground; splash pad; courts; picnic shelter,Active,City of Oakwood,City of Oakwood,,343 Wonderly Ave.,,Oakwood,Montgomery,,,None,,None,None,,,Neighborhood park with water play and courts.,,
Parkgrove Drive Park,Municipal Park,Basketball courts and neighborhood recreation space,Active,City of Union,City of Union,,Parkgrove Dr.,,Union,Montgomery,,,None,,None,None,,,,https://www.unionoh.org/1257/Places-to-Play,
Pasadena Green Space,Municipal Park,Open lawn; walking access,Active,City of Kettering,City of Kettering,,"3200 N. Marshall Rd., Kettering, OH 45429",1.5,Kettering,Montgomery,"39.7160,-84.1590",,None,,None,None,,,,https://www.playkettering.org/pasadena-green-space/,
Paul Laurence Dunbar House,State Memorial,National Historic Landmark home of poet Paul Laurence Dunbar,Active,Ohio History Connection,,,"219 E. 3rd St, Dayton, OH",,Dayton,Montgomery,"39.7570, -84.2340","85FQ+M7 Dayton, Ohio",No,,,,,,Part of Dayton Aviation Heritage NHP,https://www.nps.gov/places/dunbar-house.htm,
Pigeye Conservation Area,Park District Conservation Area,"Mature upland and bottomland forest, wildflowers, thickets, spring‑fed wetland, and Pigeye Creek",Active,Five Rivers MetroParks,Five Rivers MetroParks,,"Near Meeker Rd. & Westfall Dr., Dayton, OH",111.5,Dayton,Montgomery,"39.825,-84.264",,None,,None,None,,,Very limited public access; no trails or parking.,https://www.metroparks.org/what-we-do/conservation-leadership/what-we-protect/#pigeye-conservation-area,
Pinnacle Park,Municipal Park,Playground; picnic tables; grills; shelters; basketball court,Active,City of Moraine,City of Moraine,,4800 Pinnacle Road,3,Moraine,Montgomery,,,None,,None,None,,,,https://moraineoh.myrec.com/info/dept/details.aspx?DeptInfoID=1052,
Pinnacle Road Bike Path,Municipal Park,Paved bike path connecting residential areas to the Johnny Appleseed Trail,Active,City of Moraine,City of Moraine,,Pinnacle Road corridor,,Moraine,Montgomery,,,None,,None,None,,,Connector trail,https://moraineoh.myrec.com/info/dept/details.aspx?DeptInfoID=1052,
Pinnacle Tot Lot,Municipal Park,Playground; picnic tables; grills; shelters; courts; hiking trail spur,Active,City of Moraine,City of Moraine,,3670 Charlotte Mill Drive,1,Moraine,Montgomery,,,None,,None,None,,,Trailhead for a .1‑mile spur to the Johnny Appleseed Trail.,https://moraineoh.myrec.com/info/dept/details.aspx?DeptInfoID=1052,
Pleasant Hill Park,Park District Park,Neighborhood park with play equipment and large natural area under development with trails and signage,Active,Centerville–Washington Park District,Centerville–Washington Park District,,358 Zengel Drive,37,Centerville,Montgomery,,,,,,,,Hiking trails,Nature play area; 32 acres added 2016; Clean Ohio Fund,https://cwpd.org/parks/pleasant-hill/,
Polar Park,Public School Property,"Growing outdoor space with walking trails, shelter, and disc golf practice nets; maintained by Northridge Schools Parks & Recreation class",Active,Northridge Local Schools,Northridge Local Schools,,"Near 2008 Timber Ln, Dayton, OH 45414",,Harrison Township,Montgomery,"39.8377,-84.1951",,No,,,,,,,https://harrisontownship.org/services/parks-recreation/,
Pondview Park,Municipal Park,Walking trails; pond; bridges; benches; restrooms; drinking fountain,Active,City of Kettering,City of Kettering,,"2320 Pondview Dr., Kettering, OH 45440",12.5,Kettering,Montgomery,"39.6829,-84.1119",,None,,None,None,,,,https://www.playkettering.org/pondview-park/,
Possum Creek MetroPark,Park District Park,"Farm, prairies, fishing ponds, trails, nature play",Active,Five Rivers MetroParks,Five Rivers MetroParks,,,580,Dayton,Montgomery,,,Yes,,,,,,Farm + prairie,,
Powell Park,Municipal Park,Gazebo surrounded by flowers,Active,City of Brookville,City of Brookville,,Mulberry St.,,Brookville,Montgomery,,,None,,None,,,,Small ornamental park,,
Princeton Park,Municipal Park,No listed amenities,Active,City of Dayton,City of Dayton,,"Princeton Dr., Dayton, OH 45406",,Dayton,Montgomery,"39.0,-84.0",,None,,None,None,,,,https://liveindayton.org/princeton-heights/,
Quail Run Park,Park District Park,Neighborhood park with open sports area and play equipment,Active,Centerville–Washington Park District,Centerville–Washington Park District,,1180 Timberhawk Trail; 9561 Quailwood Trail,9.16,Centerville,Montgomery,,,,,,,,Hiking trails,Picnic tables; sled hill; acquired 1974,https://cwpd.org/parks/quail-run/,
Rahn Park,Park District Park,"Small neighborhood park with climbers, slides, swings, and picnic tables",Active,Centerville–Washington Park District,Centerville–Washington Park District,,223 W. Rahn Road,0.98,Centerville,Montgomery,,,,,,,,Informal play area,Donated 1964,https://cwpd.org/parks/rahn/,
Red Coach Park,Park District Park,"Neighborhood park with climbers, slides, swings, and a small picnic shelter",Active,Centerville–Washington Park District,Centerville–Washington Park District,,5500 Royalwood Drive,5,Centerville,Montgomery,,,,,,,,Informal play area,Drinking fountain; shelter; acquired 1967,https://cwpd.org/parks/red-coach/,
Residence Park,Municipal Park,Basketball court; picnic tables; playground; restrooms; water availability,Active,City of Dayton,City of Dayton,,"W. Second St. at Elmhurst Rd., Dayton, OH 45417",,Dayton,Montgomery,"39.7540,-84.2580",,None,,None,None,,,,https://www.daytonohio.gov/Facilities/Facility/Details/Residence-Park-Shelter-20,
Rice Field,Municipal Park,Athletic field complex,Active,City of Miamisburg,City of Miamisburg,,9131 Dayton Cincinnati Pk.,,Miamisburg,Montgomery,,,None,,None,None,,,Primarily athletic use.,https://storage.googleapis.com/proudcity/playmiamisburgoh/uploads/2022/05/Parks-Map-2022.pdf,
Rip Rap Park,Municipal Park,Riverfront park with trail access,Active,City of Huber Heights,City of Huber Heights,,"6281 Rip Rap Rd, Huber Heights, OH",,Huber Heights,Montgomery,,,,,,,,,Great Miami River Trail,,
Rip Rap Road Trail Access,Trail Access Point,Access point to regional bikeway network,Public,Miami Valley Trails,,,"Rip Rap Rd, Huber Heights, OH",,Huber Heights,Montgomery,,,Great Miami River Trail,,,,,,,https://www.miamivalleytrails.org,
River Ridge Conservation Area,Park District Conservation Area,Steep wooded slopes and riparian forest along the Great Miami River,Active,Five Rivers MetroParks,Five Rivers MetroParks,,,,Dayton,Montgomery,,,None,,None,None,,,,https://www.metroparks.org/what-we-do/conservation-leadership/what-we-protect/,
Riverfront Park,Municipal Park,"Riverfront civic park with amphitheater, splash pad, playground, and bikeway access",Active,City of Miamisburg,City of Miamisburg,,3 N. Miami Ave.,,Miamisburg,Montgomery,,,None,,None,None,,,Major civic riverfront park and event venue.,https://storage.googleapis.com/proudcity/playmiamisburgoh/uploads/2022/05/Parks-Map-2022.pdf; https://www.playmiamisburg.com/parks_facilities/parks/,
RiverScape Buffer Zone,Park District Conservation Area,Natural buffer area adjacent to RiverScape MetroPark,Active,Five Rivers MetroParks,Five Rivers MetroParks,,"Near Monument Ave., Dayton, OH",,Dayton,Montgomery,,,None,,None,None,,,,,
RiverScape MetroPark,Park District Park,Signature downtown riverfront park and event space,Active,Five Rivers MetroParks,Five Rivers MetroParks,,,45,Dayton,Montgomery,,,Yes,,,,,,Downtown Dayton,,
Riverside Drive Bikeway Access,Access Point,Trail access; paved multi-use path; river corridor access,Active,City of Dayton,City of Dayton,,"Riverside Dr., Dayton, OH",,Dayton,Montgomery,"39.0,-84.0",,None,,None,None,,,,https://www.miamivalleytrails.org/trails/great-miami-river-trail,
Riverside Drive Riparian Parcel,Greenway,Riparian parcel along Stillwater River,Active,Five Rivers MetroParks,Five Rivers MetroParks,,"Riverside Dr., Dayton, OH",,,Montgomery,,,Yes,,,,,,River corridor fragment,,
Riverside Park,Municipal Park,Trail access; river corridor access; open green space,Active,City of Dayton,City of Dayton,,"Great Miami River, Dayton, OH",,Dayton,Montgomery,"39.0,-84.0",,None,,None,None,,,,https://www.miamivalleytrails.org/trails/great-miami-river-trail,
Riverside Veterans Memorial,Municipal Park,Memorial plaza with monuments and flag display,Active,City of Riverside,City of Riverside,,"1791 Harshman Rd, Riverside, OH 45424",,Riverside,Montgomery,,,None,,None,None,,,,https://www.riversideoh.gov,
Riverview Park,Municipal Park,Playground; picnic tables; grills; shelters,Active,City of Moraine,City of Moraine,,3021 Lakehurst Court,1,Moraine,Montgomery,,,None,,None,None,,,,https://moraineoh.myrec.com/info/dept/details.aspx?DeptInfoID=1052,
Robert F. Mays Park,Park District Park,"Community park with fields, paved loop, playground, shelter, native plantings, and parking",Active,Centerville–Washington Park District,Centerville–Washington Park District,,10553 Paragon Rd.,23.204,Centerville,Montgomery,,,,,,,,Paved multi-use trail (.75-mile loop),AED; grill; hitting wall; restrooms; major donor support,https://cwpd.org/parks/robert-f-mays/,
Robinette Park,Municipal Park,Community park with two playgrounds; paved walking path; courts; sand volleyball; large greenspace,Active,City of Vandalia,City of Vandalia,,"Enola Ct, Vandalia, OH 45377",2.7,Vandalia,Montgomery,"39.8885,-84.2030",,None,,None,None,,,,https://vandaliaohio.org/Facilities/Facility/Details/Robinette-Park-7,
Rohrer Park,Municipal Park,"Community park with pump track, walking path, playgrounds, courts, and picnic amenities",Active,City of Riverside,City of Riverside,,"720 Rohrer Boulevard, Riverside, OH 45404",22,Riverside,Montgomery,,,None,,None,None,0.75,Playground;Pump Track;Basketball Court;Baseball Diamond;Walking Path;Picnic Shelter;Restroom;Water Fountain;Grill,,https://cms3.revize.com/revize/riverside/Parks%20&%20Recreation%20Amenities.pdf?t=202508061644210&t=202508061644210,
Rooks Ravine Park,Park District Park,Nature park with open meadow surrounded by woods; includes a stream,Active,Centerville–Washington Park District,Centerville–Washington Park District,,9100 Rooks Road,5.16,Centerville,Montgomery,,,None,,None,None,,Stream; acquired via open space transfer in 1981,https://cwpd.org/parks/rooks-ravine/,,
Roscoe Roof Park,Municipal Park,"Largest park in Carlisle with two playgrounds, shelters, walking trail, Memorial Tree path, restrooms, and adaptive swing seat",Active,Village of Carlisle,Village of Carlisle,,601 Beachler Rd. or 400 Central Ave.,,Carlisle,Montgomery,,,None,,None,None,,,,https://www.carlisleoh.org/community/parks_recreation/index.php,
Rosedale Drive Green,Municipal Park,No listed amenities,Active,City of Dayton,City of Dayton,,"Rosedale Dr., Dayton, OH",,Dayton,Montgomery,"39.0,-84.0",,None,,None,None,,,,,
Rosewood Park,Park District Park,"Neighborhood park with open sports area, fishing pond, sled hill, woods, and play equipment",Active,Centerville–Washington Park District,Centerville–Washington Park District,,475 Roselake Drive,13.047,Centerville,Montgomery,,,,,,,,Hiking trails,Fishing pond; drinking fountain; acquired 1975 & 1993,https://cwpd.org/parks/rosewood/,
Runyeon Park,Municipal Park,Neighborhood park with open space and local access,Active,City of Miamisburg,City of Miamisburg,,1144 Orchard Dr.,,Miamisburg,Montgomery,,,None,,None,None,,,,https://storage.googleapis.com/proudcity/playmiamisburgoh/uploads/2022/05/Parks-Map-2022.pdf,
Sand Ridge Prairie Conservation Area,Park District Conservation Area,Sand and gravel soils from glacial outwash; supports prairie and savanna species; MetroParks manages prairie restoration and invasive species removal.,Active,,Five Rivers MetroParks,,,5,Dayton,Montgomery,,,None,,None,None,,,,https://www.metroparks.org/what-we-do/conservation-leadership/what-we-protect/,
Sandalwood Playground,Municipal Park,No listed amenities,Active,City of Dayton,City of Dayton,,"Sandalwood Dr., Dayton, OH",,Dayton,Montgomery,"39.0,-84.0",,None,,None,None,,,,,
Schoolhouse Park,Park District Park,"Community park with stadiums, courts, playground, paved trails, shelter, and restrooms",Active,Centerville–Washington Park District,Centerville–Washington Park District,,1875 Nutt Rd.,35.535,Centerville,Montgomery,,,,,,,,Paved multi-use trail (.75 mile),AED; pickleball; lacrosse; historic schoolhouse site,https://cwpd.org/parks/schoolhouse/,
Seger Park,Municipal Park,Small community park with gazebo and landscaped grounds,Active,City of Vandalia,City of Vandalia,,"101–199 S Perry St, Vandalia, OH 45377",,Vandalia,Montgomery,"39.8904,-84.1984",,None,,None,None,,,,https://vandaliaohio.org/Facilities/Facility/Details/Seger-Park-8,
Senior Parkway,Municipal Park,Civic greenspace along Pearl Street,Active,City of Miamisburg,City of Miamisburg,,25 W. Pearl St.,,Miamisburg,Montgomery,,,None,,None,None,,,,https://storage.googleapis.com/proudcity/playmiamisburgoh/uploads/2022/05/Parks-Map-2022.pdf,
Shafor Park,Municipal Park,"Community park with playground, courts, picnic shelter, and open green space",Active,City of Oakwood,City of Oakwood,,181 Patterson Rd.,,Oakwood,Montgomery,,,None,,None,None,,,Primary community park with multiple recreation amenities.,,
Shellabarger Park,Municipal Park,"Community park with walking path, playground, courts, soccer fields, and picnic amenities",Active,City of Riverside,City of Riverside,,"East of 5985 Burkhardt Road, Riverside, OH 45431",20,Riverside,Montgomery,,,None,,None,None,0.65,Playground;Basketball Court;Volleyball Court;Soccer Field;Walking Path;Picnic Shelter;Restroom;Water Fountain;Grill,,https://cms3.revize.com/revize/riverside/Parks%20&%20Recreation%20Amenities.pdf?t=202508061644210&t=202508061644210,
Sheridan Park,Municipal Park,Playground; basketball court; open green space; picnic tables,Active,City of Dayton,City of Dayton,,"1030 Harvard Blvd., Dayton, OH 45406",,Dayton,Montgomery,"39.7830,-84.2280",,None,,None,None,,,,https://www.mypacer.com/parks/165643/sheridan-park-dayton,
Shiloh Park,Municipal Park,"Neighborhood park with green space, shelter, and recreation amenities",Active,Harrison Township,Harrison Township,,"Markey Rd near Philadelphia Dr, Dayton, OH 45415",9,Harrison Township,Montgomery,"39.8098,-84.2497",,None,,None,None,,,Often mislisted online as “Shiloh Springs Park.”,https://harrisontownship.org/services/parks-recreation/,
Shiloh Woods Conservation Area,Park District Conservation Area,Large forest conservation area,Active,,Five Rivers MetroParks,,,385,Dayton,Montgomery,,,None,,None,None,,,,,
Shullgate Park,Municipal Park,Neighborhood park with playground and open field,Active,City of Huber Heights,City of Huber Heights,,"6045 Shull Rd, Huber Heights, OH 45424",,Huber Heights,Montgomery,,,None,,None,,,,,https://huberheights.org,
Silvercreek Park,Park District Park,Neighborhood park with paved multi-use trail connecting Holes Creek and Silvercreek Parks; 3 bridge crossings; regional trail connections,Active,Centerville–Washington Park District,Centerville–Washington Park District,,9369 Yankee Street,8.969,Centerville,Montgomery,,,,,,,,Paved multi-use trail (10' wide),Clean Ohio Trails grant; opened 2016; acquired 1979,https://cwpd.org/parks/silvercreek/,
Simms Park,Municipal Park,Neighborhood greenspace,Active,City of Miamisburg,City of Miamisburg,,King Richard Pkwy.,,Miamisburg,Montgomery,,,None,,None,None,,,,https://storage.googleapis.com/proudcity/playmiamisburgoh/uploads/2022/05/Parks-Map-2022.pdf,
Sinclair Park,Municipal Park,"Community park with playground, ballfields, and open space",Active,Harrison Township,Harrison Township,,"685 Shiloh Springs Rd, Dayton, OH 45415",19,Harrison Township,Montgomery,"39.8090,-84.2608",,None,,None,None,,,,https://harrisontownship.org/services/parks-recreation/,
Sixth & Pearl Playlot,Municipal Park,Small neighborhood playlot,Active,City of Miamisburg,City of Miamisburg,,Sixth & Pearl St.,,Miamisburg,Montgomery,,,None,,None,None,,,,https://storage.googleapis.com/proudcity/playmiamisburgoh/uploads/2022/05/Parks-Map-2022.pdf,
Smith Gardens,Municipal Park,Formal public garden with landscaped beds and pathways,Active,City of Oakwood,City of Oakwood,,799 Oakwood Ave.,,Oakwood,Montgomery,,,None,,None,None,,,Signature formal garden maintained by the city.,,
Soccer Complex,Municipal Park,Large athletic complex with multiple soccer fields,Active,City of Miamisburg,City of Miamisburg,,4350 Medlar Rd.,,Miamisburg,Montgomery,,,None,,None,None,,,Athletic facility.,https://storage.googleapis.com/proudcity/playmiamisburgoh/uploads/2022/05/Parks-Map-2022.pdf,
Southdale Park,Municipal Park,Playground; Habitat Environmental Center; trails; picnic areas,Active,City of Kettering,City of Kettering,,"3036 Bellflower St., Kettering, OH 45409",8,Kettering,Montgomery,"39.6950,-84.1695",,None,,None,None,,,,https://www.playkettering.org/southdale-park/,
Southern Hills Park,Municipal Park,Village-themed playground; courts; picnic areas; walking path,Active,City of Kettering,City of Kettering,,"1545 Sacramento Dr., Kettering, OH 45429",2,Kettering,Montgomery,"39.7164,-84.1640",,None,,None,None,,,,https://www.playkettering.org/southern-hills-park/,
Sports Complex,Municipal Park,Outdoor sports and fitness complex with turf area and training features,Active,City of Vandalia,City of Vandalia,,"1101–1111 Stonequarry Rd, Dayton/Vandalia, OH 45414",100,Vandalia,Montgomery,"39.8860,-84.2000",,None,,None,None,,,,https://vandaliaohio.org/Facilities/Facility/Details/Sports-Complex-11,
Spring Run – Former Larch Tree Golf Course Parcel,Park District Conservation Area,"A 190-acre former golf course restored to conservation land with grasslands, riparian buffers, and early successional habitat; part of Spring Run Conservation Area.",Active,,Five Rivers MetroParks,,"2765 N Snyder Rd, Dayton, OH 45426",190,,Montgomery,"39.8180,-84.3430",,None,,None,None,,,Part of Spring Run Conservation Area.,https://www.metroparks.org/places-to-go/spring-run/,
Spring Run Conservation Area,Park District Conservation Area,"A 550-acre MetroParks conservation complex including the Great Miami Mitigation Bank and former Larch Tree Golf Course parcel; restored wetlands, riparian corridors, and grasslands.",Active,,Five Rivers MetroParks,,"2765 N Snyder Rd, Dayton, OH 45426",550,,Montgomery,"39.8180,-84.3430",,None,,None,None,,,Contains Great Miami Mitigation Bank and Larch Tree parcels; adjacent to Sycamore State Park.,https://www.metroparks.org/places-to-go/spring-run/,
St. Margaret’s Park,Municipal Park,Playground; picnic tables; restrooms; water availability,Active,City of Dayton,City of Dayton,,"3500 Park Overlook Dr., Dayton, OH 45417",,Dayton,Montgomery,"39.7440,-84.2450",,None,,None,None,,,,https://www.daytonohio.gov/Facilities/Facility/Details/St-Margarets-Park-Shelter-21,
Stanley Jones Park,Municipal Park,Community park with open recreation space and athletic use,Active,Village of New Lebanon,Village of New Lebanon,,"198 S Clayton Rd, New Lebanon, OH 45345",,New Lebanon,Montgomery,"39.7417,-84.3948",,None,,None,None,,,Recreation fields; open space,https://www.newlebanonoh.com,
Stansel Park,Park District Park,Neighborhood park in Sweeney Place featuring a restored springhouse foundation from the early 1800s,Active,Centerville–Washington Park District,Centerville–Washington Park District,,1304 Sarah Freeman Drive,3.546,Centerville,Montgomery,,,None,,,,,,Named for the Henry Stansel family; springhouse foundation preserved; acquired 2008,https://cwpd.org/parks/stansel/,
State Farm Park,Municipal Park,Ball fields; playground; shelter; open fields; parking,Active,City of Kettering,City of Kettering,,"2510 Blackhawk Dr., Kettering, OH 45420",31.6,Kettering,Montgomery,"39.6890,-84.1280",,None,,None,None,,,,https://www.playkettering.org/state-farm-park/,
Stewart Street Bikeway Access,Trail Access Point,Bikeway access node along Great Miami River Trail,Active,Five Rivers MetroParks,Five Rivers MetroParks,,"Stewart St. Bridge, Dayton, OH",,Dayton,Montgomery,,,Bikeway Access Point,Great Miami River Trail,None,Access Point,,,,,
Stewart Street Green,Municipal Park,No listed amenities,Active,City of Dayton,City of Dayton,,"Stewart St., Dayton, OH",,Dayton,Montgomery,"39.0,-84.0",,None,,None,None,,,,,
Stillwater Bend Natural Area,Park District Conservation Area,Undeveloped natural area along Stillwater River,Active,Five Rivers MetroParks,Five Rivers MetroParks,,"Near Siebenthaler Ave., Dayton, OH",,,Montgomery,"39.0,-84.0",,None,,None,None,,,Undeveloped MetroParks holding,,
Stillwater River Access (MetroParks),Fishing Access,River access point managed by MetroParks,Active,Five Rivers MetroParks,Five Rivers MetroParks,,"Near Riverside Dr., Dayton, OH",,,Montgomery,,,Yes,,,,,,River access,,
Stillwater River Trail Corridor (MetroParks),Controversial,Riparian bikeway corridor along the Stillwater River,Active,Five Rivers MetroParks,Five Rivers MetroParks,,"Along Stillwater River, Montgomery County",,,Montgomery,,,None,,None,None,,,Part of regional bikeway network,,
Stoney Crest Trails & Pavilions,Municipal Park,Walking trails and pavilions within the Stoney Crest neighborhood,Active,City of Union,City of Union,,Stoney Crest neighborhood,,Union,Montgomery,,,None,,None,None,,,,https://www.unionoh.org/1257/Places-to-Play,
Stringtown Park,Park District Park,Neighborhood park with sled hill and play equipment,Active,Centerville–Washington Park District,Centerville–Washington Park District,,9191 Woodstream Lane,4.168,Centerville,Montgomery,,,,,,,,Informal natural trails,Picnic tables; historic Stringtown context; acquired 1978,https://cwpd.org/parks/stringtown/,
Stroop Road Green,Municipal Park,No listed amenities,Active,City of Dayton,City of Dayton,,"Stroop Rd., Dayton, OH",,Dayton,Montgomery,"39.0,-84.0",,None,,None,None,,,,,
Stubbs Park,Municipal Park,"Large community park with amphitheater, Veterans Memorial Plaza, walking trails, playground, inline skating rink, cricket pitch, and disc golf course",Active,City of Centerville,City of Centerville,,255 W. Spring Valley Pike,60,Centerville,Montgomery,,,,,,,,Hiking/walking trails,Renovated 2025; amphitheater improvements,https://www.centervilleohio.gov/233/Stubbs-Park,
Sunflower Park,Municipal Park,Neighborhood park with playground and open space,Active,City of Miamisburg,City of Miamisburg,,2432 Sunflower Dr.,,Miamisburg,Montgomery,,,None,,None,None,,,,https://storage.googleapis.com/proudcity/playmiamisburgoh/uploads/2022/05/Parks-Map-2022.pdf,
Sunrise MetroPark,Park District Park,Small riverfront overlook park,Active,Five Rivers MetroParks,Five Rivers MetroParks,,,3,Dayton,Montgomery,,,Yes,,,,,,Overlook,,
Sycamore State Park,State Park,"Large state‑managed natural area featuring forest, prairie, ponds, hiking trails, horse trails, hunting areas, and diverse wildlife habitat.",Open,Ohio Department of Natural Resources,,,"4675 Diamond Mill Rd, Dayton, OH 45426",2628,Trotwood,Montgomery,"39.8139,-84.3437",,Yes,,,,,,,https://ohiodnr.gov/parks/sycamore-state-park; https://www.trotwoodchamber.org/recreation.php,
Sycamore State Park East Access Trailhead,Trailhead,Informal eastern access point to Sycamore State Park via roadside pull-off,Active,Ohio Department of Natural Resources,,,"Near 4800 Diamond Mill Rd, Dayton, OH 45417",,Jefferson Township,Montgomery,"39.7708,-84.3301",,Yes,,,,,,Verified roadside access point to state park trail system; Great Miami River Trail feeder segment.,,
Sycamore Trails Aquatic Center,Recreation Facility,"Outdoor municipal pool complex with slides, lap lanes, and leisure pool",Active,City of Miamisburg,City of Miamisburg,,400 S. Heincke Rd.,,Miamisburg,Montgomery,,,,,,,,,,https://storage.googleapis.com/proudcity/playmiamisburgoh/uploads/2022/05/Parks-Map-2022.pdf; https://www.playmiamisburg.com/parks_facilities/parks/,
Sycamore Trails Park,Municipal Park,"Large multi-use park with trails, shelters, and nature areas",Active,City of Miamisburg,City of Miamisburg,,1681 Maue Rd.; 214 S. Heincke Rd.,,Miamisburg,Montgomery,,,None,,None,None,,,Two official entrances; unified park entity.,https://storage.googleapis.com/proudcity/playmiamisburgoh/uploads/2022/05/Parks-Map-2022.pdf,
Tait Park,Municipal Park,Fire-house playground; shelter; courts; picnic areas,Active,City of Kettering,City of Kettering,,"3750 Tait Rd., Kettering, OH 45429",9.1,Kettering,Montgomery,"39.6860,-84.2250",,None,,None,None,,,,https://www.playkettering.org/tait-park/,
Tait Station Low Dam Access,Fishing Access,River access area near historic low dam,Active,Five Rivers MetroParks,Five Rivers MetroParks,,"Near Tait Rd., Dayton, OH",,,Montgomery,,,Yes,,,,,,River access,,
Taylorsville Dam Recreation Area,Army Corps of Engineers Property,Recreation area with river access and open fields; earthen flood-control dam (1921),Active,,U.S. Army Corps of Engineers; Miami Conservancy District,,"Near Taylorsville Rd., Vandalia, OH 45377",,Butler Township,Montgomery,"39.874444, -84.1619444",,,,,,,,Part of Miami Conservancy District flood control system,https://vandaliaohio.org; https://www.mcdwater.org/flood-protection/taylorsville-dam,
Taylorsville MetroPark,Park District Park,"Trails, river access, Tadmor ruins, ponds, Buckeye Trail, camping",Active,Five Rivers MetroParks,Five Rivers MetroParks,,"2101 US-40, Vandalia, OH 45377",1300,Vandalia,Montgomery,,,None,,,,,,,https://www.metroparks.org/places-to-go/taylorsville/,
The Rat Skate Park,Public School Property,"State-of-the-art skate park with ramps, rails, pump track, and lighting; maintained by Northridge Schools students",Active,Northridge Local Schools,Northridge Local Schools,,"On Northridge Schools campus, 2011 Timber Ln, Dayton, OH 45414",,Harrison Township,Montgomery,"39.8379,-84.1942",,No,,,,,,,https://harrisontownship.org/services/parks-recreation/,
Thomas A. Cloud Park,Municipal Park,"Largest city park; shelters, fields, trails, playgrounds",Active,City of Huber Heights,City of Huber Heights,,"4707 Brandt Pike, Huber Heights, OH 45424",,Huber Heights,Montgomery,,,None,,,,,,,https://huberheights.org,
Townview Park,Municipal Park,Picnic shelter; playground; basketball court,Active,City of Trotwood,City of Trotwood,,"5280 Gardendale Ave, Trotwood, OH 45417",,Trotwood,Montgomery,"39.7406,-84.2872",,None,,None,None,,,Verified municipal park behind Townview Elementary,https://www.trotwoodchamber.org/recreation.php,
Trailways Park,Park District Park,Small neighborhood park serving as a resting spot for bicyclists along the Spring Valley Pike multi-use trail,Active,Centerville–Washington Park District,Centerville–Washington Park District,,1165 W. Spring Valley Pike,1,Centerville,Montgomery,,,None,,,,,,Acreage donated 2009 for CWPD’s 50th anniversary,https://cwpd.org/parks/trailways/,
Triangle Park,Municipal Park,Playground; ballfields; picnic shelter; restrooms; open green space,Active,City of Dayton,City of Dayton,,"1700 Embury Park Rd., Dayton, OH 45414",,Dayton,Montgomery,"39.785030,-84.199596",,None,,None,None,,,,https://www.daytonohio.gov/facilities/facility/details/triangleparkpavilion-37,
Trotwood Community & Cultural Arts Center,Recreation Facility,Indoor community facility with surrounding public greens,Active,City of Trotwood,City of Trotwood,,"4000 Lake Center Dr, Trotwood, OH 45426",,Trotwood,Montgomery,,,,,,,,,,https://trotwood.org,
Twin Creek Conservation Tract,Park District Conservation Area,"Forest, prairie, and riparian habitat in the Twin Creek watershed; supports high biodiversity.",Active,,Five Rivers MetroParks,,,,Germantown Area,Montgomery,,,None,,None,None,,,,https://www.metroparks.org/what-we-do/conservation-leadership/what-we-protect/,
Twin Creek MetroPark,Park District Park,"Large MetroPark with forests, prairies, ravines, Twin Creek corridor; includes former BSA Camp Hook",Active,Five Rivers MetroParks,Five Rivers MetroParks,,"8502 Chamberlain Rd., Germantown, OH 45327",1000,Germantown,Montgomery,,,Yes,,,,,,Includes former Camp Charles R. Hook,https://www.metroparks.org/places-to-go/twin-creek/,
Twin Creek Park,Municipal Park,Baseball/softball field; basketball court,Active,City of Trotwood,City of Trotwood,,"2044 Twin Creek Dr, Trotwood, OH 45426",,Trotwood,Montgomery,"39.7803,-84.3001",,None,,None,None,,,Verified municipal park,https://www.trotwoodchamber.org/recreation.php,
Twin Creeks Park,Municipal Park,Neighborhood park with playground and greenspace,Active,City of Huber Heights,City of Huber Heights,,"4480 Leston Dr, Huber Heights, OH",,Huber Heights,Montgomery,,,None,,,,,,,https://huberheights.org,
Twin Valley Trail Corridor (MetroParks),Controversial,Long‑distance trail corridor connecting MetroParks,Active,Five Rivers MetroParks,Five Rivers MetroParks,,Between Germantown and Twin Creek MetroParks,,Germantown Area,Montgomery,,,None,,None,None,,,Regional trail corridor,,
Twin Valley Trail Spur,Controversial,Spur trail corridor connecting to Twin Valley Trail,Active,Five Rivers MetroParks,Five Rivers MetroParks,,"Near Conservancy Rd., Germantown, OH",,Germantown Area,Montgomery,,,None,,None,None,,,Spur corridor,,
Union & Old Salem Trail Spur,Bikeway Spur,Connector spur between Union and Old Salem Rd. bikeways,Active,City of Englewood,City of Englewood,,"Old Salem Rd., Englewood, OH 45322",,Englewood,Montgomery,"39.8700,-84.3070","86MR+H8 Englewood, Ohio",Bikeway Spur,,Connector,Connector,,,Part of the regional bikeway system.,,
Union & Old Salem Trail Spur,Trail Access Point,Small public trail spur connecting neighborhoods to regional bikeway,Active,Montgomery County,,,Old Salem Rd. at Union Blvd.,,Clayton,Montgomery,,,,,,,,,Neighborhood connector segment.,,
Union Community Park,Municipal Park,Flagship 25-acre park with ballfields and open green space,Active,City of Union,City of Union,,3280 Phillipsburg Union Rd.,25,Union,Montgomery,,,None,,None,None,,,,https://www.unionoh.org/1257/Places-to-Play,
Union Road Cemetery,Cemetery,Historic cemetery with open lawn and public walking access,Active,Jefferson Township,Jefferson Township,,"2200 Union Rd, Dayton, OH 45417",,Jefferson Township,Montgomery,"39.7489,-84.3082",,None,,None,None,,,Qualifies due to passive recreation and ecological value.,,
Upper Twin Conservation Area,Park District Conservation Area,Conservation land in the Twin Creek watershed,Active,,Five Rivers MetroParks,,,390,Germantown,Montgomery,,,None,,None,None,,,,,
Van Buren Park,Municipal Park,Playground; shelter; courts; picnic areas,Active,City of Kettering,City of Kettering,,"1450 Scottsdale Ave., Kettering, OH 45429",5.5,Kettering,Montgomery,"39.7030,-84.1590",,None,,None,None,,,,https://www.playkettering.org/van-buren-park/,
Vandalia Recreation Center,Recreation Center,"58,000 sq ft facility with fitness center, indoor waterpark, gym, track, climbing wall",Active,City of Vandalia,City of Vandalia,,"1111 Stonequarry Rd, Vandalia, OH 45414",,Vandalia,Montgomery,"39.8468,-84.1918",,,,,,,,,https://vandaliaohio.org/236/Recreation-Center,
Vandalia Senior Center,Recreation Facility,"Community senior center with activity rooms, programs, events, and adjacent greenspace",Active,City of Vandalia,City of Vandalia,,"21 Tionda Dr S, Vandalia, OH 45377",,Vandalia,Montgomery,"39.8902,-84.1980",,Yes,,,,,,,https://vandaliaohio.org,
Verona Village Park,Municipal Park,Ballfield; basketball court; playground; open greenspace,Active,Village of Verona,Village of Verona,,Unnamed access road off N State St (Plus Code: WG37+Q2),,Verona,Montgomery,"39.9100,-84.5320",,None,,None,None,,,,https://www.veronaohio.org,
Veterans Memorial,Municipal Park,Memorial plaza and civic greenspace,Active,City of Huber Heights,City of Huber Heights,,"Huber Heights, OH",,Huber Heights,Montgomery,,,None,,None,None,,,,,
Veterans Memorial Park,Municipal Park,"Community park with historic structures, gazebo, playground, courts, and pool",Active,City of Germantown,City of Germantown,,75 N Walnut St.,,Germantown,Montgomery,,,None,,None,None,,,,https://germantown.oh.us/parks-recreation/,
Veterans Memorial Park,Municipal Park,Memorial park with monuments and landscaped grounds,Active,City of Miamisburg,City of Miamisburg,,426 E. Central Ave.,,Miamisburg,Montgomery,,,None,,None,None,,,Formerly known as Library Park.,https://storage.googleapis.com/proudcity/playmiamisburgoh/uploads/2022/05/Parks-Map-2022.pdf,
Victory Park,Municipal Park,"Neighborhood park with play structure, paved walking path, and greenspace",Active,City of Vandalia,City of Vandalia,,"Cyril Ct / Clyde St / Attica St, Vandalia, OH 45377",,Vandalia,Montgomery,"39.8865,-84.1965",,None,,None,None,,,,https://vandaliaohio.org/Facilities/Facility/Details/Victory-Park-13,
Village South Park,Park District Park,"Neighborhood park with courts, pickleball, play equipment, and shelter",Active,Centerville–Washington Park District,Centerville–Washington Park District,,411 North Village Drive,17.188,Centerville,Montgomery,,,,,,,,Informal paved paths,Adjacent to Primary Village North; acquired 1966,https://cwpd.org/parks/village-south/,
Wagon Trail Park,Park District Park,Neighborhood park with large open areas and play equipment,Active,Centerville–Washington Park District,Centerville–Washington Park District,,8450 Washington Village Drive,7.014,Centerville,Montgomery,,,,,,,,Informal play area,Grill; picnic tables; historic farm lane; acquired 1971,https://cwpd.org/parks/wagon-trail/,
Walnut Hills Park,Municipal Park,Playground; courts; restrooms; spray park; open green space,Active,City of Dayton,City of Dayton,,"2340 Wayne Ave., Dayton, OH 45420",7,Dayton,Montgomery,"39.7445,-84.1003",,None,,None,None,,,,https://www.daytonohio.gov/facilities/facility/details/Walnut-Hills-Park-Shelter-33,
Walther Park,Municipal Park,Natural-themed playground; courts; picnic areas; benches; drinking fountains,Active,City of Kettering,City of Kettering,,"4421 Overland Trail, Kettering, OH 45429",4.5,Kettering,Montgomery,"39.6869,-84.1693",,None,,None,None,,,,https://www.playkettering.org/walther-park/,
Ward Field,Municipal Park,Athletic field providing organized and informal sports space,Active,City of Englewood,City of Englewood,,"Hoke Road, Englewood, Ohio 45322",,Englewood,Montgomery,,,None,,,,,,,https://www.englewood.oh.us/189/Parks-Playgrounds,
Ward Park,Municipal Park,Small basketball court and playground,Active,City of Brookville,City of Brookville,,"115 Sycamore St., Brookville, OH",,Brookville,Montgomery,,,None,,,,,,Neighborhood park with basic amenities,,
Warner Park,Municipal Park,"Neighborhood park with benches, playground equipment, paved walkway, and greenspace",Active,City of Vandalia,City of Vandalia,,"405 Allenhurst Ave, Vandalia, OH 45377",,Vandalia,Montgomery,"39.8858,-84.1937",,None,,None,None,,,,https://vandaliaohio.org/Facilities/Facility/Details/Warner-Park-14,
Washington Park,Municipal Park,Playground and open green space with shaded areas,Active,City of Dayton,City of Dayton,,"Dayton, OH 45403",,Dayton,Montgomery,"39.0,-84.0",,None,,None,None,,,,https://www.mapquest.com/us/ohio/washington-park-652512335,
Washington Township RecPlex Grounds,Recreation Grounds,Recreation center grounds with open space,Active,Washington Township,Washington Township,,"895 Miamisburg‑Centerville Rd., Dayton, OH 45459",33,Washington Township,Montgomery,,,No,,,,,,,,
Waterbury Woods Park,Park District Park,"Neighborhood park with open sports area, sled hill, and play equipment",Active,Centerville–Washington Park District,Centerville–Washington Park District,,1250 W. Social Row Road,6.607,Centerville,Montgomery,,,,,,,,Informal play area; sled hill,Donated 2002; former leaf dump site,https://cwpd.org/parks/waterbury-woods/,
Watkins Glen Park,Park District Park,Neighborhood park divided by a creek with play equipment and open area,Active,Centerville–Washington Park District,Centerville–Washington Park District,,825 Watkins Glen Drive,5.712,Centerville,Montgomery,,,,,,,,Informal natural trails,Stream; historic homestead nearby; acquired via transfer/donation,https://cwpd.org/parks/watkins-glen/,
Wax Park,Municipal Park,"Community park with playgrounds, shelters, ballfields, and fishing pond",Active,City of Moraine,City of Moraine,,3800 Main Street,38,Moraine,Montgomery,,,None,,None,None,,,Largest and most popular Moraine park.,https://moraineoh.myrec.com/info/dept/details.aspx?DeptInfoID=1052,
Weatherstone Park,Park District Park,"Neighborhood park with climber, slides, swings, and tire swing",Active,Centerville–Washington Park District,Centerville–Washington Park District,,10998 Pennfield Road; 164 Summerford Place,5.099,Centerville,Montgomery,,,,,,,,Informal play area,Picnic tables; acquired 2006,https://cwpd.org/parks/weatherstone/,
Wegerzyn Gardens MetroPark,Park District Park,"Botanical gardens, children’s garden, river corridor trails",Active,Five Rivers MetroParks,Five Rivers MetroParks,,,88,Dayton,Montgomery,,,Yes,,,,,,Botanical gardens,,
Weidner Park,Municipal Park,"Picnic shelter, restrooms, playground, courts, and ballfield",Active,City of West Carrollton,City of West Carrollton,,150 E. Central Ave.,,West Carrollton,Montgomery,,,None,,None,None,,,Large multi-use community park with diverse recreation facilities.,,
Welcome Park,Municipal Park,"Bike playground with pump tracks, flow trails, and multi-use trail features",Active,City of Dayton,City of Dayton,,"1437 S. Edwin C. Moses Blvd., Dayton, OH 45402",,Dayton,Montgomery,"39.0,-84.0",,None,,None,None,,,,https://daytonbikeyard.com/,
Wellfield Park,Municipal Park,Open space and recreation area on River Road,Active,City of Union,City of Union,,River Rd.,,Union,Montgomery,,,None,,,,,,,https://www.unionoh.org/1257/Places-to-Play,
Wenger Village Park,Municipal Park,Neighborhood park,Active,City of Englewood,City of Englewood,,"Wenger Rd., Englewood, OH",,Englewood,Montgomery,,,None,,None,None,,,,,
Wenzler Park,Municipal Park,"Treehouse-themed playground, picnic areas, courts, walking paths, and shelter",Active,City of Kettering,City of Kettering,,"3535 Sharewood Ct., Kettering, OH 45429",4.6,Kettering,Montgomery,"39.6898,-84.1648",,None,,None,None,,,,https://www.playkettering.org/wenzler-park/,
Wesleyan MetroPark,Park District Park,Riverfront park with trails and access to Wolf Creek,Active,Five Rivers MetroParks,Five Rivers MetroParks,,,62,Dayton,Montgomery,,,Yes,,,,,,,,
West Carrollton Soccer Complex,Municipal Park,"Soccer fields with playground, restrooms, and shelter",Active,City of West Carrollton,City of West Carrollton,,4800 Hydraulic Rd.,,West Carrollton,Montgomery,,,None,,None,None,,,Primary soccer facility for the city.,,
Westbrook Park,Municipal Park,"Picnic tables, playground, and soccer fields",Active,City of Brookville,City of Brookville,,"Brookville‑Pyrmont Rd., Brookville, OH",,Brookville,Montgomery,,,None,,,,,,Community park with open play areas and soccer facilities,,
Westbrook Park,Municipal Park,Neighborhood park with playground and open space,Active,City of Clayton,City of Clayton,,"Westbrook Park, Jean Dr.",,Clayton,Montgomery,,,None,,None,None,,,Verified via Facility/Details/2.,http://clayton.oh.us/Facilities/Facility/Details/2,
Westbrook Road Bikeway Access Point,Trail Access Point,Access point to the regional bikeway system,Active,Montgomery County,Montgomery County,,"Westbrook Rd. near Union Blvd., Clayton, OH 45315",,Clayton,Montgomery,"39.8680,-84.3230","86MQ+3W Clayton, Ohio",Bikeway Access Point,Great Miami River Trail,None,Access Point,,,Part of the regional bikeway network.,,
Westbrooke Park,Municipal Park,"Picnic shelter, soccer field, ballfields, and courts",Active,City of Trotwood,City of Trotwood,,"5410 Northford Rd, Trotwood, OH 45426",,Trotwood,Montgomery,"39.7905,-84.2875",,None,,None,None,,,Verified municipal park behind Westbrooke Elementary,https://www.trotwoodchamber.org/recreation.php,
Western Hills Park,Municipal Park,"Playground, courts, picnic areas, and restrooms",Active,City of Dayton,City of Dayton,,"600 N. Westwood Ave., Dayton, OH 45402",,Dayton,Montgomery,"39.7650,-84.2380",,None,,None,None,,,,https://www.daytonohio.gov/Facilities/Facility/Details/Western-Hills-Park-Shelter-34,
Westover Park,Municipal Park,Neighborhood park with open green space,Active,City of Miamisburg,City of Miamisburg,,400 Schroeder St.,,Miamisburg,Montgomery,,,None,,None,None,,,,https://storage.googleapis.com/proudcity/playmiamisburgoh/uploads/2022/05/Parks-Map-2022.pdf,
Willowbrook Park,Park District Park,"Neighborhood park with creek, trails, woods, open areas, courts, and shelter",Active,Centerville–Washington Park District,Centerville–Washington Park District,,10225 Park Edge Drive; 570 Nutt Road; 10140 Atchison Road,17.89,Centerville,Montgomery,,,,,,,,Hiking trails,Stream; picnic tables; multiple access points; acquired 1988–1989,https://cwpd.org/parks/willowbrook/,
Wilson Park & Pool,Municipal Park,"Community park with shelters, courts, pool, disc golf, and walking trails",Active,City of West Carrollton,City of West Carrollton,,350 Wilson Park Dr.; 1226 S. Elm St.,,West Carrollton,Montgomery,,,None,,None,None,,,Primary community park with extensive recreation facilities.,,
Wolcott Park,Municipal Park,"Playground, basketball court, picnic tables, and open green space",Active,City of Dayton,City of Dayton,,"620 E. Helena St., Dayton, OH 45404",,Dayton,Montgomery,"39.7810,-84.1780",,None,,None,None,,,,https://www.mypacer.com/parks/165644/wolcott-park-dayton,
Wolf Creek Access (MetroParks),Fishing Access,River access point managed by MetroParks,Active,Five Rivers MetroParks,Five Rivers MetroParks,,"Near Broadway St., Dayton, OH",,,Montgomery,,,Yes,,,,,,River access,,
Wolf Creek Corridor,Municipal Park,Trail access and river corridor greenspace,Active,City of Dayton,City of Dayton,,"Wolf Creek, Dayton, OH",,Dayton,Montgomery,"39.0,-84.0",,None,,None,None,,,,https://www.miamivalleytrails.org/trails/wolf-creek-trail,
Wolf Creek East Buffer Zone,Park District Conservation Area,Natural area buffering Wolf Creek Trail corridor,Active,Five Rivers MetroParks,Five Rivers MetroParks,,"Near Broadway St., Dayton, OH",,,Montgomery,,,None,,None,None,,,Buffer zone,,
Wolf Creek Floodplain Natural Area,Controversial,Riparian floodplain habitat with wildlife and public access at road crossings,Active,Miami Conservancy District,Miami Conservancy District,,"Near Wolf Creek Pike & Union Rd, Jefferson Township, OH",,Jefferson Township,Montgomery,"39.7602,-84.3168",,None,,None,None,,,Recognized riparian natural area within township footprint,,
Wolf Creek Greenway (Jefferson Segment),Controversial,Regional trail corridor with public access at crossings,Active,Montgomery County,Montgomery County,,"Along Wolf Creek, Jefferson Township, OH",,Jefferson Township,Montgomery,"39.7570,-84.3140",,None,,None,None,,,Official regional greenway; only Jefferson Township segments included,,
Wolf Creek Trail Corridor (MetroParks),Controversial,Bikeway corridor along Wolf Creek,Active,Five Rivers MetroParks,Five Rivers MetroParks,,"Along Wolf Creek, Montgomery County",,,Montgomery,,,None,,None,None,,,Part of regional bikeway network,,
Woodbourne Green Park,Park District Park,Triangular historic green with stone marker commemorating 1797 Village of Woodbourne,Active,Centerville–Washington Park District,Centerville–Washington Park District,,W. Whipp Road at Paddington Road,0.113,Centerville,Montgomery,,,None,,,,,,Historical marker placed 1971; transferred 1989,https://cwpd.org/parks/woodbourne-green/,
Woodbourne Springs Park,Park District Park,"Nature park with hiking trails, stream, and picnic table",Active,Centerville–Washington Park District,Centerville–Washington Park District,,220 W. Whipp Road,7.081,Centerville,Montgomery,,,None,,None,None,,,Stream; historic Hole family property; jointly purchased with county and federal funding,https://cwpd.org/parks/woodbourne-springs/,
Woodland Cemetery & Arboretum,Cemetery; Arboretum,Historic cemetery and Level II arboretum with extensive tree collections,Active,Woodland Cemetery Association,Woodland Cemetery Association,,"118 Woodland Ave., Dayton, OH 45409",200,Dayton,Montgomery,"39.7410,-84.1780","85CW+QW Dayton, Ohio",None,,None,None,,,One of the oldest rural cemeteries in the U.S.,https://woodlandcemetery.org,
Woodman Fen Conservation Area,Park District Conservation Area,Protected fen ecosystem with boardwalk,Active,,Five Rivers MetroParks,,,33,Kettering,Montgomery,,,None,,None,None,,,Fen ecosystem,,
Wright “B” Flyer Hangar and Museum,Museum,Aviation museum and hangar featuring the Wright “B” Flyer replica,Active,Wright “B” Flyer Inc.,Wright “B” Flyer Inc.,,"10550 Springboro Pike, Miamisburg, OH 45342",,Miamisburg,Montgomery,"39.6160,-84.2290","77XW+JH Miamisburg, Ohio",None,,None,None,,,Located at Dayton–Wright Brothers Airport,https://www.wright-b-flyer.org,
Wright Brothers Hill,Federal Memorial Green,Memorial hilltop with Olmsted‑designed landscape and aviation monuments,Active,National Park Service,National Park Service,,"2380 Memorial Road, Dayton, OH 45433",27,Dayton,Montgomery,"39.8140,-84.0710","86QV+XW Dayton, Ohio",None,,None,None,,,Overlooks Huffman Prairie Flying Field; part of Dayton Aviation Heritage NHP.,https://www.nps.gov/places/wright-brothers-memorial.htm,
Wright Brothers Pinnacles Trail,Municipal Park,Natural surface trail with scenic overlooks and historic interpretive points,Active,City of Moraine,City of Moraine,,Pinnacles area off Pinnacle Road,,Moraine,Montgomery,,,None,,None,None,,,Historic and scenic trail.,https://moraineoh.myrec.com/info/dept/details.aspx?DeptInfoID=1052,
Xenia Avenue Stormwater Green,Controversial,Stormwater green infrastructure; drainage features; vegetation,Active,City of Dayton,,,"Xenia Ave., Dayton, OH",,Dayton,Montgomery,"39.0,-84.0",,,,,,,,,https://www.daytonohio.gov/409/Storm-Water-Management-Program,
Yankee Park,Park District Park,"Large community park with tennis courts, pickleball, baseball diamonds, soccer fields, football practice areas, playground, paved trails, and picnic shelter",Active,Centerville–Washington Park District,Centerville–Washington Park District,,7500 Yankee Street,36.679,Centerville,Montgomery,,,,,,,,AED; Little Free Library; drinking fountain; restrooms; grill; historic multi-parcel acquisition,Paved multi-use trails (0.82-mile perimeter; 0.19-mile center path),https://cwpd.org/parks/yankee/,
YMCA Bikeway,Land Trail,Paved bikeway segment connecting park and YMCA areas,Active,City of Englewood,City of Englewood,,"Englewood, Ohio 45322",,Englewood,Montgomery,,,Trail System,,Linear,None,,Multi-Use Trail,Route and function derived from city bikeways brochure,https://www.englewood.oh.us/189/Parks-Playgrounds,
,,,,,,,,,,,,,,,,,,,,,
,,,,,,,,,,,,,,,,,,,,,
Black Oak East Park,Park District Park,"Natural area with forest, stream corridor, and informal trails",Active,Centerville–Washington Park District,Centerville–Washington Park District,,7835 John Elwood Drive,25.394,Centerville,Montgomery,"39.627540,-84.143210","9GPF+M2 Centerville, Ohio",None,,None,None,,Nature Trail,Acquired via open space transfer (1971–1992),https://cwpd.org/parks/black-oak-east/,
Black Oak Park,Park District Park,"Nature park with hiking trails, paved path, wetland overlook, and play equipment",Active,Centerville–Washington Park District,Centerville–Washington Park District,,1552 Ambridge Road; 7766 Bigger Road,17.855,Centerville,Montgomery,"39.627980,-84.146210","9GPF+Q3 Centerville, Ohio",None,,None,None,,Playground;Loop Trail,Stream corridor; sled hills; drinking fountain (seasonal),https://cwpd.org/parks/black-oak/,
Blackhawk Park,Municipal Park,"Neighborhood park with ball fields, courts, playground, and picnic shelter",Active,City of Kettering,City of Kettering,,"3005 Blackhawk Dr., Kettering, OH 45420",7.3,Kettering,Montgomery,"39.684700,-84.129800","9GJH+QG Kettering, Ohio",None,,None,None,,Baseball Diamond;Basketball Court;Playground;Picnic Shelter,,https://www.playkettering.org/blackhawk-park/,
BMX Bike Trail,Internal Feature,Named BMX trail within Miamisburg Community Park,Active,City of Miamisburg,City of Miamisburg,,1681 Maue Road (Sycamore Trails Park),,Miamisburg,Montgomery,"39.630210,-84.279540","J9Q3+3C Miamisburg, Ohio",None,,None,None,,,Contained within Miamisburg Community Park,https://www.playmiamisburg.com/parks_facilities/,
Bomberger Park,Municipal Park,"Neighborhood park with playground, open green space, and walking paths",Active,City of Dayton,City of Dayton,,"E. Fifth St. & Keowee St., Dayton, OH 45403",5.5,Dayton,Montgomery,"39.757000,-84.169000","9JXH+QG Dayton, Ohio",None,,None,None,,Playground;Multi-Use Trail,,https://parkmagnet.com/united-states/ohio/dayton/bomberger-park,
Brittany Hills Park,Park District Park,Neighborhood park with wooded area and play equipment,Active,Centerville–Washington Park District,Centerville–Washington Park District,,5825 Batsford Drive,4.184,Centerville,Montgomery,"39.628410,-84.149870","9GPF+V9 Centerville, Ohio",None,,None,None,,Playground;Nature Trail,Purchased in 1977 with U.S. Department of the Interior funding,https://cwpd.org/parks/brittany-hills/,
Brown School Road Park,Municipal Park,"Neighborhood greenspace with benches, open play area, and nature observation",Active,City of Vandalia,City of Vandalia,,"792 Hunter’s Chase, Vandalia, OH 45377",,Vandalia,Montgomery,"39.879000,-84.205800","2FJ9+H2 Vandalia, Ohio",None,,None,None,,None,,https://vandaliaohio.org/Facilities/Facility/Details/Brown-School-Road-Park-3,
Bruin Park,Municipal Park,Neighborhood park with playground and picnic shelter,Active,City of Englewood,City of Englewood,,"201 N Main Street, Englewood, Ohio 45322",,Englewood,Montgomery,"39.877210,-84.302540","2FJ3+F4 Englewood, Ohio",None,,None,None,,Playground;Picnic Shelter,Features from City of Englewood facility page,https://www.englewood.oh.us/Facilities/Facility/Details/Bruin-Park-1,
Buckeye Pheasant Hunting Preserve,Private Hunting Reserve,Privately operated upland game preserve offering guided and unguided pheasant hunts,Active,Private,Private,,"1601 Diamond Mill Rd, New Lebanon, OH 45345",,New Lebanon,Montgomery,"39.741900,-84.330800","J9X3+4P New Lebanon, Ohio",None,,None,None,,,Hunting preserve; upland game habitat,https://www.buckeyepheasanthunting.com,
Burkham Park,Municipal Park,"Neighborhood park with playground, courts, picnic shelter, and water access",Active,City of Dayton,City of Dayton,,"679 S. Broadway St., Dayton, OH 45417",,Dayton,Montgomery,"39.744500,-84.216000","9JX4+QG Dayton, Ohio",None,,None,None,,Playground;Basketball Court;Picnic Shelter;Restroom;Soccer Pitch;Tennis Court,,https://www.daytonohio.gov/Facilities/Facility/Details/Burkham-Park-Shelter-North-13,
Burkhardt Road Stormwater Green,Flood Control Area,Stormwater green infrastructure site with engineered drainage features and vegetation,Active,City of Dayton,City of Dayton,,"Burkhardt Rd., Dayton, OH",,Dayton,Montgomery,"39.760210,-84.137540","9JXG+W4 Dayton, Ohio",None,,None,None,,,Stormwater green infrastructure site,,
Burns Jackson Park,Municipal Park,"Neighborhood park with playground, courts, and sports fields",Active,City of Dayton,City of Dayton,,"552 Buckeye St., Dayton, OH 45410",8,Dayton,Montgomery,"39.754000,-84.169500","9JXH+JH Dayton, Ohio",None,,None,None,,Playground;Basketball Court;Baseball Diamond;Soccer Pitch;Tennis Court,,https://www.daytonohio.gov/Facilities/Facility/Details/Burns-Jackson-Park-Shelter-16,
Burton Street Green,Municipal Park,Small civic green with no listed amenities,Active,City of Dayton,City of Dayton,,"Burton St., Dayton, OH",,Dayton,Montgomery,"39.757540,-84.173210","9JXH+Q2 Dayton, Ohio",None,,None,None,,,Small civic green,,
Camp Charles R. Hook,BSA Camp,Historic BSA camp (closed 1991); now contained within Twin Creek MetroPark,Closed,Boy Scouts of America (historic),,,"8502 Chamberlain Rd., Germantown, OH 45327",,Germantown,Montgomery,"39.643000,-84.369000","J9Q2+QH Germantown, Ohio",None,,None,None,,,Contained within Twin Creek MetroPark,,
Canal Lock Park,Municipal Park,Historic canal lock site and mini-park,Active,City of Huber Heights,City of Huber Heights,,"5999 Endicott Rd, Huber Heights, OH",,Huber Heights,Montgomery,"39.868540,-84.113210","3G9W+Q3 Huber Heights, Ohio",None,,None,None,,Historic Marker;Canal Site,,https://www.huberheightsoh.gov,
Canal Run Dog Park,Internal Feature,Off-leash dog park within Miamisburg Community Park,Active,City of Miamisburg,City of Miamisburg,,550 South First Street (inside Community Park),,Miamisburg,Montgomery,"39.630540,-84.279870","J9Q3+4C Miamisburg, Ohio",None,,None,None,,Dog Park,Contained within Miamisburg Community Park,https://www.playmiamisburg.com/parks_facilities/,
Carillon Historical Park,Historical Park,Open-air museum campus with historic buildings and exhibits,Active,Dayton History,Dayton History,,"1000 Carillon Blvd., Dayton, OH 45409",65,Dayton,Montgomery,"39.731000,-84.191000","85C2+6R Dayton, Ohio",None,,None,None,,Museum;Historic Cabin;Historic Marker;Visitor Center,Part of Dayton History campus,https://www.daytonhistory.org,
Carillon Park Connector Corridor,Greenway,Greenway and trail corridor linking RiverScape and Carillon along the Great Miami River,Active,Five Rivers MetroParks,Five Rivers MetroParks,,"Along Great Miami River near Carillon Blvd., Dayton, OH",,Dayton,Montgomery,"39.732540,-84.188210","85C3+5Q Dayton, Ohio",None,,None,None,,,Connector corridor,,
Carnegie Center,Recreation Facility,Community recreation and cultural facility,Active,City of Miamisburg,City of Miamisburg,,426 E. Central Ave.,,Miamisburg,Montgomery,"39.648540,-84.285870","J9Q4+Q3 Miamisburg, Ohio",None,,None,None,,,Community recreation facility,https://storage.googleapis.com/proudcity/playmiamisburgoh/uploads/2022/05/Parks-Map-2022.pdf,
Carriage Hill MetroPark,Park District Park,"Large regional MetroPark with trails, historic farm, visitor center, prairie, and equestrian facilities",Active,Five Rivers MetroParks,Five Rivers MetroParks,,"7800 E Shull Rd, Huber Heights, OH",900,Huber Heights,Montgomery,"39.868870,-84.062540","86M9+Q4 Huber Heights, Ohio",None,,None,None,,Visitor Center;Nature Center;Equestrian Area;Prairie Restoration Area,,https://www.metroparks.org/,
Case Landing,Municipal Park,River access site on the Great Miami River for non-motorized watercraft,Active,City of Miamisburg,City of Miamisburg,,Linden & Riverview Ave.,,Miamisburg,Montgomery,"39.643540,-84.287540","J9Q2+R3 Miamisburg, Ohio",None,,None,None,,River Access;Boat Ramp,Great Miami River access,https://storage.googleapis.com/proudcity/playmiamisburgoh/uploads/2022/05/Parks-Map-2022.pdf; https://www.playmiamisburg.com/parks_facilities/parks/,
