Ottawa National Wildlife Refuge	Wildlife Area	Federal Wildlife Area	National Wildlife Refuge	Active	Federal	U.S. Fish & Wildlife Service			Established in 1961, Ottawa National Wildlife Refuge protects a network of wetlands, grasslands and forests to provide habitat for a variety of migratory birds, resident wildlife and threatened and endangered species. This network of land covers more than 8,000 acres and when combined with the other refuges in the complex, protects more than 10,000 acres. It has been recognized with global significance for its value to wildlife.	14000 West State Route 2, Oak Harbor, Ohio 43449; 15 miles east of Toledo, 16 miles west of Port Clinton on State Route 2		Lucas;Ottawa	Benton	Benton Township	41.607498	-83.209608	86HRJQ4R+X5	Hiking Trail; Hunting Area	KNOWN_MC: No existing DB ID — multi-county entity spanning Ottawa and Lucas. Main unit in Ottawa County. Metzger Marsh Unit (182 ac) is in Lucas County — co-managed with Ohio Division of Wildlife. Complex also manages Cedar Point NWR (Lucas) and West Sister Island NWR (Lucas). Ottawa NWR itself is primarily Ottawa County; CROSS_COUNTY_CANDIDATE for Ottawa/Lucas due to Metzger Marsh co-management. Baseline seed confirmed. | photography	https://www.fws.gov/refuge/ottawa	https://www.fws.gov/refuge/ottawa/visit-us/trails;https://www.fws.gov/refuge/ottawa/visit-us/locations;https://www.fws.gov/refuge/ottawa/map		2026-05-20	2026-05-20
Ottawa National Wildlife Refuge — Navarre Marsh Unit	Wildlife Area	Federal Wildlife Area	National Wildlife Refuge	Active	Federal — complex land exchange history; managed by USFWS	U.S. Fish & Wildlife Service / Ottawa National Wildlife Refuge			Navarre Marsh unit is managed by Ottawa National Wildlife Refuge staff. The original Navarre Marsh land was traded to Toledo Edison Power Company in 1966 in exchange for Darby Marsh; the 820-acre marsh area became the site of the Davis-Besse Nuclear Power Station. The unit is not open to the public and is accessible by permit only or during special tours.	Approximately 5 miles east of the main Ottawa NWR refuge, near Davis-Besse Nuclear Power Station, Ottawa County, Ohio		Ottawa	Carroll	Carroll Township	41.618	-83.177	86HRJR9F+55		Unit of Ottawa NWR. Restricted access — permit or special tour only. Land exchange with Toledo Edison 1966 means ownership is complex; USFWS manages under agreement. Baseline seed listed as 'Navarre Marsh National Wildlife Refuge' — this is the same entity; the NWR designation applies to the managed unit. Not the same as Navarre Marsh GNIS swamp feature. Verify governance/ownership details at normalization. | Restricted access; birding tours by special arrangement	https://www.fws.gov/refuge/ottawa	https://birdinghotspots.org/hotspot/L679575		2026-05-20	2026-05-20
Ottawa National Wildlife Refuge — West Harbor Landing	Wildlife Area	Federal Wildlife Area	National Wildlife Refuge	Active	Federal	U.S. Fish & Wildlife Service / Ottawa National Wildlife Refuge			West Harbor Landing is a unit of Ottawa National Wildlife Refuge located on Catawba Island, east of the main refuge complex. It provides public access to refuge lands on the Catawba Island peninsula, including the West Harbor Landing Trail (1.61 mi, seasonal April 1 - September 15).	231 N Hickory Ridge Dr, Port Clinton, OH 43452; east of the main refuge on Catawba Island		Ottawa	Portage	Portage Township	41.579	-82.894	86HVH4H4+J9		Child Site of Ottawa National Wildlife Refuge (main unit). Listed as a distinct location on FWS refuge locations page. Has its own named trail (West Harbor Landing Trail). Baseline seed address confirmed. | Trail access; seasonal access April 1 through September 15	https://www.fws.gov/refuge/ottawa/visit-us/locations/ottawa-national-wildlife-refuge	https://www.fws.gov/refuge/ottawa/map?trail=west-harbor-landing-trail		2026-05-20	2026-05-20
Perry's Victory and International Peace Memorial	Historic Site	Historic Landmark	National Monument; National Memorial	Active	Federal	National Park Service			Perry's Victory and International Peace Memorial is located on South Bass Island in Ohio. It features a 352-foot Doric column that is the only international peace memorial in the National Park System. The Memorial was established to honor those who fought in the Battle of Lake Erie during the War of 1812, and to celebrate the long-lasting peace among Great Britain, Canada and the U.S. The plaza, rotunda, and observation deck are inaccessible for the 2026 and 2027 seasons due to Upper Plaza Rehabilitation.	South Bass Island, Put-in-Bay, OH 43456; mailing address PO Box 549, Put-in-Bay, OH 43456	25.0	Ottawa	Put-in-Bay	Put-in-Bay Township	41.654	-82.818	86HVM53J+HR	Observation Deck	NPS national memorial unit on South Bass Island (Put-in-Bay). Island location — accessible by ferry, plane, or boat. Observation deck fee: $10 for ages 16+, free 15 and under; closed 2026-2027 for rehabilitation. Phone: 419-285-2184. No hiking trails documented at this unit. | 352-foot Doric column; memorial rotunda; ranger programs; exhibits; 15-minute orientation video	https://www.nps.gov/pevi/index.htm	https://www.nps.gov/pevi/planyourvisit/basicinfo.htm;https://www.nps.gov/pevi/planyourvisit/fees.htm		2026-05-20	2026-05-20
Confederate Stockade Cemetery	Cemetery	Public Cemetery		Active	Federal	U.S. Department of Veterans Affairs / National Cemetery Administration			The Confederate Stockade Cemetery is located on Johnson's Island in Sandusky Bay, approximately 3 miles from the city of Sandusky. Johnson's Island was the site of a prisoner-of-war camp for Confederate officers captured during the American Civil War. The cemetery contains 206 graves of Confederate prisoners who died during their captivity. In 1910, the United Daughters of the Confederacy erected a bronze statue, approximately 19 feet tall, titled 'The Lookout,' sculpted by Moses Ezekiel. The cemetery is listed in the VA National Cemetery Administration directory as a national cemetery. Burial space is closed (no new interments).	Johnson's Island, Danbury Township, Ottawa County, Ohio; mailing address: Johnson's Island, Sandusky, OH 44870		Ottawa	Danbury	Danbury Township	41.527	-82.738	86HVG7G6+QR	Fence	VA NCA-managed national cemetery on Johnson's Island, Ottawa County (Danbury Township). Address uses 'Sandusky, OH 44870' mailing but the island is physically in Ottawa County, not Erie County. Phone: 330-335-3069. Burial space closed. (v5.5) mandated source. | 206 graves; marble headstones; 19-ft bronze statue 'The Lookout' (UDC; 1910); historically significant Civil War POW site	https://www.cem.va.gov/cems/lots/Confederate_Stockade.asp	https://www.cem.va.gov/find-cemetery/state.asp?STATE=OH;http://johnsonsisland.org/history-pows/civil-war-era/confederate-cemetery/		2026-05-20	2026-05-20
East Harbor State Park	Park		State Park	Active	State	Ohio Department of Natural Resources / Division of Parks and Watercraft			Features sandy beaches, wooded areas, East and Middle harbors (wetland marshes). Middle Harbor is a game sanctuary. Offers 11 hiking trails plus multi-use trail totaling more than 10 miles, 571-site campground with amphitheater and nature center, two boat launches (marina and campground ramp), ADA accessible beach areas, fishing, swimming, birding, boating. Campground has glacial grooves. Lockwood (Marshall) Cemetery (Ohio Historic Site #37) is located within the park. Marina provides seasonal dockage on West Harbor.	1169 North Buck Road (State Route 269), Danbury Township, Ottawa County, Ohio	1831.0	Ottawa	Danbury	Danbury Township	41.5452	-82.8176	86HVG5WJ+3X	Amphitheater; Boat Ramp; Fishing Area; Multi-use Trail; Nature Center; Picnic Area	Primary large state park in Ottawa County. Historic site: Lockwood (Marshall) Cemetery (Ohio Historic Site #37) is within park grounds — not a separate NAP entity. Marina (East Harbor State Park Marina) staged as separate AP. Crane Creek SP dissolution confirmed — absorbed into Magee Marsh WA (KNOWN_MC:OH-MC-S-010); do not create Crane Creek SP entity. | 571-site campground; glacial grooves in campground; Ohio Historic Site #37	https://ohiodnr.gov/go-and-do/plan-a-visit/find-a-property/east-harbor-state-park	https://dam.assets.ohio.gov/image/upload/ohiodnr.gov/documents/coastal/public-access/pag-le-02-ottawa-county.pdf		2026-05-20	2026-05-20
South Bass Island State Park	Park		State Park	Active	State	Ohio Department of Natural Resources / Division of Parks and Watercraft			Park is perched atop white dolomite bluffs up to 40 feet high. Amenities include cobble beach, boat ramp, fishing pier, campground (59 electric, 10 full-service, 57 non-electric sites, 3 cabents), picnic facilities, and playground. Park property was the site of Hotel Victory (opened 1892, destroyed by fire 1919; remnants in campground). Small glacial grooves in campground. Hotel Victory Site (Ohio Historic Site #11) within park. Island accessible by ferry from Port Clinton, Catawba Island, Sandusky, and Kelleys Island.	1523 Catawba Avenue, Put-in-Bay Township, South Bass Island, Ottawa County, Ohio	33.0	Ottawa	Put-in-Bay	Put-in-Bay Township	41.6423	-82.8373	86HVJ5R7+W3	Beach; Boat Ramp; Picnic Table Cluster; Playground	South Bass Island is 1,523 acres total; state park is 33 acres. Baseline listed 677 ac — INCORRECT (island size != park size). Hotel Victory Site (Ohio Historic Site #11) is a feature within this park — not a separate NAP entity. On Lake Erie Islands Water Trail. | fishing pier; campground (126 sites; 3 cabents); Hotel Victory ruins; glacial grooves; Ohio Historic Site #11	https://ohiodnr.gov/go-and-do/plan-a-visit/find-a-property/south-bass-island-state-park	https://dam.assets.ohio.gov/image/upload/odnr/coastal/ocmp/CH3_LakeErieIslands_04142026_web.pdf		2026-05-20	2026-05-20
Oak Point State Park	Park		State Park	Active	State	Ohio Department of Natural Resources / Division of Parks and Watercraft			Triangle-shaped park juts into Put-in-Bay Harbor toward Gibraltar Island. Offers daily and overnight dockage, fishing access, small picnic area, restrooms, and scenic views of the harbor. On the Lake Erie Islands Water Trail (South Bass Island loop).	Bayview Avenue (State Route 357) at Portsmouth Avenue, Put-in-Bay Township, South Bass Island, Ottawa County, Ohio	1.5	Ottawa	Put-in-Bay	Put-in-Bay Township	41.6539	-82.8174	86HVM53M+H2	Boat Dock; Picnic Area; Restrooms	Smallest state park in Ohio (1.5 ac). Baseline listed 677 ac — INCORRECT. Day-use only. On Lake Erie Islands Water Trail (South Bass Island loop; T3 entity). | fishing access; scenic harbor views; water trail access	https://dam.assets.ohio.gov/image/upload/odnr/coastal/ocmp/CH3_LakeErieIslands_04142026_web.pdf			2026-05-20	2026-05-20
Middle Bass Island State Park	Park		State Park	Active	State	Ohio Department of Natural Resources / Division of Parks and Watercraft			Middle Bass Island State Park is located in the southern portion of Middle Bass Island. Features a 184-slip marina with seasonal and transient dockage, boat ramp, electric/water hookup, shower house. 10 primitive campsites (no electric or potable water). Lonz Mansion (renovated 2024) available for seasonal overnight stays. Historic Lonz Winery grounds (Ohio Historic Site #12) are incorporated into the park. The renovated Lonz Winery building includes a patio overlooking Lake Erie and winemaking exhibits. 4 trails including the ADA Lonz Trail (1.3-mi paved multiuse) connecting marina, glacial grooves, and Lonz Winery. Glacial grooves visible within park. On the Lake Erie Islands Water Trail (Middle Bass Island loop).	1719 Fox Road, Put-in-Bay Township, Middle Bass Island, Ottawa County, Ohio	124.0	Ottawa	Put-in-Bay	Put-in-Bay Township	41.6761	-82.811	86HVM5GQ+CH	Boat Ramp; Marina	Baseline listed 124 ac — using as estimate pending verification. Lonz Winery (Ohio Historic Site #12) and Lonz Mansion are features within this park — not separate entities. Lake Erie Islands Water Trail (Middle Bass Island loop; T3 entity). | 10 primitive campsites; Lonz Mansion; historic Lonz Winery; glacial grooves; water trail access	https://dam.assets.ohio.gov/image/upload/odnr/coastal/ocmp/CH3_LakeErieIslands_04142026_web.pdf			2026-05-20	2026-05-20
North Bass Island State Park	Park		State Park	Active	State	Ohio Department of Natural Resources / Division of Parks and Watercraft			North Bass Island State Park occupies 593 acres (67% of North Bass Island / Isle St. George) in Put-in-Bay Township. State of Ohio purchased 589 acres of the island in 2004 to preserve it from development. Park offers primitive camping (3 sites, first-come first-served), Lake House (4-bedroom seasonal accommodation), fishing (3.5 miles of shore), limited hunting (designated areas), hiking, bicycling, and wildlife viewing. Four public mooring buoys on the south side (first-come). Accessible only by private boat, charter, and airplane. On the Lake Erie Islands Water Trail (North Bass Island loop).	North Bass Island (Isle St. George), Put-in-Bay Township, Ottawa County, Ohio; 18 miles north of Ohio mainland	593.0	Ottawa	Put-in-Bay	Put-in-Bay Township	41.7074	-82.8162	86HVP54M+XG	Camping; Fishing Area; Hunting Area; Lake	Northernmost state park in Ottawa County; less than 2 miles from Canadian border. Baseline listed as 'North Bass Island' (no park designation). Fox's Marsh WA and Honey Point WA are adjacent state wildlife areas also on North Bass Island. Lake Erie Islands Water Trail (North Bass Island loop) links 5 paddling locations — T3 entity per water trail sub-procedure §4.6. | 593 ac state park; 4 mooring buoys; water trail access	https://dam.assets.ohio.gov/image/upload/odnr/coastal/ocmp/CH3_LakeErieIslands_04142026_web.pdf			2026-05-20	2026-05-20
Marblehead Lighthouse State Park	Park		State Park	Active	State	Ohio Department of Natural Resources / Division of Parks and Watercraft	U.S. Coast Guard (operates and maintains the light)		Marblehead Lighthouse State Park encompasses 13.5 acres at the eastern tip of the Marblehead Peninsula. The Marblehead Lighthouse (built 1821, Ohio Historic Site #3) is the oldest continuously-operating lighthouse on the Great Lakes and the centerpiece of the park. The park offers picnicking, fishing along the limestone bedrock shore, scenic views of Kelleys and South Bass islands and Cedar Point Amusement Park, an ADA handicapped-accessible paved path to the lighthouse, restrooms, and viewing binoculars. Guided tours of the lighthouse are offered for a fee between Memorial and Labor Days. On-site Keeper's House includes a museum. Lighthouse itself is not handicapped accessible.	110 Lighthouse Drive, east of East Main Street (State Route 163), Marblehead, Danbury Township, Ottawa County, Ohio	13.5	Ottawa	Danbury	Danbury Township	41.5363	-82.7125	86HVG7PP+GX	Fishing Area; Guided Tours; Picnic Table Cluster; Restrooms	Baseline listed 9 ac — INCORRECT per ODNR coastal PDF: 13.5 ac. Marblehead Lighthouse (Ohio Historic Site #3) is the primary feature within the park — not a separate NAP entity. U.S. Coast Guard maintains the automated beacon (since 1958). | Marblehead Lighthouse (Ohio Historic Site #3; built 1821); ADA path to lighthouse; Keeper's House museum; scenic overlook; fee)	https://dam.assets.ohio.gov/image/upload/ohiodnr.gov/documents/coastal/public-access/pag-le-02-ottawa-county.pdf			2026-05-20	2026-05-20
Catawba Island State Park	Park		State Park	Active	State	Ohio Department of Natural Resources / Division of Parks and Watercraft			Catawba Island State Park is a nearly 10-acre day-use state park on the west side of Catawba Island Township. Primary use is Lake Erie fishing and boating. Features a large fishing pier, three-lane public boat ramp, 120-vehicle/trailer parking lot, restrooms, picnic shelter, and playground. A 400-foot cobble beach stretches northwest from the pier. Historic marker on site denotes the westernmost boundary of the Connecticut Western Reserve. Day-use only — no camping. Serves as administrative headquarters for Kelleys Island, South Bass Island, Middle Bass Island, and Oak Point State Parks.	4049 East Moore's Dock Road, west of NW Catawba Road, Catawba Island Township, Ottawa County, Ohio	10.0	Ottawa	Catawba Island	Catawba Island Township	41.5745	-82.857	86HVH4FV+R6	Beach; Boat Ramp; Historic Marker; Island; Picnic Shelter; Playground; Restrooms	Baseline listed 677 ac — INCORRECT. Correct size: nearly 10 acres (day-use only). 677 ac was the size of the Catawba Island peninsula/township, not the park. Day-use fishing/boating park; no overnight facilities. | fishing pier; 120-vehicle/trailer parking	https://dam.assets.ohio.gov/image/upload/ohiodnr.gov/documents/coastal/public-access/pag-le-02-ottawa-county.pdf			2026-05-20	2026-05-20
Toussaint Creek Wildlife Area	Wildlife Area			Active	State	Ohio Department of Natural Resources / Division of Wildlife			Approximately three-quarters of the area consists of managed wetlands and shallow open water ranging from 1 to 3 feet deep, with deeper channels created by dikes. Popular for waterfowl hunting and wildlife viewing.	5 miles north of Oak Harbor, Ottawa County, Ohio	225.0	Ottawa	Carroll	Carroll Township	41.583	-83.134	86HRHVM8+59	Fishing Area; Wetland	225 ac confirmed from ODNR page. GPS acquisition needed. Address TBD — check ODNR wildlife area maps. | shallow open water; dike channels; waterfowl hunting	https://ohiodnr.gov/go-and-do/plan-a-visit/find-a-property/toussaint-creek-wildlife-area			2026-05-20	2026-05-20
Little Portage Wildlife Area	Wildlife Area			Active	State	Ohio Department of Natural Resources / Division of Wildlife			Primarily river marsh habitat, popular for waterfowl hunting. In 2024, ODNR completed a wetland restoration project replacing subsurface field tile drainage to redirect water from more than 400 acres of farmland to the wildlife area for filtration before flowing into the Little Portage River (H2Ohio project).	Southeast of Oak Harbor on the Little Portage River, Ottawa County, Ohio	407.0	Ottawa	Bay	Bay Township	41.4912	-83.0319	86HRFXR9+F6	Fishing Area; Marsh; Wetland Restoration	Baseline listed 357 ac — OVERRIDDEN by ODNR source data: 407 ac. Adjacent to Ottawa NWR complex. NOTE: FWS maintains a 'Little Portage Unit' page at fws.gov/refuge/ottawa/visit-us/locations/little-portage-unit — this is a separate FWS parcel (30 ac), distinct from this ODNR Wildlife Area. FWS unit was deferred at T1 as roadside-only; re-staged as T1 entity at T4. See T1 miss records. | waterfowl hunting; canoe/kayak access	https://www.outdoornews.com/2024/09/09/little-portage-wildlife-area-improved-through-h2ohio/	https://dam.assets.ohio.gov/image/upload/ohiodnr.gov/documents/wildlife/wildlife-area-maps/littleportage.pdf		2026-05-20	2026-05-20
Fox's Marsh Wildlife Area	Wildlife Area			Active	State	Ohio Department of Natural Resources / Division of Wildlife			George). Fronts one-half mile of publicly accessible Lake Erie shore including one-quarter mile of beach along Manila Bay. Fox's Marsh (a 60-acre coastal wetland) supports fox snake, Lake Erie water snake, waterfowl, migratory shorebird, and songbird populations. Accessible for fishing, hunting, wildlife viewing, and paddling. Swimming prohibited. No road access — accessible by boat/kayak only.	Southwestern quadrant of North Bass Island (Isle St. George), Put-in-Bay Township, Ottawa County, Ohio	132.0	Ottawa	Put-in-Bay	Put-in-Bay Township	41.712	-82.8311	86HVP569+QH	Fishing Area; Hunting Area; Lake; Watercraft Access; Wetland	Baseline listed 133.49 ac — OVERRIDDEN by ODNR coastal PDF: 132 ac. No road access — boat/paddle only. Adjacent to North Bass Island State Park. On Lake Erie Islands Water Trail (North Bass Island loop; T3). | 132 ac; no road access	https://dam.assets.ohio.gov/image/upload/odnr/coastal/ocmp/CH3_LakeErieIslands_04142026_web.pdf			2026-05-20	2026-05-20
Honey Point Wildlife Area	Wildlife Area			Active	State	Ohio Department of Natural Resources / Division of Wildlife			Honey Point Wildlife Area occupies the southeastern tip of North Bass Island. The Honey Point peninsula points southeastward toward Middle Bass Island's East Point. Adjacent to North Bass Island State Park; not accessible by road. Smith's Pond (small wetland) in the center provides nesting for waterfowl and habitat for shorebirds and songbirds. Accessible for fishing, hunting, wildlife viewing, and paddling. Swimming prohibited.	Southeastern tip of North Bass Island, Put-in-Bay Township, Ottawa County, Ohio		Ottawa	Put-in-Bay	Put-in-Bay Township	41.7074	-82.8083	86HVP54R+XM	Fishing Area; Hunting Area; Island; Pond; Watercraft Access	Baseline listed 7.87 ac — acreage not confirmed in ODNR coastal PDF. Not accessible by road. On Lake Erie Islands Water Trail (North Bass Island loop; T3). | no road access	https://dam.assets.ohio.gov/image/upload/odnr/coastal/ocmp/CH3_LakeErieIslands_04142026_web.pdf			2026-05-20	2026-05-20
Kuehnle Wildlife Area	Wildlife Area			Active	State	Ohio Department of Natural Resources / Division of Wildlife; Put-in-Bay Township Park District (co-managed)	Put-in-Bay Township Park District		Hauncks Pond occupies much of the wildlife area. Waterfowl hunting available within the marsh and along the Lake Erie shoreline. Adjacent to Petersen Woods (2 ac) to the north. On the Lake Erie Islands Water Trail (Middle Bass Island loop).	Deist Road, east of Fox Road, Put-in-Bay Township, Middle Bass Island, Ottawa County, Ohio	20.0	Ottawa	Put-in-Bay	Put-in-Bay Township	41.6905	-82.8068	86HVM5RV+57	Fishing Area; Lake; Pond; Watercraft Access	Baseline listed 19 ac — OVERRIDDEN by ODNR coastal PDF: 20 ac. Co-managed by ODNR Division of Wildlife and Put-in-Bay Township Park District. Adjacent to Petersen Woods. On Lake Erie Islands Water Trail (Middle Bass Island loop; T3). | waterfowl hunting	https://dam.assets.ohio.gov/image/upload/odnr/coastal/ocmp/CH3_LakeErieIslands_04142026_web.pdf			2026-05-20	2026-05-20
Petersen Woods	Nature Preserve	Private Nature Preserve		Active	State	Ohio Department of Natural Resources / Division of Wildlife; Put-in-Bay Township Park District (co-managed)	Put-in-Bay Township Park District		Offers fishing access, paddling access, and wildlife viewing. No amenities. Adjacent to Kuehnle WA with no trail connections. On the Lake Erie Islands Water Trail (Middle Bass Island loop).	Deist Road, east of Fox Road (adjacent to Kuehnle Wildlife Area), Put-in-Bay Township, Middle Bass Island, Ottawa County, Ohio	2.0	Ottawa	Put-in-Bay	Put-in-Bay Township	41.6905	-82.8068	86HVM5RV+57	Fishing Area; Watercraft Access	2 ac per ODNR coastal PDF. Not in baseline seeds. Co-managed ODNR / Put-in-Bay Township Park District. GPS approximated near Kuehnle WA — exact GPS TBD. On Lake Erie Islands Water Trail (Middle Bass Island loop; T3). | Undeveloped woodlot; no amenities	https://dam.assets.ohio.gov/image/upload/odnr/coastal/ocmp/CH3_LakeErieIslands_04142026_web.pdf			2026-05-20	2026-05-20
Green Island Wildlife Area	Wildlife Area			Active	State	Ohio Department of Natural Resources / Division of Wildlife			Green Island Wildlife Area is ODNR's only island Wildlife Area in Lake Erie, managed as a bird sanctuary/wildlife refuge. The island is state-owned and currently closed to the public (access requires state permission and is essentially not available for general recreation). Visible from Captain Alfred Parker Park on South Bass Island.	Green Island, Lake Erie, Put-in-Bay Township, Ottawa County, Ohio (island northwest of South Bass Island)	16.0	Ottawa	Put-in-Bay	Put-in-Bay Township	41.698	-82.838	86HVM5X6+6R	Island	Baseline listed 16 ac — using as estimate; GPS acquisition needed. NO PUBLIC ACCESS per current ODNR status — island is a wildlife refuge/bird sanctuary. NAP public-access threshold: entity qualifies as an ODNR-designated Wildlife Area even with restricted access. Flag for normalization decision: does 'no public access' preclude NAP entity? Recommend staging with access_type_flag: NO_PUBLIC_ACCESS. | bird sanctuary; NO PUBLIC ACCESS	https://en.wikipedia.org/wiki/Green_Island_(Ohio)			2026-05-20	2026-05-20
Mazurik Lake Erie Access Wildlife Area	Wildlife Area			Active	State	Ohio Department of Natural Resources			The 15.9-acre Mazurik Access Area (also known as Mazurik Lake Erie Access) is located on the north side of the Marblehead Peninsula on North Shore Boulevard just west of Lakeside. Provides boaters and anglers direct access to Lake Erie. Features a four-lane concrete boat ramp, 215-space vehicle/trailer parking lot (with 40 car-only spaces), and a handicapped-accessible fishing pier. Parking lot is lighted and accessible 24 hours.	8957 North Shore Road (North Shore Boulevard), Danbury Township, Ottawa County, Ohio 44440	15.9	Ottawa	Danbury	Danbury Township	41.5411	-82.7636	86HVG6RP+CH	Boat Ramp; Lake	Also referred to as 'Mazurik Access Area' in ODNR coastal PDF. 15.9 ac confirmed. Primarily a boat launch/fishing access facility. Listed as 'Wildlife Area' in baseline; ODNR coastal PDF calls it 'Mazurik Access Area.' | 215-space parking; ADA fishing pier; 24-hr lighted parking	https://dam.assets.ohio.gov/image/upload/ohiodnr.gov/documents/coastal/public-access/pag-le-02-ottawa-county.pdf			2026-05-20	2026-05-20
Dempsey Fishing Access	Fishing Area			Active	State	Ohio Department of Natural Resources			The 66.8-acre Dempsey Fishing Access is located on the south side of the Marblehead Peninsula on South Bay Shore Road in Danbury Township, providing boaters and anglers direct access to Sandusky Bay. Features a four-lane concrete boat ramp, vehicle/trailer parking lot with 45 car-only spaces, small fishing dock, and a handicapped-accessible fishing pier. Parking lot is lighted and accessible 24 hours.	Bay Shore Road, south of Hartshorn Road, Danbury Township, Ottawa County, Ohio	66.8	Ottawa	Danbury	Danbury Township	41.5077	-82.7608	86HVG65Q+3M	Boat Ramp	Not in baseline seeds — discovered via ODNR coastal PDF (OT13). State-operated Sandusky Bay fishing access. | 66.8 ac; fishing dock; ADA fishing pier; 24-hr lighted parking; Sandusky Bay access	https://dam.assets.ohio.gov/image/upload/ohiodnr.gov/documents/coastal/public-access/pag-le-02-ottawa-county.pdf			2026-05-20	2026-05-20
Sandusky Bay Bridge Access — North	Fishing Area		State Fishing Area	Active	State	State of Ohio (state-operated public fishing site)			The Sandusky Bay Bridge Access (North) is a state-operated public fishing site approximately 4.2 miles west of Dempsey Fishing Access in Danbury Township. The nearly one-mile long access extends south into Sandusky Bay along what was once the northern approach to the old Sandusky Bay Bridge (demolished 1985). A handicapped-accessible fishing deck was added in 2013. The southern causeway approach is in Erie County (out of scope). The access is approximately one mile long.	Bay Shore Road, west of Danbury Road, Danbury Township, Ottawa County, Ohio		Ottawa	Danbury	Danbury Township	41.4842	-82.8293	86HVF5MC+M7		Not in baseline seeds — discovered via ODNR coastal PDF (OT14). Former northern approach to old Sandusky Bay Bridge; bridge removed 1985. Southernmost shore access in Ottawa County mainland. Paired site: Sandusky Bay Bridge Access (South) is in Erie County — out of scope. | ~1-mile fishing causeway; ADA fishing deck; Sandusky Bay access; 24-hr access	https://dam.assets.ohio.gov/image/upload/ohiodnr.gov/documents/coastal/public-access/pag-le-02-ottawa-county.pdf			2026-05-20	2026-05-20
Camp Perry Recreation Area	Recreation Facility			Active	State	Ohio National Guard / Adjutant General of Ohio	NRA (Championships partner)		Named in honor of Commander Oliver Hazard Perry (Battle of Lake Erie, 1813). Features the largest outdoor rifle range in the world. Publicly accessible areas include: a swimming beach, fishing pier, restrooms (Camp Perry Beach), a museum, and self-guided tours with interpretive signage. Public entrance is on Niagara Road.	1000 Lawrence Road (at Scorpion Road), Erie Township, Ottawa County, Ohio	640.0	Ottawa	Erie	Erie Township	41.5465	-83.0135	86HRGXWP+JJ	Guided Tours; Museum Building; Restrooms; Swimming Beach	Ohio National Guard = state entity, T2. Main entrance on Niagara Road; beach access via Lawrence Road/Camp Perry Lodging. Beach is publicly accessible; other portions are military restricted. WWI Army officer training center; housed German and Italian POWs in WWII. | fishing pier; largest outdoor rifle range in the world; NRA championships; training facility	https://dam.assets.ohio.gov/image/upload/ohiodnr.gov/documents/coastal/public-access/pag-le-02-ottawa-county.pdf			2026-05-20	2026-05-20
Lakeside Daisy State Nature Preserve	Nature Preserve	State Nature Preserve	State Nature Preserve	Active	State	Ohio Department of Natural Resources / Division of Natural Areas and Preserves			Lakeside Daisy State Nature Preserve protects the only natural U.S. population of the Lakeside Daisy (Hymenoxys herbacea), a federally threatened plant species. Original preserve is 19 acres; an adjacent 118-acre expansion was purchased to create a total 137-acre preserve. Located on the Marblehead Peninsula. Visitors can explore walkable trails (including wheelchair-accessible options). ODNR staff lead guided tours during peak bloom (early to mid-May). The preserve also features some of the most extensive glacial grooves and best-preserved alvar habitat in northern Ohio. Permit may be required for some areas.	309 Alexander Pike, Marblehead, Danbury Township, Ottawa County, Ohio 43440	137.0	Ottawa	Danbury	Danbury Township	41.538	-82.724	86HVG7QG+69	Alvar; Guided Tours	Baseline listed '19.09 ac (or 117 ac)' — UPDATED: Original preserve 19 ac; total with 118-ac expansion = 137 ac. Address: 309 Alexander Pike. GPS acquisition needed. Permit-required for some access — confirm current access policy. Alvar habitat classification relevant to NAP entity. | 137 ac; glacial grooves; walking trails	https://www.thebeacon.net/popular-lakeside-daisy-preserve-in-marblehead-to-enjoy-a-major-expansion/	https://trekohio.com/2013/05/12/lakeside-daisy-state-nature-preserve/		2026-05-20	2026-05-20
Stone Laboratory Peach Point Campus	Cultural Facility	Interpretive Center		Active	State (university)	Ohio State University / ODNR Division of Wildlife	ODNR Division of Wildlife		Stone Laboratory is Ohio State University's Lake Erie campus and the oldest freshwater biological field station in the United States (established 1895). The main campus is on Gibraltar Island (within Put-in-Bay Harbor). The Peach Point campus on South Bass Island provides publicly accessible facilities including paved walkways, a public fishing dock, fishing equipment to borrow, bait, courtesy docks, small picnic area, and benches. The Put-in-Bay Aquatic Visitor Center (fully renovated 2024) is here and offers free hands-on exhibits on fish species, fisheries management, and invasive species. The Federal Fish Hatchery on Peach Point was transferred to OSU in 1940.	State Route 357 and West Shore Boulevard, Put-in-Bay Township, South Bass Island, Ottawa County, Ohio		Ottawa	Put-in-Bay	Put-in-Bay Township	41.6539	-82.8174	86HVM53M+H2	Picnic Area; Visitor Center	T2 entity per §4.7 (public university natural area). OSU is a public university. Co-managed with ODNR Division of Wildlife. Gibraltar Island main campus accessible by OSU-organized tours (summer) and guided kayak tours — may qualify as second Site or AP of Stone Lab. Aquatic Visitor Center renovated 2024. | Public fishing dock; fishing equipment; courtesy docks; renovated 2024); paved walkways; bait; water trail access	https://dam.assets.ohio.gov/image/upload/odnr/coastal/ocmp/CH3_LakeErieIslands_04142026_web.pdf	https://stonelab.osu.edu/		2026-05-20	2026-05-20
Ladd Carr Wildlife Woods	Nature Preserve	Private Nature Preserve		Active	Put-in-Bay Township Park District	Put-in-Bay Township Park District			9.1-acre forested natural area on South Bass Island. First PIBTPD island property. Mature forest of sugar maple, hackberry, black cherry, basswood, and chinquapin oak. Spectacular wildflower display. Acquired 2006–2014.	Put-in-Bay Road near Maple Leaf Cemetery, South Bass Island, Put-in-Bay, OH 43456	9.1	Ottawa	Put-in-Bay	Put-in-Bay Township	41.644	-82.823	86HVJ5VG+JR		Alternate names: Jane Coates Wildflower Trail and Ladd Carr Wildlife Woods. Access: Foot only; dawn to dusk; no pets; no motorized vehicles or bicycles. Source date: 2021. PIBTPD brochure (authoritative source). | Mature forest; wildflower display; wildlife watching	https://www.putinbayparks.com/wp-content/uploads/2021/03/PIBTPD_Brochure.pdf			2026-05-20	2026-05-20
Dodge Woods Preserve	Nature Preserve	Land Trust Preserve		Active	Put-in-Bay Township Park District	Put-in-Bay Township Park District			3.6-acre former vineyard on South Bass Island now recovering as young forest of black walnut, hackberry, and black cherry. Features a StoryWalk® with 17 storyboard posts along the trail. Adjacent to the island bicycle path.	Corner of Thompson and Langram Roads, South Bass Island, Put-in-Bay, OH 43456	3.6	Ottawa	Put-in-Bay	Put-in-Bay Township	41.655	-82.822	86HVM54H+25	Bike Rack	Access: Foot only; dawn to dusk; no motorized vehicles or camping; bike rack at Thompson Road. Source date: 2021. PIBTPD brochure (authoritative source). | StoryWalk®; bird watching; Eastern Fox Snake and melanistic Eastern Garter Snake habitat; adjacent bicycle path	https://www.putinbayparks.com/wp-content/uploads/2021/03/PIBTPD_Brochure.pdf			2026-05-20	2026-05-20
Massie Cliffside Preserve	Nature Preserve	Land Trust Preserve		Active	Put-in-Bay Township Park District	Put-in-Bay Township Park District			11-acre preserve on South Bass Island featuring 265+ ft of Lake Erie shoreline with dolomite cliffs. Canoe/kayak dock for fishing and kayaking. Habitat for the Lake Erie Watersnake; columbine and harebell grow on the cliffs. Acquired 2014; cleanup removed abandoned structures. Monarch butterfly banding site.	State Route 357, East Point, South Bass Island, Put-in-Bay, OH 43456	11.0	Ottawa	Put-in-Bay	Put-in-Bay Township	41.655	-82.808	86HVM54R+2Q	Cliff; Lake	Access: Foot; canoe and kayak; parking area; dawn to dusk. Source date: 2021. PIBTPD brochure (authoritative source). | kayak/fishing dock; columbine; harebell; monarch banding	https://www.putinbayparks.com/wp-content/uploads/2021/03/PIBTPD_Brochure.pdf			2026-05-20	2026-05-20
Scheeff East Point Nature Preserve	Nature Preserve	Private Nature Preserve		Active	Put-in-Bay Township Park District	Put-in-Bay Township Park District			9.1-acre preserve at the eastern tip of South Bass Island with 1,700 ft of Lake Erie shoreline. First PIBTPD South Bass property. Lake Erie Watersnake habitat that contributed to the federal delisting of the species. Atlantic Migratory Flyway stopover with bird banding (purple martin, tree swallow, chimney swift nesting boxes). Rocky shores.	State Route 357, East Terminus, South Bass Island, Put-in-Bay, OH 43456	9.1	Ottawa	Put-in-Bay	Put-in-Bay Township	41.657	-82.801	86HVM54X+QH	Fishing Area; Lake	Access: Foot; canoe and kayak; 1700 ft Lake Erie shoreline; dawn to dusk. Funded by USFWS §6 Grant, WRLC, ODNR, Clean Ohio, and others. Source date: 2021. PIBTPD brochure (authoritative source). | Atlantic Migratory Flyway; bird banding; nesting boxes; rocky shores	https://www.putinbayparks.com/wp-content/uploads/2021/03/PIBTPD_Brochure.pdf			2026-05-20	2026-05-20
Duff Homestead and Bayfront Preserve	Nature Preserve	Land Trust Preserve		Active	Put-in-Bay Township Park District	Put-in-Bay Township Park District			6.5-acre preserve (2.5 ac grassland, 2.0 ac woods, bayfront) on South Bass Island. Only harbor segment without docks; 150 ft lakefront on Put-in-Bay harbor. Acquired in two phases: 2 ac woods June 30 2023, 4.5 ac Aug 31 2023. Visitor center conversion underway (opening summer 2024). Pollinator habitat planned (USFWS/LEIC).	Put-in-Bay Township, South Bass Island, Put-in-Bay, OH 43456	6.5	Ottawa	Put-in-Bay	Put-in-Bay Township	41.648	-82.824	86HVJ5XG+5C		Acquired post-2021 PIBTPD brochure — confirmed via PDOC grants page. PDOC grant $50K (March 2023); Clean Ohio Conservation Fund. Access: Foot; 150 ft lakefront; visitor center opening summer 2024. Source date: 2023. | 150 ft Put-in-Bay harbor frontage; grassland; pollinator habitat; bird watching	https://ottawacountyparksoh.org/grants/duff-homestead/			2026-05-20	2026-05-20
Middle Bass Island Forested Wetlands Preserve	Nature Preserve	Land Trust Preserve		Active	Put-in-Bay Township Park District	Put-in-Bay Township Park District			22.9-acre preserve on Middle Bass Island comprising three main tracts: Burgundy Bay Tract (8 ac, largest remaining unprotected block on Middle Bass, walking trail, Prothonotary warbler boxes); Schneider Tract (7.3 ac, forested wetland, WRRSP environmental covenant); Dieperink Tract (7.6 ac, purchased 2018 with Clean Ohio and CELCP funds, swamp forest of silver maple/elm/swamp white oak). Limestone plain wetland forest; Lake Erie Watersnake habitat; migratory songbird habitat.	Fox Road, Middle Bass Island, OH 43446	22.9	Ottawa	Put-in-Bay	Put-in-Bay Township	41.68	-82.81	86HVM5JQ+2X	Lake; Wetland	Three tracts: Burgundy Bay (8 ac), Schneider (7.3 ac), Dieperink (7.6 ac) = 22.9 ac. All three tracts safeguarded by Ohio EPA WRRSP environmental covenant. Hahn Property (8.3 ac adjacent) was under contract per 2021 brochure — verify status. Access: Foot; bicycle rack at Fox Road entrance (Burgundy Bay Tract); small parking area. Source date: 2021. PIBTPD brochure (authoritative source). | Prothonotary warbler boxes; migratory songbird habitat; bicycle rack	https://www.putinbayparks.com/wp-content/uploads/2021/03/PIBTPD_Brochure.pdf			2026-05-20	2026-05-20
Middle Bass Island East Point Preserve	Nature Preserve	Land Trust Preserve		Active	Put-in-Bay Township Park District	Put-in-Bay Township Park District			7.8-acre preserve at the east point of Middle Bass Island. One of the first kayak-only accessible parks in Ohio. Features 120+ bird species and 30+ unique plant species. Lake Erie Watersnake habitat that contributed to the federal delisting. Overlooks Schoolhouse Bay. Trout lilies in spring; natural beach, hardwood forest, and grasslands.	North Shore Road, Middle Bass Island, OH 43446	7.8	Ottawa	Put-in-Bay	Put-in-Bay Township	41.677	-82.795	86HVM6G3+QX	Beach; Lake	Kayak/canoe access only — no vehicle access. Acreage corrected to 7.8 ac per PIBTPD brochure (authoritative source); prior reference said 11 ac in error. Access: Canoe and kayak only (water access to site); shallow-water dock; NO vehicle access. Source date: 2021. PIBTPD brochure (authoritative source). | 120+ bird species; 30+ plant species; hardwood forest; grasslands; shallow-water dock; trout lilies	https://www.putinbayparks.com/wp-content/uploads/2021/03/PIBTPD_Brochure.pdf			2026-05-20	2026-05-20
Ottawa County Home Cemetery	Cemetery	Public Cemetery		Active	Ottawa County	Ottawa County (infirmary/poor house)			County-owned infirmary/poorhouse cemetery in Salem Township. Mandatory T4 entity per IMP-099 §4.9 (county infirmary cemeteries → category: Cemetery, subtype: Public Cemetery). County Home records (Registers 1872–1968) held at the Center for Archival Collections, BGSU Library.	State Route 163, approximately 1/4 mile west of County Road 104, Salem Township, Ottawa County OH		Ottawa	Salem	Salem Township	41.509	-83.105	86HRGV5V+JX		Alternate names: Ottawa County Infirmary Cemetery; Ottawa County Poor House Cemetery. Mandatory T4 per §4.9. GPS and acreage TBD at acquisition pass. Confirm county vs. Salem Township management at normalization (Q35). MINIMAL_DATA — GPS and acreage require verification. Source date: 2026-05-18. | public cemetery	http://www.poorhousestory.com/OH_OTTAWA_Co.htm			2026-05-20	2026-05-20
Ottawa NWR — Marinewood Unit	Wildlife Area	Federal Wildlife Area	National Wildlife Refuge	Active	Federal — U.S. Fish and Wildlife Service	U.S. Fish and Wildlife Service (USFWS); Ottawa NWR complex			Former Marinewood Golf Course; acquired by USFWS 2014. Now site of pollinator restoration and tree restoration project. Mowed trail from parking lot; fishing in Portage River. Also serves as PRWT Mile 4.8 access point. Child of Ottawa NWR.	State Route 163, between Oak Harbor and Port Clinton, Ottawa County OH; PRWT launch address: 4640 W Harbor Rd., Port Clinton OH		Ottawa	Salem	Salem Township	41.527	-83.114	86HRGVGP+Q9		Alternate names: Marinewood Unit; Ottawa National Wildlife Refuge Marinewood Unit. T1 MISS — discovered during pass. Access: Mowed trail off parking lot; fishing in Portage River; PRWT Mile 4.8 launch. GPS TBD at acquisition pass (Q30). Flag: T1_MISS_DISCOVERED_AT_T4. Source date: 2026-05-18. | Pollinator restoration; tree restoration; mowed trail; Portage River fishing; PRWT Mile 4.8 launch	https://www.fws.gov/refuge/ottawa/visit-us		OH-OTT-S-001	2026-05-20	2026-05-20
Ottawa NWR — Turkey Run Unit	Wildlife Area	Federal Wildlife Area	National Wildlife Refuge	Active	Federal — U.S. Fish and Wildlife Service	U.S. Fish and Wildlife Service (USFWS); Ottawa NWR complex			266-acre unit of Ottawa NWR approximately 16 miles southeast of the main complex. Habitats range from woods to prairie to pools. Public hunting area; hiking, wildlife observation, and photography outside hunting season. Gravel parking lot; no defined trails; open daylight hours only; fishing in Little Portage River per state regs.	Approximately 16 miles southeast of main refuge, near Little Portage River, Ottawa County OH (county uncertain — verify Ottawa vs. Sandusky at normalization, Q31)	266.0	Ottawa	Rice	Rice Township	41.418	-83.12	86HRCV9H+6X	Hunting Area; Wildlife Observation Area	Alternate names: Turkey Run Unit; Ottawa National Wildlife Refuge Turkey Run Unit. T1 MISS — discovered during pass. COUNTY_UNCERTAIN — may be Ottawa or adjacent Sandusky County; verify via GIS (Q31). GPS TBD at acquisition pass. Flags: T1_MISS_DISCOVERED_AT_T4; COUNTY_UNCERTAIN. Source date: 2026-05-18. | photography; gravel parking; fishing in Little Portage River	https://www.fws.gov/refuge/ottawa/visit-us		OH-OTT-S-001	2026-05-20	2026-05-20
Ottawa NWR — Turtle Creek Island Unit	Wildlife Area	Federal Wildlife Area	National Wildlife Refuge	Active	Federal — U.S. Fish and Wildlife Service	U.S. Fish and Wildlife Service (USFWS); Ottawa NWR complex			Unit of Ottawa NWR purchased by Ducks Unlimited 2016 and transferred to Ottawa NWR. Canoe/kayak launch and parking installed by Friends of Ottawa NWR (2017). Fishing sunrise to sunset per state regs. Child of Ottawa NWR.	Duff-Washa Road, approximately 4 miles southeast of the main Ottawa NWR complex, Ottawa County OH		Ottawa	Rice	Rice Township	41.447	-83.072	86HRCWWH+R5	Fishing Area; Wildlife Observation Area	Alternate names: Turtle Creek Island Unit; Ottawa National Wildlife Refuge Turtle Creek Island Unit. T1 MISS — discovered during pass. Purchased by Ducks Unlimited 2016; transferred to Ottawa NWR. Canoe/kayak launch installed by Friends of Ottawa NWR (2017). GPS and acreage TBD (Q33). Flag: T1_MISS_DISCOVERED_AT_T4. Source date: 2026-05-18. | Canoe/kayak launch	https://www.fws.gov/refuge/ottawa/visit-us		OH-OTT-S-001	2026-05-20	2026-05-20
Ottawa NWR — Upper Toussaint Unit	Wildlife Area	Federal Wildlife Area	National Wildlife Refuge	Active	Federal — U.S. Fish and Wildlife Service	U.S. Fish and Wildlife Service (USFWS); Ottawa NWR complex			77-acre unit of Ottawa NWR along the Toussaint River. Hunting (north of river; listed species per state regs); trapping with refuge permit; fishing per state regs.	Toussaint River between Rocky Ridge and Lickert-Harder Roads, Ottawa County OH (county uncertain — verify Ottawa vs. Sandusky at normalization, Q32)	77.0	Ottawa	Washington	Washington Township	41.384	-83.258	86HR9PMR+JR	Fishing Area; Hunting Area; Trapping Area	Alternate names: Upper Toussaint Unit; Ottawa National Wildlife Refuge Upper Toussaint Unit. T1 MISS — discovered during pass. COUNTY_UNCERTAIN — Toussaint River area may straddle Ottawa/Sandusky; verify via GIS (Q32). GPS TBD at acquisition pass. Flags: T1_MISS_DISCOVERED_AT_T4; COUNTY_UNCERTAIN. Source date: 2026-05-18. | Toussaint River access	https://www.fws.gov/refuge/ottawa/visit-us		OH-OTT-S-001	2026-05-20	2026-05-20
Ottawa NWR — Little Portage Unit	Wildlife Area	Federal Wildlife Area	National Wildlife Refuge	Active	Federal — U.S. Fish and Wildlife Service	U.S. Fish and Wildlife Service (USFWS); Ottawa NWR complex			30-acre unit of Ottawa NWR along the Little Portage River. Former agricultural fields reverting to shrubland, river channel, and marshland. Eagle Scout kayak launch confirmed 2023 (PRWT Mile 3.7); paddler access being installed by FWS. Fishing sunrise to sunset per state regs. Child of Ottawa NWR.	7899 W Little Portage East Road, Oak Harbor OH 43449	30.0	Ottawa	Bay	Bay Township	41.492	-83.044	86HRFXR4+QC	Fishing Area; Marsh	Alternate names: Little Portage Unit; Ottawa National Wildlife Refuge Little Portage Unit. T1 MISS — deferred at T1 as 'roadside-view-only' (T2-FLAG-4); re-flagged T3 (T3-FLAG-7/Q20/Q24) after Eagle Scout kayak launch confirmed at PRWT Mile 3.7 (2023). FWS visit-us page confirms paddler access being installed. Resolves T2-FLAG-4, T3-FLAG-7, Q20, Q24. Flags: T1_MISS_DISCOVERED_AT_T4; RESOLVES_T2-FLAG-4_T3-FLAG-7_Q20_Q24. Source date: 2026-05-18. | Kayak/canoe launch; shrubland; river channel	https://www.fws.gov/refuge/ottawa/visit-us		OH-OTT-S-001	2026-05-20	2026-05-20
Graytown Park	Park			Active	Benton Township	Benton Township Trustees			Graytown Park is the home of the Hansen Sports Complex and the Harder Shelter House, located adjacent to the Township Hall in Graytown.	1670 N. Walker Street, Graytown, OH 42432 (adjacent to Township Hall)		Ottawa	Benton	Benton Township	41.528	-83.271	86HRGPHH+5H		Township-managed park at township hall complex in Graytown. Hansen Sports Complex and Harder Shelter House are on-site. | Hansen Sports Complex; Harder Shelter House	http://www.bentontownship.org			2026-05-20	2026-05-20
Heigel Park	Park			Active	Catawba Island Township	Catawba Island Township				4545 E. Balliette Dr., Port Clinton, OH 43452		Ottawa	Erie	Erie Township	41.54	-83.022	86HRGXQH+X5		Listed as township-maintained park on Catawba Island Township official parks page.	https://catawbaislandtownship.com/parks-and-recreation/cit-parks/			2026-05-20	2026-05-20
Catawba Point Preserve	Nature Preserve	Land Trust Preserve		Active	Catawba Island Township	Catawba Island Township				4060 NW Catawba Rd., Port Clinton, OH 43452		Ottawa	Portage	Portage Township	41.596	-82.88	86HVH4WC+C2		Township-maintained preserve on NW side of Catawba Island Peninsula. Distinct from Catawba Island State Park (ODNR, 4049 Moore's Dock Rd, staged T2).	https://catawbaislandtownship.com/parks-and-recreation/cit-parks/			2026-05-20	2026-05-20
Cedar Meadow Preserve	Nature Preserve	Land Trust Preserve		Active	Catawba Island Township	Catawba Island Township	Park District of Ottawa County (PDOC grant recipient)	PDOC Cedar Meadow Preserve Trail grant		4822 E. Cemetery Rd., Port Clinton, OH 43452		Ottawa	Catawba Island	Catawba Island Township	41.576	-82.876	86HVH4GF+9H		Township-maintained preserve. PDOC grant recipient for Cedar Meadow Preserve Trail construction.	https://catawbaislandtownship.com/parks-and-recreation/cit-parks/	https://ottawacountyparksoh.org/grants/cedar-meadow-preserve-trail/		2026-05-20	2026-05-20
Battlefield Park	Historic Site	Battlefield		Active	Danbury Township	Danbury Township			Site of the first battle in Ohio during the War of 1812 known as the 'Skirmish of the Peninsula,' fought on September 29, 1812. Features a scenic bridge, historic monument, and picnic tables.	9888 E. Bayshore Road, Marblehead, OH 43440		Ottawa	Danbury	Danbury Township	41.523	-82.732	86HVG7F9+56	Bridge; Monument	Commemorates the Skirmish of the Peninsula (Sept. 29, 1812), the first War of 1812 battle on Ohio soil. ODNR PAG-LE-02 also references the Ohio Historical Marker at this site. | picnic tables; Ohio Historical Marker	https://danburytownship.com/https-danburytownship-com-danburytownshipparks/			2026-05-20	2026-05-20
Bark Until Dark Dog Park	Park	Dog Park		Active	Danbury Township	Danbury Township				310 S. Bridge Road (SR 269 South), across from Police Station, Marblehead, OH		Ottawa	Catawba Island	Catawba Island Township	41.578	-82.876	86HVH4HF+6H	Dog Park	Township-managed off-leash dog park on SR 269 South (S. Bridge Road). | hours 8:00 a.m. to sunset	https://danburytownship.com/https-danburytownship-com-danburytownshipparks/			2026-05-20	2026-05-20
Lions Park at Lake Point	Park			Active	Danbury Township	Danbury Township				11257 E. Bayshore Road, Marblehead, OH 43440		Ottawa	Catawba Island	Catawba Island Township	41.581	-82.878	86HVH4JC+CQ	Bridge; Fishing Area; Grill; Lake; Playground; Pond; Restrooms	Township-managed park on E. Bayshore Road with quarry pond and lake access. | Picnic tables; shelter house; scenic woods	https://danburytownship.com/https-danburytownship-com-danburytownshipparks/			2026-05-20	2026-05-20
Meadowbrook Marsh	Wildlife Area			Active	Danbury Township	Danbury Township	Black Swamp Conservancy (conservation easement holder)	Black Swamp Conservancy holds conservation easement; township retains ownership and management	A 191-acre township-owned natural area acquired 2000-2013 in multiple phases. Meadowbrook Marsh is Ohio Lake Erie Birding Trail site #57. Open dawn to dusk year-round.	8577 E. Bayshore Road, Marblehead, OH 43440	191.0	Ottawa	Danbury	Danbury Township	41.521	-82.785	86HVG6C8+C2	Observation Deck	Township-owned; Black Swamp Conservancy holds conservation easement only — township manages. Acquired 2000-2013. PDOC grant recipient. Lake Erie Birding Trail site #57. | ADA-accessible paved loop trail; park benches; shelter house	https://danburytownship.com/https-danburytownship-com-danburytownshipparks/	https://ottawacountyparksoh.org/grants/meadowbrook-marsh/;https://ottawacountyparksoh.org/grants/meadowbrook-marsh-trail/		2026-05-20	2026-05-20
West Harbor Boat Launch	Water Site	Boat Launch Area		Active	Catawba Island Township	Catawba Island Township				1971 NE Catawba Rd., Port Clinton, OH 43452		Ottawa	Portage	Portage Township	41.585	-82.8872	86HVH4P7+24		Township-managed boat launch at 1971 NE Catawba Rd. Distinct from ODNR West Harbor Wildlife Area (T2, different manager) and NWR kayak launch at West Harbor Landing FWS (191 NE Catawba Rd, T1). CIT Additional Parks page notes the NWR kayak launch (191 NE Catawba Rd) separately as not township-managed.	https://catawbaislandtownship.com/parks-and-recreation/cit-parks/			2026-05-20	2026-05-20
Allen Township Cemetery	Cemetery	Public Cemetery		Active	Allen Township	Allen Township Trustees				Williston, Ohio 43468 (Section 34, west of Williston Road between Curtice Road and SR 579)		Ottawa	Clay	Clay Township	41.527	-83.317	86HRGMGM+Q6		Township-maintained cemetery; also known as Williston Cemetery. Sexton: Tony Humphrey, 419-427-0195. §5.6 mandatory staging. | Veterans and Firefighters Memorial; engraved brick program	https://www.allentownship.us/interment-data			2026-05-20	2026-05-20
Allen (Billman Road) Cemetery	Cemetery	Public Cemetery		Active	Allen Township	Allen Township Trustees				Section 7, west of Billman Road between Trowbridge Road and Walbridge East Road, Allen Township		Ottawa	Clay	Clay Township	41.52	-83.312	86HRGMCQ+26		Allen Township cemetery per OHGenWeb. §5.6 mandatory staging.	https://ottawa.ohgenweb.org/places/cemeteries.htm			2026-05-20	2026-05-20
Hineline Cemetery	Cemetery	Public Cemetery		Active	Bay Township	Bay Township Trustees				Paulsen Road, 1/4 mile north of State Route 53, Bay Township		Ottawa	Erie	Erie Township	41.533	-83.009	86HRGXMR+69		Bay Township cemetery per OHGenWeb. Bay Township website has no cemetery page; governance inferred from township location. §5.6 mandatory staging.	https://ottawa.ohgenweb.org/places/cemeteries.htm			2026-05-20	2026-05-20
Riverview Cemetery	Cemetery	Public Cemetery		Active	Bay Township	Bay Township Trustees				West end of West Third Street, Port Clinton, Ohio (Section 1, Bay Township)		Ottawa	Port Clinton		41.516	-82.957	86HVG28V+96		Bay Township cemetery per OHGenWeb. §5.6 mandatory staging.	https://ottawa.ohgenweb.org/places/cemeteries.htm			2026-05-20	2026-05-20
Elliston Cemetery	Cemetery	Public Cemetery		Active	Benton Township	Benton Township Trustees				17505 W. Toussaint North Road, Graytown, OH (Section 29, north of Toussaint North Road between Elliston-Trowbridge and Graytown Roads)		Ottawa	Benton	Benton Township	41.527	-83.267	86HRGPGM+Q6		Benton Township cemetery. Address confirmed from Benton Township website. §5.6 mandatory staging.	http://www.bentontownship.org	https://ottawa.ohgenweb.org/places/cemeteries.htm		2026-05-20	2026-05-20
Limestone Cemetery	Cemetery	Public Cemetery		Active	Benton Township	Benton Township Trustees				14751 W. Toussaint North Road, Benton Township (Section 23, south of Toussaint North Road)		Ottawa	Benton	Benton Township	41.523	-83.28	86HRGPF9+5X		Benton Township cemetery. Address confirmed from Benton Township website. §5.6 mandatory staging.	http://www.bentontownship.org	https://ottawa.ohgenweb.org/places/cemeteries.htm		2026-05-20	2026-05-20
Locust Point Cemetery	Cemetery	Public Cemetery		Active	Carroll Township	Carroll Township Trustees				Section 2, Carroll Township, Ottawa County, Ohio		Ottawa	Erie	Erie Township	41.514	-83.061	86HRGW7Q+JH		Carroll Township cemetery per OHGenWeb. Carroll Township website (carrolltownship.net) returned empty content during discovery. §5.6 mandatory staging.	https://ottawa.ohgenweb.org/places/cemeteries.htm			2026-05-20	2026-05-20
Rusha Cemetery	Cemetery	Public Cemetery		Active	Carroll Township	Carroll Township Trustees				Section 13, 1/2 mile west of State Route 2, Carroll Township		Ottawa	Salem	Salem Township	41.51	-83.068	86HRGW5J+XR		Carroll Township cemetery per OHGenWeb. §5.6 mandatory staging.	https://ottawa.ohgenweb.org/places/cemeteries.htm			2026-05-20	2026-05-20
Catawba Island Cemetery	Cemetery	Public Cemetery		Active	Catawba Island Township	Catawba Island Township				North side of Cemetery Road, between West and East Catawba Road, Catawba Island Township		Ottawa	Portage	Portage Township	41.587	-82.876	86HVH4PF+QH		Township-maintained cemetery. Located on Cemetery Road, Port Clinton. §5.6 mandatory staging.	https://catawbaislandtownship.com/cemetery/	https://ottawa.ohgenweb.org/places/cemeteries.htm		2026-05-20	2026-05-20
K'burg Cemetery	Cemetery	Public Cemetery		Active	Catawba Island Township	Catawba Island Township				West side of West Catawba Road, north of Cemetery Road, Catawba Island Township		Ottawa	Portage	Portage Township	41.583	-82.882	86HVH4M9+55		Catawba Island Township cemetery per OHGenWeb. §5.6 mandatory staging.	https://ottawa.ohgenweb.org/places/cemeteries.htm			2026-05-20	2026-05-20
Clay Township Cemetery	Cemetery	Public Cemetery		Active	Clay Township	Clay Township Trustees				Section 1, east of Opfer-Lentz Road, north of Fulkert Road, Clay Township		Ottawa	Woodville	Woodville Township	41.413	-83.348	86HRCM72+6R		Clay Township cemetery. Cemetery Rules link present on claytownshipohio.net. §5.6 mandatory staging.	https://www.claytownshipohio.net	https://ottawa.ohgenweb.org/places/cemeteries.htm		2026-05-20	2026-05-20
Sackett Cemetery	Cemetery	Public Cemetery		Active	Danbury Township	Danbury Township			Sackett Cemetery is a perpetual care facility owned and maintained by Danbury Township. It is for the use of Township residents.	Approximately 9 miles east of Port Clinton, south side of State Route 163, Danbury Township		Ottawa	Danbury	Danbury Township	41.52	-82.735	86HVG7C8+22		Township perpetual-care cemetery. Contact: (419) 734-4091. §5.6 mandatory staging.	https://danburytownship.com/cemetery-information/			2026-05-20	2026-05-20
Wolcott Cemetery	Cemetery	Public Cemetery		Active	Danbury Township	Danbury Township			Small cemetery; burial site of Benajah Wolcott. Access via small gravel lane.	Off Huron Trail, next to 10011 Huron Trail, Danbury Township (end of East Huron Trail, north of Bayshore Road)		Ottawa	Danbury	Danbury Township	41.522	-82.754	86HVG6CW+Q9		Listed on Danbury Township parks page as township-maintained. Burial site of Benajah Wolcott. §5.6 mandatory staging. | Small gravel lane access	https://danburytownship.com/https-danburytownship-com-danburytownshipparks/	https://ottawa.ohgenweb.org/places/cemeteries.htm		2026-05-20	2026-05-20
LaCarpe Cemetery	Cemetery	Public Cemetery		Active	Erie Township	Erie Township Trustees				Section 29, south side of State Route 2, Erie Township		Ottawa	Troy	Troy Township	41.497	-83.432	86HRFHW9+R5		Erie Township cemetery per OHGenWeb. Erie Township has no website. §5.6 mandatory staging.	https://ottawa.ohgenweb.org/places/cemeteries.htm			2026-05-20	2026-05-20
Harris-Elmore Union Cemetery	Cemetery	Public Cemetery		Active	Harris Township	Harris Township Trustees				Schultz-Portage and Elmore East Roads, Elmore, OH 43416 (Section 17)		Ottawa	Harris	Harris Township	41.472	-83.296	86HRFPC3+RH		Township-maintained perpetual care cemetery. Sexton: Andy Rodriguez, (419) 862-3332 Ext 1019. §5.6 mandatory staging.	https://www.harristownshipohio.com/ova_dep/cemetery/			2026-05-20	2026-05-20
Harrington Cemetery	Cemetery	Public Cemetery		Active	Harris Township	Harris Township Trustees			Originally the Old Elmore Cemetery. Nearly 100 years since last burial; more than 300 veterans buried beneath decaying stones. Veterans from the Revolution, War of 1812, and Civil War are interred here.	556 Rice Street, Elmore, OH 43416 (Section 18, north side of Rice Street, east of Elmore Village)		Ottawa	Harris	Harris Township	41.47805	-83.29037	86HRFPH5+6V		Also known as Old Elmore Cemetery. GPS: 41°28.683'N, 83°17.422'W (= 41.47805°N, 83.29037°W). Sexton: Andy Rodriguez, (419) 862-3332 Ext 1019. §5.6 mandatory staging. | Historical marker at intersection of Rice St. and Clinton St.; Revolutionary War; War of 1812; and Civil War veterans' graves	https://www.harristownshipohio.com/harrington-cemetery/			2026-05-20	2026-05-20
Christy Chapel Cemetery	Cemetery	Public Cemetery		Active	Portage Township	Portage Township Trustees			Active perpetual-care cemetery maintained by Portage Township. Only cemetery in the township available for burials.	2501 East State Road, Port Clinton, Ohio 43452		Ottawa	Bay	Bay Township	41.47	-83.046	86HRFX93+XH		Township perpetual-care cemetery; active burials. Cemetery Administrator: Jennifer Cadmus, 419-732-3543. §5.6 mandatory staging.	https://portagetownship.net/cemetaries/			2026-05-20	2026-05-20
Shook Cemetery	Cemetery	Public Cemetery		Active	Portage Township	Portage Township Trustees				2565 East Harbor Road, Port Clinton, Ohio 43452		Ottawa	Bay	Bay Township	41.465	-83.054	86HRFW8W+29		Township-maintained cemetery (no active burials). §5.6 mandatory staging.	https://portagetownship.net/cemetaries/			2026-05-20	2026-05-20
Dwelle Cemetery	Cemetery	Public Cemetery		Active	Portage Township	Portage Township Trustees				3950 East State Road, Port Clinton, Ohio 43452		Ottawa	Bay	Bay Township	41.462	-83.061	86HRFW6Q+QH		Township-maintained cemetery (no active burials). Also spelled 'Dewelle' in OHGenWeb. §5.6 mandatory staging.	https://portagetownship.net/cemetaries/			2026-05-20	2026-05-20
Maple Leaf Cemetery	Cemetery	Public Cemetery		Active	Put-In-Bay Township	Put-In-Bay Township Trustees				South Bass Island, Put-in-Bay, Ohio		Ottawa	Put-in-Bay	Put-in-Bay Township	41.652	-82.832	86HVM529+Q6		Township-maintained cemetery on South Bass Island. Sextons: Kelly Mohn and Luella Kacirek, 419-285-2292. §5.6 mandatory staging.	https://www.pibtownship.com/cemeteries			2026-05-20	2026-05-20
Crown Hill Cemetery	Cemetery	Public Cemetery		Active	Put-In-Bay Township	Put-In-Bay Township Trustees				South Bass Island, Put-in-Bay, Ohio		Ottawa	Put-in-Bay	Put-in-Bay Township	41.649	-82.82	86HVJ5XJ+J2		Township-maintained cemetery on South Bass Island. Sextons: Kelly Mohn and Luella Kacirek. §5.6 mandatory staging.	https://www.pibtownship.com/cemeteries			2026-05-20	2026-05-20
La Fleur Cemetery	Cemetery	Public Cemetery		Active	Put-In-Bay Township	Put-In-Bay Township Trustees				Middle Bass Island, Ottawa County, Ohio		Ottawa	Put-in-Bay	Put-in-Bay Township	41.676	-82.813	86HVM5GP+9Q		Township-maintained cemetery on Middle Bass Island. Also known as Middle Bass Island Cemetery (OHGenWeb). Sexton: Katherine Schneider. §5.6 mandatory staging.	https://www.pibtownship.com/cemeteries			2026-05-20	2026-05-20
North Bass Cemetery	Cemetery	Public Cemetery		Active	Put-In-Bay Township	Put-In-Bay Township Trustees				North Bass Island (Isle Saint George), Ottawa County, Ohio		Ottawa	Portage	Portage Township	41.516	-82.931	86HVG389+9J		Township-maintained cemetery on North Bass Island (Isle Saint George). Also known as Isle of St. George Cemetery (OHGenWeb). Sexton: Dale Burris. §5.6 mandatory staging.	https://www.pibtownship.com/cemeteries			2026-05-20	2026-05-20
Roose Cemetery	Cemetery	Public Cemetery		Active	Salem Township	Salem Township Trustees				Section 9, north of Portage River South Road, Salem Township		Ottawa	Portage	Portage Township	41.519	-82.934	86HVG398+JC		Salem Township cemetery per OHGenWeb. Salem Township has no website. §5.6 mandatory staging.	https://ottawa.ohgenweb.org/places/cemeteries.htm			2026-05-20	2026-05-20
Waterworks Park	Park			Active	City of Port Clinton	City of Port Clinton			Host to the annual Walleye Festival, Waterworks Park is nestled along the picturesque shores of Lake Erie. It is a beloved urban oasis that combines natural beauty with recreational opportunities. Expansive green spaces invite visitors to experience its serene atmosphere through leisurely walks, engaging picnics, and family gatherings. The well-maintained pathways meander through vibrant flower beds and towering trees, making it an ideal spot for nature lovers and photographers alike. One of the highlights of the park is the stunning Port Clinton Lighthouse, where you can enjoy guided tours of one of the region's most historical markers. Whether you're interested in birdwatching, jogging, or simply unwinding by the water, the park caters to all kinds of outdoor enthusiasts. Families will appreciate the ample space for children to play and explore, making it a perfect destination for a day out. The covered picnic area can be reserved for groups.	W. State Rte. 163, Port Clinton, OH 43452		Ottawa	Portage	Portage Township	41.517	-82.925	86HVG38G+Q2	Fountain; Garden; Picnic Area; Restrooms; Sculpture	Baseline seed 'Port Clinton Pier' resolved here — public dock and fishing pier are amenities of Waterworks Park. Port Clinton Lighthouse is a separate organization (not city-managed); staged as park amenity only. | walking trails; benches; Port Clinton Lighthouse; historical markers; fishing pier; public dock; dogs allowed on-leash	https://www.portclinton.com/business_detail_T30_R22.php			2026-05-20	2026-05-20
Friendship Park	Park			Active	City of Port Clinton	City of Port Clinton	Greater Port Clinton Area Arts Council; The Arts Garage		Friendship Park serves as a vibrant community gathering space that reflects the city's commitment to public art and cultural engagement. Over the years, the park has become a focal point for artistic displays and community events. Prints of photographs, relief carvings, and paintings from local artists are displayed to highlight the rich history and immense talent in our local area. The Greater Port Clinton Area Arts Council and the artists at The Arts Garage provide the expertise needed to present culturally relevant material for public consumption at Friendship Park.	113 E. Perry St., Port Clinton, OH 43452		Ottawa	Portage	Portage Township	41.518	-82.94	86HVG396+62	Art Installation; Garden; Sculpture	benches	https://www.portclinton.com/business_detail_T30_R23.php			2026-05-20	2026-05-20
Lakeview Park	Park			Active	City of Port Clinton	City of Port Clinton			Host to the annual Arts in the Park festival, Lakeview Park is a breathtaking retreat situated along the scenic shores of Lake Erie. The park is filled with mature trees, lush gardens, and inviting walking paths for visitors to explore its natural beauty. The park is also a hub for recreational activities, with a basketball court, concession stand, pavilion, covered picnic areas, beach access, and the county's only Flagship Collaborative Play Place. This is truly the park for everyone with accommodations made for all abilities. The pavilion and covered picnic areas can be reserved for groups and larger events.	1100 E. Perry St., Port Clinton, OH 43452		Ottawa	Port Clinton		41.513	-82.936	86HVG377+6H	Basketball Court; Beach; Garden; Grill; Pavilion; Picnic Area; Restrooms; Sculpture	Lake Erie beach access at this park; beach is a feature, not a separate entity. | concession stand; walking trails; dogs allowed on-leash; Flagship Collaborative Play Place	https://www.portclinton.com/business_detail_T30_R25.php			2026-05-20	2026-05-20
Mosie Nesbit Johnson Community Garden	Community Garden			Active	City of Port Clinton	City of Port Clinton	Friends of Port Clinton Parks	Managed by the Friends of Port Clinton Parks	The Mosie Nesbit Johnson Garden is on the former site of the First Baptist Church, the first African American church in Port Clinton. Mosie Nesbit Johnson was a civil rights activist and the leader of the NAACP Port Clinton chapter for 25 years. When the church was demolished in 2011 the City of Port Clinton installed the garden and named it in her honor. There is a plaque in the garden that pays homage to the church's historical significance. The garden is managed by the Friends of Port Clinton Parks and is open to all members of the community. The pathways in the garden were made wide enough to accommodate anyone who might have mobility challenges. There are 25 all organic raised beds that can be rented out, with a one-time fee of $25 for each bed.	323 Beech St., Port Clinton, OH 43452		Ottawa	Portage	Portage Township	41.519	-82.942	86HVG395+J6	Garden	Community garden on former First Baptist Church site; city-owned, managed by Friends of Port Clinton Parks. | wheelchair-accessible pathways	https://www.portclinton.com/business_detail_T30_R24.php			2026-05-20	2026-05-20
Portage Park	Park			Active	City of Port Clinton	City of Port Clinton			Portage Park is the central location for youth sporting events in Port Clinton. The wide open fields are used during the warm weather months for youth soccer on nearly a daily basis. When winter brings the snow, the park quickly turns into the premier spot for sledding and other snow games. Annual tree plantings take place in the park every Arbor Day, helping the city maintain its status as a Tree City USA.	1142 Taft St., Port Clinton, OH 43452		Ottawa	Port Clinton		41.511	-82.935	86HVG367+9X	Grill; Picnic Area; Playground; Restrooms	Taft Hill; open fields for sports	https://www.portclinton.com/business_detail_T30_R26.php			2026-05-20	2026-05-20
Veterans Park	Park			Active	City of Port Clinton	City of Port Clinton			Originally gifted to the City of Port Clinton in 1933, Veterans Memorial Park stands as a tribute to those who give the most they have to offer. The park is dedicated to the memory of the 37th Tank Company of the Port Clinton National Guard, who served as Company C from the 192nd Tank Battalion during World War II. The men of Company C were taken prisoner while defending the Bataan Peninsula in 1942 and were held until their liberation in 1945. Only 10 men of the original 32 sent to the Bataan Peninsula survived. There are visual testimonials of military service throughout the park. A restored World War II M5 anti-tank gun guards the south entrance and a M-42 'Duster' tank guards the north entrance. The Fallen Soldier Battlefield Cross adorns one side of the park while an Eternal Flame lights the other.	W. Second St., Port Clinton, OH 43452		Ottawa	Portage	Portage Township	41.519	-82.934	86HVG398+JC	Garden	Name on website is 'Veterans Park'; description refers to it as 'Veterans Memorial Park'. Normalization to reconcile. | World War II military history; Fallen Soldier Battlefield Cross; Eternal Flame; M5 anti-tank gun; M-42 Duster tank; benches	https://www.portclinton.com/business_detail_T30_R27.php			2026-05-20	2026-05-20
West End Community Park	Park			Active	City of Port Clinton	City of Port Clinton				431 Portage Dr., Port Clinton, OH 43452		Ottawa	Salem	Salem Township	41.513	-83.12	86HRGV7H+6X	Basketball Court; Grill; Picnic Area; Playground	No narrative description on park page; amenities captured from listing. | benches	https://www.portclinton.com/business_detail_T30_R28.php			2026-05-20	2026-05-20
Lakeview Cemetery	Cemetery	Public Cemetery		Active	City of Port Clinton	City of Port Clinton				Port Clinton, OH		Ottawa	Salem	Salem Township	41.511	-83.135	86HRGV67+9X		City-managed cemetery per portclinton.com/services/cemetery. Category: Cemetery.	https://www.portclinton.com/services__/cemetery.php	https://www.cemeteryregister.com/search.asp?id=OH_PORTCLINTONLV		2026-05-20	2026-05-20
Veterans Memorial Park	Park			Active	Village of Oak Harbor	Village of Oak Harbor			Veterans Memorial Park is Oak Harbor's premier park and consists of many open-air activities. The facilities include four baseball/softball diamonds, two full-size basketball courts, a skate park, batting cage, and two sand volleyball courts. It also hosts a tot-lot for pre-school aged children and two open-air shelter houses. An oak tree grove serves as a memorial to those individuals that have served as Mayor of the Village. A 0.6-mile concrete, ADA accessible walking path, that encompasses the park, was installed in 2021. A sidewalk connects the Red Hawk Run/Gordon Estates subdivisions and the central area of the Village, without requiring visitors to traverse State Route 163.	300 Finke Road, Oak Harbor, OH 43449		Ottawa	Salem	Salem Township	41.509407	-83.135407	86HRGV57+QR	Ball Diamond; Basketball Court; Playground; Skate Park; Volleyball Court	Name collision risk: Genoa also has a 'Veterans Memorial Park' (T6). Confirmed distinct entities — different municipality. GPS approx. from Google Maps map verification pass (). | batting cage; shelter houses; mayor oak tree grove memorial; ADA walking path	https://www.oakharbor.oh.us/departments/public_works/parks.php			2026-05-20	2026-05-20
Adolphus Kraemer Park	Park			Active	Village of Oak Harbor	Village of Oak Harbor	Oak Harbor Log Cabin Committee		Adolphus Kraemer Park is a 'public square' style park. The property formerly hosted the Town Hall, opera theatre and jail. It currently hosts a log cabin that is home to Santa Claus, the Easter Bunny and many educational functions held by the Oak Harbor Log Cabin Committee. Summer concert series music programs are held here on Sunday evenings, throughout the summer.	125 N. Church Street, Oak Harbor, OH 43449		Ottawa	Salem	Salem Township	41.51	-83.135	86HRGV57+XX		log cabin; summer concert series	https://www.oakharbor.oh.us/departments/public_works/parks.php			2026-05-20	2026-05-20
Flat Iron Park	Park			Active	Village of Oak Harbor	Village of Oak Harbor			Flat Iron Park is located on the west end of the Village, at the intersection of Water, Main and Toussaint Streets. The park gets its name from its shape. Dedicated in 1919, it serves as a well-known county landmark offering a monument to the remembrance of World War I Veterans. The park was re-dedicated in 1986 to Veterans of all wars and conflicts. It also hosts a gazebo built in 1976 'by the community, for the community' and is a popular site for weddings, picnics, organization meetings and a live manger scene at Christmas.	Intersection of Water, Main, and Toussaint Streets, Oak Harbor, OH 43449		Ottawa	Carroll	Carroll Township	41.5501	-83.133	86HRHV28+2R	Gazebo; Monument	Named for triangular shape at three-street intersection. Dedicated 1919; re-dedicated 1986 to all veterans.	https://www.oakharbor.oh.us/departments/public_works/parks.php			2026-05-20	2026-05-20
Veterans' Memorial Park	Park			Active	Village of Genoa	Village of Genoa		Operated and maintained under direction of Village Administrator and Park Director	Veterans Memorial Park was established in 1946, and remains the largest recreational park in the Genoa area. The Village of Genoa operates and maintains the 45-acre park under the direction of the Village Administrator and Park Director. Located on Washington Street near downtown Genoa, the park has baseball fields, tennis courts, basketball courts, soccer fields, a frisbee golf course, a half-pipe, and a separate swimming facility (the Genoa Quarry). The North Coast Inland Trail (NCIT) was extended into Veterans Park in 2020, and provided a separated active use trail connecting Genoa to Elmore, Lindsey, Fremont, and beyond. In addition to the activities-related offerings, Veterans Park includes plenty of space for relaxation.	Washington Street, Genoa, OH 43430	45.0	Ottawa	Clay	Clay Township	41.518595	-83.354974	86HRGJ9W+C2	Basketball Court; Golf Course; Grill; Playground; Restrooms; Swing Set; Tennis Court	Name on website: 'Veterans Memorial Park' and 'Veterans' Memorial Park' (apostrophe varies). Name collision: Oak Harbor (T6) also has 'Veterans Memorial Park'; confirmed distinct. Established 1946. 45 acres. NCIT extended into this park in 2020 — NCIT is CROSS_COUNTY_CANDIDATE staged T3; T6 connection noted here per . GPS approx. from Google Maps map verification pass (). | baseball fields; soccer fields; half-pipe; swimming quarry; walking trails; picnic tables; horseshoe pits; shelter houses	https://genoaohio.org/village-departments/veterans-park-quarry/			2026-05-20	2026-05-20
Genoa Quarry	Water Site			Active	Village of Genoa	Village of Genoa			The Genoa Quarry has been a mainstay in summer entertainment for residents and neighbors in surrounding communities for over one hundred years. A spring-fed water hole, the quarry spans nearly a quarter mile around and is 100 feet deep in some parts. The Quarry is part of the 45-acre Veterans Memorial Park. The Quarry is staffed by a host of lifeguards certified by the Red Cross. The quarry's beach allows for younger children to enjoy the water without being near cliff edges. Clear, cool clean water and plenty of beach area contribute to making the Genoa Quarry an excellent place to spend a hot, summer day.	Washington Street, Genoa, OH 43430 (within Veterans' Memorial Park)		Ottawa	Clay	Clay Township	41.519	-83.354	86HRGJ9W+JC	Fishing Area; Spring	Child site of Veterans' Memorial Park (Genoa). Spring-fed natural quarry swimming facility, operating >100 years. Seasonal; staffed with lifeguards. Admission fee charged. | Red Cross certified lifeguards; seasonal admission fees	https://genoaohio.org/village-departments/veterans-park-quarry/			2026-05-20	2026-05-20
Walter Ory Park	Park			Active	Village of Elmore	Village of Elmore				Corner of Rice and Ottawa Street (358 Harris St), Elmore, OH 43416		Ottawa	Harris	Harris Township	41.468	-83.29	86HRFP95+6X	Basketball Court; Covered Shelter; Grill; Playground; Restrooms	Baseline seed 'Walter Ory Park (Elmore)' confirmed. Also listed in harristownshipohio.com (Harris Township site) but confirmed Village of Elmore-managed per village WordPress and official village site. North Coast Inland Trail passes through/by this park (NCIT = CROSS_COUNTY_CANDIDATE staged T3; cross-tier trail connection). | benches	https://villageofelmoreohio.wordpress.com/tag/walter-ory-park/	https://village.elmore.oh.us/the_village/village_natural_attributes/index.php		2026-05-20	2026-05-20
Depot Park	Park			Active	Village of Elmore	Village of Elmore	Elmore Historical Society	Elmore Historical Society occupies barn within park	Depot Park is right down Ottawa Street from Walter Ory Park. The North Coast Inland Bike Trail passes by it. The majority of the town events are held at this park. The Portage River Festival, Tombstone Derby, and Grubs and Suds are held here annually because of the convenient location and the Barn being a resource of the Elmore Historical Society.	Ottawa Street, Elmore, OH 43416		Ottawa	Harris	Harris Township	41.469	-83.292	86HRFP95+H5		Named for former train depot (original depot structure unknown). NCIT passes by this park (NCIT = CROSS_COUNTY_CANDIDATE staged T3; ). | barn; event space	https://villageofelmoreohio.wordpress.com/tag/walter-ory-park/			2026-05-20	2026-05-20
Riverbend Park	Park			Active	Village of Elmore	Village of Elmore				751 East Rice Street, Elmore, OH 43416 (along Portage River)		Ottawa	Harris	Harris Township	41.468	-83.289	86HRFP96+69	Playground	On Portage River. Also serves as Village bulk trash drop-off site (2nd Saturday each month). Address confirmed via PDOC/village records. | soccer fields	https://villageofelmoreohio.wordpress.com/tag/walter-ory-park/			2026-05-20	2026-05-20
Veterans Park	Park			Active	Village of Elmore	Village of Elmore			Veterans Park is by far the smallest park, but it is dedicated to all of our veterans who have served for our country and community.	Elmore, OH 43416		Ottawa	Harris	Harris Township	41.469	-83.291	86HRFP95+HJ		Name collision risk: Oak Harbor (T6) and Genoa (T6) both have 'Veterans Memorial Park'; this is the separate Village of Elmore mini-park. No address listed on source; location to confirm at GPS pass. | bench; 3 flags; memorial post	https://villageofelmoreohio.wordpress.com/tag/walter-ory-park/			2026-05-20	2026-05-20
Well Park	Park			Active	Village of Elmore	Village of Elmore			Well Park is located behind Woodmore High School. Well Park provides three baseball diamonds, a basketball court, a soccer field, playground, shelter house and benches. A tennis court is available beside the school within walking distance behind the school's parking lot. The town's fireworks usually take place here.	Behind Woodmore High School, Elmore, OH 43416		Ottawa	Harris	Harris Township	41.469	-83.291	86HRFP95+HJ	Ball Diamond; Basketball Court; Playground; Tennis Court	Adjacent to Woodmore High School. Tennis court on school grounds, accessible from park. | soccer field; shelter house; benches; fireworks site	https://villageofelmoreohio.wordpress.com/tag/walter-ory-park/			2026-05-20	2026-05-20
Witty Park	Park			Active	Village of Elmore	Village of Elmore			Witty Park is located at the main entrance of Elmore, on the bank of Portage River. It offers a gazebo, picnic tables and BBQ pit on each side of the road.	Main entrance of Elmore (bank of Portage River), Elmore, OH 43416		Ottawa	Harris	Harris Township	41.468	-83.29	86HRFP95+6X	Gazebo	Village parks inventory uses 'Witty Park'; search results also list as 'Harry Witty Park' in official inventory. Both names captured. On Portage River at main village entrance. | picnic tables; BBQ pit	https://villageofelmoreohio.wordpress.com/tag/walter-ory-park/			2026-05-20	2026-05-20
James Park	Park			Active	Village of Marblehead	Village of Marblehead			James Park is truly a community park spanning seven acres in the heart of Marblehead. The park is central to village activities hosting an Easter Egg hunt in the spring, festivals in the summer, and community Christmas tree-lighting with a visit from Santa. The shelter can be reserved and is a popular spot for birthdays and family reunions.	717 Prairie Street, Marblehead, OH 43440	7.0	Ottawa	Danbury	Danbury Township	41.541	-82.724	86HVG7RG+99	Ball Diamond; Basketball Court; Grill; Playground; Restrooms; Volleyball Court	crushed brick infields); shelter house with wood burning fireplace; picnic tables	https://www.marbleheadohio.org/parks/page/james-park			2026-05-20	2026-05-20
Radar Park	Park			Active	Village of Marblehead	Village of Marblehead	National Park Service (land leasor)	Property leased to village by NPS through Federal Lands to Parks program	Radar Park derives its name from the radar tower, which was located on the site in the 1950s as part of the Nike defense system. When the tower was abandoned, the property was leased to the village by the National Parks Service through the Federal Lands to Parks program.	1305 W Main Street (SR 163), Marblehead, OH 43440		Ottawa	Danbury	Danbury Township	41.545	-82.726	86HVG7WF+2J		Former Nike missile defense radar site. Land leased from NPS to Village of Marblehead via Federal Lands to Parks program — village is lessee/operator; federal (NPS) is lessor. Governance: Village of Marblehead. Park is minimal amenities (benches, tables). | benches; picnic tables	https://www.marbleheadohio.org/parks/page/radar-park			2026-05-20	2026-05-20
Lucien M. Clemons Park	Park			Active	Village of Marblehead	Village of Marblehead	ODNR; NOAA; Ohio Public Works Commission; Western Reserve Land Conservancy	Acquired with funding from ODNR, NOAA, OPWC, Western Reserve Land Conservancy; permanent conservation easements restrict land use	Marblehead's Clemons Park is one of relatively few public places along the Peninsula shoreline with a view of Lake Erie. The Village was able to acquire the land with generous funding assistance and collaboration by multiple agencies and organizations including the Ohio Department of Natural Resources (ODNR), the National Oceanic and Atmospheric Administration (NOAA), the Ohio Public Works Commission (OPWC), and the Western Reserve Land Conservancy. These entities recognized the opportunity to set aside this land primarily for natural resources conservation purposes. The Village's use of the land is limited by permanent conservation easements that place restrictions on the property.	101-105 Lifeboat Ln, Marblehead (Lakeside Marblehead), OH 43440		Ottawa	Danbury	Danbury Township	41.541762	-82.72048	86HVG7RH+PR	Lake	Conservation easements held by WRLC/ODNR limit village use to natural resource conservation purposes. Contains Lake Erie Islands Water Trail Access Point 9 — LEIT is CROSS_COUNTY_CANDIDATE staged T3. LEIT AP9 staged as separate Access Point entity. Full legal name 'Lucien M. Clemons Park.' GPS approx. from Google Maps map verification pass (). | canoe/kayak launch	https://www.marbleheadohio.org/parks/page/lucien-m-clemons-park			2026-05-20	2026-05-20
Clemons Cemetery	Cemetery	Public Cemetery		Active	Village of Marblehead	Village of Marblehead				Marblehead, OH 43440		Ottawa	Danbury	Danbury Township	41.538	-82.721	86HVG7QH+6H		Village-managed cemetery per marbleheadohio.org/maintenance — Maintenance Department maintains Clemons Cemetery alongside the three village parks. Address/GPS to confirm at normalization pass.	https://www.marbleheadohio.org/maintenance			2026-05-20	2026-05-20
Clay Center Park	Park			Active	Village of Clay Center	Village of Clay Center			Clay Center Park takes up a large part of land located just off Susan Street and is home to Genoa Area Rec soccer in the spring and fall. The Village pavilion plays host to graduation parties, birthday parties, family reunions and all sorts of activities. It is available on a first-come, first-serve basis, free to residents. The Clay Center Events Committee hosts several events at the park throughout the year.	Susan Street, Clay Center, OH 43408	7.0	Ottawa	Woodville	Woodville Township	41.412	-83.345	86HRCM64+R2	Pavilion	Acreage (7 acres) confirmed via PDOC park mower grant. PDOC provided two grants to Village of Clay Center for this park (playground $7,000; mower). Village-managed, not PDOC-managed. | soccer fields; swings	https://ottawacountyparksoh.org/grants/clay-center-playground/	https://ottawacountyparksoh.org/grants/clay-center-park-mower/		2026-05-20	2026-05-20
DeRivera Park	Park			Active	DeRivera Park Trust (4/5) and Village of Put-in-Bay (1/5)	DeRivera Park Trustees (majority); Village of Put-in-Bay (portion near Jet Express Dock)		Park governed by three DeRivera Park Trustees per trust established by Joseph DeRivera St. Jurgo; Village manages roughly 1/5 near Jet Express Dock	DeRivera Park is a peaceful and beloved green space located in the middle of the lively Village of Put-in-Bay. Named for Joseph DeRivera St. Jurgo, the original owner of South Bass Island and a key figure in the founding of the village. DeRivera Park is 5.4 acres of waterfront land set aside for the use of the public in downtown Put-in-Bay. The park is really two parks: four fifths is managed by the three DeRivera Park Trustees; the remaining fifth (near the Jet Express Dock) is operated by the Village of Put-in-Bay.	341 Bayview Ave, Put-In-Bay, OH 43456	5.4	Ottawa	Put-in-Bay	Put-in-Bay Township	41.653308	-82.817085	86HVM53M+85	Fountain; Gazebo; Grill; Picnic Area; Playground; Restrooms	Baseline seed 'Put-In-Bay City Park' resolved as DeRivera Park — it is the main public park in downtown Put-in-Bay village. Complex split governance: 4/5 managed by independent DeRivera Park Trustees (charitable trust, not municipal); 1/5 operated by Village of Put-in-Bay. Resolution to determine governance tier — may need to split between T6 (village portion) and T8 (private trust portion) or treat as T6 with T8 governance note. Named after Joseph DeRivera St. Jurgo (original island owner). DeRivera Park Trustees also operate 'B' Dock. GPS approx. from Google Maps map verification pass (). | dockage; showers; historical landmarks	https://putinbayohio.com/pib-activities/derivera-park/	https://www.villageofpib.com		2026-05-20	2026-05-20
Oak Harbor Union Cemetery	Cemetery	Public Cemetery		Active	Salem Township	Salem Township				11565 Ohio Route 105, Oak Harbor (Salem Township), OH 43449		Ottawa	Danbury	Danbury Township	41.523	-82.783	86HVG6F8+5Q		T5-FLAG-5 RESOLVED: Cemetery is located on SR-105 west of Oak Harbor city limits, in Salem Township — confirmed T5 entity, not T6 municipal. Discovery_tier corrected to 5. Address: 11565 SR-105.	https://www.findagrave.com/cemetery/825989/oak-harbor-union-cemetery			2026-05-20	2026-05-20
Dr. Robert L. Nehls Memorial Nature Preserve	Nature Preserve	Land Trust Preserve		Active	Black Swamp Conservancy	Black Swamp Conservancy	Ottawa National Wildlife Refuge (USFWS) — co-management for wildlife habitat and public recreation	BSC purchased from Nehls family 2019; co-managed with USFWS Ottawa NWR	The Conservancy purchased this 40-acre property on Lake Erie's West Harbor in 2019 from the Nehls family. We are working with our partners at Ottawa National Wildlife Refuge to manage the preserve for wildlife habitat and public recreation. The property provides excellent opportunities to view migratory and resident bird species. A loop walking trail that winds through a restored pollinator meadow and along the water's edge, is open to the public from dawn to dusk.	Lake Erie West Harbor, Catawba Island Township, Ottawa County, Ohio	40.0	Ottawa	Portage	Portage Township	41.575	-82.907	86HVH3FV+X6	Meadow; Pavilion	Resolves T5-FLAG-2 (CIT Additional Parks page listed 'Nehl's Memorial Nature Preserve' at 4400 E. Muggy Rd as not CIT-managed, linked to friendsofottawanwr.org). Confirmed as BSC fee-simple property purchased 2019. BSC official name: 'Dr. Robert L. Nehls Memorial Nature Preserve.' Hours: dawn to dusk, public access. | ADA kayak launch on West Harbor; loop walking trail; little free library; Storybook Trail	https://blackswamp.org/property/dr-robert-l-nehls-memorial-nature-preserve/			2026-05-20	2026-05-20
Quinstock Woods Preserve	Nature Preserve	Land Trust Preserve		Active	Black Swamp Conservancy	Black Swamp Conservancy		One of two strategic BSC conservation properties on Catawba Island, acquired through Clean Ohio Conservation Fund grant	Each season, birds pass through this stretch of woods, relying on it for rest, food, and shelter. Quinstock Woods is one of two key conservation properties secured by the Black Swamp Conservancy through support from the Clean Ohio Green Space Conservation Program. Nearby, West Harbor Preserve sits along the Lake Erie shoreline, while Dr. Robert L. Nehls Memorial Nature Preserve adds to a growing network of protected land.	Catawba Island Township, Ottawa County, Ohio	19.0	Ottawa	Put-in-Bay	Put-in-Bay Township	41.654	-82.818	86HVM53J+HR		Closed to public access. BSC fee-simple ownership. Part of Catawba Island conservation network with West Harbor Preserve and Nehls Memorial Preserve. Contact: Melanie Coulter (BSC). | Mature hardwood forest; migratory bird habitat	https://blackswamp.org/property/quinstock-woods-preserve/			2026-05-20	2026-05-20
Great Egret Marsh Preserve	Nature Preserve	Land Trust Preserve		Active	The Nature Conservancy	The Nature Conservancy	Ohio Department of Natural Resources; Ohio EPA Water Resource Restoration Sponsorship Program; Northeast Ohio Regional Sewer District; U.S. Fish and Wildlife Service; Ohio Office of Coastal Management	Created 2013 with Clean Ohio Conservation Fund grant; multiple public funding partners	Great Egret Marsh Preserve consists of more than 150 acres of marsh and surrounding upland in Ottawa County, across the road from East Harbor State Park. The preserve's marshes are part of the West Harbor Basin, a long, narrow pool of Lake Erie backwater that geologists believe was once the channel of the Portage River. Created in 2013 with help from a Clean Ohio Conservation Fund grant, the preserve contributes to TNC's goal to protect and restore an additional 10,000 acres of coastal habitat along Lake Erie.	Catawba Island, Ottawa County, Ohio (across from East Harbor State Park, West Harbor Basin area)		Ottawa	Catawba Island	Catawba Island Township	41.578	-82.87	86HVH4HH+6X	Fishing Area; Marsh	Baseline seed 'Great Egret Marsh Nature Preserve' confirmed here. TNC official name is 'Great Egret Marsh Preserve' (no 'Nature' in current name). Catawba Island, Ottawa County. Open to public, dawn to dusk. Activities: kayaking, fishing, hiking, bird-watching. 80+ bird species including great egret, gadwall, lesser scaup. Snowy plover observed Sept 2010 (non-breeding in Ohio since 1955). | 1.2-mile loop trail; upland habitat; water lotus; osprey tower; kayaking access; bird-watching; open to public dawn to dusk year-round	https://www.nature.org/en-us/get-involved/how-to-help/places-we-protect/great-egret-marsh-preserve/	https://www.nature.org/content/dam/tnc/nature/en/documents/OH-Great-Egret-Marsh_Trail-Map.pdf;https://www.nature.org/content/dam/tnc/nature/en/documents/great-egret-marsh-preserve-trail-map-and-guide.pdf		2026-05-20	2026-05-20
Bay Point Sandbar	Conservation Area			Active	Western Reserve Land Conservancy	Western Reserve Land Conservancy	Ohio Public Works Commission Clean Ohio Green Space Conservation Fund; Ohio EPA Water Resource Restoration Sponsorship Program; Northeast Ohio Regional Sewer District; U.S. Fish and Wildlife Service; ODNR Office of Coastal Management; Cleveland Museum of Natural History	Acquired December 28, 2017 from Bay Point Acquisition LLC; conservation restrictions to be finalized; no public land-based access intended; boaters may anchor offshore	An iconic reminder of the Great Lakes' rich natural heritage, the 68-acre Bay Point property along the Lake Erie shore has been acquired by Western Reserve Land Conservancy. Known locally as the 'Sandbar,' the Ottawa County property consists of a narrow peninsula that extends south from the Marblehead Peninsula into Sandusky Bay. The northern portion of the property is more stable and contains mature trees along with extensive forested wetlands. The southern portion is seemingly under constant change by shifting sands and wave activity, comprising beaches, sandbars, small sand dunes, as well as coastal wetlands.	Narrow peninsula extending south from Marblehead Peninsula into Sandusky Bay, Ottawa County, Ohio	68.0	Ottawa	Danbury	Danbury Township	41.499	-82.736	86HVF7X7+HH	Beach; Dune; Lake; Wetland	Also known locally as 'the Sandbar.' Acquired Dec 28, 2017 by WRLC. Contains last remaining undisturbed coastal wetlands of the historic Great Black Swamp. Public access: boaters may anchor offshore; no land-based public access as of 2018 article. Snowy plover observed Sept 2010. Species of concern: common tern, great egret, magnolia warbler, blackburnian warbler, brown creeper, dark-eyed junco, green-winged teal. | mature trees; sandbars; 80+ bird species including 7 species of concern	https://wrlandconservancy.org/bay-point-sandbar-property-acquired-set-to-be-permanently-conserved/			2026-05-20	2026-05-20
Port Clinton Lakefront Preserve	Nature Preserve	Land Trust Preserve		Active	City of Port Clinton	City of Port Clinton	Black Swamp Conservancy (conservation agreement/easement holder); Trust for Public Land (funding partner)	BSC helped facilitate the purchase and holds a land conservation agreement protecting the site in perpetuity	The site is a popular fishing and resting area for bald eagles. Black Swamp Conservancy helped facilitate the purchase of the preserve and holds a land conservation agreement protecting the site in perpetuity. The Trust for Public Land was also an important partner, helping to secure funding for the project.	Port Clinton, Ottawa County, Ohio	14.7	Ottawa	Portage	Portage Township	41.519	-82.873	86HVG49G+JQ	Lake	T6 entity (City of Port Clinton-owned) discovered during T7 cross-reference of BSC Land We Protect list. Was not found during T6 Port Clinton search (portclinton.com did not list this property). BSC conservation agreement protects the site in perpetuity. | Bald eagle fishing and resting habitat	https://blackswamp.org/property/port-clinton-lakefront-preserve/			2026-05-20	2026-05-20
West Harbor Preserve	Nature Preserve	Land Trust Preserve		Active	Park District of Ottawa County	Park District of Ottawa County	Black Swamp Conservancy (donated the property to PDOC; funded by Clean Ohio Conservation Fund)	BSC purchased through Clean Ohio Conservation Fund grant and donated to PDOC; first PDOC-owned park	This preserve is one of two strategic pieces of conservation land on Catawba Island that were purchased by the Black Swamp Conservancy through a grant from the Clean Ohio Conservation Fund. West Harbor Preserve has been donated to the Park District of Ottawa County and holds the honor of being the first park area owned by PDOC.	West Harbor waterfront, Catawba Island Township, Ottawa County, Ohio	12.0	Ottawa	Portage	Portage Township	41.58	-82.909	86HVH3HR+X9	Habitat Restoration Area; Marsh	PLANNED — currently not open to the public but will become a public preserve in the future. Resolves T5-FLAG-4 ('Black Swamp Conservancy park, NW Catawba Rd'). PDOC now owns this property (first PDOC park). Future development includes kayak launch, walking trails, parking, habitat restoration. T3 entity discovered during T7 cross-reference of BSC properties. See PDOC website for status updates. | quarter mile of shoreline; planned: kayak launch; walking trails; planned park maintenance facility	https://blackswamp.org/property/west-harbor-preserve/	https://ottawacountyparksoh.org/		2026-05-20	2026-05-20
Costello Tract	Conservation Area			Active	Put-in-Bay Township Park District	Put-in-Bay Township Park District			The Costello Tract, 3.937 acres of unique forest land, provides natural habitat for wildlife and plants.	Middle Bass Island, Put-in-Bay Township, Ottawa County, Ohio	3.937	Ottawa	Put-in-Bay	Put-in-Bay Township	41.676	-82.812	86HVM5GQ+96		T3 entity discovered during T7 cross-reference of LEIC properties page (lakeerieislandsconservancy.org). Confirmed on PiBTPD official properties page. Listed adjacent to Cleveland Tract addition to Middle Bass East Point Preserve. Not listed in T3 staging — added now. | Unique forest land; wildlife and plant habitat	https://www.putinbayparks.com/put-in-bay-township-park-district/			2026-05-20	2026-05-20
Schneider Tract	Conservation Area			Active	Put-in-Bay Township Park District	Put-in-Bay Township Park District			The 7.33 acre property is comprised of forested wetland with successional island forest habitat.	Middle Bass Island, Put-in-Bay Township, Ottawa County, Ohio	7.33	Ottawa	Put-in-Bay	Put-in-Bay Township	41.678	-82.808	86HVM5HR+5Q	Island; Wetland	T3 entity discovered during T7 cross-reference. Confirmed on PiBTPD official properties page. Not listed in T3 staging — added now.	https://www.putinbayparks.com/put-in-bay-township-park-district/			2026-05-20	2026-05-20
Lawrence Evans Property	Conservation Area			Active	Put-in-Bay Township Park District	Put-in-Bay Township Park District			This .75 acre tract of emergent wetland is located between Kuehnle State Wildlife Area and Petersen Woods.	Middle Bass Island, Put-in-Bay Township, Ottawa County, Ohio (between Kuehnle State Wildlife Area and Petersen Woods)	0.75	Ottawa	Put-in-Bay	Put-in-Bay Township	41.685	-82.807	86HVM5PV+25	Wetland	T3 entity discovered during T7 cross-reference. Confirmed on PiBTPD official properties page. Not listed in T3 staging — added now.	https://www.putinbayparks.com/put-in-bay-township-park-district/			2026-05-20	2026-05-20
Prokesh Property	Conservation Area			Active	Put-in-Bay Township Park District	Put-in-Bay Township Park District			This 1 acre of wet woods offers a unique habitat for a host of animals and plants.	Middle Bass Island, Burgundy Bay area, Put-in-Bay Township, Ottawa County, Ohio	1.0	Ottawa	Put-in-Bay	Put-in-Bay Township	41.679	-82.815	86HVM5HP+J2		T3 entity discovered during T7 cross-reference. Confirmed on PiBTPD official properties page. Located at Burgundy Bay, Middle Bass Island. Not listed in T3 staging — added now. | Wet woods; wildlife and plant habitat	https://www.putinbayparks.com/put-in-bay-township-park-district/			2026-05-20	2026-05-20
African Safari Wildlife Park	Curated Biological Site	Zoo		Active	Private (for-profit)	African Safari Wildlife Park (private)			Drive-through and walk-through wildlife park with hundreds of exotic animals. Drive-thru safari open 10am-5pm (last entry 4pm); walk-thru safari features gibbons, capybaras, kangaroos, porcupines, tortoises. Special experiences include Giraffe Barn (advance booking) and Sloth Feeding. Conservation and science programming. One of Ohio's premier private wildlife attractions.	267 S. Lightner Road, Port Clinton, OH 43452		Ottawa	Bay	Bay Township	41.4688	-82.9942	86HVF294+G8		Private for-profit wildlife park. Baseline seed confirmed. T8 per §4 — private, fee-based public access. Approximately 100 acres; exact parcel acreage TBD at GPS acquisition pass. | Drive-thru safari; walk-thru safari; Giraffe Barn experience; Sloth Feeding Encounter; conservation programming; seasonal operation	https://africansafariwildlifepark.com/			2026-05-20	2026-05-20
John Braun Park	Park			Active	Private (independent nonprofit Board of Directors; Resurrection Lutheran Church historical connection)	John E. Braun Memorial Park Board of Directors	Catawba Island Garden Club (volunteer maintenance)		12-acre private park managed by an independent Board of Directors. Land gifted by Mr. and Mrs. Sherman Titsworth; park dedicated September 27, 1970 as the Dr. John E. Braun Memorial Park. Park board operates independently of church funding (no state or federal funding). Catawba Island Garden Club maintains flower plantings.	2370 NE Catawba Road, Catawba Island Township, Ottawa County, OH	12.0	Ottawa	Catawba Island	Catawba Island Township	41.5715	-82.8678	86HVH4CJ+JV	Garden	T5-FLAG-1 RESOLVED T6: private/independent Board of Directors — T8, not municipal. Mailing address: Dr. John E. Braun Memorial Park, P.O. Box 207, Port Clinton, OH 43452. Board president: Larry Schultz. Address variant: 2280 NE Catawba Rd cited in Team Ohio Sports listing; 2370 NE Catawba Rd cited in The Beacon article. Use 2370 pending GPS verification. T8 per §4.3 — private parcel, independent board. | Park grounds	https://www.thebeacon.net/catawba-island-garden-club-john-braun-park-a-blossoming-partnership/	https://teamohiosports.com/listing/john-braun-park/		2026-05-20	2026-05-20
Schedel Arboretum and Gardens	Curated Biological Site	Arboretum		Active	Private nonprofit — Joseph J. & Marie P. Schedel Foundation (501c3)	Joseph J. & Marie P. Schedel Foundation			17-acre garden estate on the banks of the Portage River in Elmore, Ohio. Founded by Joseph and Marie Schedel who traveled to over 120 countries acquiring unique plants, art, and antiques. The Schedel Foundation (created 1963) assumed care after Marie's death in 1989 and opened the gardens to the public in 1991. Home to the Leo Pelka Bonsai Shelter (120+ bonsai species) and the world's largest collection of lithophanes (Blair Museum of Lithophanes). A nature experience unlike any other in Northwest Ohio.	19255 West Portage River South Road, Elmore, OH 43416 (Harris Township, Ottawa County)	17.0	Ottawa	Harris	Harris Township	41.490928	-83.259007	86HRFPRR+99	Arboretum; Garden	Operated by Joseph J. & Marie P. Schedel Foundation (501c3, EIN 346557721). Staged at T8 consistent with baseline seed classification; foundation is a garden/arboretum foundation rather than a conservation land trust per T7 §2.1 criteria. Harris Township (Ottawa County); Lucas County government website also lists property — COUNTY_UNCERTAIN flag: verify parcel county at normalization. Baseline seed confirmed: 'Schedel Arboretum & Gardens | Unknown | In Elmore; verify ownership.' | Leo Pelka Bonsai Shelter; Blair Museum of Lithophanes; wedding and event venue; summer kids camps; seasonal hours; admission fee (adult $14; senior $13; child $6); membership available	https://www.schedel-gardens.org/	https://www.schedel-gardens.org/about.html;https://www.schedel-gardens.org/visit.html;https://www.causeiq.com/organizations/the-joseph-j-and-marie-p-schedel-foundation,346557721/		2026-05-20	2026-05-20
The Islander Golf and Country Club	Recreation Facility	Golf Course		Active	Private (for-profit golf course)	The Islander Golf and Country Club (private operator)				2590 Sand Road, Port Clinton, OH 43452		Ottawa	Catawba Island	Catawba Island Township	41.573	-82.8734	86HVH4FG+6J	Golf Course	: Golf course — all types in scope. Public 18-hole course built 1970. Also known as Catawba Willow Golf & Country Club (former name). Phone: 419-734-2524. Status: Active — public tee times. | par 71; 5572 yards; public tee times; built 1970	https://www.golfpass.com/travel-advisor/courses/10943-the-islander-golf-country-club	https://www.ohiogolf.com/golfcourses/the-islander-golf-and-country-club		2026-05-20	2026-05-20
Catawba Island Club	Park			Active	Private (members-only club)	Catawba Island Club (private members club)			Private members-only club on Lake Erie shore. Golf traditions date to the 1920s with a nine-hole course associated with Catawba Cliffs Community. Features an Arthur Hills-designed golf course — one of the only courses along the Lake Erie shoreline. Club also includes dining, boating, pool, racquet sports, and fitness.	4235 E. Beachclub Road, Port Clinton, OH 43452 (Catawba Island Township)		Ottawa	Catawba Island	Catawba Island Township	41.5777	-82.8437	86HVH5H4+3G	Fitness Station; Golf Course; Watercraft Access	: Golf course — all types in scope. Members-only — no public tee times. Status: Active — members-only. Historic club dating to 1920s. PGA Head Pro: Patrick Griffin. Phone (golf shop): 419-797-9813. | pro shop; private lessons; youth golf camps; dining; racquet sports	https://cicclub.com/	https://cicclub.com/golf		2026-05-20	2026-05-20
Oak Harbor Golf Club	Recreation Facility	Golf Course		Active	Private (for-profit golf course)	Oak Harbor Golf Club (private operator)			18-hole golf course on the banks of the Portage River in Oak Harbor. Formerly known as Portage Point Golf Club; first opened 1964 with nine holes. Expanded to 18 holes over time, playing from 5,300 to 6,500 yards. Features watered fairways, driving range with natural tees, pro shop, and The Village Grill & Patio restaurant.	Oak Harbor, OH 43449 (on banks of Portage River)		Ottawa	Carroll	Carroll Township	41.5557	-83.1179	86HRHV4J+7R	Grill	: Golf course — all types in scope. Public/semi-private. Former name: Portage Point Golf Club. Built 1964. Status: Active — open tee times. MINIMAL_DATA: street address TBD at GPS acquisition pass. | 18-hole course; driving range; pro shop; PGA instruction; season passes; scenic Portage River views	https://www.oakharborgolfclub.com/	https://www.shoresandislands.com/listing/oak-harbor-golf-club/513016/		2026-05-20	2026-05-20
Bay Point Golf Club	Recreation Facility	Golf Course		Active	Private (for-profit golf course associated with Bay Point Resort and Marina)	Bay Point Golf Club / Bay Point Resort and Marina				10948 E. Bay Shore Road, Marblehead, OH 43440		Ottawa	Danbury	Danbury Township	41.528	-82.769	86HVG6HJ+59	Golf Course	: Golf course — all types in scope. 9-hole public course at Bay Point Resort and Marina, Marblehead. Status: Active — open tee times. | public access; phone: 419-798-4434	https://www.pga.com/play/oh/marblehead/bay-point-golf-course/0043330	https://www.golfpass.com/travel-advisor/courses/10804-bay-point-golf-club		2026-05-20	2026-05-20
Saunders Golf Course	Recreation Facility	Golf Course		Active	Private (resort/for-profit)	Saunders Cottages and Golf Course			Par 3 nine-hole walking golf course on South Bass Island (Put-in-Bay). One of the few courses where golf carts are forbidden — walking only. Built 1954. Part of Saunders Cottages resort.	1495 Catawba Avenue, Put-In-Bay, OH 43456 (South Bass Island)		Ottawa	Salem	Salem Township	41.528	-83.128	86HRGVHC+5Q		: Golf course — all types in scope. Public par 3 walking course, built 1954. On South Bass Island (Put-in-Bay). Status: Active — public tee times. | 9-hole par 3 course (1235 yards; par 32); walking only — no golf carts; club and cart rentals available; Bent Grass greens; built 1954; public access	https://putinbay.com/pib-activites/saunders-golf-course/	https://www.golfpass.com/travel-advisor/courses/10949-saunders-golf-course		2026-05-20	2026-05-20
Oak Harbor Conservation Club	Recreation Facility	Sports Complex		Active	Private nonprofit (Ohio nonprofit corporation, incorporated 1948)	Oak Harbor Conservation Club			Sportsmen's club incorporated as a nonprofit in 1948. Offers two indoor shooting ranges and a 100-yard outdoor range at the Gordon Road clubhouse. Operates a 400-acre private hunting preserve in Carroll Township for upland birds (pheasant, quail, chukar) and waterfowl. Additional property: Dr. L.J. Darr Memorial Wetlands at 12055 West Toussaint North Road. Open to public for some programs (Ladies Self Defense, smallbore league, junior programs).	975 South Gordon Road, Oak Harbor, OH 43449		Ottawa	Port Clinton		41.512	-82.929	86HVG36C+R9	Fen; Shooting Range	Private nonprofit hunting/sportsmen club (Ohio nonprofit, inc. August 20, 1948). Hunting preserve access: membership basis with some public programs. OBS-030 hunting preserve — T8 per §4. Has named second property (Dr. L.J. Darr Memorial Wetlands) staged separately. The 400-acre hunting preserve in Carroll Twp may be a parcel of the Darr Wetlands property — verify at GIS pass. | 100-yard outdoor range; 400-acre hunting preserve; waterfowl hunting; youth fishing derby; junior rifle/pistol programs; annual Wild Game Dinner; Gun Show & Swap Meet	https://ohcc.us/			2026-05-20	2026-05-20
Dr. L.J. Darr Memorial Wetlands	Memorial			Active	Private nonprofit — Oak Harbor Conservation Club	Oak Harbor Conservation Club				12055 West Toussaint North Road, Oak Harbor, OH 43449	400.0	Ottawa	Port Clinton		41.51	-82.94	86HVG356+X2	Fishing Area; Wetland	Named property of Oak Harbor Conservation Club on West Toussaint North Road. The OHCC website lists 400-acre hunting preserve in Carroll Township — this address on Toussaint North Road is in Carroll Township area; likely the same parcel as the 400-acre hunting preserve. Named wetland with conservation mission (OHGenWeb: Toussaint watershed). Verify parcel identity and acreage at GIS/auditor pass. | upland bird hunting (pheasant; quail; chukar); waterfowl hunting	https://ohcc.us/			2026-05-20	2026-05-20
Lake Erie Club	Water Site	Lake		Active	Private (hunting preserve/club)	Lake Erie Club (private)				3225 Lake Shore Drive, Port Clinton, OH 43452	125.0	Ottawa	Portage	Portage Township	41.5272	-82.9487	86HVG3G2+VG		MINIMAL_DATA — sourced from ODNR licensed hunting preserve registry (Publication 15 R1202). 125 acres; pheasant. Phone: 419-898-2830. No official website found. OBS-030 hunting preserve — T8 per §4. Active status and current governance unconfirmed — verify before upsert. | 125-acre pheasant hunting preserve; membership-based with possible public access				2026-05-20	2026-05-20
Toussaint Shooting Club	Recreation Facility			Active	Private (members-only shooting/hunting club)	Toussaint Shooting Club			Private duck hunting club established 1885 on the Toussaint River, Lake Erie's premier private shooting club.	Toussaint River area, near Port Clinton, Ottawa County, OH		Ottawa	Salem	Salem Township	41.516	-83.072	86HRGW8H+95		OBS-030 hunting/shooting preserve — T8 per §4. Established 1885; private members-only. Exact address and acreage TBD at GPS acquisition pass. Method 1 search find. | Duck hunting; waterfowl; private membership; established 1885; Toussaint River location	https://toussaintshootingclub.com/			2026-05-20	2026-05-20
St. Joseph's (Toussaint) Catholic Cemetery	Cemetery	Church Cemetery		Active	Church (Catholic parish)	Catholic parish (Toussaint area, Carroll Township)				County Road 24 at Township Road 62, Carroll Township, Ottawa County, OH (Sections 7 & 8)		Ottawa	Danbury	Danbury Township	41.538	-82.723	86HVG7QG+6R		/: T8 church cemetery. Also referenced as 'St. Joseph's Catholic Cemetery, Carroll Twp.' in GNIS/OhioGenealogyExpress. Distinct from St. Joseph's Catholic Cemetery in Danbury Twp (Marblehead). GPS and ownership confirmation TBD at acquisition pass. | Church cemetery; Catholic	https://ottawa.ohgenweb.org/places/cemeteries.htm			2026-05-20	2026-05-20
Russian Orthodox Cemetery	Cemetery	Church Cemetery		Active	Church (Russian Orthodox parish)	Russian Orthodox parish (Danbury Township)				South of 1100 block West Main Street, Marblehead (Danbury Township), Ottawa County, OH		Ottawa	Danbury	Danbury Township	41.537	-82.723	86HVG7PG+RR		/: T8 church cemetery. Location is south of 1100 Blk. West Main, Marblehead (in Danbury Township). GPS and owning parish TBD at acquisition pass. | Church cemetery; Russian Orthodox	https://ottawa.ohgenweb.org/places/cemeteries.htm			2026-05-20	2026-05-20
St. Joseph's Catholic Cemetery	Cemetery	Church Cemetery		Active	Church (Catholic parish)	Catholic parish (Danbury Township / Marblehead area)				South of 1100 block West Main Street, Marblehead (Danbury Township), Ottawa County, OH		Ottawa	Danbury	Danbury Township	41.54	-82.719	86HVG7QJ+XC		/: T8 church cemetery. Distinct from St. Joseph's (Toussaint) Catholic Cemetery in Carroll Township. Located south of 1100 Blk. West Main, Marblehead (adjacent to Russian Orthodox Cemetery). GPS and owning parish TBD at acquisition pass. Also known as 'Saint Joseph Cemetery - Danbury Twp.' in OhioGenealogyExpress. | Church cemetery; Catholic	https://ottawa.ohgenweb.org/places/cemeteries.htm			2026-05-20	2026-05-20
St. Mary's Byzantine Catholic Cemetery	Cemetery	Church Cemetery		Active	Church (Byzantine Catholic parish)	St. Mary's Byzantine Catholic Church (Danbury Township / Marblehead)				500 block East Main Street, Marblehead (Danbury Township), Ottawa County, OH		Ottawa	Danbury	Danbury Township	41.523	-82.71	86HVG7FR+52		/: T8 church cemetery. OhioGenealogyExpress: 'St. Mary's Byzantine Catholic Church Graveyard - Danbury Twp.' Located 500 Blk. East Main St., Marblehead — same block as Clemmons Cemetery (T6). GPS and parish confirmation TBD at acquisition pass. | Church cemetery; Byzantine Catholic	https://ottawa.ohgenweb.org/places/cemeteries.htm			2026-05-20	2026-05-20
St. Paul's Lutheran Church Cemetery	Cemetery	Church Cemetery		Active	Church (Lutheran parish)	St. Paul's Lutheran Church (Danbury Township)				Approximately 7 miles east of Port Clinton on SR 163, then 0.5 mile south on Church Road, Danbury Township, Ottawa County, OH		Ottawa	Bay	Bay Township	41.466	-83.052	86HRFW8X+C5		/: T8 church cemetery. Also 'St. Paul Lutheran Cemetery - Danbury Twp.' in OhioGenealogyExpress. GPS: Mapcarta shows Saint Pauls Lutheran Church Cemetery in Danbury Township. Parish confirmation TBD at acquisition pass. | Church cemetery; Lutheran; rural location on Church Road	https://ottawa.ohgenweb.org/places/cemeteries.htm			2026-05-20	2026-05-20
Tynan Cemetery	Cemetery	Private Cemetery		Active	Private (family or private)	Unknown — family or private owner				Portage Township, Ottawa County, OH		Ottawa	Danbury	Danbury Township	41.527	-82.747	86HVG7G3+Q6		/: T8 family/private cemetery. OHGenWeb: 'Tynan Cemetery — Portage Twp.' Exact location and owner TBD at acquisition pass. OhioGenealogyExpress: 'Tynan Burial Plot - Portage Twp.' — consistent with family burial plot. Governance unconfirmed — county auditor parcel check required. | Family/private burial plot	https://ottawa.ohgenweb.org/places/cemeteries.htm			2026-05-20	2026-05-20
War of 1812 Cemetery	Cemetery	Private Cemetery		Active	Unknown — adjacent to Wolcott House; governance unconfirmed	Unknown				Adjacent to Wolcott House, Bayshore Road, Danbury Township, Ottawa County, OH		Ottawa	Harris	Harris Township	41.474	-83.294	86HRFPF4+HC		: OHGenWeb 'War of 1812 Cemetery — adjacent to the Wolcott House on Bayshore Road.' Near Battlefield Park (9888 E. Bayshore Road, Danbury Township — T5 Danbury Township park). Governance unconfirmed — may be private (Wolcott House property), township, or county historical. County auditor parcel check required before upsert. OhioGenealogyExpress: 'Near 1812 Battle Site Marker - Cemetery - Danbury Twp.' — likely same cemetery. | Historic burial ground; War of 1812 era; Bayshore Road	https://ottawa.ohgenweb.org/places/cemeteries.htm			2026-05-20	2026-05-20
Guss Cemetery	Cemetery	Private Cemetery		Active	Unknown	Unknown				Elmore area (Harris Township), Ottawa County, OH		Ottawa	Benton	Benton Township	41.527	-83.274	86HRGPGG+Q9	Historic Cemetery Section	: GNIS-only — OhioGenealogyExpress lists 'Guss Cemetery - Elmore Twp.' but not present in OHGenWeb Ottawa County cemetery list. Active status and governance unconfirmed. No Elmore Township exists in Ottawa County; location is Harris Township (Elmore village area). County auditor parcel check required. Stage with status unconfirmed.	https://ohiogenealogyexpress.com/ottawa/ottawaoh_cems.htm			2026-05-20	2026-05-20
Old Elliston Cemetery	Cemetery	Public Cemetery		Active	Township (likely Benton Township)	Benton Township (presumed)				Section 29, south of Toussaint North Road, between Elliston-Trowbridge Road and Graytown Road, Benton Township, Ottawa County, OH		Ottawa	Danbury	Danbury Township	41.532	-82.755	86HVG6JW+Q2	Historic Cemetery Section	T5 miss discovered during T8 GNIS enumeration (). OHGenWeb: 'Old Elliston Cemetery — Section 29, south of Toussaint North Road.' Distinct from Elliston Cemetery (staged T5, north of Toussaint North Road, same section). Governance presumed Benton Township; confirm at county auditor. OhioGenealogyExpress: 'Old Elliston Cemetery - Benton Twp. - 135.' | distinct from Elliston Cemetery	https://ottawa.ohgenweb.org/places/cemeteries.htm			2026-05-20	2026-05-20
Hartshorn Cemetery	Cemetery	Public Cemetery		Active	Unknown (Danbury Township or private)	Unknown — Danbury Township or private owner				Danbury Township, Ottawa County, OH (exact location TBD; north side of County Road 135, approx. 11 miles east of Port Clinton)		Ottawa	Danbury	Danbury Township	41.533	-82.745	86HVG7M3+6X	Historic Cemetery Section	T5 miss discovered during T8 GNIS enumeration (). OHGenWeb: 'Hartshorn Cemetery — Danbury Twp.' Also known as Mallory Cemetery (Ohio Cemeteries 1803-2003, Ohio Genealogical Society #9184). Located on north side of County Road 135, approx. 11 miles east of Port Clinton. Governance: county auditor check required. OhioGenealogyExpress listed as 'Hartshorn Cemetery - Danbury Twp.' | also known as Mallory Cemetery	https://ottawa.ohgenweb.org/places/cemeteries.htm	https://www.findagrave.com/cemetery/2151206/hartshorn-cemetery		2026-05-20	2026-05-20
Jamison Cemetery	Cemetery	Public Cemetery		Active	Unknown (Danbury Township or private)	Unknown — Danbury Township or private owner				Danbury Township, Ottawa County, OH		Ottawa	Danbury	Danbury Township	41.535	-82.748	86HVG7M2+XQ	Historic Cemetery Section	T5 miss discovered during T8 GNIS enumeration (). OHGenWeb: 'Jamison Cemetery — Danbury Twp.' Exact location TBD. Governance: county auditor check required.	https://ottawa.ohgenweb.org/places/cemeteries.htm			2026-05-20	2026-05-20
Kelly Cemetery	Cemetery	Public Cemetery		Active	Unknown (Danbury Township or private)	Unknown — Danbury Township or private owner				Danbury Township, Ottawa County, OH		Ottawa	Harris	Harris Township	41.474	-83.289	86HRFPF6+H9	Historic Cemetery Section	T5 miss discovered during T8 GNIS enumeration (). OHGenWeb: 'Kelly Cemetery — Danbury Twp.' Exact location TBD. Governance: county auditor check required. OhioGenealogyExpress: 'Kelly Cemetery - Danbury Twp.'	https://ottawa.ohgenweb.org/places/cemeteries.htm			2026-05-20	2026-05-20
Rymers Cemetery	Cemetery	Public Cemetery		Active	Unknown (Harris Township or private)	Unknown — Harris Township or private owner				Section 18, south side of SR 105, just east of Elmore Village, Harris Township, Ottawa County, OH		Ottawa	Danbury	Danbury Township	41.547	-82.819	86HVG5WJ+Q9	Historic Cemetery Section	T5 miss discovered during T8 GNIS enumeration (). OHGenWeb: 'Rymers (Rice) Cemetery — Section 18, S. side of Ohio State Route 105, just east of Elmore Village.' Also known as Rice Cemetery (OhioGenealogyExpress cross-reference). Distinct from Harrington/Old Elmore Cemetery (Section 18, north side of Rice St). Governance: county auditor check required. | also known as Rice Cemetery	https://ottawa.ohgenweb.org/places/cemeteries.htm			2026-05-20	2026-05-20
Lockwood Cemetery	Cemetery	Public Cemetery		Active	State (ODNR / Ohio Historic Site #37)	Ohio Department of Natural Resources / Division of Parks and Watercraft	Friends of East Harbor State Park; Ottawa County Historical Society		Small historic cemetery within East Harbor State Park, near the group camp. Surrounded by wrought-iron fence. Contains stately gravestones from the 1800s including E.J. Lockwood (d. 1896) and his wife Lydia Ramsdell Lockwood. E.J. Lockwood purchased most of what is now East Harbor State Park from 1845-1847 for $1,100. Ohio Historic Site #37. Preserved by ODNR, Friends of East Harbor State Park, and Ottawa County Historical Society.	Within East Harbor State Park, near group camp, Danbury Township, Ottawa County, OH (State Route 269 area)		Ottawa	Put-in-Bay	Put-in-Bay Township	41.654	-82.821	86HVM53H+HJ	Fence	T2 miss discovered during T8 GNIS enumeration (). Baseline seed: 'Lockwood (Marshall) Cemetery | ODNR Historic Site | T2; child of East Harbor SP.' Intentionally excluded from T2 staging (noted in EHSP identity_notes_raw as 'not a separate NAP entity') — correction: baseline expected it as a separate Site. Also known as: Lockwood (Marshall) Cemetery; East Harbor State Park Cemetery (OhioGenealogyExpress/OHGenWeb). ODNR Historic Site #37. Parent site: East Harbor State Park (T2). GPS TBD at acquisition pass. | 19th-century gravestones; maintained by ODNR; NRHP-eligible	https://www.thehelmsandusky.com/features/eastharborstateparkcemetery.aspx	https://ohiodnr.gov/go-and-do/plan-a-visit/find-a-property/east-harbor-state-park		2026-05-20	2026-05-20
Aquatic Visitors Center	Cultural Facility	Visitor Center		Active	State (ODNR / Division of Wildlife)	Ohio Department of Natural Resources / Division of Wildlife			Former state fish hatchery at Put-in-Bay, in operation from 1907 to 1988 in partnership with ODNR Division of Wildlife. Converted to the Aquatic Visitors Center educational facility in 1992. Underwent a $6.2 million renovation and recently reopened. Located on the northern end of Put-in-Bay at Peach Orchard Point.	360 West Shore Boulevard, Put-In-Bay, OH 43456 (South Bass Island, Peach Orchard Point)		Ottawa	Put-in-Bay	Put-in-Bay Township	41.709	-82.822	86HVP55H+J5	Island	T2 miss discovered during T8 baseline seed investigation. Baseline seed: 'Put-In-Bay Fish Hatchery | Unknown | Verify manager.' Resolved as ODNR Division of Wildlife educational facility (not private T8). Former hatchery 1907-1988; converted to Aquatic Visitors Center 1992; recently reopened after $6.2M renovation. Parent: South Bass Island area / ODNR T2 holdings. | Educational facility; aquatic exhibits; former fish hatchery; ODNR-operated; $6.2M renovation	https://putinbay.com/pib-activites/aquatic-center/	https://www.shoresandislands.com/blog/post/back-and-better-than-ever-aquatic-visitors-center/		2026-05-20	2026-05-20
