site_id	name	category	subtype	designation	status	ownership	governance	partner_agencies	coordination	description	location	acres	counties	municipality	township	gps_lat	gps_lon	plus_code	features	notes	url_primary	urls	parent_site_id
OH-FR-S-0001	Gahanna Woods State Nature Preserve	Nature Preserve				State of Ohio (ODNR)	Ohio Department of Natural Resources, Division of Natural Areas & Preserves; leased to City of Gahanna Parks for management	City of Gahanna Parks		Mature oak-hickory and beech-maple forest; buttonbush swamps; vernal pools; Ohio's only known cypress-knee sedge population; ponds; creeks; hiking trails; picnic areas	11699 Taylor Station Rd, Gahanna, OH 43230 (1.5 miles east of Gahanna on Havens Corners Rd, then 0.5 mile south)	27.24	Franklin	New Albany		40.0864502	-82.8210418	86GV35PH+G2		Source: Gahanna Facilities page and Parks & Trails Guide PDF. Dual designation: City of Gahanna park AND Ohio State Nature Preserve (~99 acres). State preserve status noted.	https://ohiodnr.gov/go-and-do/plan-a-visit/find-a-property/gahanna-woods-state-nature-preserve	https://ohiodnr.gov/go-and-do/plan-a-visit/find-a-property/gahanna-woods-state-nature-preserve;http://naturepreserves.ohiodnr.gov/gahannawoods;https://gahanna.gov/395/Gahanna-Woods-State-Nature-Preserve;https://www.gahanna.gov/Facilities;https://oh-gahanna.civicplus.com/DocumentCenter/View/278/Parks-and-Trails-Guide-PDF	
OH-FR-S-0002	Sawmill Wetlands Education Area	Natural Area				State of Ohio (donated to state with permanent preservation requirement)	Ohio Department of Natural Resources, Division of Wildlife; City of Columbus Recreation and Parks Department	Friends of Sawmill Wetlands; Friend of the Lower Olentangy Watershed (FLOW)		Wetlands; woodland vernal pools; urban natural area; educational programming; ~17.32 acres	2650 Starford Dr., Dublin, OH 43016	17.91	Franklin	Dublin	Washington Township	40.0996061	-83.0846007	86GR3WX8+R2			https://ohiodnr.gov/go-and-do/plan-a-visit/find-a-property/sawmill-wetlands-education-area	https://ohiodnr.gov/go-and-do/plan-a-visit/find-a-property/sawmill-wetlands-education-area;https://columbusrecparks.com/parks/sawmill-nature-preserve/;https://sites.google.com/a/olentangywatershed.org/wiki/wetlands/sawmill-wetlands	
OH-FR-S-0003	Olentangy River State Wildlife Access Area	Natural Area				State of Ohio (ODNR Division of Wildlife)	Ohio Department of Natural Resources, Division of Wildlife			The site provides access to the Olentangy River for fishing, wildlife observation, and nature recreation, managed by the Ohio Department of Natural Resources.	Northwest Columbus area, Franklin County		Franklin			40.1111743	-83.0318515	86GR4X69+F2	Fishing Area; Watercraft Access	ODNR-managed public fishing and wildlife access area along the Olentangy River; acreage per ODNR GIS approximately 113 ac (needs verification from ODNR directly)	https://www.topozone.com/ohio/franklin-oh/park/olentangy-river-state-wildlife-access-area/	https://www.topozone.com/ohio/franklin-oh/park/olentangy-river-state-wildlife-access-area/	
OH-MC-S-0004	Big Darby Creek State and National Scenic River	Water Site				Mixed — private landowners along corridor; some parcels acquired by ODNR, Metro Parks, and conservation partners	Ohio Department of Natural Resources, Division of Natural Areas & Preserves — Scenic Rivers Program	Metro Parks Serving Franklin County; Darby Creek Association; The Nature Conservancy	Darby Creek Association; Big Darby Accord (Franklin County political subdivisions)	High-quality warmwater stream; exceptional mussel and fish diversity; floodplain forest; prairie remnants; state and national scenic designation corridor; ~20 miles (Franklin County segment of state/national scenic river designation, from county line near Georgesville to Darbydale area)	Flows from Champaign-Union County line south through Logan, Union, Madison, Franklin, and Pickaway counties; confluence with Scioto River near Circleville		Champaign;Franklin;Logan;Madison;Pickaway;Union			39.945	-83.185	86FRWRV8+X2		GPS approx: Representative point — linear feature, Franklin County midpoint of scenic river segment	https://www.rivers.gov/rivers/big-darby.php	https://www.rivers.gov/rivers/big-darby.php;https://www.nationalriversproject.com/oh/big-darby-creek-big-darby-creek-scenic-river;https://theoec.org/campaign/protect-big-and-little-darby-creeks/;https://www.ohiosportsman.com/threads/big-darby-creek-state-and-national-scenic-river.572/	
OH-MC-S-0005	Little Darby Creek State Scenic River	Water Site				Mixed — private landowners along corridor; some parcels acquired by ODNR and conservation partners	Ohio Department of Natural Resources, Division of Natural Areas & Preserves — Scenic Rivers Program	Metro Parks Serving Franklin County; Darby Creek Association	Darby Creek Association; local watershed organizations	High-quality warmwater stream; mussel and fish diversity; agricultural bottomland corridor; ~10 miles (Franklin County segment of state scenic river designation)	From Lafayette-Plain City Road Bridge downstream to confluence with Big Darby Creek in Franklin County (Battelle Darby Creek area)		Franklin;Madison;Pickaway;Union			39.978	-83.22	86FRXQHJ+92		GPS approx: Representative point — linear feature, Franklin County segment midpoint	https://www.nationalriversproject.com/oh/little-darby-creek-little-darby-creek-scenic-river	https://www.nationalriversproject.com/oh/little-darby-creek-little-darby-creek-scenic-river;https://www.unioncountydailydigital.com/articles/odnr-looks-to-protect-little-darby-creek-scenic-river/	
OH-MC-S-0006	Olentangy River State Scenic River	Water Site				Mixed — private landowners; corridor management by ODNR; some parcels acquired by ODNR and partners	Ohio Department of Natural Resources, Division of Natural Areas & Preserves — Scenic Rivers Program		Olentangy Scenic River Advisory Council; Friends of the Lower Olentangy Watershed (FLOW); Ohio Scenic Rivers Association	Riparian corridor; scenic river designation; wildlife habitat; ~22 miles (Franklin County segment of state scenic designation)	22-mile segment from below Delaware Dam downstream to Worthington; spans Delaware and Franklin counties		Delaware;Franklin			40.07	-83.025	86GR3X9G+X2		GPS approx: Representative point — 22-mile linear feature; Franklin County portion midpoint	https://www.olentangywatershed.org/?page_id=4331	https://www.olentangywatershed.org/?page_id=4331	
OH-MC-S-0007	Battelle Darby Creek Metro Park	Park				Columbus and Franklin County Metropolitan Park District	Metro Parks Serving Franklin County	Battelle Memorial Institute (historic — park named in their honor); ODNR (scenic river corridor coordination)	Darby Creek Association; Big Darby Accord partners	Big Darby Creek and Little Darby Creek corridor; 7,358 acres; ~34 miles of trails; restored prairies and wetlands (1,600+ acres); bison pastures; nature center (53-ft living stream exhibit); public hunting area (~800 acres, small game/deer/waterfowl); Camp Chase Trail; Darby Creek Greenway Trail; Dyer Mill Trail; picnic shelters; river access	Southwest Franklin County and northern Pickaway County; main entrance via OH-665	7001.57	Franklin;Pickaway			39.883247	-83.2122884	86FRVQMQ+62			https://www.metroparks.net/parks-and-trails/battelle-darby-creek/	https://www.metroparks.net/parks-and-trails/battelle-darby-creek/;https://en.wikipedia.org/wiki/Battelle_Darby_Creek_Metro_Park	
OH-FR-S-0008	Big Darby Public Hunting Area	Hunting Area				Columbus and Franklin County Metropolitan Park District	Metro Parks Serving Franklin County		Ohio DNR Division of Wildlife (hunting regulations)	~800-acre public hunting zone; small game, deer, and waterfowl hunting; regulated per ODNR and Metro Parks rules	Within Battelle Darby Creek Metro Park; access areas along SR 665, Harrisburg-Georgesville Road, and Biggart Road	800	Franklin			39.97	-83.19	86FRXRC6+R2		GPS approx: Representative point — within Battelle Darby Creek Metro Park corridor	https://www.metroparks.net/wp-content/uploads/2022/10/BDC-Public-Hunting-map-and-rules.pdf	https://www.metroparks.net/wp-content/uploads/2022/10/BDC-Public-Hunting-map-and-rules.pdf	
OH-MC-S-0009	Blacklick Woods Metro Park	Park				Columbus and Franklin County Metropolitan Park District	Metro Parks Serving Franklin County			first Metro Park (opened 1948); beech-maple forest; buttonbush swamp; six trails; Blacklick Creek Nature Center; golf course; National Natural Landmark (designated 1974); State Nature Preserve designation; seasonal swamp ponds; small prairie	Eastern Franklin County / northwestern Fairfield County	152.77	Fairfield;Franklin	Reynoldsburg		39.9389346	-82.8126551	86FVW5QP+H2		Full metro park had no independent baseline entry. Was incorrectly tagged B067 (Blodwen Park, Grove City).	https://www.metroparks.net/blog/20-in-23-the-first-metro-park-blacklick-woods/	https://www.metroparks.net/blog/20-in-23-the-first-metro-park-blacklick-woods/;https://en.wikipedia.org/wiki/Blacklick_Woods_Metro_Park	
OH-FR-S-0010	Blendon Woods Metro Park	Park				Columbus and Franklin County Metropolitan Park District	Metro Parks Serving Franklin County			nature center; disc golf course; trails; ponds; picnic areas; wildlife viewing	Northeast Columbus near Westerville, Franklin County	649.11	Franklin	Columbus		40.0722516	-82.8791364	86GV34CC+V2		Was incorrectly tagged B067 (Blodwen Park, Grove City).	https://www.metroparks.net/parks-and-trails/blendon-woods/	https://www.metroparks.net/parks-and-trails/blendon-woods/	
OH-FR-S-0011	Glacier Ridge Metro Park	Park				Columbus and Franklin County Metropolitan Park District	Metro Parks Serving Franklin County	Honda of America (Honda Wetland Education Center partnership)		Honda Wetland Education Center; 200-acre restored wetland; Wind and Solar Learning Center; 25-foot observation tower; 18-hole disc golf; 5-mile bridle trail; paved trail (2.8 mi and 3.7 mi loops); natural trail (0.8 mi); boardwalk through wetlands; challenge course	Plain City area, Franklin County (western Franklin County near Madison County line)	0.01	Franklin	Columbus		39.9607633	-83.0684652	86FRXW6J+82			https://www.metroparks.net/parks-and-trails/glacier-ridge/	https://www.metroparks.net/parks-and-trails/glacier-ridge/	
OH-MC-S-0012	Highbanks Metro Park	Park				Columbus and Franklin County Metropolitan Park District	Metro Parks Serving Franklin County			10 trails (~11 miles); nature center; sledding hill; nature preserve (206 acres, Edward F. Hutchins Nature Preserve); bluffs up to 110 ft over Olentangy River; Adena burial mounds and earthworks; National Natural Landmark (designated 1980); National Historic Landmark (earthworks); old-growth oak-hickory and beech-maple forest	Northern Franklin County / southern Delaware County along Olentangy River	343.17	Delaware;Franklin	Columbus		40.1301646	-83.0293646	86GR4XJC+32			https://www.metroparks.net/parks-and-trails/highbanks/	https://www.metroparks.net/parks-and-trails/highbanks/;https://en.wikipedia.org/wiki/Highbanks_Metro_Park	
OH-FR-S-0013	Heritage Trail Park Metro Park	Park				Columbus and Franklin County Metropolitan Park District	Metro Parks Serving Franklin County			corridor park along Heritage Trail	Hilliard area, Franklin County (along western border of Homestead Metro Park)	16.12	Franklin	Groveport		39.8481224	-82.8858828	86FVR4X7+82			https://www.metroparks.net/parks-and-trails/	https://www.metroparks.net/parks-and-trails/	
OH-FR-S-0014	Homestead Metro Park	Park				Columbus and Franklin County Metropolitan Park District	Metro Parks Serving Franklin County			covered bridge; replica train station; outdoor amphitheater; 0.75-mile paved trail connecting to Heritage Trail	Hilliard, Franklin County	0.01	Franklin	Columbus		39.9607633	-83.0684652	86FRXW6J+82			https://www.metroparks.net/parks-and-trails/homestead/	https://www.metroparks.net/parks-and-trails/homestead/	
OH-FR-S-0015	Inniswood Metro Gardens	Park				Columbus and Franklin County Metropolitan Park District	Metro Parks Serving Franklin County			botanical garden with themed garden rooms; nature preserve; trails; educational programming; scenic wooded ravines	Westerville area, Franklin County	122.42	Franklin	Westerville	Sharon Township	40.1014131	-82.8982487	86GV4422+G2			https://www.metroparks.net/parks-and-trails/inniswood-metro-gardens/	https://www.metroparks.net/parks-and-trails/inniswood-metro-gardens/	
OH-MC-S-0016	Pickerington Ponds Metro Park	Park				Columbus and Franklin County Metropolitan Park District	Metro Parks Serving Franklin County			wetland ponds and seasonal ponds; state nature preserve designation; exceptional birding (260+ species); great blue heron rookery (50+ nests); trails include Killdeer Trail, Yellowlegs Trail, Arrowhead Trail, Burning Lake Trail, Meadowlark Trail; multiple parking/viewing areas	Southeast corner of Franklin County / northwest corner of Fairfield County; near Canal Winchester	1154.06	Fairfield;Franklin	Columbus		39.8864308	-82.8078591	86FVV5PR+H2			https://www.metroparks.net/parks-and-trails/pickerington-ponds/	https://www.metroparks.net/parks-and-trails/pickerington-ponds/;https://en.wikipedia.org/wiki/Pickerington_Ponds_Metro_Park	
OH-FR-S-0017	Prairie Oaks Metro Park	Park				Columbus and Franklin County Metropolitan Park District	Metro Parks Serving Franklin County			Restored native prairie/grassland (500 acres); Big Darby Creek corridor; Beaver Lake; Darby Bend Lakes; fishing and kayaking lakes; Doggie Beach; 7 hiking trails + bridle trail; trails include Alder Trail (0.6 mi), Beaver Lake Trail (0.9 mi), Darby Creek Greenway Trail (3.5 mi), Sycamore Plains Trail (2.2 mi), River Rock Trail (0.7 mi)	3225 NE Plain City-Georgesville Rd, West Jefferson, OH 43162 (western Franklin County; extends toward Madison County line)	2274.48	Franklin			39.990165	-83.2477956	86FRXQR2+52			https://www.metroparks.net/parks-and-trails/prairie-oaks/	https://www.metroparks.net/parks-and-trails/prairie-oaks/	
OH-FR-S-0018	Quarry Trails Metro Park	Park				Columbus and Franklin County Metropolitan Park District	Metro Parks Serving Franklin County			trails; observation areas; single-track mountain bike trail; via ferrata (urban iron path, advance registration required); sports climbing wall; 25-foot waterfall; lakes; 20th Metro Park in the system	West side of Columbus, Franklin County (within 5 miles of 350,000 residents)	117.61	Franklin	Columbus		40.0054639	-83.0951324	86GR2W43+52			https://www.metroparks.net/parks-and-trails/quarry-trails/	https://www.metroparks.net/parks-and-trails/quarry-trails/;https://en.wikipedia.org/wiki/Quarry_Trails_Metro_Park	
OH-FR-S-0019	Rocky Fork Metro Park	Park				Columbus and Franklin County Metropolitan Park District	Metro Parks Serving Franklin County	City of New Albany; City of Columbus; Plain Township			New Albany / Westerville area, Franklin County	338.05	Franklin	New Albany		40.1221045	-82.8327754	86GV45C8+X2	Bridle Trail; Dog Park; Multi-use Trail; Picnic Shelter; Wetland		https://www.metroparks.net/parks-and-trails/rocky-fork/	https://www.metroparks.net/parks-and-trails/rocky-fork/	
OH-FR-S-0020	Scioto Audubon Metro Park	Park				Columbus and Franklin County Metropolitan Park District	Metro Parks Serving Franklin County	Columbus Audubon Society (coordination/partnership)	Columbus Audubon Society	60-foot climbing wall (free, public); paved trail (0.65 mi); boardwalk; wetland habitat; exceptional urban birding; Scioto River frontage	South Columbus, Franklin County	14.37	Franklin	Dublin		40.1169271	-83.1110234	86GR4V8Q+P2			https://www.metroparks.net/parks-and-trails/scioto-audubon/	https://www.metroparks.net/parks-and-trails/scioto-audubon/	
OH-FR-S-0021	Scioto Grove Metro Park	Park				Columbus and Franklin County Metropolitan Park District	Metro Parks Serving Franklin County			Scioto River corridor; trails; fishing; natural areas	5172 Jackson Pike, Grove City, OH 43123	618.39	Franklin		Jackson Township	39.846889	-83.0201149	86FRRXWH+Q2			https://www.metroparks.net/parks-and-trails/scioto-grove/	https://www.metroparks.net/parks-and-trails/scioto-grove/	
OH-FR-S-0022	Sharon Woods Metro Park	Park				Columbus and Franklin County Metropolitan Park District	Metro Parks Serving Franklin County			Edward S. Thomas State Nature Preserve (319.88 acres) within park; eight oak species (some 250+ years old); large hickory, maple, beech trees; Sharon Creek; trails; picnic areas; nature programs	Northern Franklin County (Westerville/Columbus area)	754.93	Franklin		Sharon Township	40.1161907	-82.9623543	86GV428Q+C2			https://www.metroparks.net/parks-and-trails/sharon-woods/	https://www.metroparks.net/parks-and-trails/sharon-woods/;http://naturepreserves.ohiodnr.gov/sharonwoods	
OH-FR-S-0023	Edward S. Thomas Scenic Nature Preserve	Nature Preserve				Columbus and Franklin County Metropolitan Park District	Metro Parks Serving Franklin County (managed); Ohio Department of Natural Resources (state nature preserve designation)			old-growth oaks (some 250+ years), hickory, maple, beech; state nature preserve; named for Ohio naturalist Edward S. Thomas	Within Sharon Woods Metro Park, northern Franklin County	6.33	Franklin	New Albany		40.0809109	-82.8246212	86GV35JG+62			http://naturepreserves.ohiodnr.gov/sharonwoods	http://naturepreserves.ohiodnr.gov/sharonwoods;https://cbus4kids.com/edward-s-thompson-state-nature-preserve/	
OH-FR-S-0024	Three Creeks Metro Park	Park				Columbus and Franklin County Metropolitan Park District	Metro Parks Serving Franklin County			Blacklick Creek, Alum Creek, and Big Walnut Creek confluence area; trails; fishing; natural areas; wetlands	Southeast Columbus, Franklin County (near Brice Road / Gender Road area)	1631.48	Franklin	Columbus		39.8914357	-82.91399	86FVV3RP+F2			https://www.metroparks.net/parks-and-trails/three-creeks/	https://www.metroparks.net/parks-and-trails/three-creeks/	
OH-FR-S-0025	Walnut Woods Metro Park	Park				Columbus and Franklin County Metropolitan Park District	Metro Parks Serving Franklin County			dog park for large dogs (3 acres, with fenced swimming area); dog park for small dogs (1 acre); trails; natural areas	6716 Lithopolis Road, Groveport, OH 43125	1162.73	Franklin		Windsor Township	39.8397022	-82.8651235	86FVR4QM+X2			https://www.metroparks.net/parks-and-trails/walnut-woods/	https://www.metroparks.net/parks-and-trails/walnut-woods/	
OH-FR-S-0026	Franklin Park Conservatory and Botanical Gardens	Recreation Facility				City of Columbus (land — Franklin Park, 88 acres); Franklin Park Conservatory Joint Recreation District (facility operations)	Franklin Park Conservatory Joint Recreation District (JRD), a joint recreation district under Ohio Revised Code Section 755.14, governed by a Board of Trustees appointed jointly by Franklin County and the City of Columbus	City of Columbus; Franklin County Board of Commissioners		13-acre visitor experience campus; 83,000 square feet of glasshouses including the 1895 John F. Wolfe Palm House; botanical gardens; Dale Chihuly glass art; special exhibitions; event and meeting facilities; outdoor botanical gardens	1777 East Broad Street, Columbus, OH 43203; within City of Columbus Franklin Park (88-acre park on Columbus east side)	86.49	Franklin	Columbus		39.9652296	-82.9547248	86FVX28W+22			https://www.fpconservatory.org/	https://www.fpconservatory.org/;https://www.fpconservatory.org/about-us/;https://www.experiencecolumbus.com/things-to-do/attractions/franklin-park-conservatory/	
OH-FR-S-0027	Franklin County Fairgrounds	Recreation Facility				Franklin County Agricultural Society	Franklin County Agricultural Society, a county agricultural society organized under Ohio Revised Code Chapter 1711; quasi-public entity with board elected by society membership; county-level enabling legislation			Approximately 100 acres; annual Franklin County Fair venue; permanent agricultural and livestock exhibition facilities; open-air event grounds; natural ground and green space	5043 Northwest Parkway, Hilliard, OH 43026	340	Franklin			40.0345	-83.1535	86GR2RMW+W2		Approx. 340 acres per multiple sources; Franklin County Agricultural Society fairgrounds, Hilliard	https://www.fcfair.org/	https://www.fcfair.org/;https://www.fcfair.org/fairgrounds	
OH-FR-S-0028	Ridgewood Park	Park			Active		Blendon Township				off Buenos Aires Boulevard, Westerville vicinity, Franklin County, Ohio	28.2252344	Franklin	Westerville		40.0853077	-82.912223	86GV33PQ+22	Covered Shelter; Gazebo; Hiking Trail; Playground	Township park in Blendon Township. Features walking trails in addition to recreational amenities. Source: blendontwp.org Parks, Open Spaces & Trails page.	https://www.blendontwp.org/residents/parks-open-spaces-trails	https://www.blendontwp.org/residents/parks-open-spaces-trails;https://public-morpc.hub.arcgis.com/datasets/parks-and-open-space/explore	
OH-FR-S-0029	Phelps Acre Park	Park			Active		Blendon Township			The park is one of several village-maintained green spaces in this small incorporated village along the Scioto River.	Blendon Township, Franklin County, Ohio	0.64	Franklin	Marble Cliff		39.9875333	-83.0578121	86FRXWQR+52		Township park in Blendon Township. Address and features require field verification. Source: blendontwp.org Parks, Open Spaces & Trails page.	https://www.blendontwp.org/residents/parks-open-spaces-trails	https://www.blendontwp.org/residents/parks-open-spaces-trails	
OH-FR-S-0030	Sunbury Woods Commons	Open Space			Active		Blendon Township				Sunbury Woods neighborhood, Blendon Township, Franklin County, Ohio	4.05	Franklin	Columbus		40.0205252	-82.9332972	86GV23C8+82	Playground	Calculated from MORPC Shape__Area: 176,245 sq ft	https://www.blendontwp.org/residents/parks-open-spaces-trails	https://www.blendontwp.org/residents/parks-open-spaces-trails	
OH-FR-S-0031	Veteran's Park	Park			Active		Clinton Township			veteran memorial, commemorative bricks	3856 Walford Street, Columbus, OH 43224	0.156152	Franklin	Groveport		39.8519279	-82.8885621	86FVV426+P2		Clinton Township park honoring veterans. Brick purchase program available for veteran commemorations. Source: clintontownship.org Parks page.	https://www.clintontownship.org/248/Parks	https://www.clintontownship.org/248/Parks;https://www.clintontownship.org/home/pages/public-parks-clinton-township;https://public-morpc.hub.arcgis.com/datasets/parks-and-open-space/explore	
OH-FR-S-0032	Sale Road Playground	Park			Active		Clinton Township				Sale Road vicinity, Clinton Township, Franklin County, Ohio		Franklin			39.995	-83.09	86FRXWW6+52	Playground	Township playground. Address needs field verification — 'Sale Road' is approximate location from township parks listing.; GPS approx: GPS approximate — address unconfirmed; Sale Road vicinity, Clinton Township	https://www.clintontownship.org/248/Parks	https://www.clintontownship.org/248/Parks	
OH-FR-S-0033	Fred Stigers Memorial Park	Memorial			Active		Clinton Township				Clinton Township, Franklin County, Ohio	84.29	Franklin	Obetz		39.8836656	-82.940794	86FVV3M5+G2	Monument; Playground	Township memorial park also known as Triangle Park. Address and features require field verification.	https://www.clintontownship.org/248/Parks	https://www.clintontownship.org/248/Parks	
OH-FR-S-0034	Case Road Community Garden	Community Garden			Active		Clinton Township			community garden plots	Case Road vicinity, Clinton Township, Franklin County, Ohio	58.05	Franklin	Columbus		40.0712486	-83.0838726	86GR3WC8+F2		Township-managed community garden. Listed in township parks inventory. May not meet Site threshold for natural area classification — flagged for Resolution review. Address needs verification.	https://www.clintontownship.org/248/Parks	https://www.clintontownship.org/248/Parks	
OH-FR-S-0035	Chambers Circle Park	Park			Active		Clinton Township				1000 Chambers Circle W., Columbus, OH 43212	0.64	Franklin	Marble Cliff		39.9875333	-83.0578121	86FRXWQR+52		Clinton Township park in the Chambers Circle W. area. Source: clintontownship.org.	https://www.clintontownship.org/248/Parks	https://www.clintontownship.org/248/Parks	
OH-FR-S-0036	West Side / University View Playground	Park			Active		Clinton Township				Clinton Township, Franklin County, Ohio (West Side / University View area)		Franklin			39.978	-83.065	86FRXWHP+62	Playground	Township playground serving the West Side and University View neighborhoods. May be one combined park or two separate playgrounds — identity needs field verification.; GPS approx: GPS approximate — West Side/University View neighborhood, Clinton Township	https://www.clintontownship.org/248/Parks	https://www.clintontownship.org/248/Parks	
OH-FR-S-0037	Hamilton Township Park	Park			Active		Hamilton Township			2 football fields, 2 soccer fields, 2 baseball diamonds, children's playground, concession stand, picnic tables, recreational trail, Big Walnut Creek access	west side of Lockbourne Road between Rathmell Road and Rohr Road, Hamilton Township, Franklin County, Ohio (south of Hamilton Meadows development)	5.35	Franklin	Hilliard		40.0335616	-83.1506207	86GR2RMX+H2		Hamilton Township's primary park, described as the 'largest park' in the township. Features a recreational trail and direct access to Big Walnut Creek. Youth athletics managed by 'Hamilton Youth Athletics' (separate non-profit). Park open sunrise to sunset. Source: hamtwpfcoh.gov/general-8.	https://www.hamtwpfcoh.gov/general-8	https://www.hamtwpfcoh.gov/general-8	
OH-FR-S-0038	Firetruck Park	Park			Active		Hamilton Township			children's play set (firetruck architecture), covered picnic area, picnic tables, large open grass field	behind 6400 Lockbourne Road, Hamilton Township, Franklin County, Ohio	0.97	Franklin		Hamilton Township	39.9807346	-82.9407921	86FVX3J5+82		Smaller township park behind 6400 Lockbourne Rd. 'Firetruck Park' is a colloquial/unofficial nickname based on play equipment architecture — no official name documented on township website. Official name requires field/records verification. Park open sunrise to sunset. Source: hamtwpfcoh.gov/general-8.	https://www.hamtwpfcoh.gov/general-8	https://www.hamtwpfcoh.gov/general-8	
OH-FR-S-0039	Blacklick Ridge Community Park	Park			Active		Jefferson Township				Jefferson Township, Franklin County, Ohio (Blacklick area)	17.21	Franklin		Jefferson Township	39.9923887	-82.8082856	86FVX5RR+W2	Athletic Field; Parking Lot; Picnic Area; Playground	Jefferson Township community park in the Blacklick Ridge area. Address and features require field verification. Source: jeffersontownship.org.	https://jeffersontownship.org	https://jeffersontownship.org	
OH-FR-S-0040	Boehnke Nature Preserve	Nature Preserve			Active		Jefferson Township			The site protects important natural habitat and provides passive recreation opportunities including nature trails and wildlife observation in a preserved natural landscape.	Jefferson Township, Franklin County, Ohio	11.68	Franklin		Jefferson Township	40.0374512	-82.8325139	86GV25P8+X2	Hiking Trail	Jefferson Township nature preserve. This is a higher-value natural area entity. Address, acreage, and access details require field/records verification. Source: jeffersontownship.org.	https://jeffersontownship.org	https://jeffersontownship.org	
OH-FR-S-0041	Jefferson Community Park	Park			Active		Jefferson Township				Jefferson Township, Franklin County, Ohio	41.5	Franklin		Jefferson Township	40.0456307	-82.7980409	86GV26W2+92	Athletic Field; Picnic Area; Playground	Jefferson Township community park. Address and features require field verification. Source: jeffersontownship.org.	https://jeffersontownship.org	https://jeffersontownship.org	
OH-FR-S-0042	Jefferson Run Park	Park			Active		Jefferson Township				Jefferson Township, Franklin County, Ohio	21.42	Franklin		Jefferson Township	40.0138843	-82.7788686	86GV267C+F2	Playground	Jefferson Township park. Address and features require field verification. Source: jeffersontownship.org.	https://jeffersontownship.org	https://jeffersontownship.org	
OH-FR-S-0043	Olde Quarry Park	Park			Active		Jefferson Township			Blacklick Creek access	Jefferson Township, Franklin County, Ohio (Blacklick area)	84.36	Franklin		Jefferson Township	40.0008197	-82.8039003	86GV252W+72		Jefferson Township park with documented Blacklick Creek access. Creek access may generate an Access Point record. Park is in the Blacklick Creek corridor. Source: jeffersontownship.org.	https://jeffersontownship.org	https://jeffersontownship.org	
OH-FR-S-0044	Blue Lake Park	Park			Active		Prairie Township				Lake Darby Estates, Prairie Township, Franklin County, Ohio	0.11	Franklin		Prairie Township	39.980288	-82.940431	86FVX3J5+52	Fishing Area; Hiking Trail; Lake; Wildlife Observation Area	Prairie Township neighborhood park in the Lake Darby Estates development. Specific address and features require field verification. Source: prairietownship.org Parks and Reservations page.	https://www.prairietownship.org/491/Parks-and-Reservations	https://www.prairietownship.org/491/Parks-and-Reservations	
OH-FR-S-0045	Carl Frye Park	Park			Active		Prairie Township			walking path (7/10 mile), shelter house (reservable), picnic tables, grills, playground	318 Darbyhurst Road, Prairie Township, Franklin County, Ohio	0.14	Franklin	Columbus		39.9760624	-82.9467854	86FVX3G3+F2		Prairie Township's main park at 318 Darbyhurst Road. Features a 7/10-mile walking path and a reservable shelter house. Walking path generates a Trail record. Prairie CHAT Area Walking Maps available at township website. Source: prairietownship.org Parks and Reservations page.	https://www.prairietownship.org/491/Parks-and-Reservations	https://www.prairietownship.org/491/Parks-and-Reservations	
OH-FR-S-0046	Dalebrook Park	Park			Active		Prairie Township				Lake Darby Estates, Prairie Township, Franklin County, Ohio	0.05	Franklin	Columbus		39.9740569	-82.9503095	86FVX2FX+Q2	Playground	Prairie Township neighborhood park in the Lake Darby Estates development. Specific address and features require field verification. Source: prairietownship.org Parks and Reservations page.	https://www.prairietownship.org/491/Parks-and-Reservations	https://www.prairietownship.org/491/Parks-and-Reservations	
OH-FR-S-0047	Friendship Park	Park			Active		Prairie Township			Covered picnic tables and a gazebo make it a popular gathering spot. A shelter is available for events.	Beacon Hill Road & Deerfield Road, Prairie Township, Franklin County, Ohio	22.67	Franklin	Gahanna		40.0147192	-82.8755477	86GV247F+X2	Multi-use Trail; Picnic Shelter; Playground	Prairie Township neighborhood park at the intersection of Beacon Hill Road and Deerfield Road. Features require field verification. Source: prairietownship.org Parks and Reservations page.	https://www.prairietownship.org/491/Parks-and-Reservations	https://www.prairietownship.org/491/Parks-and-Reservations;https://www.gahanna.gov/Facilities;https://oh-gahanna.civicplus.com/DocumentCenter/View/278/Parks-and-Trails-Guide-PDF	
OH-FR-S-0048	Lakota Park	Park			Active	City of Columbus	Prairie Township				476 Redmond Road, Prairie Township, Franklin County, Ohio	1.199	Franklin	Columbus		39.974042	-82.9477144	86FVX3F2+Q2	Playground	Prairie Township neighborhood park at 476 Redmond Road. Features require field verification. Source: prairietownship.org Parks and Reservations page.	https://www.prairietownship.org/491/Parks-and-Reservations	https://www.prairietownship.org/491/Parks-and-Reservations;https://columbusrecparks.com/parks/dakota-park/	
OH-FR-S-0049	15th Avenue Street Park	Park			Active	City of Columbus	Columbus Recreation and Parks Department					0.396	Franklin	Columbus		40.0505566	-83.0258361	86GR3X2F+82			https://columbusrecparks.com/parks/15th-avenue-street-park/	https://columbusrecparks.com/parks/15th-avenue-street-park/	
OH-FR-S-0050	Abbie Trails Parkland	Park			Active	City of Columbus	Columbus Recreation and Parks Department			It is accessed through the Blacklick Trail trailhead at Portman Park.	6630 Abbie Trails Dr., Canal Winchester OH 43110	31.87	Franklin	Columbus		39.9030391	-82.8210651	86FVW53H+82	Multi-use Trail; Wildlife Observation Area		https://columbusrecparks.com/parks/abbie-trails-parkland/	https://columbusrecparks.com/parks/abbie-trails-parkland/	
OH-FR-S-0051	Academy Park	Park			Active	City of Columbus	Columbus Recreation and Parks Department				276 S Nelson Road, Columbus, OH 43205	17.044	Franklin	Gahanna		40.047343	-82.8853295	86GV24W7+X2	Athletic Field; Ball Diamond; Basketball Court; Mountain Bike Trail; Multi-use Trail; Playground; Restrooms	Source: Gahanna Facilities page and Parks & Trails Guide PDF.	https://columbusrecparks.com/parks/academy-park/	https://columbusrecparks.com/parks/academy-park/;https://www.gahanna.gov/Facilities;https://oh-gahanna.civicplus.com/DocumentCenter/View/278/Parks-and-Trails-Guide-PDF	
OH-FR-S-0052	Airport Golf Course	Recreation Facility			Active	City of Columbus	Columbus Recreation and Parks Department				900 N Hamilton Road, Columbus, OH 43219	134.587	Franklin	Columbus		39.9932403	-82.8640896	86FVX4VP+72	Golf Course; Parking Lot; Pollinator Garden; Pond	Established in 1952.	https://columbusrecparks.com/parks/airport-golf-course/	https://columbusrecparks.com/parks/airport-golf-course/	
OH-FR-S-0053	Albany Crossing Park	Park			Active	City of Columbus	Columbus Recreation and Parks Department				5621 Caledonia Drive, Columbus OH 43081	10.731	Franklin	Columbus		40.0959218	-82.8553042	86GV34WV+92	Basketball Court; Multi-use Trail; Playground; Pond		https://columbusrecparks.com/parks/albany-crossing-park/	https://columbusrecparks.com/parks/albany-crossing-park/	
OH-FR-S-0054	Albany Crossing Wetland	Natural Area			Active	City of Columbus	Columbus Recreation and Parks Department				5950 Lakemont Dr, Columbus OH 43081	7.012	Franklin	Columbus		40.0966604	-82.8591313	86GV34WR+M2	Stormwater Basin; Wetland		https://columbusrecparks.com/parks/albany-crossing-wetland/	https://columbusrecparks.com/parks/albany-crossing-wetland/	
OH-FR-S-0055	Albany Wetlands	Natural Area			Active	City of Columbus	Columbus Recreation and Parks Department				7007 Robinton Way, New Albany, OH 43054	7.859	Franklin	Columbus		40.105349	-82.8302937	86GV4549+52	Stormwater Basin; Wetland		https://columbusrecparks.com/parks/albany-wetlands/	https://columbusrecparks.com/parks/albany-wetlands/	
OH-FR-S-0056	Alexander Park	Park			Active	City of Columbus	Columbus Recreation and Parks Department			The Scioto Trail runs through Alexander Park and provides access to the Scioto Mile.	215 W Long St, Columbus, OH 43215	2.779	Franklin	Columbus		39.9643652	-83.0077652	86FRXX7R+Q2	Multi-use Trail; Wildlife Observation Area		https://columbusrecparks.com/parks/alexander-park/	https://columbusrecparks.com/parks/alexander-park/	
OH-FR-S-0057	Alkire Lakes Park	Park			Active	City of Columbus	Columbus Recreation and Parks Department				2020 Winding Hollow Dr, Grove City, OH 43123	5.826	Franklin	Columbus		39.9133308	-83.0913874	86FRWW75+72	Parking Lot; Pollinator Garden; Pond	Established in 2001.	https://columbusrecparks.com/parks/alkire-lakes-park/	https://columbusrecparks.com/parks/alkire-lakes-park/	
OH-FR-S-0058	Alkire Woods Park	Park			Active	City of Columbus	Columbus Recreation and Parks Department				3711 Alkire Lakes Dr, Grove City, OH 43123	14.744	Franklin	Columbus		39.944353	-82.9253199	86FVW3VF+Q2	Boat Ramp; Multi-use Trail; Picnic Shelter; Picnic Table Cluster; Playground; Swing Set; Wildlife Observation Area		https://columbusrecparks.com/parks/alkire-woods-park/	https://columbusrecparks.com/parks/alkire-woods-park/	
OH-FR-S-0059	Alton Parkland	Park			Active	City of Columbus	Columbus Recreation and Parks Department				190 Alton Road, Galloway, OH 43119	43.54	Franklin			39.9447589	-83.1725542	86FRWRVG+X2	Pond; Wildlife Observation Area		https://columbusrecparks.com/parks/alton-parkland/	https://columbusrecparks.com/parks/alton-parkland/	
OH-FR-S-0060	Alum Creek Drive Parkland	Park			Active	City of Columbus	Columbus Recreation and Parks Department				190 Alton Road, Galloway, OH 43119	58.674	Franklin	Columbus		40.0298732	-82.9338926	86GV23H8+V2	Multi-use Trail; Wildlife Observation Area		https://columbusrecparks.com/parks/alum-creek-drive-parkland/	https://columbusrecparks.com/parks/alum-creek-drive-parkland/	
OH-FR-S-0061	Alum Creek North Tributary Parkland	Park			Active	City of Columbus	Columbus Recreation and Parks Department			Alum Creek North Tributary Parkland is accessed through the Alum Creek Trail from Mock Park.	Near Alum Creek Dr, Columbus, OH 43219	5.109	Franklin	Columbus		40.0525422	-82.9482069	86GV3332+42	Wildlife Observation Area		https://columbusrecparks.com/parks/alum-creek-north-tributary-parkland/	https://columbusrecparks.com/parks/alum-creek-north-tributary-parkland/	
OH-FR-S-0062	Alum Creek Parkland	Park			Active	City of Columbus	Columbus Recreation and Parks Department			Alum Creek Parkland is accessed through the Alum Creek Trail.	2831 Sunbury Rd, Columbus, OH 43219	18.036	Franklin	Columbus		40.1012124	-82.9374989	86GV4327+C2	Multi-use Trail; Wildlife Observation Area		https://columbusrecparks.com/parks/alum-creek-parkland/	https://columbusrecparks.com/parks/alum-creek-parkland/	
OH-FR-S-0063	Alum Creek/Hanford Parkland	Park			Active	City of Columbus	Columbus Recreation and Parks Department			Alum Creek/Hanford Parkland is accessed through the Alum Creek Trail from Hanford Village Park.	2070 Kenton Ave, Columbus, OH 43205	0.482	Franklin	Columbus		39.9548264	-82.9429007	86FVX334+X2	Wildlife Observation Area	Source: MORPC Parks and Open Space dataset (public-morpc.hub.arcgis.com), data updated 2025-07-01. MORPC ParkID: not assigned. MORPC Sub_Type: N (Neighborhood Park). Jurisdiction: Columbus. Status: Public.	https://columbusrecparks.com/parks/alum-creek-hanford-parkland/	https://columbusrecparks.com/parks/alum-creek-hanford-parkland/;https://public-morpc.hub.arcgis.com/datasets/parks-and-open-space/explore	
OH-FR-S-0064	Alum Creek/Koch Parkland	Park			Active	City of Columbus	Columbus Recreation and Parks Department				2684 Mock Rd, Columbus OH 43219	7.111	Franklin	Columbus		40.0119406	-82.9368099	86GV2367+M2	Wildlife Observation Area	Source: MORPC Parks and Open Space dataset (public-morpc.hub.arcgis.com), data updated 2025-07-01. MORPC ParkID: not assigned. MORPC Sub_Type: CON (Conservation Area). Jurisdiction: Columbus. Status: Public.	https://columbusrecparks.com/parks/alum-creek-koch-parkland/	https://columbusrecparks.com/parks/alum-creek-koch-parkland/;https://public-morpc.hub.arcgis.com/datasets/parks-and-open-space/explore	
OH-FR-S-0065	Alum Creek/Livingston Parkland	Park			Active	City of Columbus	Columbus Recreation and Parks Department			Alum Creek/Livingston Parkland is accessed through the Alum Creek Trail from Hanford Village Park.	760 Alum Creek Dr, Columbus, OH 43205	4.446	Franklin	Columbus		39.9154066	-82.9385274	86FVW386+42	Wildlife Observation Area		https://columbusrecparks.com/parks/alum-creek-livingston-parkland/	https://columbusrecparks.com/parks/alum-creek-livingston-parkland/	
OH-FR-S-0066	Alum Creek/Miller Parkland	Park			Active	City of Columbus	Columbus Recreation and Parks Department			Alum Creek/Miller Parkland is accessed through the Alum Creek Trail from Mock Park.		15.111	Franklin	Columbus		40.020434	-82.9373394	86GV23C7+22	Wildlife Observation Area	Source: MORPC Parks and Open Space dataset (public-morpc.hub.arcgis.com), data updated 2025-07-01. MORPC ParkID: not assigned. MORPC Sub_Type: N (Neighborhood Park). Jurisdiction: Columbus. Status: Public.	https://columbusrecparks.com/parks/alum-creek-miller-parkland/	https://columbusrecparks.com/parks/alum-creek-miller-parkland/;https://public-morpc.hub.arcgis.com/datasets/parks-and-open-space/explore	
OH-FR-S-0067	Alum Crest Park	Park			Active	City of Columbus	Columbus Recreation and Parks Department					0.09	Franklin	Columbus		39.951033	-82.9123778	86FVX32Q+C2	Basketball Court; Parking Lot; Playground		https://columbusrecparks.com/parks/alum-crest-park/	https://columbusrecparks.com/parks/alum-crest-park/	
OH-FR-S-0068	Amberfield Parkland	Park			Active	City of Columbus	Columbus Recreation and Parks Department					6.03	Franklin	Columbus		39.9137365	-82.8699096	86FVW47J+C2	Wildlife Observation Area		https://columbusrecparks.com/parks/amberfield-parkland/	https://columbusrecparks.com/parks/amberfield-parkland/	
OH-FR-S-0069	Amvet Park	Park			Active	City of Columbus	Columbus Recreation and Parks Department					2.548	Franklin	Columbus		40.000746	-82.945508	86GV2323+92	Basketball Court; Parking Lot; Picnic Shelter; Picnic Table Cluster; Playground		https://columbusrecparks.com/parks/amvet-park/	https://columbusrecparks.com/parks/amvet-park/	
OH-FR-S-0070	Anderson Farms Parkland	Park			Active	City of Columbus	Columbus Recreation and Parks Department				6115 Roberts Road, Hilliard, OH 43026	22.401	Franklin	Columbus		39.9994279	-83.1711177	86FRXRXH+P2	Wildlife Observation Area		https://columbusrecparks.com/parks/anderson-farms-parkland/	https://columbusrecparks.com/parks/anderson-farms-parkland/	
OH-FR-S-0071	Anheuser-Busch Sports Park	Park			Active	City of Columbus	Columbus Recreation and Parks Department					53.85	Franklin	Columbus		40.0594281	-83.033397	86GR3X58+P2	Athletic Field; Ball Diamond; Basketball Court; Parking Lot; Playground; Tennis Court		https://columbusrecparks.com/parks/anheuser-busch-sports-park/	https://columbusrecparks.com/parks/anheuser-busch-sports-park/	
OH-FR-S-0072	Antrim Park	Park			Active	City of Columbus	Columbus Recreation and Parks Department			park surrounded by a quarried lake and the Olentangy Greenway Trail, great for running, walking, biking or skating. Antrim Park is also a popular place for fishing, which can be done off the pier. There is also a 9-hole disc golf course. Antrim Park is a trailhead for the Olentangy Trail which provides access to Hard Road Park and Tuttle Park. Nearby, you can enjoy Antrim Nature Preserve.		122.58	Franklin	Columbus		40.0804837	-83.0337047	86GR3XJ8+42	Disc Golf Course; Fishing Area; Multi-use Trail; Parking Lot; Picnic Table Cluster; Pond		https://columbusrecparks.com/parks/antrim-park/	https://columbusrecparks.com/parks/antrim-park/	
OH-FR-S-0073	Argus Park	Park			Active	City of Columbus	Columbus Recreation and Parks Department				3589 Kirkwood Road, Columbus, OH 43227	1.825	Franklin	Columbus		39.9419144	-82.9000005	86FVW3RX+Q2	Playground		https://columbusrecparks.com/parks/argus-park/	https://columbusrecparks.com/parks/argus-park/	
OH-FR-S-0074	Audubon Park	Park			Active	City of Columbus	Columbus Recreation and Parks Department				2745 Audubon Road, Columbus	7.346	Franklin	Columbus		40.0210687	-82.9917907	86GV22C5+F2	Basketball Court; Picnic Shelter; Picnic Table Cluster; Playground		https://columbusrecparks.com/parks/audubon-park/	https://columbusrecparks.com/parks/audubon-park/	
OH-FR-S-0075	Avalon Park	Park			Active	City of Columbus	Columbus Recreation and Parks Department					1.77	Franklin	Columbus		39.9815256	-82.9446121	86FVX3J4+J2	Basketball Court; Multi-use Trail; Parking Lot; Picnic Shelter; Playground		https://columbusrecparks.com/parks/avalon-park/	https://columbusrecparks.com/parks/avalon-park/	
OH-FR-S-0076	Barnett Park	Park			Active	City of Columbus	Columbus Recreation and Parks Department					12.41	Franklin	Columbus		39.9478632	-82.9041015	86FVW3XW+32	Athletic Field; Ball Diamond; Basketball Court; Community Garden; Parking Lot; Picnic Shelter; Playground; Tennis Court		https://columbusrecparks.com/parks/barnett-park/	https://columbusrecparks.com/parks/barnett-park/	
OH-FR-S-0077	Battelle Riverfront Park	Park			Active	City of Columbus	Columbus Recreation and Parks Department			Battelle Riverfront Park is a trailhead for the Scioto Trail which provides access to McFerson Commons and Bicentennial/Galbreath Park.		10.05	Franklin	Columbus		39.9631443	-83.0058873	86FRXX7V+82	Multi-use Trail		https://columbusrecparks.com/parks/battelle-riverfront-park/	https://columbusrecparks.com/parks/battelle-riverfront-park/	
OH-FR-S-0078	Beatty Park	Park			Active	City of Columbus	Columbus Recreation and Parks Department			Beatty Park is a trailhead for the Olentangy Trail which provides access to Griggs Park and Glen Echo Park.		2.82	Franklin	Columbus		39.9707896	-82.9701092	86FVX2CH+92	Athletic Field; Boat Ramp; Multi-use Trail; Parking Lot; Picnic Table Cluster; Pond; Wildlife Observation Area		https://columbusrecparks.com/parks/beatty-park/	https://columbusrecparks.com/parks/beatty-park/	
OH-FR-S-0079	Beechcroft Park	Park			Active	City of Columbus	Columbus Recreation and Parks Department					4.66	Franklin	Columbus		40.090856	-82.9629929	86GV32RP+92	Basketball Court; Picnic Shelter; Picnic Table Cluster; Playground		https://columbusrecparks.com/parks/beechcroft-park/	https://columbusrecparks.com/parks/beechcroft-park/	
OH-FR-S-0080	Beechwold Nature Preserve	Nature Preserve			Active	City of Columbus	Columbus Recreation and Parks Department				W Beechwold Blvd & Rustic Bridge Rd, Columbus, OH 43214	11.41	Franklin	Columbus		40.060335	-83.024534	86GR3X6G+22	Wildlife Observation Area		https://columbusrecparks.com/parks/beechwold-nature-preserve/	https://columbusrecparks.com/parks/beechwold-nature-preserve/	
OH-FR-S-0081	Berwick Park	Park			Active	City of Columbus	Columbus Recreation and Parks Department				2911 Lake Park Dr, Columbus, OH 43232	4.8	Franklin	Columbus		39.9110609	-82.9156127	86FVW36M+H2	Athletic Field; Ball Diamond; Basketball Court; Parking Lot; Picnic Shelter; Playground; Tennis Court		https://columbusrecparks.com/parks/berwick-park/	https://columbusrecparks.com/parks/berwick-park/	
OH-FR-S-0082	Bicentennial-Galbreath Park	Park			Active	City of Columbus	Columbus Recreation and Parks Department			Bicentennial/Galbreath Park is a trailhead for the Scioto Trail which provides access to Battelle Riverfront Park and Genoa Park.		7.362	Franklin	Columbus		39.9563895	-83.0045399	86FRXX4W+C2	Multi-use Trail	Source: MORPC Parks and Open Space dataset (public-morpc.hub.arcgis.com), data updated 2025-07-01. MORPC ParkID: not assigned. MORPC Sub_Type: R (Regional Park). Jurisdiction: Columbus. Status: Public.	https://columbusrecparks.com/parks/bicentennial-galbreath-park/	https://columbusrecparks.com/parks/bicentennial-galbreath-park/;https://public-morpc.hub.arcgis.com/datasets/parks-and-open-space/explore	
OH-FR-S-0083	Bide-A-Wee Park Street Islands	Park			Active	City of Columbus	Columbus Recreation and Parks Department				1754 Bide‑A‑Wee Park Ave	0.95	Franklin	Columbus		39.949761	-82.950986	86FVW2XX+W2	Playground		https://columbusrecparks.com/parks/bide-a-wee-park-street-islands/	https://columbusrecparks.com/parks/bide-a-wee-park-street-islands/	
OH-FR-S-0084	Big Run Park	Park			Active	City of Columbus	Columbus Recreation and Parks Department					272.9	Franklin	Columbus		39.9243352	-83.1058677	86FRWVFV+P2	Athletic Field; Ball Diamond; Basketball Court; Community Center; Disc Golf Course; Dog Park; Multi-use Trail; Parking Lot; Picnic Shelter; Picnic Table Cluster; Playground; Pond; Tennis Court; Wildlife Observation Area		https://columbusrecparks.com/parks/big-run-park/	https://columbusrecparks.com/parks/big-run-park/	
OH-FR-S-0085	Big Walnut - Edgewater Parkland	Park			Active	City of Columbus	Columbus Recreation and Parks Department			Big Walnut/Edgewater Parkland is accessed through the Big Walnut Trail from Wolfe Park.		40.527	Franklin	Columbus		39.9068979	-82.8882495	86FVW446+P2	Multi-use Trail; Wildlife Observation Area	Source: MORPC Parks and Open Space dataset (public-morpc.hub.arcgis.com), data updated 2025-07-01. MORPC ParkID: not assigned. MORPC Sub_Type: CON (Conservation Area). Jurisdiction: Columbus. Status: Public.	https://columbusrecparks.com/parks/big-walnut-edgewater-parkland/	https://columbusrecparks.com/parks/big-walnut-edgewater-parkland/;https://public-morpc.hub.arcgis.com/datasets/parks-and-open-space/explore	
OH-FR-S-0086	Big Walnut - Noe Bixby Parkland	Park			Active	City of Columbus	Columbus Recreation and Parks Department			Big Walnut/Noe-Bixby Parkland is accessed through the Big Walnut Trail from Wolfe Park. Nearby, you can enjoy Noe-Bixby North Parkland.	2025 Noe Bixby Rd, Columbus	3.084	Franklin	Columbus		39.9360787	-82.8630475	86FVW4PP+H2	Multi-use Trail; Wildlife Observation Area	Source: MORPC Parks and Open Space dataset (public-morpc.hub.arcgis.com), data updated 2025-07-01. MORPC ParkID: 574. MORPC Sub_Type: PRES (Preserve). Jurisdiction: Columbus. Status: Public.	https://columbusrecparks.com/parks/big-walnut-noe-bixby-parkland/	https://columbusrecparks.com/parks/big-walnut-noe-bixby-parkland/;https://public-morpc.hub.arcgis.com/datasets/parks-and-open-space/explore	
OH-FR-S-0087	Big Walnut - Ottawa Parkland	Park			Active	City of Columbus	Columbus Recreation and Parks Department				1161 Noe Bixby Road, Columbus, OH 43213	1.387	Franklin	Columbus		39.9566173	-82.8526257	86FVX44W+Q2	Wildlife Observation Area	Source: MORPC Parks and Open Space dataset (public-morpc.hub.arcgis.com), data updated 2025-07-01. MORPC ParkID: not assigned. MORPC Sub_Type: CON (Conservation Area). Jurisdiction: Columbus. Status: Public.	https://columbusrecparks.com/parks/big-walnut-ottawa-parkland/	https://columbusrecparks.com/parks/big-walnut-ottawa-parkland/;https://public-morpc.hub.arcgis.com/datasets/parks-and-open-space/explore	
OH-FR-S-0088	Big Walnut - Williams Road Parkland	Park			Active	City of Columbus	Columbus Recreation and Parks Department			Big Walnut/Williams Road Parkland is accessed through the Big Walnut Trail from Wolfe Park.	4413 Winchester Pike, Columbus, OH 43232	5.701	Franklin			39.8122634	-82.9962966	86FVR263+V2	Multi-use Trail; Wildlife Observation Area		https://columbusrecparks.com/parks/big-walnut-williams-road-parkland/	https://columbusrecparks.com/parks/big-walnut-williams-road-parkland/	
OH-FR-S-0089	Big Walnut Corridor	Open Space			Active	City of Columbus	Columbus Recreation and Parks Department				3210 S Hamilton Road, Columbus, OH 43232	22.418	Franklin	Columbus		39.9117089	-82.8756555	86FVW46F+P2	Wildlife Observation Area		https://columbusrecparks.com/parks/big-walnut-corridor/	https://columbusrecparks.com/parks/big-walnut-corridor/	
OH-FR-S-0090	Big Walnut Park	Park			Active	City of Columbus	Columbus Recreation and Parks Department				1826 Lattimer Dr, Columbus, OH 43227	136.144	Franklin	Columbus		39.9417897	-82.8602977	86FVW4RQ+Q2	Basketball Court; Playground		https://columbusrecparks.com/parks/big-walnut-park/	https://columbusrecparks.com/parks/big-walnut-park/	
OH-FR-S-0091	Blackburn Park	Park			Active	City of Columbus	Columbus Recreation and Parks Department					5.5	Franklin	Columbus		39.9591926	-82.9752207	86FVX25F+Q2	Playground		https://columbusrecparks.com/parks/blackburn-park/	https://columbusrecparks.com/parks/blackburn-park/	
OH-FR-S-0092	Bowen Parkland	Park			Active	City of Columbus	Columbus Recreation and Parks Department					7.07	Franklin	Columbus		39.9607633	-83.0684652	86FRXW6J+82	Wildlife Observation Area		https://columbusrecparks.com/parks/bowen-parkland/	https://columbusrecparks.com/parks/bowen-parkland/	
OH-FR-S-0093	Brandywine Park	Park			Active	City of Columbus	Columbus Recreation and Parks Department					0.08	Franklin	Columbus		39.9442617	-83.0782491	86FRWWVC+P2	Playground		https://columbusrecparks.com/parks/brandywine-park/	https://columbusrecparks.com/parks/brandywine-park/	
OH-FR-S-0094	Brentnell Avenue Parkland	Park			Active	City of Columbus	Columbus Recreation and Parks Department			Nearby, you can enjoy Holt Ave Parkland, Amvet Park, Sycamore Bottoms Parkland, and Brentnell Park.		25.45	Franklin	Columbus		39.9986377	-82.9438267	86FVX3X4+F2	Wildlife Observation Area	Acquired in 1999.	https://columbusrecparks.com/parks/brentnell-ave-parkland/	https://columbusrecparks.com/parks/brentnell-avenue-parkland/	
OH-FR-S-0095	Brentnell Park	Park			Active	City of Columbus	Columbus Recreation and Parks Department					3.15	Franklin	Columbus		39.995747	-82.948746	86FVX3W2+82	Basketball Court; Playground		https://columbusrecparks.com/parks/brentnell-park/	https://columbusrecparks.com/parks/brentnell-park/	
OH-FR-S-0096	Brevoort Park	Park			Active	City of Columbus	Columbus Recreation and Parks Department					2.8	Franklin	Columbus		40.0364158	-83.0015548	86GR2XPX+F2	Playground		https://columbusrecparks.com/parks/brevoort-park/	https://columbusrecparks.com/parks/brevoort-park/	
OH-FR-S-0097	Broad Street Islands	Open Space			Active	City of Columbus	Columbus Recreation and Parks Department					1.53	Franklin	Columbus		39.9714609	-82.9172289	86FVX3CM+C2	Playground		https://columbusrecparks.com/parks/broad-street-islands/	https://columbusrecparks.com/parks/broad-street-islands/	
OH-FR-S-0098	Broad Street Parkland	Park			Active	City of Columbus	Columbus Recreation and Parks Department					30.47	Franklin	Columbus		39.9483818	-83.1691137	86FRWRXJ+72	Wildlife Observation Area		https://columbusrecparks.com/parks/broad-street-parkland/	https://columbusrecparks.com/parks/broad-street-parkland/	
OH-FR-S-0099	Bronzeville Community Park	Park			Active	City of Columbus	Columbus Recreation and Parks Department				199 Hamilton Ave, Columbus, OH 43203	0.239	Franklin	Harrisburg		39.8097426	-83.1713132	86FRRR5H+V2	Playground		https://columbusrecparks.com/parks/bronzeville-community-park/	https://columbusrecparks.com/parks/bronzeville-community-park/	
OH-FR-S-0100	Brookside Woods Park	Park			Active	City of Columbus	Columbus Recreation and Parks Department				2227 Aspenwood Ln, Columbus, OH 43235	1.86	Franklin	Columbus		40.0980103	-83.0761943	86GR3WXF+82	Basketball Court; Multi-use Trail; Parking Lot; Picnic Shelter; Picnic Table Cluster; Playground		https://columbusrecparks.com/parks/brookside-woods-park/	https://columbusrecparks.com/parks/brookside-woods-park/	
OH-FR-S-0101	Brownlee Park	Park			Active	City of Columbus	Columbus Recreation and Parks Department				2803 Brownlee Ave, Columbus, OH 43209	2.185	Franklin	Columbus		39.9494008	-82.9233301	86FVW3XG+P2	Basketball Court; Playground		https://columbusrecparks.com/parks/brownlee-park/	https://columbusrecparks.com/parks/brownlee-park/	
OH-FR-S-0102	Bucksburn Parkland	Park			Active	City of Columbus	Columbus Recreation and Parks Department					0.01	Franklin	Columbus		39.9607633	-83.0684652	86FRXW6J+82	Wildlife Observation Area		https://columbusrecparks.com/parks/bucksburn-parkland/	https://columbusrecparks.com/parks/bucksburn-parkland/	
OH-FR-S-0103	Burgess Park	Park			Active	City of Columbus	Columbus Recreation and Parks Department				200 S Burgess Ave, Columbus, OH 43204	1.425	Franklin	Columbus		39.9507573	-83.0690228	86FRXW2J+72	Basketball Court; Playground		https://columbusrecparks.com/parks/burgess-park/	https://columbusrecparks.com/parks/burgess-park/	
OH-FR-S-0104	Canini Park	Park			Active	City of Columbus	Columbus Recreation and Parks Department					1.51	Franklin	Columbus		39.9361762	-82.9087637	86FVW3PR+F2	Playground		https://columbusrecparks.com/parks/canini-park/	https://columbusrecparks.com/parks/canini-park/	
OH-FR-S-0105	Cannongate Alum Creek Parkland	Park			Active	City of Columbus	Columbus Recreation and Parks Department			Cannongate/Alum Creek Parkland is accessed through the Alum Creek Trail from Mock Park.		4.02	Franklin	Columbus		40.0764767	-82.9193745	86GV33GJ+F2	Wildlife Observation Area		https://columbusrecparks.com/parks/cannongate-alum-creek-parkland/	https://columbusrecparks.com/parks/cannongate-alum-creek-parkland/	
OH-FR-S-0106	Carriage Place Park	Park			Active	City of Columbus	Columbus Recreation and Parks Department					12.96	Franklin	Columbus		40.0687146	-83.0908731	86GR3W95+G2	Basketball Court; Playground		https://columbusrecparks.com/parks/carriage-place-park/	https://columbusrecparks.com/parks/carriage-place-park/	
OH-FR-S-0107	Cassady Park	Park			Active	City of Columbus	Columbus Recreation and Parks Department					0.58	Franklin	Columbus		39.9847088	-82.9386704	86FVX3M6+W2	Athletic Field; Ball Diamond; Basketball Court; Parking Lot; Picnic Table Cluster; Playground		https://columbusrecparks.com/parks/cassady-park/	https://columbusrecparks.com/parks/cassady-park/	
OH-FR-S-0108	Casto Park	Park			Active	City of Columbus	Columbus Recreation and Parks Department					33.9	Franklin	Columbus		40.0826094	-82.9227316	86GV33MG+52	Playground		https://columbusrecparks.com/parks/casto-park/	https://columbusrecparks.com/parks/casto-park/	
OH-FR-S-0109	Catalpa Park	Park			Active	City of Columbus	Columbus Recreation and Parks Department					13.42	Franklin	Columbus		39.9265023	-82.8684965	86FVW4GJ+P2	Picnic Shelter; Picnic Table Cluster; Playground; Pond; Wildlife Observation Area		https://columbusrecparks.com/parks/catalpa-park/	https://columbusrecparks.com/parks/catalpa-park/	
OH-FR-S-0110	Cedar Run Park	Park			Active	City of Columbus	Columbus Recreation and Parks Department					13.37	Franklin	Columbus		40.0014448	-82.7762715	86GV262F+F2	Athletic Field; Ball Diamond; Basketball Court; Multi-use Trail; Parking Lot; Picnic Shelter; Playground; Tennis Court		https://columbusrecparks.com/parks/cedar-run-park/	https://columbusrecparks.com/parks/cedar-run-park/	
OH-FR-S-0111	Champion Avenue Park	Park			Active	City of Columbus	Columbus Recreation and Parks Department				Champion Ave & Champion Hills Drive, Columbus, OH  43207	1.684	Franklin	Columbus		39.9704663	-82.9676671	86FVX2CJ+52	Basketball Court; Playground		https://columbusrecparks.com/parks/champion-avenue-park/	https://columbusrecparks.com/parks/champion-avenue-park/	
OH-FR-S-0112	Champions Golf Course	Recreation Facility			Active	City of Columbus	Columbus Recreation and Parks Department					208.56	Franklin			40.049345	-82.937813	86GV23X6+Q2		GPS web: Address: 3900 Westerville Rd, Columbus, OH 43224; Acres from MORPC: Champions Of Columbus (MORPC, Columbus, GOLF/GOLF) Established in 1967.	https://columbusrecparks.com/parks/champions-golf-course/	https://columbusrecparks.com/parks/champions-golf-course/	
OH-FR-S-0113	Chaseland Park	Park			Active	City of Columbus	Columbus Recreation and Parks Department					3.8	Franklin	Columbus		40.0747071	-82.992581	86GV32F4+X2	Playground		https://columbusrecparks.com/parks/chaseland-park/	https://columbusrecparks.com/parks/chaseland-park/	
OH-FR-S-0114	Chatterton Brice Parkland	Park			Active	City of Columbus	Columbus Recreation and Parks Department					10.757	Franklin	Columbus		39.9137446	-82.8344335	86FVW578+C2	Wildlife Observation Area		https://columbusrecparks.com/parks/chatterton-brice-parkland/	https://columbusrecparks.com/parks/chatterton-brice-parkland/	
OH-FR-S-0115	Chatterton Parkland	Park			Active	City of Columbus	Columbus Recreation and Parks Department				3361 Kady Lane, Columbus, OH 43232	38.235	Franklin	Columbus		39.9076115	-82.8458379	86FVW553+42	Wildlife Observation Area		https://columbusrecparks.com/parks/chatterton-parkland/	https://columbusrecparks.com/parks/chatterton-parkland/	
OH-FR-S-0116	Cherrybottom Park	Park			Active	City of Columbus	Columbus Recreation and Parks Department					92.92	Franklin	Columbus		40.065889	-82.8996343	86GV3482+62	Basketball Court; Playground		https://columbusrecparks.com/parks/cherrybottom-park/	https://columbusrecparks.com/parks/cherrybottom-park/	
OH-FR-S-0117	City Gate Park	Park			Active	City of Columbus	Columbus Recreation and Parks Department					5.05	Franklin	Columbus		40.013546	-82.9259132	86GV237F+G2	Basketball Court; Playground; Tennis Court		https://columbusrecparks.com/parks/city-gate-park/	https://columbusrecparks.com/parks/city-gate-park/	
OH-FR-S-0118	Clinton-Como Park	Park			Active	City of Columbus	Columbus Recreation and Parks Department					20.73	Franklin	Columbus		40.0260368	-83.0225665	86GR2XGG+H2	Playground		https://columbusrecparks.com/parks/clinton-como-park/	https://columbusrecparks.com/parks/clinton-como-park/	
OH-FR-S-0119	Clover Groff Natural Area	Natural Area			Active	City of Columbus	Columbus Recreation and Parks Department					19.526	Franklin	Columbus		39.9625152	-83.1687419	86FRXR7J+42	Wildlife Observation Area	Source: MORPC Parks and Open Space dataset (public-morpc.hub.arcgis.com), data updated 2025-07-01. MORPC ParkID: 62. MORPC Sub_Type: CON (Conservation Area). Jurisdiction: Columbus. Status: Public.	https://columbusrecparks.com/parks/clover-groff-natural-area/	https://columbusrecparks.com/parks/clover-groff-natural-area/;https://public-morpc.hub.arcgis.com/datasets/parks-and-open-space/explore	
OH-FR-S-0120	Clover Parkland	Park			Active	City of Columbus	Columbus Recreation and Parks Department					33.518	Franklin	Columbus		39.9626662	-83.1705956	86FRXR7H+52	Wildlife Observation Area		https://columbusrecparks.com/parks/clover-parkland/	https://columbusrecparks.com/parks/clover-parkland/	
OH-FR-S-0121	Clover-Kenney Parkland	Park			Active	City of Columbus	Columbus Recreation and Parks Department					13.901	Franklin	Columbus		40.0063825	-83.1714258	86GR2R4H+F2	Wildlife Observation Area		https://columbusrecparks.com/parks/clover-kenney-parkland/	https://columbusrecparks.com/parks/clover-kenney-parkland/	
OH-FR-S-0122	Cody Park	Park			Active	City of Columbus	Columbus Recreation and Parks Department					0.3	Franklin	Columbus		39.9557106	-83.0361959	86FRXX47+82	Playground		https://columbusrecparks.com/parks/cody-park/	https://columbusrecparks.com/parks/cody-park/	
OH-FR-S-0123	Cole Parkland	Park			Active	City of Columbus	Columbus Recreation and Parks Department					28.1	Franklin	Columbus		39.9832165	-83.1813341	86FRXRM9+72		Calculated from MORPC Shape__Area: 1,224,206 sq ft	https://columbusrecparks.com/parks/cole-parkland/	https://columbusrecparks.com/parks/cole-parkland/	
OH-FR-S-0124	Colerain Park	Park			Active	City of Columbus	Columbus Recreation and Parks Department					0.64	Franklin	Columbus		40.0349513	-83.0051104	86GR2XMV+X2	Basketball Court; Playground		https://columbusrecparks.com/parks/colerain-park/	https://columbusrecparks.com/parks/colerain-park/	
OH-FR-S-0125	Confluence Park	Park			Active	City of Columbus	Columbus Recreation and Parks Department			Confluence Park is a trailhead for the Scioto Trail which provides access to Scioto Audubon Park.		21.19	Franklin	Columbus		39.9646691	-83.019623	86FRXX7J+R2	Multi-use Trail		https://columbusrecparks.com/parks/confluence-park/	https://columbusrecparks.com/parks/confluence-park/	
OH-FR-S-0126	Connor Park	Park			Active	City of Columbus	Columbus Recreation and Parks Department					0.04	Franklin	Columbus		39.9460738	-82.916501	86FVW3WM+F2	Basketball Court; Playground		https://columbusrecparks.com/parks/connor-park/	https://columbusrecparks.com/parks/connor-park/	
OH-FR-S-0127	Cooke Park	Park			Active	City of Columbus	Columbus Recreation and Parks Department					9.343	Franklin	Columbus		40.0473256	-82.9708406	86GV22WH+W2	Playground		https://columbusrecparks.com/parks/cooke-park/	https://columbusrecparks.com/parks/cooke-park/	
OH-FR-S-0128	Cooper Sports Park	Park			Active	City of Columbus	Columbus Recreation and Parks Department					35.44	Franklin	Columbus		40.0924966	-82.9304201	86GV33R9+X2	Athletic Field; Ball Diamond; Basketball Court; Parking Lot; Playground		https://columbusrecparks.com/parks/cooper-sports-park/	https://columbusrecparks.com/parks/cooper-sports-park/	
OH-FR-S-0129	Coronet Woods Nature Preserve	Nature Preserve			Active	City of Columbus	Columbus Recreation and Parks Department				1790 Coronet Dr, Columbus, OH 43224	3.7	Franklin	Columbus		40.0430558	-82.9673164	86GV22VM+62	Wildlife Observation Area		https://columbusrecparks.com/parks/coronet-woods-nature-preserve/	https://columbusrecparks.com/parks/coronet-woods-nature-preserve/	
OH-FR-S-0130	Coronet Woods Parkland	Park			Active	City of Columbus	Columbus Recreation and Parks Department					0.64	Franklin	Marble Cliff		39.9875333	-83.0578121	86FRXWQR+52	Pond; Wildlife Observation Area		https://columbusrecparks.com/parks/coronet-woods-parkland/	https://columbusrecparks.com/parks/coronet-woods-parkland/	
OH-FR-S-0131	Cranston Park	Park			Active	City of Columbus	Columbus Recreation and Parks Department				3020 Cranston Dr, Dublin, OH 43017	3.13	Franklin	Columbus		40.0868117	-83.0974878	86GR3WP3+J2	Playground		https://columbusrecparks.com/parks/cranston-park/	https://columbusrecparks.com/parks/cranston-park/	
OH-FR-S-0132	Crawford Farms Park	Park			Active	City of Columbus	Columbus Recreation and Parks Department				351 Grandlin Park Dr, Blacklick, OH 43004	3.598	Franklin	Columbus		39.9930292	-82.7992765	86FVX6V2+72	Playground	Source: MORPC Parks and Open Space dataset (public-morpc.hub.arcgis.com), data updated 2025-07-01. MORPC ParkID: 156. MORPC Sub_Type: N (Neighborhood Park). Jurisdiction: Columbus. Status: Public.	https://columbusrecparks.com/parks/crawford-farms-park/	https://columbusrecparks.com/parks/crawford-farms-park/;https://public-morpc.hub.arcgis.com/datasets/parks-and-open-space/explore	
OH-FR-S-0133	Creek Ridge Parkland	Park			Active	City of Columbus	Columbus Recreation and Parks Department				4547 Hidden Ridge Ct, Columbus, OH 43230	12.334	Franklin	Columbus		40.0644778	-82.9218168	86GV337H+M2	Wildlife Observation Area		https://columbusrecparks.com/parks/creek-ridge-parkland/	https://columbusrecparks.com/parks/creek-ridge-parkland/	
OH-FR-S-0134	Creekstone Parkland	Park			Active	City of Columbus	Columbus Recreation and Parks Department				8301 Olympus Lane, Blacklick, OH 43004	7.25	Franklin	Columbus		39.9999077	-82.785189	86FVX6X7+X2	Wildlife Observation Area		https://columbusrecparks.com/parks/creekstone-parkland/	https://columbusrecparks.com/parks/creekstone-parkland/	
OH-FR-S-0135	Creekview Parkland	Park			Active	City of Columbus	Columbus Recreation and Parks Department				1625 Tall Meadows Dr, Columbus, OH 43223	18.558	Franklin	Columbus		39.9226351	-83.0810869	86FRWWF9+42	Wildlife Observation Area		https://columbusrecparks.com/parks/creekview-parkland/	https://columbusrecparks.com/parks/creekview-parkland/	
OH-FR-S-0136	Cremeans Park	Park			Active	City of Columbus	Columbus Recreation and Parks Department					6.67	Franklin	Columbus		40.0295056	-82.9890539	86GV22H6+V2	Basketball Court; Parking Lot; Picnic Shelter; Picnic Table Cluster; Playground		https://columbusrecparks.com/parks/cremeans-park/	https://columbusrecparks.com/parks/cremeans-park/	
OH-FR-S-0137	Crescent Park	Park			Active	City of Columbus	Columbus Recreation and Parks Department				2981 Crescent Dr, Columbus, OH 43204	0.469	Franklin	Columbus		39.9523801	-83.0795534	86FRXW2C+R2		CRP URL misspelled: 'cresent-park' (missing 's'). Correct spelling would be 'crescent-park'.	https://columbusrecparks.com/parks/cresent-park/	https://columbusrecparks.com/parks/crescent-park/	
OH-FR-S-0138	Cumberland Woods Parkland	Park			Active	City of Columbus	Columbus Recreation and Parks Department				1870 N Cassady Ave, Columbus, OH 43219	5.587	Franklin	Columbus		40.0090111	-82.9274808	86GV235F+J2	Wildlife Observation Area		https://columbusrecparks.com/parks/cumberland-woods-parkland/	https://columbusrecparks.com/parks/cumberland-woods-parkland/	
OH-FR-S-0139	Deaf School Park	Park			Active	City of Columbus	Columbus Recreation and Parks Department					7.5	Franklin	Columbus		39.9611571	-82.9876213	86FVX266+H2	Athletic Field; Ball Diamond; Basketball Court; Community Center; Parking Lot; Picnic Shelter; Playground; Tennis Court		https://columbusrecparks.com/parks/deaf-school-park/	https://columbusrecparks.com/parks/deaf-school-park/	
OH-FR-S-0140	Deems Parkland	Park			Active	City of Columbus	Columbus Recreation and Parks Department				3210 S Hamilton Road, Columbus, OH 43232	18.898	Franklin	Columbus		39.9101706	-82.8775293	86FVW46C+52	Wildlife Observation Area		https://columbusrecparks.com/parks/deems-parkland/	https://columbusrecparks.com/parks/deems-parkland/	
OH-FR-S-0141	Deer Lake Parkland	Park			Active	City of Columbus	Columbus Recreation and Parks Department				4802 Crocker Road, Columbus, OH 43232	1.312	Franklin	Columbus		39.9281883	-82.8663828	86FVW4HM+72	Pond; Wildlife Observation Area		https://columbusrecparks.com/parks/deer-lake-parkland/	https://columbusrecparks.com/parks/deer-lake-parkland/	
OH-FR-S-0142	Deffet Watercourse Dedication	Water Site			Active	City of Columbus	Columbus Recreation and Parks Department				3550 Senna Xander, Columbus, OH 43231	10.089	Franklin	Columbus		40.076509	-82.9203668	86GV33GH+Q2			https://columbusrecparks.com/parks/deffet-watercourse-dedication/	https://columbusrecparks.com/parks/deffet-watercourse-dedication/	
OH-FR-S-0143	Deshler Park	Park			Active	City of Columbus	Columbus Recreation and Parks Department				1368 E Deshler Ave., Columbus, OH 43206	9.929	Franklin	Columbus		39.9403662	-82.959051	86FVW2RR+32	Basketball Court; Playground		https://columbusrecparks.com/parks/deshler-park/	https://columbusrecparks.com/parks/deshler-park/	
OH-FR-S-0144	Devonshire Park	Park			Active	City of Columbus	Columbus Recreation and Parks Department					6.63	Franklin	Columbus		40.0957438	-82.9806344	86GV32W9+82	Basketball Court; Parking Lot; Picnic Shelter; Picnic Table Cluster; Playground		https://columbusrecparks.com/parks/devonshire-park/	https://columbusrecparks.com/parks/devonshire-park/	
OH-FR-S-0145	Dexter Falls Park	Park			Active	City of Columbus	Columbus Recreation and Parks Department					10.17	Franklin	Columbus		40.0568722	-83.1187542	86GR3V4J+M2	Multi-use Trail; Picnic Table Cluster; Playground; Wildlife Observation Area	Acquired in 1979.	https://columbusrecparks.com/parks/dexter-falls-park/	https://columbusrecparks.com/parks/dexter-falls-park/	
OH-FR-S-0146	Dodge Park	Park			Active	City of Columbus	Columbus Recreation and Parks Department				667 Sullivant Ave, Columbus, OH 43215	18.78	Franklin	Columbus		39.9533935	-83.0146993	86FRXX3P+62	Athletic Field; Ball Diamond; Basketball Court; Community Center; Community Garden; Disc Golf Course; Dog Park; Multi-use Trail; Parking Lot; Picnic Shelter; Picnic Table Cluster; Playground; Tennis Court; Wildlife Observation Area		https://columbusrecparks.com/parks/dodge-park/	https://columbusrecparks.com/parks/dodge-park/	
OH-FR-S-0147	Dorrian Commons Park	Park			Active	City of Columbus	Columbus Recreation and Parks Department			Borders COSI and the Scioto Mile.		0.23	Franklin	Columbus		39.9495863	-82.9119168	86FVW3XQ+R2	Multi-use Trail; Playground; Pollinator Garden	Possible name/record discrepancy: dorrian-green/ CRP page (6.32 acres, Downtown, near COSI) may refer to a different site from FR-S-0148 (Dorrian Green, 0.527 acres, Harrison West). Verify whether these are the same park or two distinct sites.	https://columbusrecparks.com/parks/dorrian-green/	https://columbusrecparks.com/parks/dorrian-commons-park/	
OH-FR-S-0148	Dorrian Green	Open Space			Active	City of Columbus	Columbus Recreation and Parks Department					6.32	Franklin	Columbus		39.9596119	-83.0080051	86FRXX5R+X2	Multi-use Trail		https://columbusrecparks.com/parks/dorrian-green/	https://columbusrecparks.com/parks/dorrian-green/	
OH-FR-S-0149	Dresden Park	Park			Active	City of Columbus	Columbus Recreation and Parks Department					0.38	Franklin	Columbus		40.0271887	-82.9710586	86GV22GH+W2	Basketball Court; Playground		https://columbusrecparks.com/parks/dresden-park/	https://columbusrecparks.com/parks/dresden-park/	
OH-FR-S-0150	Driving Park	Park			Active	City of Columbus	Columbus Recreation and Parks Department					23.75	Franklin	Columbus		39.9449066	-82.9488522	86FVW3V2+V2	Athletic Field; Ball Diamond; Basketball Court; Community Center; Multi-use Trail; Parking Lot; Picnic Shelter; Playground		https://columbusrecparks.com/parks/driving-park/	https://columbusrecparks.com/parks/driving-park/	
OH-FR-S-0151	Driving Park Circle	Park			Active	City of Columbus	Columbus Recreation and Parks Department					1.02	Franklin	Columbus		39.9459498	-82.9580702	86FVW2WR+92	Playground		https://columbusrecparks.com/parks/driving-park-circle/	https://columbusrecparks.com/parks/driving-park-circle/	
OH-FR-S-0152	Dry Run Parkland	Park			Active	City of Columbus	Columbus Recreation and Parks Department				2857 Valley View Dr, Columbus, OH 43204	2.912	Franklin	Columbus		39.9609261	-83.0789922	86FRXW6C+72	Wildlife Observation Area		https://columbusrecparks.com/parks/dry-run-parkland/	https://columbusrecparks.com/parks/dry-run-parkland/	
OH-FR-S-0153	Duranceau Park	Park			Active	City of Columbus	Columbus Recreation and Parks Department				3470 Dublin Road, Columbus, OH 43221	17.669	Franklin	Columbus		40.0221924	-83.0971463	86GR2WC3+R2	Basketball Court; Playground		https://columbusrecparks.com/parks/duranceau-park/	https://columbusrecparks.com/parks/duranceau-park/	
OH-FR-S-0154	Dysart Run and East Broad Parkland	Park			Active	City of Columbus	Columbus Recreation and Parks Department				8310 Hickory Overlook, Blacklick, OH 43004	6.581	Franklin	Columbus		39.9893361	-82.7943409	86FVX6Q4+M2	Wildlife Observation Area	CRP URL uses abbreviation 'e-broad' not 'east-broad'. CRP description contains typo: 'Dry Ryn' instead of 'Dysart Run'.	https://columbusrecparks.com/parks/dysart-run-and-e-broad-parkland/	https://columbusrecparks.com/parks/dysart-run-and-east-broad-parkland/	
OH-FR-S-0155	Dysart Run Park	Park			Active	City of Columbus	Columbus Recreation and Parks Department				279 N Waggoner Road, Reynoldsburg, OH 43068	4.034	Franklin	Columbus		39.9910637	-82.7928796	86FVX6R4+H2	Athletic Field; Basketball Court; Disc Golf Course; Parking Lot; Picnic Shelter; Picnic Table Cluster; Playground; Pond; Tennis Court; Wildlife Observation Area		https://columbusrecparks.com/parks/dysart-run-park/	https://columbusrecparks.com/parks/dysart-run-park/	
OH-FR-S-0156	Dysart Run Parkland	Park			Active	City of Columbus	Columbus Recreation and Parks Department				119 N Waggoner Road, Reynoldsburg, OH 43068	46.199	Franklin	Columbus		39.9937719	-82.7796014	86FVX6VC+C2	Wildlife Observation Area		https://columbusrecparks.com/parks/dysart-run-parkland/	https://columbusrecparks.com/parks/dysart-run-parkland/	
OH-FR-S-0157	Eastern Glen Parkland	Park			Active	City of Columbus	Columbus Recreation and Parks Department			conservation area in the Northeast and North Central communities. Eastern Glen Parkland is accessed through the Alum Creek Trail from Mock Park. Nearby, you can enjoy Alum Creek Koch Parkland, and Mock Nature Preserve.		8.85	Franklin	Columbus		40.0076185	-82.9347592	86GV2358+22	Wildlife Observation Area		https://columbusrecparks.com/parks/eastern-glen-parkland/	https://columbusrecparks.com/parks/eastern-glen-parkland/	
OH-FR-S-0158	Easthaven Park	Park			Active	City of Columbus	Columbus Recreation and Parks Department				2405 Weyburn Rd, Columbus, OH 43232	5.28	Franklin	Columbus		39.9232663	-82.9048367	86FVW3FW+62	Playground		https://columbusrecparks.com/parks/easthaven-park/	https://columbusrecparks.com/parks/easthaven-park/	
OH-FR-S-0159	Elk Run Park	Park			Active	City of Columbus	Columbus Recreation and Parks Department			Elk Run Park is a trailhead for the Big Walnut Trail, which provides access to Elk Run/Winchester Pike Parkland and Three Creeks Park.	3600 Hendron Rd, Groveport, OH 43125	36.26	Franklin	Columbus		39.896714	-82.8969722	86FVV4W3+J2	Athletic Field; Ball Diamond; Multi-use Trail; Parking Lot; Wildlife Observation Area		https://columbusrecparks.com/parks/elk-run-park/	https://columbusrecparks.com/parks/elk-run-park/	
OH-FR-S-0160	Elk Run/Winchester Pike Parkland	Park			Active	City of Columbus	Columbus Recreation and Parks Department			Elk Run/Winchester Pike Parkland is accessed through the Big Walnut Trail from Elk Run Park. Nearby, you can enjoy Winchester Bend Parkland, Big Walnut-Williams Rd Parkland COH, and Big Walnut-Edgewater Parkland COH.	4411 Winchester Pike, Columbus, OH 43232	40.85	Franklin	Columbus		39.8994495	-82.8890952	86FVV4X6+M2	Wildlife Observation Area	Acquired in 2004.	https://columbusrecparks.com/parks/elk-run-winchester-pike-parkland/	https://columbusrecparks.com/parks/elk-run-winchester-pike-parkland/	
OH-FR-S-0161	English Park	Park			Active	City of Columbus	Columbus Recreation and Parks Department				1277 Bryden Rd, Columbus, OH 43205	0.569	Franklin	Columbus		39.9600342	-82.9654507	86FVX26M+52	Playground		https://columbusrecparks.com/parks/english-park/	https://columbusrecparks.com/parks/english-park/	
OH-FR-S-0162	Fairwood Park	Park			Active	City of Columbus	Columbus Recreation and Parks Department					26.56	Franklin	Columbus		39.9381971	-82.9504546	86FVW2QX+92	Basketball Court; Playground		https://columbusrecparks.com/parks/fairwood-park/	https://columbusrecparks.com/parks/fairwood-park/	
OH-FR-S-0163	Fisher Road Parkland	Park			Active	City of Columbus	Columbus Recreation and Parks Department				3843 Fisher Rd, Columbus, OH 43228	1.02	Franklin	Columbus		39.9751141	-83.1242582	86FRXVGG+32	Wildlife Observation Area		https://columbusrecparks.com/parks/fisher-road-parkland/	https://columbusrecparks.com/parks/fisher-road-parkland/	
OH-FR-S-0164	Flatwood Park	Park			Active	City of Columbus	Columbus Recreation and Parks Department				6016 Alkire Rd, Galloway, OH 43119	88	Franklin	Columbus		39.949967	-82.910676	86FVW3XQ+W2	Athletic Field; Ball Diamond; Basketball Court; Multi-use Trail; Parking Lot; Picnic Shelter; Playground; Tennis Court		https://columbusrecparks.com/parks/flatwood-park/	https://columbusrecparks.com/parks/flatwood-park/	
OH-FR-S-0165	Flint Park	Park			Active	City of Columbus	Columbus Recreation and Parks Department					5.67	Franklin	Columbus		40.1279398	-83.0095387	86GR4XHR+22	Basketball Court; Playground		https://columbusrecparks.com/parks/flint-park/	https://columbusrecparks.com/parks/flint-park/	
OH-FR-S-0166	Forest Creek Park	Park			Active	City of Columbus	Columbus Recreation and Parks Department				2812 Oak Forest Dr, Grove City, OH 43123	4.1	Franklin	Columbus		39.9133121	-83.0785367	86FRWW7C+82	Basketball Court; Playground		https://columbusrecparks.com/parks/forest-creek-park/	https://columbusrecparks.com/parks/forest-creek-park/	
OH-FR-S-0167	Forest Park East Park	Park			Active	City of Columbus	Columbus Recreation and Parks Department					4.03	Franklin	Columbus		40.0738818	-82.9705645	86GV32FH+H2	Basketball Court; Playground		https://columbusrecparks.com/parks/forest-park-east-park/	https://columbusrecparks.com/parks/forest-park-east-park/	
OH-FR-S-0168	Fran Ryan Center	Recreation Facility			Active	City of Columbus	Columbus Recreation and Parks Department				865 E Capital St, Columbus, OH 43205	3.758	Franklin			39.964164	-82.978039	86FVX27C+Q2	Community Center		https://columbusrecparks.com/parks/fran-ryan-center/	https://columbusrecparks.com/parks/fran-ryan-center/	
OH-FR-S-0169	Frank Fetch Memorial Park	Memorial			Active	City of Columbus	Columbus Recreation and Parks Department					0.191	Franklin	Grandview Heights		39.9830057	-83.0355239	86FRXXM7+92	Playground	Source: MORPC Parks and Open Space dataset (public-morpc.hub.arcgis.com), data updated 2025-07-01. MORPC ParkID: 229. MORPC Sub_Type: N (Neighborhood Park). Jurisdiction: Columbus. Status: Public.	https://columbusrecparks.com/parks/frank-fetch-memorial-park/	https://columbusrecparks.com/parks/frank-fetch-memorial-park/;https://public-morpc.hub.arcgis.com/datasets/parks-and-open-space/explore	
OH-FR-S-0170	Franklin Park	Park			Active	City of Columbus	Columbus Recreation and Parks Department			Franklin Park features the Franklin Park Conservatory and Botanical Gardens. Franklin Park is a trailhead for the Alum Creek Trail which provides access to Driving Park and Wolfe Park.		88	Franklin	Columbus		39.9083339	-82.9683115	86FVW25J+82	Garden; Multi-use Trail; Parking Lot		https://columbusrecparks.com/parks/franklin-park/	https://columbusrecparks.com/parks/franklin-park/	
OH-FR-S-0171	Frank's Park	Park			Active	City of Columbus	Columbus Recreation and Parks Department			Trailhead for the Mudsock Trail, providing access to Clover-Kenney Parkland and Clover Groff Natural Area. Donated to the City of Columbus by Dr. & Mrs. Francis Barnes in memory of their son Francis Richard Barnes (1962–1991).		0.11	Franklin	Columbus		39.9615006	-83.0884056	86FRXW66+P2	Athletic Field; Multi-use Trail; Parking Lot; Picnic Table Cluster; Playground; Pollinator Garden; Pond	CRP URL slug is 'franks-park' (no apostrophe), not 'frank-s-park' as originally recorded.	https://columbusrecparks.com/parks/franks-park/	https://columbusrecparks.com/parks/frank-s-park/	
OH-FR-S-0172	Freedom Park	Park			Active	City of Columbus	Columbus Recreation and Parks Department					7.98	Franklin	Columbus		39.9279923	-83.1466045	86FRWVH3+32	Basketball Court; Playground		https://columbusrecparks.com/parks/freedom-park/	https://columbusrecparks.com/parks/freedom-park/	
OH-FR-S-0173	Galloway Ridge Park	Park			Active	City of Columbus	Columbus Recreation and Parks Department					8.25	Franklin			39.9091882	-83.1613318	86FRWR5Q+M2	Athletic Field; Ball Diamond; Basketball Court; Multi-use Trail; Parking Lot; Picnic Shelter; Picnic Table Cluster; Playground; Pond; Tennis Court; Wildlife Observation Area		https://columbusrecparks.com/parks/galloway-ridge-park/	https://columbusrecparks.com/parks/galloway-ridge-park/	
OH-FR-S-0174	Galloway Road Parkland	Park			Active	City of Columbus	Columbus Recreation and Parks Department					123.52	Franklin	Columbus		39.9154242	-83.1587874	86FRWR8R+32	Multi-use Trail; Pond; Wildlife Observation Area		https://columbusrecparks.com/parks/galloway-road-parkland/	https://columbusrecparks.com/parks/galloway-road-parkland/	
OH-FR-S-0175	Gelpi Parkland	Park			Active	City of Columbus	Columbus Recreation and Parks Department				Near Alum Creek Trail via Cooper Sports Park	17.063	Franklin	Columbus		40.1037488	-82.9373532	86GV4337+C2			https://columbusrecparks.com/parks/gelpi-parkland/	https://columbusrecparks.com/parks/gelpi-parkland/	
OH-FR-S-0176	Gender Road Parkland	Park			Active	City of Columbus	Columbus Recreation and Parks Department				4248 Gender Road, Canal Winchester, OH 43110	31.988	Franklin	Columbus		39.8954942	-82.8221239	86FVV5WH+22			https://columbusrecparks.com/parks/gender-road-parkland/	https://columbusrecparks.com/parks/gender-road-parkland/	
OH-FR-S-0177	Genoa Park	Park			Active	City of Columbus	Columbus Recreation and Parks Department			Genoa Park is a trailhead for the Scioto Trail.		20.03	Franklin	Columbus		39.9609381	-83.0059729	86FRXX6V+82	Amphitheater; Multi-use Trail		https://columbusrecparks.com/parks/genoa-park/	https://columbusrecparks.com/parks/genoa-park/	
OH-FR-S-0178	Georgesville Green Parkland	Park			Active	City of Columbus	Columbus Recreation and Parks Department					8.058	Franklin	Columbus		39.9333457	-83.1173965	86FRWVMM+62	Wildlife Observation Area		https://columbusrecparks.com/parks/georgesville-green-parkland/	https://columbusrecparks.com/parks/georgesville-green-parkland/	
OH-FR-S-0179	Georgian Heights Park	Park			Active	City of Columbus	Columbus Recreation and Parks Department					10.64	Franklin	Columbus		39.9343527	-83.1068081	86FRWVMV+M2	Wildlife Observation Area		https://columbusrecparks.com/parks/georgian-heights-park/	https://columbusrecparks.com/parks/georgian-heights-park/	
OH-FR-S-0180	Glen Echo Park	Park			Active	City of Columbus	Columbus Recreation and Parks Department			Glen Echo Park is a trailhead for the Olentangy Trail which provides access to Beatty Park and Griggs Park.		7.14	Franklin	Columbus		40.0193874	-82.9985114	86GV2292+P2	Historic Marker; Multi-use Trail; Picnic Table Cluster; Wildlife Observation Area		https://columbusrecparks.com/parks/glen-echo-park/	https://columbusrecparks.com/parks/glen-echo-park/	
OH-FR-S-0181	Glen High Parkland	Park			Active	City of Columbus	Columbus Recreation and Parks Department				2720 N High St, Columbus, OH	0.5	Franklin	Columbus		40.0189262	-83.0106701	86GR2X9Q+G2	Wildlife Observation Area		https://columbusrecparks.com/parks/glen-high-parkland/	https://columbusrecparks.com/parks/glen-high-parkland/	
OH-FR-S-0182	Glenmawr Park	Park			Active	City of Columbus	Columbus Recreation and Parks Department					0.77	Franklin	Columbus		40.0168645	-82.9987407	86GV2282+P2	Historic Marker		https://columbusrecparks.com/parks/glenmawr-park/	https://columbusrecparks.com/parks/glenmawr-park/	
OH-FR-S-0183	Glenview Park	Park			Active	City of Columbus	Columbus Recreation and Parks Department					3.72	Franklin	Columbus		39.9622886	-83.0647686	86FRXW6P+R2	Multi-use Trail; Wildlife Observation Area		https://columbusrecparks.com/parks/glenview-park/	https://columbusrecparks.com/parks/glenview-park/	
OH-FR-S-0184	Glenwood Park	Park			Active	City of Columbus	Columbus Recreation and Parks Department					16.72	Franklin	Columbus		39.9553329	-83.0494523	86FRXX42+22	Basketball Court; Community Center; Community Garden; Multi-use Trail; Parking Lot; Pickleball Court; Picnic Shelter; Picnic Table Cluster; Playground; Swimming Pool; Wildlife Observation Area		https://columbusrecparks.com/parks/glenwood-park/	https://columbusrecparks.com/parks/glenwood-park/	
OH-FR-S-0185	Godown Dog Park	Park			Active	City of Columbus	Columbus Recreation and Parks Department					0.03	Franklin	Columbus		39.9470359	-82.9121485	86FVW3WQ+R2	Dog Park; Multi-use Trail; Parking Lot; Pollinator Garden; Rain Garden; Wildlife Observation Area		https://columbusrecparks.com/parks/godown-dog-park/	https://columbusrecparks.com/parks/godown-dog-park/	
OH-FR-S-0186	Goodale Park	Park			Active	City of Columbus	Columbus Recreation and Parks Department					75	Franklin	Columbus		39.975446	-83.0069998	86FRXXGV+22	Ball Diamond; Basketball Court; Gazebo; Multi-use Trail; Parking Lot; Picnic Shelter; Picnic Table Cluster; Playground; Pond; Tennis Court		https://columbusrecparks.com/parks/goodale-park/	https://columbusrecparks.com/parks/goodale-park/	
OH-FR-S-0187	Gould Park	Park			Active	City of Columbus	Columbus Recreation and Parks Department				4494 Blendon Dr, Columbus, OH 43230	0.186	Franklin	Columbus		40.0696888	-82.8973589	86GV3493+R2	Basketball Court; Playground		https://columbusrecparks.com/parks/gould-park/	https://columbusrecparks.com/parks/gould-park/	
OH-FR-S-0188	Granville Park	Park			Active	City of Columbus	Columbus Recreation and Parks Department					5.09	Franklin	Columbus		40.0807106	-82.95688	86GV32JV+62	Basketball Court; Playground		https://columbusrecparks.com/parks/granville-park/	https://columbusrecparks.com/parks/granville-park/	
OH-FR-S-0189	Greene Countrie Park	Park			Active	City of Columbus	Columbus Recreation and Parks Department					17.06	Franklin	Columbus		39.9393695	-83.1492887	86FRWVQ2+M2	Basketball Court; Playground		https://columbusrecparks.com/parks/greene-countrie-park/	https://columbusrecparks.com/parks/greene-countrie-park/	
OH-FR-S-0190	Greenlawn Park	Park			Active	City of Columbus	Columbus Recreation and Parks Department					17.98	Franklin	Columbus		39.9409452	-83.005971	86FRWXRV+82	Basketball Court; Playground		https://columbusrecparks.com/parks/greenlawn-park/	https://columbusrecparks.com/parks/greenlawn-park/	
OH-FR-S-0191	Greenwich Street Island	Open Space			Active	City of Columbus	Columbus Recreation and Parks Department				2770 Greenwich St, Columbus, OH 43224	0.424	Franklin			40.023574	-82.966814	86GV22FM+F2	Playground		https://columbusrecparks.com/parks/greenwich-street-island/	https://columbusrecparks.com/parks/greenwich-street-island/	
OH-FR-S-0192	Griggs Nature Preserve	Nature Preserve			Active	City of Columbus	Columbus Recreation and Parks Department				6245 Riverside Dr, Dublin, OH 43017	40.903	Franklin	New Albany		40.0864502	-82.8210418	86GV35PH+G2	Wildlife Observation Area		https://columbusrecparks.com/parks/griggs-nature-preserve/	https://columbusrecparks.com/parks/griggs-nature-preserve/	
OH-FR-S-0193	Griggs Park	Park			Active	City of Columbus	Columbus Recreation and Parks Department			Griggs Park is a trailhead for the Olentangy Trail which provides access to Beatty Park and Antrim Park.	2933 Riverside Dr., Columbus, OH 43228	164.298	Franklin	Columbus		40.0177157	-83.0912245	86GR2W95+42	Boat Ramp; Multi-use Trail; Parking Lot		https://columbusrecparks.com/parks/griggs-park/	https://columbusrecparks.com/parks/griggs-park/	
OH-FR-S-0194	Guilford Park	Park			Active	City of Columbus	Columbus Recreation and Parks Department				66 N Guilford Ave, Columbus, OH 43222	0.693	Franklin	Columbus		39.9590305	-83.0399814	86FRXX56+J2			https://columbusrecparks.com/parks/guilford-park/	https://columbusrecparks.com/parks/guilford-park/	
OH-FR-S-0195	Hamilton Avenue Street Park	Park			Active	City of Columbus	Columbus Recreation and Parks Department				69 Hamilton Park, Columbus, OH 43203	0.393	Franklin	Columbus		39.9658982	-82.9814635	86FVX289+72	Playground		https://columbusrecparks.com/parks/hamilton-avenue-street-park/	https://columbusrecparks.com/parks/hamilton-avenue-street-park/	
OH-FR-S-0196	Hamilton Heights Parkland	Park			Active	City of Columbus	Columbus Recreation and Parks Department				1015 Radbourne Dr, Columbus	3.67	Franklin	Columbus		39.8827404	-82.9697254	86FVV2MJ+22	Wildlife Observation Area		https://columbusrecparks.com/parks/hamilton-heights-parkland/	https://columbusrecparks.com/parks/hamilton-heights-parkland/	
OH-FR-S-0197	Hamilton Road Wetland Nature Preserve	Nature Preserve			Active	City of Columbus	Columbus Recreation and Parks Department				6135 N Hamilton Road, Columbus, OH 43081	77.743	Franklin	Columbus		40.0854597	-82.8589274	86GV34PR+32	Parking Lot; Wildlife Observation Area		https://columbusrecparks.com/parks/hamilton-road-wetland-nature-preserve/	https://columbusrecparks.com/parks/hamilton-road-wetland-nature-preserve/	
OH-FR-S-0198	Hamilton Road Wetland North	Natural Area			Active	City of Columbus	Columbus Recreation and Parks Department				6124 N Hamilton Road, Columbus	16.05	Franklin	Columbus		40.0868366	-82.8501586	86GV34PX+Q2	Parking Lot; Wildlife Observation Area		https://columbusrecparks.com/parks/hamilton-road-wetland-north/	https://columbusrecparks.com/parks/hamilton-road-wetland-north/	
OH-FR-S-0199	Hamilton Street Islands	Open Space			Active	City of Columbus	Columbus Recreation and Parks Department				1679 S Hamilton Road, Columbus	3.78	Franklin	Columbus		39.9414908	-82.8781836	86FVW4RC+G2			https://columbusrecparks.com/parks/hamilton-street-islands/	https://columbusrecparks.com/parks/hamilton-street-islands/	
OH-FR-S-0200	Hanford Village Park	Park			Active	City of Columbus	Columbus Recreation and Parks Department			Hanford Village Park is a trailhead for the Alum Creek Trail which provides access to Alum Creek/Livingston Parkland and Alum Creek/Hanford Parkland.		2.03	Franklin	Columbus		39.9525454	-82.9442771	86FVX334+32	Athletic Field; Ball Diamond; Basketball Court; Multi-use Trail; Parking Lot; Playground; Tennis Court		https://columbusrecparks.com/parks/hanford-village-park/	https://columbusrecparks.com/parks/hanford-village-park/	
OH-FR-S-0201	Hard Road Park	Park			Active	City of Columbus	Columbus Recreation and Parks Department					0.07	Franklin	Columbus		39.9499622	-82.9107112	86FVW3XQ+W2	Athletic Field; Ball Diamond; Basketball Court; Dog Park; Parking Lot; Pickleball Court; Picnic Shelter; Picnic Table Cluster; Playground; Tennis Court		https://columbusrecparks.com/parks/hard-road-park/	https://columbusrecparks.com/parks/hard-road-park/	
OH-FR-S-0202	Harrison Park	Park			Active	City of Columbus	Columbus Recreation and Parks Department					4.86	Franklin	Columbus		39.9807524	-83.020592	86FRXXJH+92	Basketball Court; Playground		https://columbusrecparks.com/parks/harrison-park/	https://columbusrecparks.com/parks/harrison-park/	
OH-FR-S-0203	Harrison Smith Park	Park			Active	City of Columbus	Columbus Recreation and Parks Department					0.03	Franklin	Columbus		40.0520437	-83.0225386	86GR3X2G+X2	Basketball Court; Playground		https://columbusrecparks.com/parks/harrison-smith-park/	https://columbusrecparks.com/parks/harrison-smith-park/	
OH-FR-S-0204	Harrison West Park	Park			Active	City of Columbus	Columbus Recreation and Parks Department					0.34	Franklin	Columbus		39.9855239	-83.017489	86FRXXPM+62	Playground		https://columbusrecparks.com/parks/harrison-west-park/	https://columbusrecparks.com/parks/harrison-west-park/	
OH-FR-S-0205	Hauntz Park	Park			Active	City of Columbus	Columbus Recreation and Parks Department					5.67	Franklin	Columbus		39.9465939	-83.0486376	86FRWXW2+P2	Basketball Court; Playground		https://columbusrecparks.com/parks/hauntz-park/	https://columbusrecparks.com/parks/hauntz-park/	
OH-FR-S-0206	Hawthorne Park	Park			Active	City of Columbus	Columbus Recreation and Parks Department					0.41	Franklin	Columbus		39.9699751	-82.9588328	86FVX29R+V2	Basketball Court; Parking Lot; Picnic Shelter; Playground; Tennis Court		https://columbusrecparks.com/parks/hawthorne-park/	https://columbusrecparks.com/parks/hawthorne-park/	
OH-FR-S-0207	Hayden Bowman Parkland	Park			Active	City of Columbus	Columbus Recreation and Parks Department				4573 Hayden Run Rd, Columbus, OH 43221	3.849	Franklin	Columbus		40.0670626	-83.1138601	86GR3V8P+V2	Wildlife Observation Area		https://columbusrecparks.com/parks/hayden-bowman-parkland/	https://columbusrecparks.com/parks/hayden-bowman-parkland/	
OH-FR-S-0208	Hayden Falls Nature Preserve	Nature Preserve			Active	City of Columbus	Columbus Recreation and Parks Department				4325 Hayden Run Road, Columbus, OH 43221	3.475	Franklin	Columbus		40.067407	-83.109566	86GR3V8R+R2	Multi-use Trail; Parking Lot; Wildlife Observation Area		https://columbusrecparks.com/parks/hayden-falls-nature-preserve/	https://columbusrecparks.com/parks/hayden-falls-nature-preserve/	
OH-FR-S-0209	Hayden Park	Park			Active	City of Columbus	Columbus Recreation and Parks Department					1.8	Franklin	Columbus		39.9896595	-82.938413	86FVX3Q6+W2	Basketball Court; Picnic Shelter; Playground		https://columbusrecparks.com/parks/hayden-park/	https://columbusrecparks.com/parks/hayden-park/	
OH-FR-S-0210	Hayden's Crossing North Parkland	Park			Active	City of Columbus	Columbus Recreation and Parks Department					10.01	Franklin	Columbus		40.0639024	-83.1685563	86GR3R7J+G2	Wildlife Observation Area	Source: MORPC Parks and Open Space dataset (public-morpc.hub.arcgis.com), data updated 2025-07-01. MORPC ParkID: not assigned. MORPC Sub_Type: CON (Conservation Area). Jurisdiction: Columbus. Status: Public. | CRP URL slug uses 'haydens' (no apostrophe), not 'hayden-s' as originally recorded. Acquired in 2017.	https://columbusrecparks.com/parks/haydens-crossing-north-parkland/	https://columbusrecparks.com/parks/hayden-s-crossing-north-parkland/;https://public-morpc.hub.arcgis.com/datasets/parks-and-open-space/explore	
OH-FR-S-0211	Hayden's Crossing Park	Park			Active	City of Columbus	Columbus Recreation and Parks Department					10.737	Franklin	Columbus		39.9881074	-82.9375186	86FVX3Q6+92	Multi-use Trail; Picnic Shelter; Picnic Table Cluster; Playground; Pond; Wildlife Observation Area	Source: MORPC Parks and Open Space dataset (public-morpc.hub.arcgis.com), data updated 2025-07-01. MORPC ParkID: not assigned. MORPC Sub_Type: N (Neighborhood Park). Jurisdiction: Columbus. Status: Public. | CRP URL slug uses 'haydens' (no apostrophe), not 'hayden-s' as originally recorded.	https://columbusrecparks.com/parks/haydens-crossing-park/	https://columbusrecparks.com/parks/hayden-s-crossing-park/;https://public-morpc.hub.arcgis.com/datasets/parks-and-open-space/explore	
OH-FR-S-0212	Heer Park	Park			Active	City of Columbus	Columbus Recreation and Parks Department					8.1	Franklin	Columbus		39.8910047	-83.0005049	86FRVXRX+H2	Playground		https://columbusrecparks.com/parks/heer-park/	https://columbusrecparks.com/parks/heer-park/	
OH-FR-S-0213	Hellbranch Confluence	Water Site			Active	City of Columbus	Columbus Recreation and Parks Department					7.821	Franklin	Columbus		39.945023	-83.1774531	86FRWRWF+22	Wildlife Observation Area		https://columbusrecparks.com/parks/hellbranch-confluence/	https://columbusrecparks.com/parks/hellbranch-confluence/	
OH-FR-S-0214	Helsel Park	Park			Active	City of Columbus	Columbus Recreation and Parks Department					42.83	Franklin	Columbus		39.9105393	-82.8853007	86FVW467+92	Playground		https://columbusrecparks.com/parks/helsel-park/	https://columbusrecparks.com/parks/helsel-park/	
OH-FR-S-0215	Heritage Park	Park			Active	City of Columbus	Columbus Recreation and Parks Department				60 N Cleveland Ave, Westerville, OH 43081	54.39	Franklin	Westerville		40.1293042	-82.9453211	86GV43H3+Q2	Playground	Source: parks.westerville.org (domain egress-blocked; address confirmed via Yelp/Google/Waze/mypacer third-party listings, 2026-03-14). Historic park; land donated in 1978 by John Antrim. Includes Rosedale Farm historic site. Connected to Alum Creek Trail.	https://columbusrecparks.com/parks/heritage-park/	https://columbusrecparks.com/parks/heritage-park/;https://parks.westerville.org/parks-trails/parks	
OH-FR-S-0216	Hickory Woods Nature Preserve	Nature Preserve			Active	City of Columbus	Columbus Recreation and Parks Department				2485 Willis Rd, Dublin, OH 43016	5.222	Franklin	Dublin		40.1308576	-83.0827762	86GR4WJ8+92	Parking Lot; Wildlife Observation Area		https://columbusrecparks.com/parks/hickory-woods-nature-preserve/	https://columbusrecparks.com/parks/hickory-woods-nature-preserve/	
OH-FR-S-0217	Highbluffs Park	Park			Active	City of Columbus	Columbus Recreation and Parks Department					3.27	Franklin	Columbus		40.1333431	-83.017871	86GR4XMJ+92	Multi-use Trail; Parking Lot; Picnic Shelter; Picnic Table Cluster; Playground; Pond; Wildlife Observation Area		https://columbusrecparks.com/parks/highbluffs-park/	https://columbusrecparks.com/parks/highbluffs-park/	
OH-FR-S-0218	Hilliard Green Park	Park			Active	City of Columbus	Columbus Recreation and Parks Department					16.66	Franklin	Columbus		39.9965771	-83.1463457	86FRXVW3+M2	Playground		https://columbusrecparks.com/parks/hilliard-green-park/	https://columbusrecparks.com/parks/hilliard-green-park/	
OH-FR-S-0219	Hilltonia Park	Park			Active	City of Columbus	Columbus Recreation and Parks Department					9.5	Franklin	Columbus		39.9370207	-83.06112	86FRWWPQ+W2	Athletic Field; Basketball Court; Picnic Shelter; Picnic Table Cluster; Playground; Tennis Court		https://columbusrecparks.com/parks/hilltonia-park/	https://columbusrecparks.com/parks/hilltonia-park/	
OH-FR-S-0220	Holt Avenue Parkland	Park			Active	City of Columbus	Columbus Recreation and Parks Department				2211 Holt Ave, Columbus, OH 43219	0.958	Franklin	Columbus		39.9996581	-82.9473313	86FVX3X3+R2		Source: MORPC Parks and Open Space dataset (public-morpc.hub.arcgis.com), data updated 2025-07-01. MORPC ParkID: not assigned. MORPC Sub_Type: NOS (Neighborhood Open Space). Jurisdiction: Columbus. Status: Public.	https://columbusrecparks.com/parks/holt-avenue-parkland/	https://columbusrecparks.com/parks/holt-avenue-parkland/;https://public-morpc.hub.arcgis.com/datasets/parks-and-open-space/explore	
OH-FR-S-0221	Holton Park	Park			Active	City of Columbus	Columbus Recreation and Parks Department					8.27	Franklin	Columbus		39.9616699	-83.0676568	86FRXW6J+Q2	Basketball Court; Playground		https://columbusrecparks.com/parks/holton-park/	https://columbusrecparks.com/parks/holton-park/	
OH-FR-S-0222	Hoover Prairie Nature Preserve	Nature Preserve			Active	City of Columbus	Columbus Recreation and Parks Department				7445 Cubbage Road, Westerville, OH 43081	39.863	Franklin	Grove City		39.8878876	-83.0571453	86FRVWQV+22	Parking Lot; Wildlife Observation Area		https://columbusrecparks.com/parks/hoover-prairie-nature-preserve/	https://columbusrecparks.com/parks/hoover-prairie-nature-preserve/	
OH-FR-S-0223	Huy Road Park	Park			Active	City of Columbus	Columbus Recreation and Parks Department					8.18	Franklin	Columbus		40.0331351	-82.9751724	86GV22MF+92	Playground		https://columbusrecparks.com/parks/huy-road-park/	https://columbusrecparks.com/parks/huy-road-park/	
OH-FR-S-0224	Igel/Alum Creek Water Dedication	Water Site			Active	City of Columbus	Columbus Recreation and Parks Department				2080 Alum Creek Dr, Columbus, OH 43207	4.338	Franklin	Columbus		39.9268301	-82.9331258	86FVW3G8+P2			https://columbusrecparks.com/parks/igel-alum-creek-water-dedication/	https://columbusrecparks.com/parks/igel-alum-creek-water-dedication/	
OH-FR-S-0225	Independence Village Park	Park			Active	City of Columbus	Columbus Recreation and Parks Department					10.14	Franklin	Columbus		39.920221	-82.8183038	86FVW5CJ+42	Basketball Court; Playground		https://columbusrecparks.com/parks/independence-village-park/	https://columbusrecparks.com/parks/independence-village-park/	
OH-FR-S-0226	Indianola Park	Park			Active	City of Columbus	Columbus Recreation and Parks Department					2.4084721	Franklin	Worthington		40.0777649	-83.0015584	86GR3XHX+32	Basketball Court; Playground	Source: MORPC Parks and Open Space dataset (public-morpc.hub.arcgis.com), data updated 2025-07-01. MORPC ParkID: 346. MORPC Sub_Type: N.	https://columbusrecparks.com/parks/indianola-park/	https://columbusrecparks.com/parks/indianola-park/;https://public-morpc.hub.arcgis.com/datasets/parks-and-open-space/explore	
OH-FR-S-0227	Innis Park	Park			Active	City of Columbus	Columbus Recreation and Parks Department			Innis Park is a trailhead for the Alum Creek Trail which provides access to Anheuser Busch Sports Park and Mock Park.		99.108	Franklin			40.0381509	-82.9352053	86GV23Q7+92	Athletic Field; Ball Diamond; Basketball Court; Disc Golf Course; Multi-use Trail; Parking Lot; Picnic Table Cluster; Playground; Wildlife Observation Area	Columbus Recreation and Parks Department official listing	https://columbusrecparks.com/parks/innis-park/	https://columbusrecparks.com/parks/innis-park/	
OH-FR-S-0228	Island View Nature Preserve	Nature Preserve			Active	City of Columbus	Columbus Recreation and Parks Department				403 Westview Ave., Columbus, OH 43214	9.34	Franklin	Columbus		40.0703614	-83.0315179	86GR3XC9+32	Parking Lot; Pond; Wildlife Observation Area		https://columbusrecparks.com/parks/island-view-nature-preserve/	https://columbusrecparks.com/parks/island-view-nature-preserve/	
OH-FR-S-0229	Island View Parkland	Park			Active	City of Columbus	Columbus Recreation and Parks Department				403 Westview Avenue, Columbus, OH 43214	10.248	Franklin			40.0695094	-83.0327833	86GR3X98+X2	Wildlife Observation Area		https://columbusrecparks.com/parks/island-view-parkland/	https://columbusrecparks.com/parks/island-view-parkland/	
OH-FR-S-0230	Italian Village Park	Park			Active	City of Columbus	Columbus Recreation and Parks Department					0.83	Franklin	Columbus		39.9788699	-83.0023326	86FRXXHX+C2			https://columbusrecparks.com/parks/italian-village-park/	https://columbusrecparks.com/parks/italian-village-park/	
OH-FR-S-0231	Iuka Park	Park			Active	City of Columbus	Columbus Recreation and Parks Department					4.1	Franklin	Columbus		40.0052531	-83.0008695	86GR2X4X+42	Playground		https://columbusrecparks.com/parks/iuka-park/	https://columbusrecparks.com/parks/iuka-park/	
OH-FR-S-0232	Jefferson Woods Park	Park			Active	City of Columbus	Columbus Recreation and Parks Department					1.86	Franklin	Columbus		39.9960491	-82.7804875	86FVX6W9+H2	Basketball Court; Picnic Shelter; Playground		https://columbusrecparks.com/parks/jefferson-woods-park/	https://columbusrecparks.com/parks/jefferson-woods-park/	
OH-FR-S-0233	Jefferson Woods Ravine	Natural Area			Active	City of Columbus	Columbus Recreation and Parks Department					7.04	Franklin	Columbus		39.9967394	-82.7870896	86FVX6W7+J2	Wildlife Observation Area		https://columbusrecparks.com/parks/jefferson-woods-ravine/	https://columbusrecparks.com/parks/jefferson-woods-ravine/	
OH-FR-S-0234	Joan Park	Park			Active	City of Columbus	Columbus Recreation and Parks Department					4	Franklin	Columbus		40.0156415	-82.9586704	86GV228R+82	Playground		https://columbusrecparks.com/parks/joan-park/	https://columbusrecparks.com/parks/joan-park/	
OH-FR-S-0235	John Burroughs Park	Park			Active	City of Columbus	Columbus Recreation and Parks Department				625 S Richardson Ave, Columbus, OH 43204	1.78	Franklin	Columbus		39.951093	-82.913508	86FVX32P+G2	Playground		https://columbusrecparks.com/parks/john-burroughs-park/	https://columbusrecparks.com/parks/john-burroughs-park/	
OH-FR-S-0236	Karns Park	Park			Active	City of Columbus	Columbus Recreation and Parks Department					2.15	Franklin	Columbus		39.9382088	-82.9716474	86FVW2QH+72	Basketball Court; Picnic Shelter; Playground		https://columbusrecparks.com/parks/karns-park/	https://columbusrecparks.com/parks/karns-park/	
OH-FR-S-0237	Keller Park	Park			Active	City of Columbus	Columbus Recreation and Parks Department				1255 Noe Bixby Rd, Columbus, OH 43232	7.385	Franklin	Columbus		39.9401737	-82.9979597	86FVW2R2+52	Playground	Source: MORPC Parks and Open Space dataset (public-morpc.hub.arcgis.com), data updated 2025-07-01. MORPC ParkID: not assigned. MORPC Sub_Type: N (Neighborhood Park). Jurisdiction: Columbus. Status: Public.	https://columbusrecparks.com/parks/keller-park/	https://columbusrecparks.com/parks/keller-park/;https://columbusrecparks.com/parks/kelley-park/;https://public-morpc.hub.arcgis.com/datasets/parks-and-open-space/explore	
OH-FR-S-0238	Kenlawn Park	Park			Active	City of Columbus	Columbus Recreation and Parks Department					3.91	Franklin	Columbus		40.0279369	-82.9663644	86GV22HM+32	Playground		https://columbusrecparks.com/parks/kenlawn-park/	https://columbusrecparks.com/parks/kenlawn-park/	
OH-FR-S-0239	Kenney Nature Preserve	Nature Preserve			Active	City of Columbus	Columbus Recreation and Parks Department				5201 Delawanda Ave, Columbus, OH 43214	21.749	Franklin	Columbus		40.065788	-83.030547	86GR3X89+92	Wildlife Observation Area		https://columbusrecparks.com/parks/kenney-nature-preserve/	https://columbusrecparks.com/parks/kenney-nature-preserve/	
OH-FR-S-0240	Kenney Park	Park			Active	City of Columbus	Columbus Recreation and Parks Department			Kenney Park is a trailhead for the Scioto Trail which provides access to Greenlawn Park and Clover/Kenney Parkland.		27.14	Franklin	Columbus		40.0658945	-83.0300491	86GR3X89+92	Athletic Field; Ball Diamond; Basketball Court; Community Center; Community Garden; Multi-use Trail; Parking Lot; Picnic Shelter; Playground; Pond; Tennis Court		https://columbusrecparks.com/parks/kenney-park/	https://columbusrecparks.com/parks/kenney-park/	
OH-FR-S-0241	Kilbourne Run Parkland	Park			Active	City of Columbus	Columbus Recreation and Parks Department				Adjacent to Kilbourne Run Sports Park	9.23	Franklin	Columbus		40.0695979	-82.939588	86GV3396+R2	Wildlife Observation Area		https://columbusrecparks.com/parks/kilbourne-run-parkland/	https://columbusrecparks.com/parks/kilbourne-run-parkland/	
OH-FR-S-0242	Kilbourne Run Sports Park	Park			Active	City of Columbus	Columbus Recreation and Parks Department				4625 Westerville Road, Columbus, OH 43231	0.17	Franklin	Columbus		39.9538643	-83.0514806	86FRXW3X+F2	Athletic Field; Ball Diamond; Basketball Court; Parking Lot; Playground; Tennis Court		https://columbusrecparks.com/parks/kilbourne-run-sports-park/	https://columbusrecparks.com/parks/kilbourne-run-sports-park/	
OH-FR-S-0243	Kingsrowe Park	Park			Active	City of Columbus	Columbus Recreation and Parks Department				2850 Petzinger Rd, Columbus, OH 43209	0.445	Franklin	Columbus		39.9295892	-82.9168541	86FVW3HM+V2	Basketball Court; Playground		https://columbusrecparks.com/parks/kingsrowe-park/	https://columbusrecparks.com/parks/kingsrowe-park/	
OH-FR-S-0244	Kirkwood Park	Park			Active	City of Columbus	Columbus Recreation and Parks Department					2.83	Franklin	Columbus		39.9401919	-82.8964355	86FVW4R3+32	Basketball Court; Parking Lot; Picnic Shelter; Playground; Tennis Court		https://columbusrecparks.com/parks/kirkwood-park/	https://columbusrecparks.com/parks/kirkwood-park/	
OH-FR-S-0245	Kiwanis Riverway Nature Preserve	Nature Preserve			Active	City of Columbus	Columbus Recreation and Parks Department				6245 Riverside Dr, Dublin, OH 43017	10.498	Franklin	Dublin		40.0959963	-83.1096455	86GR3VWR+62	Wildlife Observation Area		https://columbusrecparks.com/parks/kiwanis-riverway-nature-preserve/	https://columbusrecparks.com/parks/kiwanis-riverway-nature-preserve/	
OH-FR-S-0246	Kobacker Park	Park			Active	City of Columbus	Columbus Recreation and Parks Department					0.34	Franklin	Columbus		39.9459845	-82.9819061	86FVW2W9+62	Basketball Court; Playground		https://columbusrecparks.com/parks/kobacker-park/	https://columbusrecparks.com/parks/kobacker-park/	
OH-FR-S-0247	Kraner Park	Park			Active	City of Columbus	Columbus Recreation and Parks Department					7.76	Franklin	Columbus		39.9393012	-82.86213	86FVW4QQ+J2	Playground		https://columbusrecparks.com/parks/kraner-park/	https://columbusrecparks.com/parks/kraner-park/	
OH-FR-S-0248	Krumm Park	Park			Active	City of Columbus	Columbus Recreation and Parks Department					37.39	Franklin	Columbus		39.9888927	-82.9226617	86FVX3QG+H2	Athletic Field; Ball Diamond; Basketball Court; Parking Lot; Picnic Shelter; Playground		https://columbusrecparks.com/parks/krumm-park/	https://columbusrecparks.com/parks/krumm-park/	
OH-FR-S-0249	Lazelle Woods Nature Preserve	Nature Preserve			Active	City of Columbus	Columbus Recreation and Parks Department				8140 Sancus Blvd., Columbus, OH 43081	10.247	Franklin	Columbus		40.1322539	-82.9863351	86GV42J7+V2	Wildlife Observation Area		https://columbusrecparks.com/parks/lazelle-woods-nature-preserve/	https://columbusrecparks.com/parks/lazelle-woods-nature-preserve/	
OH-FR-S-0250	Lazelle Woods Park	Park			Active	City of Columbus	Columbus Recreation and Parks Department					48.79	Franklin	Columbus		40.1322539	-82.9863351	86GV42J7+V2	Basketball Court; Playground		https://columbusrecparks.com/parks/lazelle-woods-park/	https://columbusrecparks.com/parks/lazelle-woods-park/	
OH-FR-S-0251	Lehman Estates Park	Park			Active	City of Columbus	Columbus Recreation and Parks Department				5768 Abraham D St (off Canal Winchester Rd), Canal Winchester, OH 43110	7.905	Franklin	Columbus		39.9443575	-82.8677757	86FVW4VJ+Q2	Basketball Court; Playground		https://columbusrecparks.com/parks/lehman-estates-park/	https://columbusrecparks.com/parks/lehman-estates-park/	
OH-FR-S-0252	Lincoln Park	Park			Active	City of Columbus	Columbus Recreation and Parks Department					15.82	Franklin	Columbus		39.9289509	-82.9798782	86FVW2HC+C2	Athletic Field; Ball Diamond; Basketball Court; Parking Lot; Playground		https://columbusrecparks.com/parks/lincoln-park/	https://columbusrecparks.com/parks/lincoln-park/	
OH-FR-S-0253	Lindbergh Park	Park			Active	City of Columbus	Columbus Recreation and Parks Department					8.74	Franklin	Columbus		39.9302315	-83.0659634	86FRWWJM+42	Basketball Court; Playground		https://columbusrecparks.com/parks/lindbergh-park/	https://columbusrecparks.com/parks/lindbergh-park/	
OH-FR-S-0254	Linden Park	Park			Active	City of Columbus	Columbus Recreation and Parks Department					19.7	Franklin	Columbus		40.017765	-82.9759346	86GV229F+42	Athletic Field; Ball Diamond; Basketball Court; Parking Lot; Picnic Shelter; Playground; Tennis Court		https://columbusrecparks.com/parks/linden-park/	https://columbusrecparks.com/parks/linden-park/	
OH-FR-S-0255	Linwood Park	Park			Active	City of Columbus	Columbus Recreation and Parks Department					0.09	Franklin	Columbus		39.956274	-82.9655463	86FVX24M+H2	Basketball Court; Playground		https://columbusrecparks.com/parks/linwood-park/	https://columbusrecparks.com/parks/linwood-park/	
OH-FR-S-0256	Liv Moor Park	Park			Active	City of Columbus	Columbus Recreation and Parks Department					0.879	Franklin	Columbus		40.0605553	-82.9784936	86GV326C+82	Playground	Source: MORPC Parks and Open Space dataset (public-morpc.hub.arcgis.com), data updated 2025-07-01. MORPC ParkID: 361. MORPC Sub_Type: N (Neighborhood Park). Jurisdiction: Columbus. Status: Public.	https://columbusrecparks.com/parks/liv-moor-park/	https://columbusrecparks.com/parks/liv-moor-park/;https://public-morpc.hub.arcgis.com/datasets/parks-and-open-space/explore	
OH-FR-S-0257	Livingston Park	Park			Active	City of Columbus	Columbus Recreation and Parks Department					8.21	Franklin	Columbus		39.9515958	-82.9779299	86FVX22C+Q2	Basketball Court; Playground		https://columbusrecparks.com/parks/livingston-park/	https://columbusrecparks.com/parks/livingston-park/	
OH-FR-S-0258	Livingston/I-70 Parkland	Park			Active	City of Columbus	Columbus Recreation and Parks Department			Livingston/1-70 Parkland is accessed through the Alum Creek trail from trailheads at Hanford Village Park and Fairwood Park.		4.446	Franklin	Columbus		39.9410044	-82.9377639	86FVW3R6+H2		Source: MORPC Parks and Open Space dataset (public-morpc.hub.arcgis.com), data updated 2025-07-01. MORPC ParkID: not assigned. MORPC Sub_Type: C (Community Park). Jurisdiction: Columbus. Status: Public.	https://columbusrecparks.com/parks/livingston-i-70-parkland/	https://columbusrecparks.com/parks/livingston-i-70-parkland/;https://public-morpc.hub.arcgis.com/datasets/parks-and-open-space/explore	
OH-FR-S-0259	Lockbourne Parkland	Park			Active	City of Columbus	Columbus Recreation and Parks Department					44.474	Franklin	Lockbourne		39.8086147	-82.9660515	86FVR25M+G2	Wildlife Observation Area		https://columbusrecparks.com/parks/lockbourne-parkland/	https://columbusrecparks.com/parks/lockbourne-parkland/	
OH-FR-S-0260	London Groveport Parkland	Park			Active	City of Columbus	Columbus Recreation and Parks Department					15.22	Franklin	Columbus		39.8314294	-82.991811	86FVR2J5+F2	Wildlife Observation Area	Acquired in 2018.	https://columbusrecparks.com/parks/london-groveport-parkland/	https://columbusrecparks.com/parks/london-groveport-parkland/	
OH-FR-S-0261	Longwood Wetland Parkland	Park			Active	City of Columbus	Columbus Recreation and Parks Department			Longwood Wetland Park provides access to Abbie Trails Parkland and Portman Park through the Blacklick Creek Trail.	6725 Abbie Trails Dr, Canal Winchester, OH 43110	16.164	Franklin	Columbus		39.8999498	-82.8152672	86FVV5XM+X2	Multi-use Trail; Wildlife Observation Area		https://columbusrecparks.com/parks/longwood-wetland-parkland/	https://columbusrecparks.com/parks/longwood-wetland-parkland/	
OH-FR-S-0262	Lou Berliner Sports Park	Park			Active	City of Columbus	Columbus Recreation and Parks Department			and is currently the nation's largest ball diamond complex. The facility proudly offers 31 permanently fenced, turf-infield baseball and softball diamonds. From March through November, Berliner is filled with thousands of athletes and spectators participating in tournaments, leagues, and recreational play.		228.59	Franklin	Columbus		39.9320411	-83.0066615	86FRWXJV+V2	Ball Diamond; Parking Lot		https://columbusrecparks.com/parks/lou-berliner-sports-park/	https://columbusrecparks.com/parks/lou-berliner-sports-park/	
OH-FR-S-0263	Mackenbach Parkland	Park			Active	City of Columbus	Columbus Recreation and Parks Department				5201 Eastbend Drive, Canal Winchester, OH 43110	17.462	Franklin	Columbus		39.8740516	-82.8305889	86FVV5F9+Q2			https://columbusrecparks.com/parks/mackenbach-parkland/	https://columbusrecparks.com/parks/mackenbach-parkland/	
OH-FR-S-0264	Madison Mills Park	Park			Active	City of Columbus	Columbus Recreation and Parks Department				3257 Williams Road, Columbus, OH 43207	13.758	Franklin	Columbus		39.9514582	-82.9140657	86FVX32P+F2	Basketball Court; Playground		https://columbusrecparks.com/parks/madison-mills-park/	https://columbusrecparks.com/parks/madison-mills-park/	
OH-FR-S-0265	Makris Parkland	Park			Active	City of Columbus	Columbus Recreation and Parks Department				560 Rosslyn Ave, Columbus, OH 43214	0.135	Franklin	Columbus		40.0728856	-83.0343007	86GR3XF8+32	Wildlife Observation Area		https://columbusrecparks.com/parks/makris-parkland/	https://columbusrecparks.com/parks/makris-parkland/	
OH-FR-S-0266	Maloney Park	Park			Active	City of Columbus	Columbus Recreation and Parks Department					24.42	Franklin	Columbus		40.0020655	-82.9666319	86GV222M+V2	Basketball Court; Playground		https://columbusrecparks.com/parks/maloney-park/	https://columbusrecparks.com/parks/maloney-park/	
OH-FR-S-0267	Marie Moreland Park	Park			Active	City of Columbus	Columbus Recreation and Parks Department				1659 E 12th Ave, Columbus, OH 43219	4.68	Franklin	Columbus		39.9506873	-82.9118167	86FVX32Q+72	Basketball Court; Playground		https://columbusrecparks.com/parks/marie-moreland-park/	https://columbusrecparks.com/parks/marie-moreland-park/	
OH-FR-S-0268	Marion-Franklin Park	Park			Active	City of Columbus	Columbus Recreation and Parks Department				2801 Lockbourne Rd, Columbus, OH 43207	0.2	Franklin	Columbus		39.944303	-82.866795	86FVW4VM+M2	Athletic Field; Ball Diamond; Basketball Court; Parking Lot; Picnic Shelter; Playground; Tennis Court		https://columbusrecparks.com/parks/marion-franklin-park/	https://columbusrecparks.com/parks/marion-franklin-park/	
OH-FR-S-0269	Martin Park	Park			Active	City of Columbus	Columbus Recreation and Parks Department					0.242	Franklin	Columbus		39.9451577	-82.9738178	86FVW2WG+32	Basketball Court; Playground		https://columbusrecparks.com/parks/martin-park/	https://columbusrecparks.com/parks/martin-park/	
OH-FR-S-0270	Mason Run North Parkland	Park			Active	City of Columbus	Columbus Recreation and Parks Department				4000 Veronia Ln, Columbus, OH 43232	78.6	Franklin	Marble Cliff		39.9875333	-83.0578121	86FRXWQR+52	Wildlife Observation Area		https://columbusrecparks.com/parks/mason-run-north-parkland/	https://columbusrecparks.com/parks/mason-run-north-parkland/	
OH-FR-S-0271	Mason Run South Parkland	Park			Active	City of Columbus	Columbus Recreation and Parks Department				3975 Refugee Road, Columbus, OH 43232	20.3	Franklin	Columbus		39.9807346	-82.9407921	86FVX3J5+82	Wildlife Observation Area		https://columbusrecparks.com/parks/mason-run-south-parkland/	https://columbusrecparks.com/parks/mason-run-south-parkland/	
OH-FR-S-0272	Maybury Park	Park			Active	City of Columbus	Columbus Recreation and Parks Department					5.24	Franklin	Columbus		39.9250988	-82.8565027	86FVW4GV+32	Basketball Court; Picnic Shelter; Playground		https://columbusrecparks.com/parks/maybury-park/	https://columbusrecparks.com/parks/maybury-park/	
OH-FR-S-0273	Mayme Moore Park	Park			Active	City of Columbus	Columbus Recreation and Parks Department					2.3	Franklin	Columbus		39.9701093	-82.9800906	86FVX2C9+52	Basketball Court; Playground		https://columbusrecparks.com/parks/mayme-moore-park/	https://columbusrecparks.com/parks/mayme-moore-park/	
OH-FR-S-0274	Maynard and Summit Park	Park			Active	City of Columbus	Columbus Recreation and Parks Department				2327 Summit St (Corner of Maynard Ave & Summit St), Columbus, OH 43202	0.314	Franklin	Columbus		40.0108347	-83.0007254	86GR2X6X+82		Source: MORPC Parks and Open Space dataset (public-morpc.hub.arcgis.com), data updated 2025-07-01. MORPC ParkID: 389. MORPC Sub_Type: N (Neighborhood Park). Jurisdiction: Columbus. Status: Public.	https://columbusrecparks.com/parks/maynard-and-summit-park/	https://columbusrecparks.com/parks/maynard-and-summit-park/;https://public-morpc.hub.arcgis.com/datasets/parks-and-open-space/explore	
OH-FR-S-0275	McCoy Park	Park			Active	City of Columbus	Columbus Recreation and Parks Department					19.83	Franklin	Columbus		39.9369734	-83.0124125	86FRWXPQ+J2	Athletic Field; Ball Diamond; Basketball Court; Multi-use Trail; Parking Lot; Picnic Shelter; Playground		https://columbusrecparks.com/parks/mccoy-park/	https://columbusrecparks.com/parks/mccoy-park/	
OH-FR-S-0276	McFerson Commons	Open Space			Active	City of Columbus	Columbus Recreation and Parks Department			McFerson Commons is a trailhead for the Scioto Trail which provides access to Battelle Riverfront Park.		2.95	Franklin	Columbus		39.966887	-83.0073346	86FRXX8V+J2	Multi-use Trail		https://columbusrecparks.com/parks/mcferson-commons/	https://columbusrecparks.com/parks/mcferson-commons/	
OH-FR-S-0277	Mckinley Park	Park			Active	City of Columbus	Columbus Recreation and Parks Department					6.95	Franklin	Columbus		39.9630145	-83.040536	86FRXX75+92	Basketball Court; Picnic Shelter; Playground		https://columbusrecparks.com/parks/mckinley-park/	https://columbusrecparks.com/parks/mckinley-park/	
OH-FR-S-0278	McKnight Outdoor Education Center	Recreation Facility			Active	City of Columbus	Columbus Recreation and Parks Department					11.798	Franklin			40.0556	-82.872682	86GV344G+92	Athletic Field; Ball Diamond; Basketball Court; Community Center; Fishing Area; Parking Lot; Picnic Shelter; Playground; Pond; Wildlife Observation Area	Columbus Recreation and Parks Department official listing; 3228 Indian Village Rd	https://columbusrecparks.com/parks/mcknight-outdoor-education-center/	https://columbusrecparks.com/parks/mcknight-outdoor-education-center/	
OH-FR-S-0279	Melrose Park	Park			Active	City of Columbus	Columbus Recreation and Parks Department					0.88	Franklin	Columbus		40.0239472	-82.9710665	86GV22FH+G2	Playground		https://columbusrecparks.com/parks/melrose-park/	https://columbusrecparks.com/parks/melrose-park/	
OH-FR-S-0280	Mentel Memorial Golf Course	Recreation Facility			Active	City of Columbus	Columbus Recreation and Parks Department					146.09	Franklin	Columbus		39.9087599	-83.1506439	86FRWR5X+G2		Established in 1963.	https://columbusrecparks.com/parks/mentel-memorial-golf-course/	https://columbusrecparks.com/parks/mentel-memorial-golf-course/	
OH-FR-S-0281	M-Five Parkland	Park			Active	City of Columbus	Columbus Recreation and Parks Department				Near 6000 Noe-Bixby Rd, Columbus, OH 43232	23.4	Franklin	Columbus		39.980288	-82.940431	86FVX3J5+52			https://columbusrecparks.com/parks/m-five-parkland/	https://columbusrecparks.com/parks/m-five-parkland/	
OH-FR-S-0282	Mifflin Park	Park			Active	City of Columbus	Columbus Recreation and Parks Department					0.22	Franklin	Columbus		40.0127546	-82.9476403	86GV2372+52	Athletic Field; Ball Diamond; Basketball Court; Parking Lot; Picnic Shelter; Playground; Tennis Court		https://columbusrecparks.com/parks/mifflin-park/	https://columbusrecparks.com/parks/mifflin-park/	
OH-FR-S-0283	Millbrook Park	Park			Active	City of Columbus	Columbus Recreation and Parks Department				1691 Smith Road, Columbus, OH 43207	1.638	Franklin	Columbus		39.9269005	-82.9498497	86FVW3G2+J2	Basketball Court; Playground		https://columbusrecparks.com/parks/millbrook-park/	https://columbusrecparks.com/parks/millbrook-park/	
OH-FR-S-0284	Milo-Grogan Park	Park			Active	City of Columbus	Columbus Recreation and Parks Department				1201 E 17th Ave, Columbus, OH 43219	5	Franklin	Columbus		39.9817268	-82.981893	86FVX2J9+J2	Basketball Court; Playground		https://columbusrecparks.com/parks/milo-grogan-park/	https://columbusrecparks.com/parks/milo-grogan-park/	
OH-FR-S-0285	Mock Nature Preserve	Nature Preserve			Active	City of Columbus	Columbus Recreation and Parks Department				2520 Mock Road, Columbus, OH 43219	82.81	Franklin	New Albany		40.0809109	-82.8246212	86GV35JG+62	Wildlife Observation Area		https://columbusrecparks.com/parks/mock-nature-preserve/	https://columbusrecparks.com/parks/mock-nature-preserve/	
OH-FR-S-0286	Mock Park	Park			Active	City of Columbus	Columbus Recreation and Parks Department			Mock Park is a trailhead for the Alum Creek Trail which provides access to Alum Creek/Miller Parkland and Innis Park. Nearby, you can enjoy Mock Nature Preserve.		102.69	Franklin	Columbus		40.0146488	-82.94192	86GV2375+R2	Athletic Field; Ball Diamond; Basketball Court; Disc Golf Course; Multi-use Trail; Parking Lot; Playground; Wildlife Observation Area		https://columbusrecparks.com/parks/mock-park/	https://columbusrecparks.com/parks/mock-park/	
OH-FR-S-0287	Moeller Park	Park			Active	City of Columbus	Columbus Recreation and Parks Department					1.73	Franklin	Columbus		39.9360946	-82.9881644	86FVW2P6+G2	Multi-use Trail; Picnic Table Cluster; Playground		https://columbusrecparks.com/parks/moeller-park/	https://columbusrecparks.com/parks/moeller-park/	
OH-FR-S-0288	Moler Street Parkland	Park			Active	City of Columbus	Columbus Recreation and Parks Department				105 W Moler St, Columbus, OH 43207	6.263	Franklin	Columbus		39.9342607	-83.0005782	86FRWXMX+Q2	Wildlife Observation Area		https://columbusrecparks.com/parks/moler-street-parkland/	https://columbusrecparks.com/parks/moler-street-parkland/	
OH-FR-S-0289	Nafzger Park	Park			Active	City of Columbus	Columbus Recreation and Parks Department					70.53	Franklin	Columbus		39.9175455	-82.8673024	86FVW49M+22	Athletic Field; Basketball Court; Multi-use Trail; Parking Lot; Playground; Pond; Wildlife Observation Area		https://columbusrecparks.com/parks/nafzger-park/	https://columbusrecparks.com/parks/nafzger-park/	
OH-FR-S-0290	Napoleon Park	Park			Active	City of Columbus	Columbus Recreation and Parks Department					6.18	Franklin	Columbus		39.9673742	-82.9057601	86FVX38V+W2			https://columbusrecparks.com/parks/napoleon-park/	https://columbusrecparks.com/parks/napoleon-park/	
OH-FR-S-0291	Nelson Park	Park			Active	City of Columbus	Columbus Recreation and Parks Department					29.54	Franklin	Columbus		39.9753717	-82.9456877	86FVX3G3+42	Athletic Field; Basketball Court; Multi-use Trail; Parking Lot; Picnic Shelter; Picnic Table Cluster; Playground; Rain Garden; Wildlife Observation Area		https://columbusrecparks.com/parks/nelson-park/	https://columbusrecparks.com/parks/nelson-park/	
OH-FR-S-0292	New Beginnings Park	Park			Active	City of Columbus	Columbus Recreation and Parks Department					0.75	Franklin	Columbus		39.9880358	-82.9792356	86FVX2QC+72	Basketball Court; Multi-use Trail; Picnic Shelter; Picnic Table Cluster; Playground		https://columbusrecparks.com/parks/new-beginnings-park/	https://columbusrecparks.com/parks/new-beginnings-park/	
OH-FR-S-0293	Noe-Bixby North Parkland	Park			Active	City of Columbus	Columbus Recreation and Parks Department					4.44	Franklin	Columbus		39.9728309	-82.8545006	86FVX4FW+22	Wildlife Observation Area		https://columbusrecparks.com/parks/noe-bixby-north-parkland/	https://columbusrecparks.com/parks/noe-bixby-north-parkland/	
OH-FR-S-0294	Noe-Bixby Parkland	Park			Active	City of Columbus	Columbus Recreation and Parks Department			Noe-Bixby Parkland is accessed through the Big Walnut Trail from Wolfe Park.		11.13	Franklin	Columbus		39.97396	-82.8606899	86FVX4FQ+G2	Wildlife Observation Area	Acres from MORPC: Noe-Bixby Park (MORPC, Columbus, PARK/N, src=FCA)	https://columbusrecparks.com/parks/noe-bixby-parkland/	https://columbusrecparks.com/parks/noe-bixby-parkland/	
OH-FR-S-0295	North Bank Park	Park			Active	City of Columbus	Columbus Recreation and Parks Department			North Bank Park is a trailhead for the Scioto Trail which provides access to McFerson Commons.		28.07	Franklin	Columbus		39.965094	-83.0129636	86FRXX8P+52	Fountain; Multi-use Trail; Picnic Shelter; Picnic Table Cluster		https://columbusrecparks.com/parks/north-bank-park/	https://columbusrecparks.com/parks/north-bank-park/	
OH-FR-S-0296	North Fourth Park	Park			Active	City of Columbus	Columbus Recreation and Parks Department				260 N. 4th St	0.15	Franklin	Columbus		40.0253202	-83.0045673	86GR2XGW+22			https://columbusrecparks.com/parks/north-fourth-park/	https://columbusrecparks.com/parks/north-fourth-park/	
OH-FR-S-0297	Northcrest Park	Park			Active	City of Columbus	Columbus Recreation and Parks Department					18.44	Franklin	Columbus		40.0615249	-83.0709322	86GR3W6H+P2	Ball Diamond; Basketball Court; Multi-use Trail; Parking Lot; Playground; Tennis Court		https://columbusrecparks.com/parks/northcrest-park/	https://columbusrecparks.com/parks/northcrest-park/	
OH-FR-S-0298	Northeast Park	Park			Active	City of Columbus	Columbus Recreation and Parks Department					21.22576066	Franklin	Dublin		40.1289773	-83.0942951	86GR4WH4+F2	Basketball Court; Community Center; Community Garden; Parking Lot; Picnic Shelter; Playground; Tennis Court	Source: MORPC Parks and Open Space dataset (public-morpc.hub.arcgis.com), data updated 2025-07-01. MORPC ParkID: 470. MORPC Sub_Type: C.	https://columbusrecparks.com/parks/northeast-park/	https://columbusrecparks.com/parks/northeast-park/;https://public-morpc.hub.arcgis.com/datasets/parks-and-open-space/explore	
OH-FR-S-0299	Northern Woods Park	Park			Active	City of Columbus	Columbus Recreation and Parks Department					1.91	Franklin	Columbus		40.0937633	-82.9451463	86GV33V3+H2	Athletic Field; Ball Diamond; Basketball Court; Parking Lot; Picnic Shelter; Playground; Tennis Court		https://columbusrecparks.com/parks/northern-woods-park/	https://columbusrecparks.com/parks/northern-woods-park/	
OH-FR-S-0300	Northgate Park	Park			Active	City of Columbus	Columbus Recreation and Parks Department					5.383	Franklin	Columbus		40.1032148	-82.9656062	86GV423M+92	Athletic Field; Ball Diamond; Basketball Court; Parking Lot; Picnic Shelter; Playground		https://columbusrecparks.com/parks/northgate-park/	https://columbusrecparks.com/parks/northgate-park/	
OH-FR-S-0301	Northmoor Park	Park			Active	City of Columbus	Columbus Recreation and Parks Department			Northmoor Park is a trailhead for the Olentangy Trail which provides access to Whetstone Park.		9.095	Franklin	Columbus		40.035843	-83.0263898	86GR2XPF+72	Athletic Field; Ball Diamond; Basketball Court; Multi-use Trail; Parking Lot; Picnic Shelter; Playground		https://columbusrecparks.com/parks/northmoor-park/	https://columbusrecparks.com/parks/northmoor-park/	
OH-FR-S-0302	Northtowne Park	Park			Active	City of Columbus	Columbus Recreation and Parks Department					3.64	Franklin	Columbus		40.0663552	-82.9612657	86GV328Q+F2	Basketball Court; Playground		https://columbusrecparks.com/parks/northtowne-park/	https://columbusrecparks.com/parks/northtowne-park/	
OH-FR-S-0303	Northwold Park	Park			Active	City of Columbus	Columbus Recreation and Parks Department					0.14	Franklin	Columbus		39.9973225	-82.9127209	86FVX3WP+X2	Basketball Court; Playground		https://columbusrecparks.com/parks/northwold-park/	https://columbusrecparks.com/parks/northwold-park/	
OH-FR-S-0304	Oak Creek Parkland	Park			Active	City of Columbus	Columbus Recreation and Parks Department					5.93	Franklin	Columbus		39.8746457	-82.990001	86FVV2F5+X2	Wildlife Observation Area		https://columbusrecparks.com/parks/oak-creek-parkland/	https://columbusrecparks.com/parks/oak-creek-parkland/	
OH-FR-S-0305	Ohio Avenue Street Park	Park			Active	City of Columbus	Columbus Recreation and Parks Department				71 N Ohio Ave, Columbus	0.342	Franklin	Columbus		40.0517445	-83.0225604	86GR3X2G+Q2		Source: MORPC Parks and Open Space dataset (public-morpc.hub.arcgis.com), data updated 2025-07-01. MORPC ParkID: not assigned. MORPC Sub_Type: N (Neighborhood Park). Jurisdiction: Columbus. Status: Public.	https://columbusrecparks.com/parks/ohio-avenue-street-park/	https://columbusrecparks.com/parks/ohio-avenue-street-park/;https://public-morpc.hub.arcgis.com/datasets/parks-and-open-space/explore	
OH-FR-S-0306	Old Courtright Parkland	Park			Active	City of Columbus	Columbus Recreation and Parks Department				2260 Courtright Road, Columbus, OH 43232	1.355	Franklin	Columbus		39.9258055	-82.8980652	86FVW4G2+92			https://columbusrecparks.com/parks/old-courtright-parkland/	https://columbusrecparks.com/parks/old-courtright-parkland/	
OH-FR-S-0307	Old Oaks Park	Park			Active	City of Columbus	Columbus Recreation and Parks Department				650 Wilson Ave, Columbus, OH 43205	1.022	Franklin	Columbus		39.9449909	-82.918388	86FVW3VJ+W2	Playground		https://columbusrecparks.com/parks/old-oaks-park/	https://columbusrecparks.com/parks/old-oaks-park/	
OH-FR-S-0308	Olde Sawmill Park	Park			Active	City of Columbus	Columbus Recreation and Parks Department				2460–2500 Sutter Pkwy, Dublin, OH 43016	8.68	Franklin	Columbus		40.1217859	-83.081915	86GR4WC9+J2	Basketball Court; Playground		https://columbusrecparks.com/parks/olde-sawmill-park/	https://columbusrecparks.com/parks/olde-sawmill-park/	
OH-FR-S-0309	Olentangy Parkland	Park			Active	City of Columbus	Columbus Recreation and Parks Department			Olentangy Parkland is accessed through the Olentangy Trail.		1.54	Franklin	Columbus		40.029847	-83.0244673	86GR2XHG+R2	Multi-use Trail; Wildlife Observation Area		https://columbusrecparks.com/parks/olentangy-parkland/	https://columbusrecparks.com/parks/olentangy-parkland/	
OH-FR-S-0310	Olentangy Parkland - Far North	Park			Active	City of Columbus	Columbus Recreation and Parks Department					13.64	Franklin	Columbus		40.1187864	-83.032077	86GR4X99+C2	Multi-use Trail; Wildlife Observation Area		https://columbusrecparks.com/parks/olentangy-parkland-far-north/	https://columbusrecparks.com/parks/olentangy-parkland-far-north/	
OH-FR-S-0311	Olentangy River Canoe Portage	Water Site			Active	City of Columbus	Columbus Recreation and Parks Department					1.54	Franklin	Columbus		40.029847	-83.0244673	86GR2XHG+R2	Multi-use Trail		https://columbusrecparks.com/parks/olentangy-river-canoe-portage/	https://columbusrecparks.com/parks/olentangy-river-canoe-portage/	
OH-FR-S-0312	Overbrook Nature Preserve	Nature Preserve			Active	City of Columbus	Columbus Recreation and Parks Department				300 Overbrook Dr., Columbus, OH 43214	13.7	Franklin			40.048525	-83.012565	86GR2XXP+H2	Parking Lot; Wildlife Observation Area	Columbus R&P (Overbrook Ravine Nature Preserve); MORPC area match	https://columbusrecparks.com/parks/overbrook-nature-preserve/	https://columbusrecparks.com/parks/overbrook-nature-preserve/	
OH-FR-S-0313	Overbrook Ravine Park	Park			Active	City of Columbus	Columbus Recreation and Parks Department				along Overbrook Drive near High Street	13.7	Franklin	Columbus		40.0475273	-83.0107463	86GR2XXQ+42	Multi-use Trail; Parking Lot; Picnic Shelter; Picnic Table Cluster; Playground; Pond; Wildlife Observation Area		https://columbusrecparks.com/parks/overbrook-ravine-park/	https://columbusrecparks.com/parks/overbrook-ravine-park/	
OH-FR-S-0314	Palsgrove Park	Park			Active	City of Columbus	Columbus Recreation and Parks Department					0.92	Franklin	Columbus		39.9512695	-82.9603802	86FVX22Q+H2	Playground		https://columbusrecparks.com/parks/palsgrove-park/	https://columbusrecparks.com/parks/palsgrove-park/	
OH-FR-S-0315	Parkridge Park	Park			Active	City of Columbus	Columbus Recreation and Parks Department					42.58	Franklin	Columbus		40.0633163	-82.9248992	86GV337G+62	Playground		https://columbusrecparks.com/parks/parkridge-park/	https://columbusrecparks.com/parks/parkridge-park/	
OH-FR-S-0316	Parkview Parkland	Park			Active	City of Columbus	Columbus Recreation and Parks Department					3.616	Franklin	Columbus		40.0195608	-83.003925	86GR2X9W+V2			https://columbusrecparks.com/parks/parkview-parkland/	https://columbusrecparks.com/parks/parkview-parkland/	
OH-FR-S-0317	Perry Park	Park			Active	City of Columbus	Columbus Recreation and Parks Department				2300 Collins Dr, Worthington, OH 43085	19.12	Franklin	Worthington		40.1009455	-83.0536552	86GR4W2W+82	Playground	Source: worthington.org (domain egress-blocked; address confirmed via web search snippets, 2026-03-14). Community park in Worthington.	https://columbusrecparks.com/parks/perry-park/	https://columbusrecparks.com/parks/perry-park/;https://worthington.org/252/Parks	
OH-FR-S-0318	Pingue Park	Park			Active	City of Columbus	Columbus Recreation and Parks Department					5.2	Franklin	Columbus		40.1154257	-82.9762937	86GV428F+32	Athletic Field; Ball Diamond; Basketball Court; Parking Lot; Picnic Shelter; Playground; Tennis Court		https://columbusrecparks.com/parks/pingue-park/	https://columbusrecparks.com/parks/pingue-park/	
OH-FR-S-0319	Poplar Park	Park			Active	City of Columbus	Columbus Recreation and Parks Department				20 E Poplar Ave, Columbus, OH 43215	0.1	Franklin	Columbus		39.9747961	-83.0027157	86FRXXFW+X2	Basketball Court; Playground		https://columbusrecparks.com/parks/poplar-park/	https://columbusrecparks.com/parks/poplar-park/	
OH-FR-S-0320	Portal Park	Park			Active	City of Columbus	Columbus Recreation and Parks Department				2720 N High St, Columbus, OH 43202	0.142	Franklin	Columbus		39.9477785	-82.9120811	86FVW3XQ+22	Basketball Court; Playground		https://columbusrecparks.com/parks/portal-park/	https://columbusrecparks.com/parks/portal-park/	
OH-FR-S-0321	Portman Park	Park			Active	City of Columbus	Columbus Recreation and Parks Department			Portman Park is a trailhead for the Blacklick Trail which provides access to Abbie Trails Parkland and Longwood Wetland Park.		77.35	Franklin	Columbus		39.9077264	-82.8122383	86FVW55Q+22	Athletic Field; Ball Diamond; Basketball Court; Dog Park; Fishing Area; Multi-use Trail; Parking Lot; Picnic Shelter; Playground; Wildlife Observation Area		https://columbusrecparks.com/parks/portman-park/	https://columbusrecparks.com/parks/portman-park/	
OH-FR-S-0322	Preserve East Parkland	Nature Preserve			Active	City of Columbus	Columbus Recreation and Parks Department				4295 Preservation Ave, New Albany, OH 43054	25.6	Franklin	Columbus		40.0680392	-82.8523172	86GV349X+62			https://columbusrecparks.com/parks/preserve-east-parkland/	https://columbusrecparks.com/parks/preserve-east-parkland/	
OH-FR-S-0323	Pride Park	Park			Active	City of Columbus	Columbus Recreation and Parks Department				2511 Cleveland Avenue	0.09	Franklin	Columbus		40.018566	-82.965451	86GV229M+H2	Playground		https://columbusrecparks.com/parks/pride-park/	https://columbusrecparks.com/parks/pride-park/	
OH-FR-S-0324	Pump House Park	Park			Active	City of Columbus	Columbus Recreation and Parks Department			Pump House Park is a trailhead for the Scioto Trail.		4.04	Franklin	Columbus		39.9566254	-82.9437913	86FVX344+M2	Multi-use Trail		https://columbusrecparks.com/parks/pump-house-park/	https://columbusrecparks.com/parks/pump-house-park/	
OH-FR-S-0325	Pumphrey Park	Park			Active	City of Columbus	Columbus Recreation and Parks Department					0.67	Franklin	Columbus		40.0284351	-82.9743311	86GV22HG+72	Playground		https://columbusrecparks.com/parks/pumphrey-park/	https://columbusrecparks.com/parks/pumphrey-park/	
OH-FR-S-0326	Quarry Pointe B Parkland	Park			Active	City of Columbus	Columbus Recreation and Parks Department				3044 Splitrock Rd, Columbus, OH 43221	2.35	Franklin	Columbus		40.0168909	-83.1045431	86GR2V8W+J2			https://columbusrecparks.com/parks/quarry-pointe-b-parkland/	https://columbusrecparks.com/parks/quarry-pointe-b-parkland/;https://columbusrecparks.com/parks/quarry-pointe-c-parkland/	
OH-FR-S-0327	Raymond Memorial Golf Course	Recreation Facility			Active	City of Columbus	Columbus Recreation and Parks Department				3860 Trabue Rd, Columbus, OH 43228	188	Franklin	Columbus		39.9926007	-83.1023626	86FRXVVX+22	Golf Course; Parking Lot; Pond	Established in 1946.	https://columbusrecparks.com/parks/raymond-memorial-golf-course/	https://columbusrecparks.com/parks/raymond-memorial-golf-course/	
OH-FR-S-0328	Redick Park	Park			Active	City of Columbus	Columbus Recreation and Parks Department				3156 La Vista Dr, Columbus, OH 43204	23.577	Franklin	Columbus		39.9807335	-83.0896763	86FRXWJ6+62	Basketball Court; Playground		https://columbusrecparks.com/parks/redick-park/	https://columbusrecparks.com/parks/redick-park/	
OH-FR-S-0329	Refugee Preserve	Nature Preserve			Active	City of Columbus	Columbus Recreation and Parks Department				3235 Noe Bixby Road, Columbus, OH 43232	34.341	Franklin	Columbus		39.9104012	-82.8678029	86FVW46J+52	Parking Lot; Wildlife Observation Area		https://columbusrecparks.com/parks/refugee-preserve/	https://columbusrecparks.com/parks/refugee-preserve/	
OH-FR-S-0330	Renner Parkland	Park			Active	City of Columbus	Columbus Recreation and Parks Department					21.936	Franklin	Columbus		39.9806619	-83.1716843	86FRXRJH+72	Wildlife Observation Area		https://columbusrecparks.com/parks/renner-parkland/	https://columbusrecparks.com/parks/renner-parkland/	
OH-FR-S-0331	Reynolds Crossing Park	Park			Active	City of Columbus	Columbus Recreation and Parks Department					4.418	Franklin	Columbus		39.9813863	-82.8075635	86FVX5JR+H2	Basketball Court; Playground		https://columbusrecparks.com/parks/reynolds-crossing-park/	https://columbusrecparks.com/parks/reynolds-crossing-park/	
OH-FR-S-0332	Rhodes Park	Park			Active	City of Columbus	Columbus Recreation and Parks Department					51.13	Franklin	Columbus		39.9589035	-83.0503892	86FRXW5X+H2	Basketball Court; Playground		https://columbusrecparks.com/parks/rhodes-park/	https://columbusrecparks.com/parks/rhodes-park/	
OH-FR-S-0333	Riggins Run North Park	Park			Active	City of Columbus	Columbus Recreation and Parks Department					2.08	Franklin	Columbus		40.0592954	-83.1571281	86GR3R5V+J2	Basketball Court; Playground		https://columbusrecparks.com/parks/riggins-run-north-park/	https://columbusrecparks.com/parks/riggins-run-north-park/	
OH-FR-S-0334	Riggins Run South Parkland	Park			Active	City of Columbus	Columbus Recreation and Parks Department					10.03	Franklin	Columbus		40.057357	-83.1568061	86GR3R4V+V2	Wildlife Observation Area		https://columbusrecparks.com/parks/riggins-run-south-parkland/	https://columbusrecparks.com/parks/riggins-run-south-parkland/	
OH-FR-S-0335	Riverbend Park	Park			Active	City of Columbus	Columbus Recreation and Parks Department					4.29	Franklin	Columbus		39.9213043	-83.0861139	86FRWWC7+G2	Basketball Court; Playground		https://columbusrecparks.com/parks/riverbend-park/	https://columbusrecparks.com/parks/riverbend-park/	
OH-FR-S-0336	Riverside Green Park	Park			Active	City of Columbus	Columbus Recreation and Parks Department			Riverside Green Park is a trailhead for the Scioto Trail which provides access to Griggs Park and Scioto Southland Park.	6650 Canaan Cir, Columbus, OH 43235	5.582	Franklin	Columbus		40.0904018	-83.104484	86GR3VRW+22	Athletic Field; Ball Diamond; Basketball Court; Community Center; Multi-use Trail; Parking Lot; Picnic Shelter; Playground		https://columbusrecparks.com/parks/riverside-green-park/	https://columbusrecparks.com/parks/riverside-green-park/	
OH-FR-S-0337	Riverside Green Park South	Park			Active	City of Columbus	Columbus Recreation and Parks Department				6365 Bannister Dr, Columbus, OH 43235	1.475	Franklin	Columbus		40.0838004	-83.0952934	86GR3WM3+H2	Multi-use Trail	Source: MORPC Parks and Open Space dataset (public-morpc.hub.arcgis.com), data updated 2025-07-01. MORPC ParkID: 262. MORPC Sub_Type: NOS (Neighborhood Open Space). Jurisdiction: Columbus. Status: Public.	https://columbusrecparks.com/parks/riverside-green-park-south/	https://columbusrecparks.com/parks/riverside-green-park-south/;https://public-morpc.hub.arcgis.com/datasets/parks-and-open-space/explore	
OH-FR-S-0338	Roberts Road Parkland	Park			Active	City of Columbus	Columbus Recreation and Parks Department				6085 Roberts Road, Hilliard, OH 43026	1.888	Franklin	Columbus		40.0031129	-83.1700251	86GR2R3H+92	Wildlife Observation Area		https://columbusrecparks.com/parks/roberts-road-parkland/	https://columbusrecparks.com/parks/roberts-road-parkland/	
OH-FR-S-0339	Rocky Creek Parkland	Park			Active	City of Columbus	Columbus Recreation and Parks Department					6.08	Franklin	Columbus		39.9244415	-83.0873562	86FRWWF7+J2	Wildlife Observation Area		https://columbusrecparks.com/parks/rocky-creek-parkland/	https://columbusrecparks.com/parks/rocky-creek-parkland/	
OH-FR-S-0340	Rocky Fork Creek Parkland	Park			Active	City of Columbus	Columbus Recreation and Parks Department					7.46	Franklin	Columbus		40.0894601	-82.8471477	86GV35Q3+J2	Wildlife Observation Area		https://columbusrecparks.com/parks/rocky-fork-creek-parkland/	https://columbusrecparks.com/parks/rocky-fork-creek-parkland/	
OH-FR-S-0341	Rocky Fork Natural Area	Natural Area			Active	City of Columbus	Columbus Recreation and Parks Department				4572 Commons Park Dr, Columbus, OH 43081	45.669	Franklin	Columbus		40.0789057	-82.8444285	86GV35H4+C2	Wildlife Observation Area		https://columbusrecparks.com/parks/rocky-fork-natural-area/	https://columbusrecparks.com/parks/rocky-fork-natural-area/	
OH-FR-S-0342	Roosevelt Park	Park			Active	City of Columbus	Columbus Recreation and Parks Department					3.05	Franklin	Columbus		39.9442395	-82.9642486	86FVW2VP+M2	Basketball Court; Playground		https://columbusrecparks.com/parks/roosevelt-park/	https://columbusrecparks.com/parks/roosevelt-park/	
OH-FR-S-0343	Rosemont Parkland	Park			Active	City of Columbus	Columbus Recreation and Parks Department					3.397	Franklin	Columbus		40.0211457	-82.9454728	86GV23C3+H2			https://columbusrecparks.com/parks/rosemont-parkland/	https://columbusrecparks.com/parks/rosemont-parkland/	
OH-FR-S-0344	Rush Run Nature Preserve	Nature Preserve			Active	City of Columbus	Columbus Recreation and Parks Department				370 Broad Meadows Blvd., Columbus, OH 43085	39.019	Franklin	Worthington		40.0761145	-83.0295023	86GR3XGC+C2	Wildlife Observation Area		https://columbusrecparks.com/parks/rush-run-nature-preserve/	https://columbusrecparks.com/parks/rush-run-nature-preserve/	
OH-FR-S-0345	Sammons Park	Park			Active	City of Columbus	Columbus Recreation and Parks Department					20.3	Franklin	Columbus		39.9508141	-82.9141256	86FVX32P+72	Basketball Court; Playground		https://columbusrecparks.com/parks/sammons-park/	https://columbusrecparks.com/parks/sammons-park/	
OH-FR-S-0346	Sancus Park	Park			Active	City of Columbus	Columbus Recreation and Parks Department					1.26	Franklin	Columbus		40.1236534	-82.995325	86GV42F3+H2	Basketball Court; Playground		https://columbusrecparks.com/parks/sancus-park/	https://columbusrecparks.com/parks/sancus-park/	
OH-FR-S-0347	Sater Park	Park			Active	City of Columbus	Columbus Recreation and Parks Department				117 Price Ave, Columbus, OH 43201	0.083	Franklin	Columbus		39.9669309	-82.918062	86FVX38J+Q2	Basketball Court; Playground	Source: MORPC Parks and Open Space dataset (public-morpc.hub.arcgis.com), data updated 2025-07-01. MORPC ParkID: not assigned. MORPC Sub_Type: N (Neighborhood Park). Jurisdiction: Columbus. Status: Public.	https://columbusrecparks.com/parks/sater-park/	https://columbusrecparks.com/parks/sater-park/;https://public-morpc.hub.arcgis.com/datasets/parks-and-open-space/explore	
OH-FR-S-0348	Saunders Park	Park			Active	City of Columbus	Columbus Recreation and Parks Department					14.55	Franklin	Columbus		39.9768731	-82.9660503	86FVX2GM+P2	Playground		https://columbusrecparks.com/parks/saunders-park/	https://columbusrecparks.com/parks/saunders-park/	
OH-FR-S-0349	Sawyer Park	Park			Active	City of Columbus	Columbus Recreation and Parks Department					1.81	Franklin	Columbus		39.9757495	-82.9737746	86FVX2GG+72	Basketball Court; Picnic Shelter; Playground		https://columbusrecparks.com/parks/sawyer-park/	https://columbusrecparks.com/parks/sawyer-park/	
OH-FR-S-0350	Schiller Park	Park			Active	City of Columbus	Columbus Recreation and Parks Department			Schiller Park is one of Columbus' oldest parks, offering beautiful tree-lined pathways, an amphitheater for summer theater, two gazebos, picnic areas, a dog park, and a reflection pool.	Grove City, OH 43123	23	Franklin	Columbus		39.9421492	-82.9925544	86FVW2R4+X2	Amphitheater; Dog Park; Gazebo; Multi-use Trail; Parking Lot; Picnic Shelter; Picnic Table Cluster; Playground; Pond	Source: grovecityohio.gov (domain egress-blocked; address confirmed via web search snippets, 2026-03-14). Named park in Grove City. Note: There is also a Schiller Park in Columbus (capital of German immigrant community) but this is a separate City of Grove City park. Street address not found via web search. MUST VERIFY via browser.	https://columbusrecparks.com/parks/schiller-park/	https://columbusrecparks.com/parks/schiller-park/;https://www.grovecityohio.gov/182/City-Parks	
OH-FR-S-0351	Schirm Farms Parkland	Park			Active	City of Columbus	Columbus Recreation and Parks Department					39.446	Franklin	Columbus		39.869604	-82.8306512	86FVV599+W2	Wildlife Observation Area		https://columbusrecparks.com/parks/schirm-farms-parkland/	https://columbusrecparks.com/parks/schirm-farms-parkland/	
OH-FR-S-0352	Scioto Audubon Park	Park			Active	City of Columbus	Columbus Recreation and Parks Department			Scioto Audubon Park is a trailhead for the Scioto Trail which provides access to Confluence Park.		0.04	Franklin	Columbus		39.9511453	-82.9144926	86FVX32P+C2	Multi-use Trail; Parking Lot; Wildlife Observation Area		https://columbusrecparks.com/parks/scioto-audubon-park/	https://columbusrecparks.com/parks/scioto-audubon-park/	
OH-FR-S-0353	Scioto Canal Parkland	Park			Active	City of Columbus	Columbus Recreation and Parks Department				3177 S High St., Columbus, OH 43207	6.89	Franklin	Columbus		39.8964904	-82.99948	86FVV2W2+C2	Wildlife Observation Area		https://columbusrecparks.com/parks/scioto-canal-parkland/	https://columbusrecparks.com/parks/scioto-canal-parkland/	
OH-FR-S-0354	Scioto Mile Promenade	Open Space			Active	City of Columbus	Columbus Recreation and Parks Department			Scioto Mile Promenade is a trailhead for the Scioto Trail.		13.5	Franklin	Columbus		39.9595132	-83.0037774	86FRXX5W+V2	Multi-use Trail		https://columbusrecparks.com/parks/scioto-mile-promenade/	https://columbusrecparks.com/parks/scioto-mile-promenade/	
OH-FR-S-0355	Scioto River Parkland	Park			Active	City of Columbus	Columbus Recreation and Parks Department					20.979	Franklin	Columbus		39.9702276	-83.0422182	86FRXXC5+22	Wildlife Observation Area		https://columbusrecparks.com/parks/scioto-river-parkland/	https://columbusrecparks.com/parks/scioto-river-parkland/	
OH-FR-S-0356	Scioto Southland Park	Park			Active	City of Columbus	Columbus Recreation and Parks Department			Scioto Southland Park is a trailhead for the Scioto Trail which provides access to Kenney Park and Riverside Green Park.		20.536	Franklin	Columbus		40.0525524	-83.0224911	86GR3X3H+22	Athletic Field; Ball Diamond; Basketball Court; Community Center; Community Garden; Multi-use Trail; Parking Lot; Picnic Shelter; Playground; Tennis Court; Wildlife Observation Area		https://columbusrecparks.com/parks/scioto-southland-park/	https://columbusrecparks.com/parks/scioto-southland-park/	
OH-FR-S-0357	Scioto Woods Park	Park			Active	City of Columbus	Columbus Recreation and Parks Department					9.03	Franklin	Columbus		39.9868862	-83.0978423	86FRXWP2+Q2	Picnic Shelter; Picnic Table Cluster; Pond; Wildlife Observation Area		https://columbusrecparks.com/parks/scioto-woods-park/	https://columbusrecparks.com/parks/scioto-woods-park/	
OH-FR-S-0358	Sensenbrenner Park	Park			Active	City of Columbus	Columbus Recreation and Parks Department					0.92	Franklin	Columbus		39.9686101	-83.0013357	86FRXX9X+F2	Basketball Court; Playground		https://columbusrecparks.com/parks/sensenbrenner-park/	https://columbusrecparks.com/parks/sensenbrenner-park/	
OH-FR-S-0359	Shady Lane Park	Park			Active	City of Columbus	Columbus Recreation and Parks Department					3.43	Franklin	Columbus		39.9497175	-82.8731869	86FVW4XG+W2	Basketball Court; Playground		https://columbusrecparks.com/parks/shady-lane-park/	https://columbusrecparks.com/parks/shady-lane-park/	
OH-FR-S-0360	Shannon Parkland	Park			Active	City of Columbus	Columbus Recreation and Parks Department					6.32	Franklin	Columbus		39.8979186	-82.8520278	86FVV4XX+22	Wildlife Observation Area		https://columbusrecparks.com/parks/shannon-parkland/	https://columbusrecparks.com/parks/shannon-parkland/	
OH-FR-S-0361	Sharon Meadows Park	Park			Active	City of Columbus	Columbus Recreation and Parks Department					10.44	Franklin	Columbus		40.0735933	-83.0099973	86GR3XFR+C2	Basketball Court; Playground		https://columbusrecparks.com/parks/sharon-meadows-park/	https://columbusrecparks.com/parks/sharon-meadows-park/	
OH-FR-S-0362	Shelbourne Parkland	Park			Active	City of Columbus	Columbus Recreation and Parks Department					9.175	Franklin	Columbus		39.9191977	-82.8342492	86FVW598+M2	Wildlife Observation Area		https://columbusrecparks.com/parks/shelbourne-parkland/	https://columbusrecparks.com/parks/shelbourne-parkland/	
OH-FR-S-0363	Shepard Park	Park			Active	City of Columbus	Columbus Recreation and Parks Department			Shepard Park provides access to Hayden Park.	760 N Nelson Road, Columbus, OH 43219	3.774	Franklin	Columbus		39.9845995	-82.9407111	86FVX3M5+W2	Basketball Court; Playground		https://columbusrecparks.com/parks/shepard-park/	https://columbusrecparks.com/parks/shepard-park/	
OH-FR-S-0364	Side By Side Park	Park			Active	City of Columbus	Columbus Recreation and Parks Department			The Olentangy Trail runs through Side by Side Park and provides access to Olentangy Trail Parkland and Perry Park.		0.19	Franklin	Columbus		39.9837785	-83.0207644	86FRXXMH+G2		Acquired in 2000.	https://columbusrecparks.com/parks/side-by-side-park/	https://columbusrecparks.com/parks/side-by-side-park/	
OH-FR-S-0365	Smith Road Park	Park			Active	City of Columbus	Columbus Recreation and Parks Department					6.24	Franklin	Columbus		39.9253016	-82.9591376	86FVW2GR+32	Basketball Court; Playground		https://columbusrecparks.com/parks/smith-road-park/	https://columbusrecparks.com/parks/smith-road-park/	
OH-FR-S-0366	Sol Shenk Parkland	Park			Active	City of Columbus	Columbus Recreation and Parks Department			Nearby, you can enjoy Deer Lake Parkland and Catalpa Park.		24.16	Franklin	Columbus		39.9309877	-82.8662686	86FVW4JM+72	Pond; Wildlife Observation Area		https://columbusrecparks.com/parks/sol-shenk-parkland/	https://columbusrecparks.com/parks/sol-shenk-parkland/	
OH-FR-S-0367	Southeast Lions Park	Park			Active	City of Columbus	Columbus Recreation and Parks Department					1.32	Franklin	Columbus		39.9236866	-82.9902991	86FVW2F5+H2	Basketball Court; Playground		https://columbusrecparks.com/parks/southeast-lions-park/	https://columbusrecparks.com/parks/southeast-lions-park/	
OH-FR-S-0368	Southern Pines Park	Park			Active	City of Columbus	Columbus Recreation and Parks Department					6.39	Franklin	Columbus		39.8841847	-82.9807499	86FVV2M9+P2	Playground		https://columbusrecparks.com/parks/southern-pines-park/	https://columbusrecparks.com/parks/southern-pines-park/	
OH-FR-S-0369	Southgate Park	Park			Active	City of Columbus	Columbus Recreation and Parks Department				39.87893°, -82.97775	3.68	Franklin	Columbus		39.8789714	-82.9777393	86FVV2HC+H2	Athletic Field; Ball Diamond; Basketball Court; Picnic Shelter; Playground; Tennis Court		https://columbusrecparks.com/parks/southgate-park/	https://columbusrecparks.com/parks/southgate-park/	
OH-FR-S-0370	Southside Settlement Heritage Park	Park			Active	City of Columbus	Columbus Recreation and Parks Department					0.92	Franklin	Columbus		39.9261978	-82.9868479	86FVW2G7+F2	Playground		https://columbusrecparks.com/parks/southside-settlement-heritage-park/	https://columbusrecparks.com/parks/southside-settlement-heritage-park/	
OH-FR-S-0371	Southwood-Mileusnich Park	Park			Active	City of Columbus	Columbus Recreation and Parks Department					1.2	Franklin	Columbus		39.9317284	-82.9908162	86FVW2J5+P2	Basketball Court; Playground		https://columbusrecparks.com/parks/southwood-mileusnich-park/	https://columbusrecparks.com/parks/southwood-mileusnich-park/	
OH-FR-S-0372	Spindler Road Park	Park			Active	City of Columbus	Columbus Recreation and Parks Department					75.12	Franklin	Columbus		39.992686	-83.1678104	86FRXRVJ+52	Basketball Court; Playground		https://columbusrecparks.com/parks/spindler-road-park/	https://columbusrecparks.com/parks/spindler-road-park/	
OH-FR-S-0373	Stephen Drive Park	Park			Active	City of Columbus	Columbus Recreation and Parks Department					0.907	Franklin	Columbus		40.0739169	-82.8947223	86GV34F4+C2	Basketball Court; Playground	Source: MORPC Parks and Open Space dataset (public-morpc.hub.arcgis.com), data updated 2025-07-01. MORPC ParkID: 761. MORPC Sub_Type: NOS (Neighborhood Open Space). Jurisdiction: Columbus. Status: Public.	https://columbusrecparks.com/parks/stephen-drive-park/	https://columbusrecparks.com/parks/stephen-drive-park/;https://public-morpc.hub.arcgis.com/datasets/parks-and-open-space/explore	
OH-FR-S-0374	Stockbridge Park	Park			Active	City of Columbus	Columbus Recreation and Parks Department					22.9	Franklin	Columbus		39.8947838	-82.9708373	86FVV2VH+W2	Basketball Court; Playground		https://columbusrecparks.com/parks/stockbridge-park/	https://columbusrecparks.com/parks/stockbridge-park/	
OH-FR-S-0375	Stonecliff Parkland	Park			Active	City of Columbus	Columbus Recreation and Parks Department					12.24	Franklin	Columbus		40.0164728	-82.9389368	86GV2386+F2			https://columbusrecparks.com/parks/stonecliff-parkland/	https://columbusrecparks.com/parks/stonecliff-parkland/	
OH-FR-S-0376	Stoneridge Park	Park			Active	City of Columbus	Columbus Recreation and Parks Department					22.82	Franklin	Columbus		39.9025278	-83.05966	86FRWW3R+22	Basketball Court; Playground		https://columbusrecparks.com/parks/stoneridge-park/	https://columbusrecparks.com/parks/stoneridge-park/	
OH-FR-S-0377	Strawberry Farms Park	Park			Active	City of Columbus	Columbus Recreation and Parks Department					23.67	Franklin	Columbus		40.0720353	-82.9205068	86GV33CH+X2	Athletic Field; Ball Diamond; Basketball Court; Parking Lot; Picnic Shelter; Playground; Tennis Court		https://columbusrecparks.com/parks/strawberry-farms-park/	https://columbusrecparks.com/parks/strawberry-farms-park/	
OH-FR-S-0378	Sugar Farms Parkland	Park			Active	City of Columbus	Columbus Recreation and Parks Department					23.404	Franklin	Columbus		39.9896043	-83.1710328	86FRXRQH+W2	Wildlife Observation Area	Columbus Recreation and Parks Department official listing	https://columbusrecparks.com/parks/sugar-farms-parkland/	https://columbusrecparks.com/parks/sugar-farms-parkland/	
OH-FR-S-0379	Sugar Run Parkland	Park			Active	City of Columbus	Columbus Recreation and Parks Department					8.32	Franklin	Columbus		40.0941753	-82.8274285	86GV35VF+J2	Wildlife Observation Area		https://columbusrecparks.com/parks/sugar-run-parkland/	https://columbusrecparks.com/parks/sugar-run-parkland/	
OH-FR-S-0380	Sullivant Gardens Park	Park			Active	City of Columbus	Columbus Recreation and Parks Department					3.83	Franklin	Columbus		39.945487	-83.0182401	86FRWXWJ+42	Playground		https://columbusrecparks.com/parks/sullivant-gardens-park/	https://columbusrecparks.com/parks/sullivant-gardens-park/	
OH-FR-S-0381	Summitview Park	Park			Active	City of Columbus	Columbus Recreation and Parks Department					9.04	Franklin	Columbus		40.1382515	-83.088231	86GR4WQ6+82	Athletic Field; Ball Diamond; Basketball Court; Parking Lot; Picnic Shelter; Playground; Tennis Court		https://columbusrecparks.com/parks/summitview-park/	https://columbusrecparks.com/parks/summitview-park/	
OH-FR-S-0382	Sycamore Bottoms Parkland	Park			Active	City of Columbus	Columbus Recreation and Parks Department					0.14	Franklin	Columbus		39.9760624	-82.9467854	86FVX3G3+F2	Wildlife Observation Area		https://columbusrecparks.com/parks/sycamore-bottoms-parkland/	https://columbusrecparks.com/parks/sycamore-bottoms-parkland/	
OH-FR-S-0383	Sycamore Hills Park	Park			Active	City of Columbus	Columbus Recreation and Parks Department					7.8	Franklin	Columbus		40.0720339	-83.0494844	86GR3XC2+R2	Basketball Court; Playground		https://columbusrecparks.com/parks/sycamore-hills-park/	https://columbusrecparks.com/parks/sycamore-hills-park/	
OH-FR-S-0384	Tanager Woods	Natural Area			Active	City of Columbus	Columbus Recreation and Parks Department					41.97	Franklin	Columbus		40.0677683	-82.9209582	86GV339H+42	Wildlife Observation Area		https://columbusrecparks.com/parks/tanager-woods/	https://columbusrecparks.com/parks/tanager-woods/	
OH-FR-S-0385	Teaford Parkland	Park			Active	City of Columbus	Columbus Recreation and Parks Department					7.69	Franklin	Columbus		40.1018129	-82.9365284	86GV4327+M2	Wildlife Observation Area		https://columbusrecparks.com/parks/teaford-parkland/	https://columbusrecparks.com/parks/teaford-parkland/	
OH-FR-S-0386	Terrace Park	Park			Active	City of Columbus	Columbus Recreation and Parks Department				123 S Terrace Ave, Columbus, OH 43204	1.205	Franklin	Columbus		39.9509041	-83.0664351	86FRXW2M+72	Basketball Court; Playground		https://columbusrecparks.com/parks/terrace-park/	https://columbusrecparks.com/parks/terrace-park/	
OH-FR-S-0387	Thompson Park	Park			Active	City of Columbus	Columbus Recreation and Parks Department				5600 Thompson Rd, Columbus, OH 43230	46.55	Franklin	Upper Arlington		40.0436637	-83.0723144	86GR2WVH+C2	Basketball Court; Playground	Source: naparksohio.org/cityofnewalbany.com (domains egress-blocked; address confirmed via web search snippets, 2026-03-14). 59-acre district park. Seven tennis courts, one basketball court, walking trails, playgrounds, pavilions, concession stands, and full-size athletic fields. Note: Listed at Columbus OH address (43230) but managed by New Albany Parks & Recreation. CROSS-TIER FLAG: check Columbus Rec Parks website for cross-management. Address may also appear as 'New Albany' in some listings despite Columbus ZIP.	https://columbusrecparks.com/parks/thompson-park/	https://columbusrecparks.com/parks/thompson-park/;https://naparksohio.org/parks-and-facilities/;https://www.upperarlingtonoh.gov/189/Parks;https://www.upperarlingtonoh.gov/Facilities/	
OH-FR-S-0388	Three Creeks Park	Park			Active	City of Columbus	Columbus Recreation and Parks Department			Sits at the confluence of Big Walnut Creek, Blacklick Creek, and Alum Creek.		127.23	Franklin			39.8803101	-82.8780905	86FVV4JC+52	Athletic Field; Ball Diamond; Basketball Court; Boat Ramp; Community Center; Disc Golf Course; Dog Park; Multi-use Trail; Parking Lot; Picnic Shelter; Picnic Table Cluster; Playground; Tennis Court; Wildlife Observation Area	Acres from MORPC: Three Creeks Park (MORPC, Groveport, PARK/M, src=Metro Parks)	https://columbusrecparks.com/parks/three-creeks-park/	https://columbusrecparks.com/parks/three-creeks-park/	
OH-FR-S-0389	Thurber Park	Park			Active	City of Columbus	Columbus Recreation and Parks Department					0.74	Franklin	Columbus		39.9655186	-82.9846861	86FVX288+62	Basketball Court; Playground		https://columbusrecparks.com/parks/thurber-park/	https://columbusrecparks.com/parks/thurber-park/	
OH-FR-S-0390	Tionda Drive Parkland	Park			Active	City of Columbus	Columbus Recreation and Parks Department					0.12	Franklin	Columbus		40.046106	-83.0050788	86GR2XWV+H2	Wildlife Observation Area		https://columbusrecparks.com/parks/tionda-drive-parkland/	https://columbusrecparks.com/parks/tionda-drive-parkland/	
OH-FR-S-0391	Trabue Woods Park	Park			Active	City of Columbus	Columbus Recreation and Parks Department					5.81	Franklin	Columbus		39.9797829	-83.1208511	86FRXVHH+W2	Basketball Court; Picnic Shelter; Playground		https://columbusrecparks.com/parks/trabue-woods-park/	https://columbusrecparks.com/parks/trabue-woods-park/	
OH-FAI-S-0392	Turnberry Golf Course	Recreation Facility				City of Columbus	Columbus Recreation and Parks Department			golf course in the Far East community. Nearby, you can enjoy Turnberry Parkland and Retreat at Turnberry.		209.13	Fairfield			39.921	-82.7915	86FVW6C5+99	Golf Course; Pond; Wildlife Observation Area	GPS and acreage from MORPC geometry; confirmed entirely in Fairfield County via polygon vertex analysis — all vertices 39.913–39.929°N, well south of Franklin-Fairfield boundary. Retains FR- ID; reassign to FAI- prefix during Fairfield County run.	https://columbusrecparks.com/parks/turnberry-golf-course/	https://columbusrecparks.com/parks/turnberry-golf-course/	
OH-FR-S-0393	Turnberry Parkland	Park			Active	City of Columbus	Columbus Recreation and Parks Department					0.05	Franklin	Columbus		39.9740569	-82.9503095	86FVX2FX+Q2	Wildlife Observation Area		https://columbusrecparks.com/parks/turnberry-parkland/	https://columbusrecparks.com/parks/turnberry-parkland/	
OH-FR-S-0394	Tuttle Park	Park			Active	City of Columbus	Columbus Recreation and Parks Department			Tuttle Park is a trailhead for the Olentangy Trail which provides access to Antrim Park and Hard Road Park.		48.42	Franklin	Columbus		40.0109048	-83.0163448	86GR2X6M+72	Athletic Field; Ball Diamond; Basketball Court; Community Center; Disc Golf Course; Multi-use Trail; Parking Lot; Picnic Shelter; Playground; Tennis Court; Wildlife Observation Area		https://columbusrecparks.com/parks/tuttle-park/	https://columbusrecparks.com/parks/tuttle-park/	
OH-FR-S-0395	Upper Albany School Site	Park			Active	City of Columbus	Columbus Recreation and Parks Department					10.47	Franklin	Columbus		40.1086989	-82.85625	86GV445V+F2	Athletic Field; Ball Diamond; Basketball Court; Picnic Shelter; Playground; Tennis Court	School-site type park in Columbus Recreation & Parks inventory, analogous to Deaf School Park (FR-S-0139).	https://columbusrecparks.com/parks/upper-albany-school-site/	https://columbusrecparks.com/parks/upper-albany-school-site/	
OH-FR-S-0396	Upper Albany West M Parkland	Park			Active	City of Columbus	Columbus Recreation and Parks Department					1.725	Franklin	Columbus		40.1065918	-82.8517699	86GV444X+M2	Wildlife Observation Area	Source: MORPC Parks and Open Space dataset (public-morpc.hub.arcgis.com), data updated 2025-07-01. MORPC ParkID: not assigned. MORPC Sub_Type: NOS (Neighborhood Open Space). Jurisdiction: Columbus. Status: Public.	https://columbusrecparks.com/parks/upper-albany-west-m-parkland/	https://columbusrecparks.com/parks/upper-albany-west-m-parkland/;https://public-morpc.hub.arcgis.com/datasets/parks-and-open-space/explore;https://columbusrecparks.com/parks/upper-albany-west-p-parkland/;https://columbusrecparks.com/parks/upper-albany-west-q-parkland/	
OH-FR-S-0397	Vaughn Farm Parkland	Park			Active	City of Columbus	Columbus Recreation and Parks Department				5091 Hayden Run Road, Columbus, Ohio 43221	4.409	Franklin	Columbus		40.062422	-83.130634	86GR3V69+W2	Wildlife Observation Area	Source: MORPC Parks and Open Space dataset (public-morpc.hub.arcgis.com), data updated 2025-07-01. MORPC ParkID: 275. MORPC Sub_Type: NOS (Neighborhood Open Space). Jurisdiction: Columbus. Status: Public.	https://columbusrecparks.com/parks/vaughn-farm-parkland/	https://columbusrecparks.com/parks/vaughn-farm-parkland/;https://public-morpc.hub.arcgis.com/datasets/parks-and-open-space/explore	
OH-FR-S-0398	Virginia Terrace Parkland	Park			Active	City of Columbus	Columbus Recreation and Parks Department					13.81	Franklin	Columbus		40.0473666	-82.889482	86GV24W6+R2			https://columbusrecparks.com/parks/virginia-terrace-parkland/	https://columbusrecparks.com/parks/virginia-terrace-parkland/	
OH-FR-S-0399	Virginialee Park	Park			Active	City of Columbus	Columbus Recreation and Parks Department					2.35	Franklin	Columbus		39.9657272	-82.9183695	86FVX38J+82	Basketball Court; Playground		https://columbusrecparks.com/parks/virginialee-park/	https://columbusrecparks.com/parks/virginialee-park/	
OH-FR-S-0400	Waggoner Chase Parkland	Park			Active	City of Columbus	Columbus Recreation and Parks Department					5.16	Franklin	Columbus		40.0058851	-82.7817448	86GV2649+72	Wildlife Observation Area		https://columbusrecparks.com/parks/waggoner-chase-parkland/	https://columbusrecparks.com/parks/waggoner-chase-parkland/	
OH-FR-S-0401	Walden Park	Park			Active	City of Columbus	Columbus Recreation and Parks Department					4.34	Franklin	Columbus		40.0816938	-82.966184	86GV32JM+P2	Athletic Field; Playground		https://columbusrecparks.com/parks/walden-park/	https://columbusrecparks.com/parks/walden-park/	
OH-FR-S-0402	Walnut Bluffs Parkland	Park			Active	City of Columbus	Columbus Recreation and Parks Department					0.15	Franklin	Columbus		39.974042	-82.9477144	86FVX3F2+Q2	Wildlife Observation Area		https://columbusrecparks.com/parks/walnut-bluffs-parkland/	https://columbusrecparks.com/parks/walnut-bluffs-parkland/	
OH-FR-S-0403	Walnut Hill Park	Park			Active	City of Columbus	Columbus Recreation and Parks Department					0.21	Franklin	Columbus		39.949986	-82.9168284	86FVW3XM+V2	Multi-use Trail; Parking Lot; Picnic Shelter; Picnic Table Cluster; Playground; Wildlife Observation Area		https://columbusrecparks.com/parks/walnut-hill-park/	https://columbusrecparks.com/parks/walnut-hill-park/	
OH-FR-S-0404	Walnut Street Parkland	Park			Active	City of Columbus	Columbus Recreation and Parks Department					9.96	Franklin	Columbus		40.1121782	-82.8293094	86GV456C+V2			https://columbusrecparks.com/parks/walnut-street-parkland/	https://columbusrecparks.com/parks/walnut-street-parkland/	
OH-FR-S-0405	Walnut View Park	Park			Active	City of Columbus	Columbus Recreation and Parks Department					9.42	Franklin	Columbus		39.9214045	-82.8421938	86FVW5C5+C2	Basketball Court; Multi-use Trail; Picnic Shelter; Picnic Table Cluster; Playground; Wildlife Observation Area		https://columbusrecparks.com/parks/walnut-view-park/	https://columbusrecparks.com/parks/walnut-view-park/	
OH-FR-S-0406	Waltham Woods Park	Park			Active	City of Columbus	Columbus Recreation and Parks Department					1.5	Franklin	Columbus		40.0710383	-82.9440801	86GV33C4+F2	Picnic Shelter; Picnic Table Cluster; Playground		https://columbusrecparks.com/parks/waltham-woods-park/	https://columbusrecparks.com/parks/waltham-woods-park/	
OH-FR-S-0407	Wango Park	Park			Active	City of Columbus	Columbus Recreation and Parks Department					43.355	Franklin	Columbus		40.0957988	-82.8456044	86GV35W3+92	Wildlife Observation Area		https://columbusrecparks.com/parks/wango-park/	https://columbusrecparks.com/parks/wango-park/	
OH-FR-S-0408	Warner Woods Nature Preserve	Nature Preserve			Active	City of Columbus	Columbus Recreation and Parks Department				4790 Warner Road, Westerville, OH 43081	14.4	Franklin			40.092902	-82.863377	86GV34VP+42	Wildlife Observation Area	Columbus R&P nature preserve designation (overall Warner Woods Park ~53 ac)	https://columbusrecparks.com/parks/warner-woods-nature-preserve/	https://columbusrecparks.com/parks/warner-woods-nature-preserve/	
OH-FR-S-0409	Warner Woods Park	Park			Active	City of Columbus	Columbus Recreation and Parks Department					0.15	Franklin	Columbus		39.9520691	-82.9116911	86FVX32Q+V2	Athletic Field; Multi-use Trail; Pavilion; Picnic Shelter; Pump Track; Wildlife Observation Area		https://columbusrecparks.com/parks/warner-woods-park/	https://columbusrecparks.com/parks/warner-woods-park/	
OH-FR-S-0410	Warren Square	Open Space			Active	City of Columbus	Columbus Recreation and Parks Department					0.059	Franklin			39.992	-82.999	86FVX2R2+M2		Columbus Recreation and Parks Department official listing; Italian Village micro-park	https://columbusrecparks.com/parks/warren-square/	https://columbusrecparks.com/parks/warren-square/	
OH-FR-S-0411	Watercourse Dedication/Scioto	Water Site			Active	City of Columbus	Columbus Recreation and Parks Department						Franklin			39.946	-83.004	86FRWXWW+72	Multi-use Trail; Pond; Wildlife Observation Area	GPS approx: GPS approximate — Scioto River corridor, Columbus; address unconfirmed	https://columbusrecparks.com/parks/watercourse-dedication-scioto/	https://columbusrecparks.com/parks/watercourse-dedication-scioto/	
OH-FR-S-0412	Webster Nature Preserve	Nature Preserve			Active	City of Columbus	Columbus Recreation and Parks Department			Nearby, you can enjoy Whetstone Park.	230 Webster Park Ave., Columbus, OH 43214	1.651	Franklin	Columbus		40.0390211	-83.0248469	86GR2XQG+J2	Wildlife Observation Area		https://columbusrecparks.com/parks/webster-nature-preserve/	https://columbusrecparks.com/parks/webster-nature-preserve/	
OH-FR-S-0413	Weinland Park	Park			Active	City of Columbus	Columbus Recreation and Parks Department					4.17	Franklin	Columbus		39.9888252	-83.0007437	86FRXXQX+G2	Basketball Court; Multi-use Trail; Picnic Shelter; Picnic Table Cluster; Playground		https://columbusrecparks.com/parks/weinland-park/	https://columbusrecparks.com/parks/weinland-park/	
OH-FR-S-0414	Wendler Parkland	Park			Active	City of Columbus	Columbus Recreation and Parks Department					4.28	Franklin	Columbus		40.0480149	-82.8929239	86GV24X4+92			https://columbusrecparks.com/parks/wendler-parkland/	https://columbusrecparks.com/parks/wendler-parkland/	
OH-FR-S-0415	West Bank Park	Park			Active	City of Columbus	Columbus Recreation and Parks Department			West Bank Park is a trailhead for the Scioto Trail.		18.64	Franklin	Columbus		39.9637295	-83.0144267	86FRXX7P+C2	Multi-use Trail; Wildlife Observation Area		https://columbusrecparks.com/parks/west-bank-park/	https://columbusrecparks.com/parks/west-bank-park/	
OH-FR-S-0416	West Bank Walkway	Park			Active	City of Columbus	Columbus Recreation and Parks Department			West Bank Walkway is a trailhead for the Scioto Trail.		22.38	Franklin	Columbus		39.9556504	-83.0088451	86FRXX4R+72	Multi-use Trail; Wildlife Observation Area	Linear park corridor. Possible duplicate or companion record to Westbank Walkway (FR-S-0704) — verify.	https://columbusrecparks.com/parks/west-bank-walkway/	https://columbusrecparks.com/parks/west-bank-walkway/	
OH-FR-S-0417	West Case Park	Park			Active	City of Columbus	Columbus Recreation and Parks Department					0.09	Franklin	Columbus		39.95097	-82.9111912	86FVX32Q+82			https://columbusrecparks.com/parks/west-case-park/	https://columbusrecparks.com/parks/west-case-park/	
OH-FR-S-0418	West Park Avenue Park	Park			Active	City of Columbus	Columbus Recreation and Parks Department					3.73	Franklin	Columbus		39.9547713	-83.0326521	86FRXX38+X2			https://columbusrecparks.com/parks/west-park-avenue-park/	https://columbusrecparks.com/parks/west-park-avenue-park/	
OH-FR-S-0419	Westchester Parkland	Park			Active	City of Columbus	Columbus Recreation and Parks Department					1.53	Franklin	Columbus		39.9357357	-83.1534994	86FRWRPW+82	Wildlife Observation Area		https://columbusrecparks.com/parks/westchester-parkland/	https://columbusrecparks.com/parks/westchester-parkland/	
OH-FR-S-0420	Westerford Village Parkland	Park			Active	City of Columbus	Columbus Recreation and Parks Department					5.25	Franklin	Columbus		40.0705355	-82.9226655	86GV33CG+92	Wildlife Observation Area		https://columbusrecparks.com/parks/westerford-village-parkland/	https://columbusrecparks.com/parks/westerford-village-parkland/	
OH-FR-S-0421	Westerville Woods Parkland	Park			Active	City of Columbus	Columbus Recreation and Parks Department					1.56	Franklin	Columbus		40.067065	-82.9234325	86GV338G+W2	Wildlife Observation Area		https://columbusrecparks.com/parks/westerville-woods-parkland/	https://columbusrecparks.com/parks/westerville-woods-parkland/	
OH-FR-S-0422	Westgate Park	Park			Active	City of Columbus	Columbus Recreation and Parks Department					43.11	Franklin	Columbus		39.9453001	-83.0857546	86FRWWW7+42	Athletic Field; Ball Diamond; Basketball Court; Community Center; Parking Lot; Picnic Shelter; Playground; Tennis Court		https://columbusrecparks.com/parks/westgate-park/	https://columbusrecparks.com/parks/westgate-park/	
OH-FR-S-0423	Westmoor Park	Park			Active	City of Columbus	Columbus Recreation and Parks Department					16.68	Franklin	Columbus		39.9609698	-83.0833847	86FRXW68+82	Basketball Court; Picnic Shelter; Playground		https://columbusrecparks.com/parks/westmoor-park/	https://columbusrecparks.com/parks/westmoor-park/	
OH-FR-S-0424	Wexford Green Park	Park			Active	City of Columbus	Columbus Recreation and Parks Department					9.71	Franklin	Columbus		39.976852	-83.1633539	86FRXRGP+P2	Basketball Court; Playground		https://columbusrecparks.com/parks/wexford-green-park/	https://columbusrecparks.com/parks/wexford-green-park/	
OH-FR-S-0425	Wheeler Memorial Park	Memorial			Active	City of Columbus	Columbus Recreation and Parks Department					4.005	Franklin	Columbus		39.9758865	-83.0136568	86FRXXGP+82	Playground		https://columbusrecparks.com/parks/wheeler-memorial-park/	https://columbusrecparks.com/parks/wheeler-memorial-park/	
OH-FR-S-0426	Whetstone Park	Park			Active	City of Columbus	Columbus Recreation and Parks Department			Trailhead for the Olentangy Trail providing access to Northmoor Park. Adjacent to Webster Nature Preserve.		155.16	Franklin	Columbus		40.0431058	-83.0272043	86GR2XVF+62	Athletic Field; Ball Diamond; Community Center; Community Garden; Gazebo; Historic Marker; Multi-use Trail; Parking Lot; Pickleball Court; Picnic Shelter; Picnic Table Cluster; Playground; Pollinator Garden; Pond; Tennis Court; Wildlife Observation Area		https://columbusrecparks.com/parks/whetstone-park/	https://columbusrecparks.com/parks/whetstone-park/	
OH-FR-S-0427	White Ash Parkland	Park			Active	City of Columbus	Columbus Recreation and Parks Department					13.58	Franklin	Columbus		39.8771722	-82.8174999	86FVV5GM+R2	Wildlife Observation Area		https://columbusrecparks.com/parks/white-ash-parkland/	https://columbusrecparks.com/parks/white-ash-parkland/	
OH-FR-S-0428	Wicklow Park	Park			Active	City of Columbus	Columbus Recreation and Parks Department					0.63	Franklin	Columbus		39.9460629	-83.0774473	86FRWWWF+C2	Basketball Court; Playground		https://columbusrecparks.com/parks/wicklow-park/	https://columbusrecparks.com/parks/wicklow-park/	
OH-FR-S-0429	Wildrose Parkland	Park			Active	City of Columbus	Columbus Recreation and Parks Department					9.902	Franklin	Columbus		40.0764571	-82.893709	86GV34G4+G2	Wildlife Observation Area	Source: MORPC Parks and Open Space dataset (public-morpc.hub.arcgis.com), data updated 2025-07-01. MORPC ParkID: not assigned. MORPC Sub_Type: NOS (Neighborhood Open Space). Jurisdiction: Columbus. Status: Public.	https://columbusrecparks.com/parks/wildrose-parkland/	https://columbusrecparks.com/parks/wildrose-parkland/;https://public-morpc.hub.arcgis.com/datasets/parks-and-open-space/explore	
OH-FR-S-0430	Williams Creek Park	Park			Active	City of Columbus	Columbus Recreation and Parks Department					6.39	Franklin	Columbus		39.8903845	-82.9253305	86FVV3RF+52	Basketball Court; Parking Lot; Picnic Shelter; Playground		https://columbusrecparks.com/parks/williams-creek-park/	https://columbusrecparks.com/parks/williams-creek-park/	
OH-FR-S-0431	Willis Park	Park			Active	City of Columbus	Columbus Recreation and Parks Department					2.7	Franklin	Columbus		39.9501196	-82.8637614	86FVX42P+32	Basketball Court; Playground		https://columbusrecparks.com/parks/willis-park/	https://columbusrecparks.com/parks/willis-park/	
OH-FR-S-0432	Willow Creek Park	Park			Active	City of Columbus	Columbus Recreation and Parks Department					9.56	Franklin	Columbus		39.9108378	-83.041548	86FRWX65+72	Athletic Field; Ball Diamond; Basketball Court; Community Center; Community Garden; Parking Lot; Picnic Shelter; Playground; Pond; Tennis Court; Wildlife Observation Area		https://columbusrecparks.com/parks/willow-creek-park/	https://columbusrecparks.com/parks/willow-creek-park/	
OH-FR-S-0433	Willow Creek Preserve	Nature Preserve			Active	City of Columbus	Columbus Recreation and Parks Department					12.68	Franklin	Columbus		39.9097931	-83.0480582	86FRWX52+X2	Parking Lot; Wildlife Observation Area		https://columbusrecparks.com/parks/willow-creek-preserve/	https://columbusrecparks.com/parks/willow-creek-preserve/	
OH-FR-S-0434	Wilson Road Golf Course	Recreation Facility			Active	City of Columbus	Columbus Recreation and Parks Department					214.42	Franklin	Columbus		39.9926007	-83.1023626	86FRXVVX+22	Golf Course; Parking Lot; Pond	Established in 1966.	https://columbusrecparks.com/parks/wilson-road-golf-course/	https://columbusrecparks.com/parks/wilson-road-golf-course/	
OH-FR-S-0435	Wilson Road Park	Park			Active	City of Columbus	Columbus Recreation and Parks Department					0.29	Franklin	Columbus		39.9170457	-82.9740417	86FVW28G+V2	Basketball Court; Picnic Shelter; Playground		https://columbusrecparks.com/parks/wilson-road-park/	https://columbusrecparks.com/parks/wilson-road-park/	
OH-FR-S-0436	Winchester Bend Parkland	Park			Active	City of Columbus	Columbus Recreation and Parks Department					5.26	Franklin	Columbus		39.901187	-82.8898504	86FVW426+C2	Wildlife Observation Area		https://columbusrecparks.com/parks/winchester-bend-parkland/	https://columbusrecparks.com/parks/winchester-bend-parkland/	
OH-FR-S-0437	Winchester Meadows - Echelon Parkland	Park			Active	City of Columbus	Columbus Recreation and Parks Department					16.23	Franklin	Columbus		39.8743121	-82.8116864	86FVV5FQ+M2	Wildlife Observation Area		https://columbusrecparks.com/parks/winchester-meadows-echelon-parkland/	https://columbusrecparks.com/parks/winchester-meadows-echelon-parkland/	
OH-FR-S-0438	Winchester Meadows Park	Park			Active	City of Columbus	Columbus Recreation and Parks Department					1.62	Franklin	Columbus		39.875056	-82.8161301	86FVV5GM+42	Athletic Field; Ball Diamond; Basketball Court; Parking Lot; Picnic Shelter; Playground; Tennis Court		https://columbusrecparks.com/parks/winchester-meadows-park/	https://columbusrecparks.com/parks/winchester-meadows-park/	
OH-FR-S-0439	Winding Creek Park	Park			Active	City of Columbus	Columbus Recreation and Parks Department				39.932150, -82.864476	2.85	Franklin	Columbus		39.9324298	-82.8658164	86FVW4JM+W2	Basketball Court; Playground		https://columbusrecparks.com/parks/winding-creek-park/	https://columbusrecparks.com/parks/winding-creek-park/	
OH-FR-S-0440	Windsor Park	Park			Active	City of Columbus	Columbus Recreation and Parks Department				4408 Broadway, Grove City, OH 43123	34.41	Franklin	Grove City		39.8750532	-83.0936549	86FRVWG4+42	Basketball Court; Playground	Source: grovecityohio.gov (domain egress-blocked; address confirmed via web search snippets, 2026-03-14). 38-acre park. Home to youth baseball with 11 diamonds for teams preschool-aged to adult. Batting cages and tennis courts. 55+ years old.	https://columbusrecparks.com/parks/windsor-park/	https://columbusrecparks.com/parks/windsor-park/;https://www.grovecityohio.gov/182/City-Parks	
OH-FR-S-0441	Windward Farms Park	Park			Active	City of Columbus	Columbus Recreation and Parks Department					17.44	Franklin	Columbus		39.8991672	-83.1209085	86FRVVXH+P2	Athletic Field; Ball Diamond; Basketball Court; Parking Lot; Picnic Shelter; Playground; Tennis Court		https://columbusrecparks.com/parks/windward-farms-park/	https://columbusrecparks.com/parks/windward-farms-park/	
OH-FR-S-0442	Wolfe Park	Park			Active	City of Columbus	Columbus Recreation and Parks Department			Wolfe Park is a trailhead for the Alum Creek Trail and Big Walnut Trail, which provides access to Academy Park, Big Walnut/Edgewater Parkland, and Big Walnut/Williams Road Parkland.		46.88	Franklin	Columbus		39.9658765	-82.9477952	86FVX382+92	Athletic Field; Ball Diamond; Basketball Court; Multi-use Trail; Parking Lot; Playground; Wildlife Observation Area		https://columbusrecparks.com/parks/wolfe-park/	https://columbusrecparks.com/parks/wolfe-park/	
OH-FR-S-0443	Woodbridge Green Park	Park			Active	City of Columbus	Columbus Recreation and Parks Department				213 Camrose Court, Gahanna, OH 43230	6.38	Franklin	Columbus		40.1181159	-83.0594473	86GR4W9R+62	Basketball Court; Playground	Source: Gahanna Facilities page and Parks MORPC cross-ref: acreage 32.847 ac, ParkID not assigned, Sub_Type Regional Park. NOTE: gahanna.gov classifies as Community Park (213 Camrose Court); MORPC classifies as Regional Park — flag for resolution. & Trails Guide PDF.	https://columbusrecparks.com/parks/woodbridge-green-park/	https://columbusrecparks.com/parks/woodbridge-green-park/;https://www.gahanna.gov/Facilities;https://oh-gahanna.civicplus.com/DocumentCenter/View/278/Parks-and-Trails-Guide-PDF	
OH-FR-S-0444	Woodstream Nature Preserve	Nature Preserve			Active	City of Columbus	Columbus Recreation and Parks Department				4535 Big Walnutview Dr., Columbus, Ohio 43230	27.12	Franklin	Columbus		40.0717901	-82.8978892	86GV34C2+Q2	Wildlife Observation Area		https://columbusrecparks.com/parks/woodstream-nature-preserve/	https://columbusrecparks.com/parks/woodstream-nature-preserve/	
OH-FR-S-0445	Woodstream Park	Park			Active	City of Columbus	Columbus Recreation and Parks Department					4.2	Franklin	Columbus		40.0708781	-82.8972598	86GV34C3+62	Basketball Court; Playground		https://columbusrecparks.com/parks/woodstream-park/	https://columbusrecparks.com/parks/woodstream-park/	
OH-FR-S-0446	Woodward Nature Preserve	Nature Preserve			Active	City of Columbus	Columbus Recreation and Parks Department				1230 Fahlander Drive N, Columbus, OH 43229	34.417	Franklin	Columbus		40.0729621	-82.9828141	86GV32F8+52	Parking Lot; Wildlife Observation Area		https://columbusrecparks.com/parks/woodward-nature-preserve/	https://columbusrecparks.com/parks/woodward-nature-preserve/	
OH-FR-S-0447	Woodward Park	Park			Active	City of Columbus	Columbus Recreation and Parks Department					17.02	Franklin	Columbus		40.0729621	-82.9828141	86GV32F8+52	Athletic Field; Ball Diamond; Basketball Court; Community Center; Parking Lot; Picnic Shelter; Playground; Tennis Court		https://columbusrecparks.com/parks/woodward-park/	https://columbusrecparks.com/parks/woodward-park/	
OH-FR-S-0448	Worthington Hills Park	Park			Active	City of Columbus	Columbus Recreation and Parks Department					6.38	Franklin	Columbus		40.122394	-83.0332486	86GR4XC8+W2	Basketball Court; Picnic Shelter; Playground		https://columbusrecparks.com/parks/worthington-hills-park/	https://columbusrecparks.com/parks/worthington-hills-park/	
OH-FR-S-0449	Wrexham Park	Park			Active	City of Columbus	Columbus Recreation and Parks Department					3.06	Franklin	Columbus		39.9522388	-83.0538093	86FRXW2W+V2	Basketball Court; Playground		https://columbusrecparks.com/parks/wrexham-park/	https://columbusrecparks.com/parks/wrexham-park/	
OH-FR-S-0450	Yorkshire Parkland	Park			Active	City of Columbus	Columbus Recreation and Parks Department					13.59	Franklin	Columbus		39.9494389	-82.8539982	86FVW4XW+M2	Wildlife Observation Area		https://columbusrecparks.com/parks/yorkshire-parkland/	https://columbusrecparks.com/parks/yorkshire-parkland/	
OH-FR-S-0451	Alton Road Parkland	Park			Active	City of Columbus	Columbus Recreation and Parks Department					13.68	Franklin			39.9547672	-83.1683727	86FRXR3J+W2	Wildlife Observation Area		https://columbusrecparks.com/parks/alton-road-parkland/	https://columbusrecparks.com/parks/alton-road-parkland/	
OH-FR-S-0452	Scioto Shores Parkland	Park			Active	City of Columbus	Columbus Recreation and Parks Department					14.37	Franklin	Dublin		40.1169271	-83.1110234	86GR4V8Q+P2	Wildlife Observation Area		https://columbusrecparks.com/parks/scioto-shores-parkland/	https://columbusrecparks.com/parks/scioto-shores-parkland/	
FR-S-0453	Trabue Nature Preserve	Nature Preserve			Active	City of Columbus	Columbus Recreation and Parks Department					74.06	Franklin	Dublin		40.1113466	-83.1662609	86GR4R6M+F2	Parking Lot; Wildlife Observation Area		https://columbusrecparks.com/parks/trabue-nature-preserve/	https://columbusrecparks.com/parks/trabue-nature-preserve/	
OH-FR-S-0454	Woodlands Park	Park			Active	City of Columbus	Columbus Recreation and Parks Department					0.1	Franklin	Columbus		40.0531451	-83.0095043	86GR3X3R+62	Basketball Court; Community Center; Parking Lot; Picnic Shelter; Playground		https://columbusrecparks.com/parks/woodlands-park/	https://columbusrecparks.com/parks/woodlands-park/	
OH-FR-S-0455	Gertrude S. Lawrence Woods Nature Preserve	Nature Preserve				City of Columbus	Columbus Recreation and Parks Department				4748 Red Bank Rd, Galena, OH 43021 (near Hoover Reservoir)	29.18	Franklin			40.176084	-82.860506	86GV54GQ+H2	Wildlife Observation Area	Columbus R&P management plan 2023; Gertrude S. Lawrence Woods Nature Preserve at 4856 Red Bank Rd	https://columbusrecparks.com/parks/gertrude-s-lawrence-woods-nature-preserve/	https://columbusrecparks.com/parks/gertrude-s-lawrence-woods-nature-preserve/;https://columbusrecparks.com/facilities/nature-preserves/;https://columbusrecparks.com/wp-content/uploads/2025/02/ColumbusNaturePreserves_Spreads_compressed.pdf	
OH-DEL-S-0456	Hoover Meadows Nature Preserve	Nature Preserve				City of Columbus	Columbus Recreation and Parks Department			paved path (per paved paths page)		39.86	Franklin			40.1130795	-82.8747218	86GV447G+62			https://columbusrecparks.com/parks/hoover-meadows-nature-preserve/	https://columbusrecparks.com/parks/hoover-meadows-nature-preserve/;https://columbusrecparks.com/facilities/nature-preserves/;https://columbusrecparks.com/wp-content/uploads/2025/02/ColumbusNaturePreserves_Spreads_compressed.pdf	
OH-DEL-S-0457	Hoover Nature Preserve	Nature Preserve				City of Columbus	Columbus Recreation and Parks Department					39.86	Franklin			40.1130795	-82.8747218	86GV447G+62	Parking Lot; Pond; Wildlife Observation Area		https://columbusrecparks.com/parks/hoover-nature-preserve/	https://columbusrecparks.com/parks/hoover-nature-preserve/;https://columbusrecparks.com/facilities/nature-preserves/;https://columbusrecparks.com/wp-content/uploads/2025/02/ColumbusNaturePreserves_Spreads_compressed.pdf	
OH-FR-S-0458	Hoover Oxbow Nature Preserve	Nature Preserve				City of Columbus	Columbus Recreation and Parks Department					0.02	Franklin	Grove City		39.8878876	-83.0571453	86FRVWQV+22	Wildlife Observation Area		https://columbusrecparks.com/parks/hoover-oxbow-nature-preserve/	https://columbusrecparks.com/parks/hoover-oxbow-nature-preserve/;https://columbusrecparks.com/facilities/nature-preserves/;https://columbusrecparks.com/wp-content/uploads/2025/02/ColumbusNaturePreserves_Spreads_compressed.pdf	
OH-FR-S-0459	Mud Hen Marsh Nature Preserve	Nature Preserve				City of Columbus	Columbus Recreation and Parks Department					0.32	Franklin	Grove City		39.8986375	-83.0599696	86FRVWXR+C2	Parking Lot; Pond; Wildlife Observation Area		https://columbusrecparks.com/parks/mud-hen-marsh-nature-preserve/	https://columbusrecparks.com/parks/mud-hen-marsh-nature-preserve/;https://columbusrecparks.com/facilities/nature-preserves/;https://columbusrecparks.com/wp-content/uploads/2025/02/ColumbusNaturePreserves_Spreads_compressed.pdf	
OH-DEL-S-0460	O'Shaughnessy Nature Preserve	Nature Preserve				City of Columbus	Columbus Recreation and Parks Department					80.34	Delaware			40.171793	-83.1409405	86GR5VC5+P2	Boat Ramp; Parking Lot; Picnic Table Cluster; Pollinator Garden; Wildlife Observation Area	Geometry entirely in Delaware County per MORPC polygon analysis (southernmost vertex 40.1680°N; Franklin-Delaware county line ~40.165°N — no Franklin County overlap confirmed). Retain FR-S-0460 ID until Delaware County run; reassign DE- prefix at that time.	https://columbusrecparks.com/parks/oshaughnessy-nature-preserve/	https://columbusrecparks.com/parks/oshaughnessy-nature-preserve/;https://columbusrecparks.com/facilities/nature-preserves/;https://columbusrecparks.com/wp-content/uploads/2025/02/ColumbusNaturePreserves_Spreads_compressed.pdf	
OH-FR-S-0461	Dublin Community Pool South	Recreation Facility				City of Dublin	City of Dublin, Recreation Services Department			The pool provides swimming, water recreation, and aquatic programming for Dublin residents.	6363 Woerner-Temple Rd, Dublin, OH		Franklin			40.086261	-83.159957	86GR3RPR+C2	Parking Lot; Restrooms; Swimming Pool		https://services1.arcgis.com/NqY8dnPSEdMJhuRw/arcgis/rest/services/Dublin_Parks/FeatureServer/3	https://services1.arcgis.com/NqY8dnPSEdMJhuRw/arcgis/rest/services/Dublin_Parks/FeatureServer/3;https://dublinohio.maps.arcgis.com/apps/Embed/index.html?webmap=4a2e26949a814a65bb96ee33d293f9e9;https://dublinohiousa.gov/recreation-services/parks/	
OH-FR-S-0462	Indian Run Falls Park	Park				City of Dublin	City of Dublin, Recreation Services Department			Paved and natural paths wind through the park, crossing bridges above the stream and descending to creek level. The park offers picnic shelters, viewing decks, and excellent wildlife habitat.	700 Shawan Falls Dr, Dublin, OH	9.38	Franklin	Dublin		40.1018111	-83.1186908	86GR4V2J+P2	Hiking Trail; Multi-use Trail; Picnic Shelter; Restrooms		https://services1.arcgis.com/NqY8dnPSEdMJhuRw/arcgis/rest/services/Dublin_Parks/FeatureServer/3	https://services1.arcgis.com/NqY8dnPSEdMJhuRw/arcgis/rest/services/Dublin_Parks/FeatureServer/3;https://dublinohio.maps.arcgis.com/apps/Embed/index.html?webmap=4a2e26949a814a65bb96ee33d293f9e9;https://dublinohiousa.gov/recreation-services/parks/	
OH-FR-S-0463	Avery Park	Park				City of Dublin	City of Dublin, Recreation Services Department				7401 Avery Rd, Dublin, OH	84.24	Franklin	Dublin		40.1250244	-83.1605018	86GR4RGQ+52	Athletic Field; Ball Diamond; Basketball Court; Fishing Area; Multi-use Trail; Picnic Shelter; Playground; Restrooms; Tennis Court	Acquired in part through Ohio Land and Water Conservation Funds.	https://services1.arcgis.com/NqY8dnPSEdMJhuRw/arcgis/rest/services/Dublin_Parks/FeatureServer/3	https://services1.arcgis.com/NqY8dnPSEdMJhuRw/arcgis/rest/services/Dublin_Parks/FeatureServer/3;https://dublinohio.maps.arcgis.com/apps/Embed/index.html?webmap=4a2e26949a814a65bb96ee33d293f9e9;https://dublinohiousa.gov/recreation-services/parks/	
OH-FR-S-0464	Amberleigh Community Park	Park				City of Dublin	City of Dublin, Recreation Services Department				4715 Vista Ridge Dr, Dublin, OH	23.12	Franklin	Dublin		40.1399415	-83.1210999	86GR4VQH+W2	Hiking Trail; Multi-use Trail; Picnic Shelter; Playground; Watercraft Access		https://services1.arcgis.com/NqY8dnPSEdMJhuRw/arcgis/rest/services/Dublin_Parks/FeatureServer/3	https://services1.arcgis.com/NqY8dnPSEdMJhuRw/arcgis/rest/services/Dublin_Parks/FeatureServer/3;https://dublinohio.maps.arcgis.com/apps/Embed/index.html?webmap=4a2e26949a814a65bb96ee33d293f9e9;https://dublinohiousa.gov/recreation-services/parks/	
OH-FR-S-0465	"ML ""Red"" Trabue Nature Reserve"	Park				City of Dublin	City of Dublin, Recreation Services Department			M.L. 'Red' Trabue Nature Reserve is a 90-acre City of Dublin nature reserve named for Dublin naturalist, journalist, and TV host Red Trabue. The reserve features restored wetlands and vernal pools, stocked fishing ponds with boardwalk and observation decks, a tree arboretum, a sensory garden, wildflower and prairie grasslands, riparian wildlife corridors, and the historic Fleming log cabin. Biking and walking paths wind through the preserve.	6720 Post Rd, Dublin, OH	74.06294641	Franklin	Dublin		40.1113466	-83.1662609	86GR4R6M+F2	Fishing Area; Hiking Trail; Multi-use Trail	Source: MORPC Parks and Open Space dataset (public-morpc.hub.arcgis.com), data updated 2025-07-01. MORPC ParkID: 422. MORPC Sub_Type: C.	https://services1.arcgis.com/NqY8dnPSEdMJhuRw/arcgis/rest/services/Dublin_Parks/FeatureServer/3	https://services1.arcgis.com/NqY8dnPSEdMJhuRw/arcgis/rest/services/Dublin_Parks/FeatureServer/3;https://dublinohio.maps.arcgis.com/apps/Embed/index.html?webmap=4a2e26949a814a65bb96ee33d293f9e9;https://dublinohiousa.gov/recreation-services/parks/;https://public-morpc.hub.arcgis.com/datasets/parks-and-open-space/explore	
OH-FR-S-0466	Emerald Fields	Park				City of Dublin	City of Dublin, Recreation Services Department				4040 Wyandotte Woods Blvd, Dublin, OH	33.8	Franklin			40.128924	-83.094382	86GR4WH4+C2	Meadow	City of Dublin official parks listing	https://services1.arcgis.com/NqY8dnPSEdMJhuRw/arcgis/rest/services/Dublin_Parks/FeatureServer/3	https://services1.arcgis.com/NqY8dnPSEdMJhuRw/arcgis/rest/services/Dublin_Parks/FeatureServer/3;https://dublinohio.maps.arcgis.com/apps/Embed/index.html?webmap=4a2e26949a814a65bb96ee33d293f9e9;https://dublinohiousa.gov/recreation-services/parks/	
OH-FR-S-0467	Darree Fields	Park				City of Dublin	City of Dublin, Recreation Services Department			Nando's Dog Park, located within Darree Fields at 6259 Cosgray Road, offers off-leash areas for both small and large breed dogs.	6285 Cosgray Rd, Dublin, OH	152.38	Franklin	Dublin		40.0961866	-83.1954571	86GR3RW3+H2	Athletic Field; Ball Diamond; Dog Park; Playground		https://services1.arcgis.com/NqY8dnPSEdMJhuRw/arcgis/rest/services/Dublin_Parks/FeatureServer/3	https://services1.arcgis.com/NqY8dnPSEdMJhuRw/arcgis/rest/services/Dublin_Parks/FeatureServer/3;https://dublinohio.maps.arcgis.com/apps/Embed/index.html?webmap=4a2e26949a814a65bb96ee33d293f9e9;https://dublinohiousa.gov/recreation-services/parks/	
OH-FR-S-0468	Sam & Eulalia Frantz Park	Park				City of Dublin	City of Dublin, Recreation Services Department				4995 Rings Rd, Dublin, OH	2.56	Franklin	Dublin		40.0849559	-83.123567	86GR3VMG+W2			https://services1.arcgis.com/NqY8dnPSEdMJhuRw/arcgis/rest/services/Dublin_Parks/FeatureServer/3	https://services1.arcgis.com/NqY8dnPSEdMJhuRw/arcgis/rest/services/Dublin_Parks/FeatureServer/3;https://dublinohio.maps.arcgis.com/apps/Embed/index.html?webmap=4a2e26949a814a65bb96ee33d293f9e9;https://dublinohiousa.gov/recreation-services/parks/	
OH-FR-S-0469	Earlington Park	Park				City of Dublin	City of Dublin, Recreation Services Department				5660 Dublinshire Dr, Dublin, OH	16.87	Franklin	Dublin		40.1243768	-83.1441277	86GR4VF4+M2	Swimming Pool		https://services1.arcgis.com/NqY8dnPSEdMJhuRw/arcgis/rest/services/Dublin_Parks/FeatureServer/3	https://services1.arcgis.com/NqY8dnPSEdMJhuRw/arcgis/rest/services/Dublin_Parks/FeatureServer/3;https://dublinohio.maps.arcgis.com/apps/Embed/index.html?webmap=4a2e26949a814a65bb96ee33d293f9e9;https://dublinohiousa.gov/recreation-services/parks/	
OH-FR-S-0470	Scioto Park	Park				City of Dublin	City of Dublin, Recreation Services Department			The park connects to the Scioto Greenway trail system.	7377 Riverside Dr, Dublin, OH	7.19	Franklin	Columbus		39.9424701	-83.000687	86FRWXRX+W2	Hiking Trail; Watercraft Access		https://services1.arcgis.com/NqY8dnPSEdMJhuRw/arcgis/rest/services/Dublin_Parks/FeatureServer/3	https://services1.arcgis.com/NqY8dnPSEdMJhuRw/arcgis/rest/services/Dublin_Parks/FeatureServer/3;https://dublinohio.maps.arcgis.com/apps/Embed/index.html?webmap=4a2e26949a814a65bb96ee33d293f9e9;https://dublinohiousa.gov/recreation-services/parks/	
OH-FR-S-0471	Thaddeus Kosciuszko Park	Park				City of Dublin	City of Dublin, Recreation Services Department				4444 Hard Rd, Dublin, OH	0.03	Franklin	Columbus		39.9624389	-83.0884832	86FRXW66+W2	Playground		https://services1.arcgis.com/NqY8dnPSEdMJhuRw/arcgis/rest/services/Dublin_Parks/FeatureServer/3	https://services1.arcgis.com/NqY8dnPSEdMJhuRw/arcgis/rest/services/Dublin_Parks/FeatureServer/3;https://dublinohio.maps.arcgis.com/apps/Embed/index.html?webmap=4a2e26949a814a65bb96ee33d293f9e9;https://dublinohiousa.gov/recreation-services/parks/	
OH-FR-S-0472	Ballantrae Community Park	Park				City of Dublin	City of Dublin, Recreation Services Department				6350 Woerner-Temple Rd, Dublin, OH	24.87157181	Franklin	Dublin		40.0872016	-83.1616999	86GR3RPQ+V2	Fishing Area; Hiking Trail; Multi-use Trail; Spray Park	"Source: MORPC Parks and Open Space dataset (public-morpc.hub.arcgis.com), data updated 2025-07-01. MORPC ParkID: 42. MORPC Sub_Type: C. GPS corrected original GPS 39.9896/−83.0187 was wrong (central Columbus). Corrected to MORPC centroid (40.0872/−83.1617). Municipality corrected Columbus→Dublin. Address 6350 Woerner-Temple Rd confirms Dublin location. NOTE: MORPC has a second ""Ballentree Community Park"" polygon — combined Dublin-managed acreage may be ~42 ac total. Second polygon not separately cataloged per project single-entity-per-park rule."	https://services1.arcgis.com/NqY8dnPSEdMJhuRw/arcgis/rest/services/Dublin_Parks/FeatureServer/3	https://services1.arcgis.com/NqY8dnPSEdMJhuRw/arcgis/rest/services/Dublin_Parks/FeatureServer/3;https://dublinohio.maps.arcgis.com/apps/Embed/index.html?webmap=4a2e26949a814a65bb96ee33d293f9e9;https://dublinohiousa.gov/recreation-services/parks/;https://public-morpc.hub.arcgis.com/datasets/parks-and-open-space/explore	
OH-FR-S-0473	Scottish Corners Park	Park				City of Dublin	City of Dublin, Recreation Services Department				5950 Sells Mill Dr, Dublin, OH	6.65	Franklin	Dublin		40.1174076	-83.1502317	86GR4R8X+X2			https://services1.arcgis.com/NqY8dnPSEdMJhuRw/arcgis/rest/services/Dublin_Parks/FeatureServer/3	https://services1.arcgis.com/NqY8dnPSEdMJhuRw/arcgis/rest/services/Dublin_Parks/FeatureServer/3;https://dublinohio.maps.arcgis.com/apps/Embed/index.html?webmap=4a2e26949a814a65bb96ee33d293f9e9;https://dublinohiousa.gov/recreation-services/parks/	
OH-FR-S-0474	Coffman Park	Park				City of Dublin	City of Dublin, Recreation Services Department			The park is the annual home of the Dublin Irish Festival and features an amphitheater, the Dublin Community Recreation Center (fitness center, pools, gymnasium, track), an historic 19th-century cabin, two playgrounds, multiple shelter houses, basketball and tennis courts, a winter ice rink, an escape park, and extensive public art throughout the grounds.	5200 Emerald Pkwy, Dublin, OH	98.2	Franklin	Dublin		40.105484	-83.1385642	86GR4V46+42	Athletic Field; Basketball Court; Multi-use Trail; Picnic Shelter; Playground; Restrooms; Swimming Pool; Tennis Court		https://services1.arcgis.com/NqY8dnPSEdMJhuRw/arcgis/rest/services/Dublin_Parks/FeatureServer/3	https://services1.arcgis.com/NqY8dnPSEdMJhuRw/arcgis/rest/services/Dublin_Parks/FeatureServer/3;https://dublinohio.maps.arcgis.com/apps/Embed/index.html?webmap=4a2e26949a814a65bb96ee33d293f9e9;https://dublinohiousa.gov/recreation-services/parks/	
OH-FR-S-0475	Balgriffin Park	Park				City of Dublin	City of Dublin, Recreation Services Department				5715 Norn St, Dublin, OH	15.11	Franklin	Dublin		40.0849282	-83.1553148	86GR3RMV+X2	Disc Golf Course; Fishing Area; Hiking Trail; Multi-use Trail; Playground		https://services1.arcgis.com/NqY8dnPSEdMJhuRw/arcgis/rest/services/Dublin_Parks/FeatureServer/3	https://services1.arcgis.com/NqY8dnPSEdMJhuRw/arcgis/rest/services/Dublin_Parks/FeatureServer/3;https://dublinohio.maps.arcgis.com/apps/Embed/index.html?webmap=4a2e26949a814a65bb96ee33d293f9e9;https://dublinohiousa.gov/recreation-services/parks/	
OH-FR-S-0476	Dublin Veterans Park	Park				City of Dublin	City of Dublin, Recreation Services Department			High St., dedicated to honoring veterans through the Grounds of Remembrance memorial. The park is bordered by the Dublin branch of the Columbus Metropolitan Library, Indian Run Cemetery, and Dublin Road, anchoring Dublin's historic core.	77 N High St, Dublin, OH	2.89	Franklin	Dublin		40.1024543	-83.115272	86GR4V2M+X2			https://services1.arcgis.com/NqY8dnPSEdMJhuRw/arcgis/rest/services/Dublin_Parks/FeatureServer/3	https://services1.arcgis.com/NqY8dnPSEdMJhuRw/arcgis/rest/services/Dublin_Parks/FeatureServer/3;https://dublinohio.maps.arcgis.com/apps/Embed/index.html?webmap=4a2e26949a814a65bb96ee33d293f9e9;https://dublinohiousa.gov/recreation-services/parks/	
OH-FR-S-0477	Ted Kaltenbach Park	Park				City of Dublin	City of Dublin, Recreation Services Department				5985 Cara Rd, Dublin, OH	11.87	Franklin	Dublin		40.077402	-83.1526097	86GR3RGW+X2	Athletic Field; Ball Diamond; Basketball Court; Hiking Trail; Multi-use Trail; Picnic Shelter; Playground		https://services1.arcgis.com/NqY8dnPSEdMJhuRw/arcgis/rest/services/Dublin_Parks/FeatureServer/3	https://services1.arcgis.com/NqY8dnPSEdMJhuRw/arcgis/rest/services/Dublin_Parks/FeatureServer/3;https://dublinohio.maps.arcgis.com/apps/Embed/index.html?webmap=4a2e26949a814a65bb96ee33d293f9e9;https://dublinohiousa.gov/recreation-services/parks/	
OH-FR-S-0478	Riverside Crossing Park	Park				City of Dublin	City of Dublin, Recreation Services Department			The park features event lawns, water features, a pedestrian tunnel, kayak livery, a climbing wall, and paved paths running the length of the river.	6635 Riverside Dr, Dublin, OH	13.36	Franklin	Dublin		40.1043686	-83.111355	86GR4V3Q+M2	Multi-use Trail; Restrooms; Watercraft Access		https://services1.arcgis.com/NqY8dnPSEdMJhuRw/arcgis/rest/services/Dublin_Parks/FeatureServer/3	https://services1.arcgis.com/NqY8dnPSEdMJhuRw/arcgis/rest/services/Dublin_Parks/FeatureServer/3;https://dublinohio.maps.arcgis.com/apps/Embed/index.html?webmap=4a2e26949a814a65bb96ee33d293f9e9;https://dublinohiousa.gov/recreation-services/parks/	
OH-FR-S-0479	Amberleigh Park	Park				City of Dublin	City of Dublin, Recreation Services Department				4800 Carrigan Ridge Ct, Dublin, OH	4.1	Franklin	Dublin		40.1331294	-83.1170569	86GR4VMM+62			https://services1.arcgis.com/NqY8dnPSEdMJhuRw/arcgis/rest/services/Dublin_Parks/FeatureServer/3	https://services1.arcgis.com/NqY8dnPSEdMJhuRw/arcgis/rest/services/Dublin_Parks/FeatureServer/3;https://dublinohio.maps.arcgis.com/apps/Embed/index.html?webmap=4a2e26949a814a65bb96ee33d293f9e9;https://dublinohiousa.gov/recreation-services/parks/	
OH-FR-S-0480	Belvedere Park	Park				City of Dublin	City of Dublin, Recreation Services Department				8055 Summerhouse Dr E, Dublin, OH	2.62	Franklin	Dublin		40.1330581	-83.1686722	86GR4RMJ+82			https://services1.arcgis.com/NqY8dnPSEdMJhuRw/arcgis/rest/services/Dublin_Parks/FeatureServer/3	https://services1.arcgis.com/NqY8dnPSEdMJhuRw/arcgis/rest/services/Dublin_Parks/FeatureServer/3;https://dublinohio.maps.arcgis.com/apps/Embed/index.html?webmap=4a2e26949a814a65bb96ee33d293f9e9;https://dublinohiousa.gov/recreation-services/parks/	
OH-FR-S-0481	Bishop's Run Park	Park				City of Dublin	City of Dublin, Recreation Services Department				7806 Tullymore Dr, Dublin, OH	0.11	Franklin	Columbus		40.0530649	-83.0224546	86GR3X3H+62	Hiking Trail; Playground		https://services1.arcgis.com/NqY8dnPSEdMJhuRw/arcgis/rest/services/Dublin_Parks/FeatureServer/3	https://services1.arcgis.com/NqY8dnPSEdMJhuRw/arcgis/rest/services/Dublin_Parks/FeatureServer/3;https://dublinohio.maps.arcgis.com/apps/Embed/index.html?webmap=4a2e26949a814a65bb96ee33d293f9e9;https://dublinohiousa.gov/recreation-services/parks/	
OH-FR-S-0482	Brandon Park	Park				City of Dublin	City of Dublin, Recreation Services Department				7800 Brandonway Dr, Dublin, OH	0.48	Franklin	Columbus		39.9995085	-82.9969268	86FVX2X3+R2	Playground		https://services1.arcgis.com/NqY8dnPSEdMJhuRw/arcgis/rest/services/Dublin_Parks/FeatureServer/3	https://services1.arcgis.com/NqY8dnPSEdMJhuRw/arcgis/rest/services/Dublin_Parks/FeatureServer/3;https://dublinohio.maps.arcgis.com/apps/Embed/index.html?webmap=4a2e26949a814a65bb96ee33d293f9e9;https://dublinohiousa.gov/recreation-services/parks/	
OH-FR-S-0483	Brighton Commons Park	Park				City of Dublin	City of Dublin, Recreation Services Department				5750 Richgrove Ln, Dublin, OH	0.29	Franklin	Columbus		39.9633766	-82.9180939	86FVX37J+92	Hiking Trail; Playground		https://services1.arcgis.com/NqY8dnPSEdMJhuRw/arcgis/rest/services/Dublin_Parks/FeatureServer/3	https://services1.arcgis.com/NqY8dnPSEdMJhuRw/arcgis/rest/services/Dublin_Parks/FeatureServer/3;https://dublinohio.maps.arcgis.com/apps/Embed/index.html?webmap=4a2e26949a814a65bb96ee33d293f9e9;https://dublinohiousa.gov/recreation-services/parks/	
OH-FR-S-0484	Bristol Commons Park	Park				City of Dublin	City of Dublin, Recreation Services Department				5600 Bristol Pkwy, Dublin, OH	4.22	Franklin	Dublin		40.1273847	-83.1428402	86GR4VG4+X2	Fishing Area; Multi-use Trail; Playground		https://services1.arcgis.com/NqY8dnPSEdMJhuRw/arcgis/rest/services/Dublin_Parks/FeatureServer/3	https://services1.arcgis.com/NqY8dnPSEdMJhuRw/arcgis/rest/services/Dublin_Parks/FeatureServer/3;https://dublinohio.maps.arcgis.com/apps/Embed/index.html?webmap=4a2e26949a814a65bb96ee33d293f9e9;https://dublinohiousa.gov/recreation-services/parks/	
OH-FR-S-0485	Campden Lakes Park	Park				City of Dublin	City of Dublin, Recreation Services Department				8100 Campden Lakes Blvd, Dublin, OH	11.07	Franklin	Dublin		40.1328316	-83.1041285	86GR4VMW+32	Multi-use Trail		https://services1.arcgis.com/NqY8dnPSEdMJhuRw/arcgis/rest/services/Dublin_Parks/FeatureServer/3	https://services1.arcgis.com/NqY8dnPSEdMJhuRw/arcgis/rest/services/Dublin_Parks/FeatureServer/3;https://dublinohio.maps.arcgis.com/apps/Embed/index.html?webmap=4a2e26949a814a65bb96ee33d293f9e9;https://dublinohiousa.gov/recreation-services/parks/	
OH-FR-S-0486	Coventry Woods Park	Park				City of Dublin	City of Dublin, Recreation Services Department				7199 Coventry Woods Dr, Dublin, OH	20.72	Franklin	Dublin		40.1128974	-83.1244881	86GR4V7G+22	Multi-use Trail; Playground		https://services1.arcgis.com/NqY8dnPSEdMJhuRw/arcgis/rest/services/Dublin_Parks/FeatureServer/3	https://services1.arcgis.com/NqY8dnPSEdMJhuRw/arcgis/rest/services/Dublin_Parks/FeatureServer/3;https://dublinohio.maps.arcgis.com/apps/Embed/index.html?webmap=4a2e26949a814a65bb96ee33d293f9e9;https://dublinohiousa.gov/recreation-services/parks/	
OH-FR-S-0487	Cramer's Crossing Park	Park				City of Dublin	City of Dublin, Recreation Services Department				5600 Stockton Wy, Dublin, OH	0.2	Franklin	Columbus		39.944424	-82.8689611	86FVW4VJ+M2	Playground		https://services1.arcgis.com/NqY8dnPSEdMJhuRw/arcgis/rest/services/Dublin_Parks/FeatureServer/3	https://services1.arcgis.com/NqY8dnPSEdMJhuRw/arcgis/rest/services/Dublin_Parks/FeatureServer/3;https://dublinohio.maps.arcgis.com/apps/Embed/index.html?webmap=4a2e26949a814a65bb96ee33d293f9e9;https://dublinohiousa.gov/recreation-services/parks/	
OH-FR-S-0488	Dalmore Park	Park				City of Dublin	City of Dublin, Recreation Services Department				5560 Royal Dublin Dr, Dublin, OH	16.94	Franklin	Dublin		40.0799073	-83.1658358	86GR3RHM+W2			https://services1.arcgis.com/NqY8dnPSEdMJhuRw/arcgis/rest/services/Dublin_Parks/FeatureServer/3	https://services1.arcgis.com/NqY8dnPSEdMJhuRw/arcgis/rest/services/Dublin_Parks/FeatureServer/3;https://dublinohio.maps.arcgis.com/apps/Embed/index.html?webmap=4a2e26949a814a65bb96ee33d293f9e9;https://dublinohiousa.gov/recreation-services/parks/	
OH-FR-S-0489	Dinosaur Park	Park				City of Dublin	City of Dublin, Recreation Services Department				6777 Wilford Ln, Dublin, OH	0.99	Franklin	Dublin		40.0793375	-83.1758301	86GR3RHF+P2	Playground		https://services1.arcgis.com/NqY8dnPSEdMJhuRw/arcgis/rest/services/Dublin_Parks/FeatureServer/3	https://services1.arcgis.com/NqY8dnPSEdMJhuRw/arcgis/rest/services/Dublin_Parks/FeatureServer/3;https://dublinohio.maps.arcgis.com/apps/Embed/index.html?webmap=4a2e26949a814a65bb96ee33d293f9e9;https://dublinohiousa.gov/recreation-services/parks/	
OH-FR-S-0490	Donegal Cliffs Park	Park				City of Dublin	City of Dublin, Recreation Services Department			5-acre natural area park along the Scioto River featuring a network of hiking trails, river access, picnic areas, and a limestone cliff face. The park occupies the site of a former limestone quarry and harbors several rare plant species and diverse wildlife including deer, fox, and numerous bird species.	4460 Donegal Cliffs Dr, Dublin, OH	10.13	Franklin	Dublin		40.1255806	-83.1144403	86GR4VGP+62	Hiking Trail; Multi-use Trail; Watercraft Access		https://services1.arcgis.com/NqY8dnPSEdMJhuRw/arcgis/rest/services/Dublin_Parks/FeatureServer/3	https://services1.arcgis.com/NqY8dnPSEdMJhuRw/arcgis/rest/services/Dublin_Parks/FeatureServer/3;https://dublinohio.maps.arcgis.com/apps/Embed/index.html?webmap=4a2e26949a814a65bb96ee33d293f9e9;https://dublinohiousa.gov/recreation-services/parks/	
OH-FR-S-0491	Dublin Spring Park	Park				City of Dublin	City of Dublin, Recreation Services Department			The Dublin Kiwanis Club developed the park in 1991, building steps and a walkway to the river. The park features a gazebo, riverfront walking paths, river fishing access, and is a geocaching destination.	20 S Riverview St, Dublin, OH	2.06	Franklin	Dublin		40.1002519	-83.1119701	86GR4V2Q+22	Fishing Area; Hiking Trail		https://services1.arcgis.com/NqY8dnPSEdMJhuRw/arcgis/rest/services/Dublin_Parks/FeatureServer/3	https://services1.arcgis.com/NqY8dnPSEdMJhuRw/arcgis/rest/services/Dublin_Parks/FeatureServer/3;https://dublinohio.maps.arcgis.com/apps/Embed/index.html?webmap=4a2e26949a814a65bb96ee33d293f9e9;https://dublinohiousa.gov/recreation-services/parks/	
OH-FR-S-0492	Dublinshire Greenway	Open Space				City of Dublin	City of Dublin, Recreation Services Department				Avery Rd, Dublin, OH	10.1	Franklin	Dublin		40.1196501	-83.1539293	86GR4R9W+V2	Hiking Trail; Multi-use Trail		https://services1.arcgis.com/NqY8dnPSEdMJhuRw/arcgis/rest/services/Dublin_Parks/FeatureServer/3	https://services1.arcgis.com/NqY8dnPSEdMJhuRw/arcgis/rest/services/Dublin_Parks/FeatureServer/3;https://dublinohio.maps.arcgis.com/apps/Embed/index.html?webmap=4a2e26949a814a65bb96ee33d293f9e9;https://dublinohiousa.gov/recreation-services/parks/	
OH-FR-S-0493	Emerald Parkway Bridge River Access	Park				City of Dublin	City of Dublin, Recreation Services Department				5596 Riverside Dr, Dublin, OH	4.46	Franklin	Dublin		40.1096776	-83.1118071	86GR4V5Q+V2	Watercraft Access		https://services1.arcgis.com/NqY8dnPSEdMJhuRw/arcgis/rest/services/Dublin_Parks/FeatureServer/3	https://services1.arcgis.com/NqY8dnPSEdMJhuRw/arcgis/rest/services/Dublin_Parks/FeatureServer/3;https://dublinohio.maps.arcgis.com/apps/Embed/index.html?webmap=4a2e26949a814a65bb96ee33d293f9e9;https://dublinohiousa.gov/recreation-services/parks/	
OH-FR-S-0494	Ferris-Wright Park & Earthworks	Park				City of Dublin	City of Dublin, Recreation Services Department			Park featuring free guided heritage tours by Dublin Heritage Interpreters.	4400 Emerald Pkwy, Dublin, OH	0.01	Franklin	Dublin		40.1137684	-83.1097581	86GR4V7R+C2	Hiking Trail; Multi-use Trail; Restrooms		https://services1.arcgis.com/NqY8dnPSEdMJhuRw/arcgis/rest/services/Dublin_Parks/FeatureServer/3	https://services1.arcgis.com/NqY8dnPSEdMJhuRw/arcgis/rest/services/Dublin_Parks/FeatureServer/3;https://dublinohio.maps.arcgis.com/apps/Embed/index.html?webmap=4a2e26949a814a65bb96ee33d293f9e9;https://dublinohiousa.gov/recreation-services/parks/	
OH-FR-S-0495	Glendavon Park	Park				City of Dublin	City of Dublin, Recreation Services Department				5730 Glendavon Lp, Dublin, OH	1.21	Franklin	Dublin		40.0837622	-83.176434	86GR3RMF+F2			https://services1.arcgis.com/NqY8dnPSEdMJhuRw/arcgis/rest/services/Dublin_Parks/FeatureServer/3	https://services1.arcgis.com/NqY8dnPSEdMJhuRw/arcgis/rest/services/Dublin_Parks/FeatureServer/3;https://dublinohio.maps.arcgis.com/apps/Embed/index.html?webmap=4a2e26949a814a65bb96ee33d293f9e9;https://dublinohiousa.gov/recreation-services/parks/	
OH-FR-S-0496	Hawk's Nest Park	Park				City of Dublin	City of Dublin, Recreation Services Department				7700 Kestrel Wy W, Dublin, OH	3.47	Franklin	Dublin		40.12351	-83.1522397	86GR4RFX+C2	Basketball Court; Multi-use Trail; Playground		https://services1.arcgis.com/NqY8dnPSEdMJhuRw/arcgis/rest/services/Dublin_Parks/FeatureServer/3	https://services1.arcgis.com/NqY8dnPSEdMJhuRw/arcgis/rest/services/Dublin_Parks/FeatureServer/3;https://dublinohio.maps.arcgis.com/apps/Embed/index.html?webmap=4a2e26949a814a65bb96ee33d293f9e9;https://dublinohiousa.gov/recreation-services/parks/	
OH-FR-S-0497	Heather Glen North Park	Park				City of Dublin	City of Dublin, Recreation Services Department				5940 Innovation Ct, Dublin, OH	18.43	Franklin	Dublin		40.088619	-83.1468407	86GR3VQ3+F2			https://services1.arcgis.com/NqY8dnPSEdMJhuRw/arcgis/rest/services/Dublin_Parks/FeatureServer/3	https://services1.arcgis.com/NqY8dnPSEdMJhuRw/arcgis/rest/services/Dublin_Parks/FeatureServer/3;https://dublinohio.maps.arcgis.com/apps/Embed/index.html?webmap=4a2e26949a814a65bb96ee33d293f9e9;https://dublinohiousa.gov/recreation-services/parks/	
OH-FR-S-0498	Heather Glen Park	Park				City of Dublin	City of Dublin, Recreation Services Department				6000 Heather Glen Blvd, Dublin, OH	4.79	Franklin	Dublin		40.0916451	-83.1526967	86GR3RRW+Q2			https://services1.arcgis.com/NqY8dnPSEdMJhuRw/arcgis/rest/services/Dublin_Parks/FeatureServer/3	https://services1.arcgis.com/NqY8dnPSEdMJhuRw/arcgis/rest/services/Dublin_Parks/FeatureServer/3;https://dublinohio.maps.arcgis.com/apps/Embed/index.html?webmap=4a2e26949a814a65bb96ee33d293f9e9;https://dublinohiousa.gov/recreation-services/parks/	
OH-FR-S-0499	IGS Park	Park				City of Dublin	City of Dublin, Recreation Services Department				6100 Emerald Pkwy, Dublin, OH	3.24	Franklin	Dublin		40.0918957	-83.1398619	86GR3VR6+J2			https://services1.arcgis.com/NqY8dnPSEdMJhuRw/arcgis/rest/services/Dublin_Parks/FeatureServer/3	https://services1.arcgis.com/NqY8dnPSEdMJhuRw/arcgis/rest/services/Dublin_Parks/FeatureServer/3;https://dublinohio.maps.arcgis.com/apps/Embed/index.html?webmap=4a2e26949a814a65bb96ee33d293f9e9;https://dublinohiousa.gov/recreation-services/parks/	
OH-FR-S-0500	Indian Run Meadows Park	Park				City of Dublin	City of Dublin, Recreation Services Department			A pedestrian tunnel beneath Avery-Muirfield Drive provides a safe connection to the adjacent 90-acre M.L. 'Red' Trabue Nature Reserve.	6124 Post Rd, Dublin, OH	30.56	Franklin	Dublin		40.1083627	-83.1514747	86GR4R5X+72	Fishing Area; Hiking Trail; Multi-use Trail; Playground		https://services1.arcgis.com/NqY8dnPSEdMJhuRw/arcgis/rest/services/Dublin_Parks/FeatureServer/3	https://services1.arcgis.com/NqY8dnPSEdMJhuRw/arcgis/rest/services/Dublin_Parks/FeatureServer/3;https://dublinohio.maps.arcgis.com/apps/Embed/index.html?webmap=4a2e26949a814a65bb96ee33d293f9e9;https://dublinohiousa.gov/recreation-services/parks/	
OH-FR-S-0501	Karrer Barn Open Space	Open Space				City of Dublin	City of Dublin, Recreation Services Department				225 S High St, Dublin, OH	0.81	Franklin	Dublin		40.0952452	-83.1134708	86GR3VWP+42			https://services1.arcgis.com/NqY8dnPSEdMJhuRw/arcgis/rest/services/Dublin_Parks/FeatureServer/3	https://services1.arcgis.com/NqY8dnPSEdMJhuRw/arcgis/rest/services/Dublin_Parks/FeatureServer/3;https://dublinohio.maps.arcgis.com/apps/Embed/index.html?webmap=4a2e26949a814a65bb96ee33d293f9e9;https://dublinohiousa.gov/recreation-services/parks/	
OH-FR-S-0502	Kendall Ridge Park	Park				City of Dublin	City of Dublin, Recreation Services Department				6316 Meaghan Dr, Dublin, OH	8.3	Franklin	Dublin		40.0914449	-83.1642468	86GR3RRP+F2			https://services1.arcgis.com/NqY8dnPSEdMJhuRw/arcgis/rest/services/Dublin_Parks/FeatureServer/3	https://services1.arcgis.com/NqY8dnPSEdMJhuRw/arcgis/rest/services/Dublin_Parks/FeatureServer/3;https://dublinohio.maps.arcgis.com/apps/Embed/index.html?webmap=4a2e26949a814a65bb96ee33d293f9e9;https://dublinohiousa.gov/recreation-services/parks/	
OH-FR-S-0503	Killilea Park	Park				City of Dublin	City of Dublin, Recreation Services Department				6811 Mcdevitt Dr, Dublin, OH	0.14	Franklin	Columbus		39.9596055	-83.0882467	86FRXW56+W2	Playground		https://services1.arcgis.com/NqY8dnPSEdMJhuRw/arcgis/rest/services/Dublin_Parks/FeatureServer/3	https://services1.arcgis.com/NqY8dnPSEdMJhuRw/arcgis/rest/services/Dublin_Parks/FeatureServer/3;https://dublinohio.maps.arcgis.com/apps/Embed/index.html?webmap=4a2e26949a814a65bb96ee33d293f9e9;https://dublinohiousa.gov/recreation-services/parks/	
OH-FR-S-0504	Kiwanis Riverway Park	Park				City of Dublin	City of Dublin, Recreation Services Department			The park provides fishing access, a walking path, and a nature area along an approximately 7.5-acre corridor leased from the City of Columbus.	6245 Riverside Dr, Dublin, OH	10.5	Franklin	Dublin		40.0959963	-83.1096455	86GR3VWR+62	Fishing Area; Hiking Trail; Multi-use Trail		https://services1.arcgis.com/NqY8dnPSEdMJhuRw/arcgis/rest/services/Dublin_Parks/FeatureServer/3	https://services1.arcgis.com/NqY8dnPSEdMJhuRw/arcgis/rest/services/Dublin_Parks/FeatureServer/3;https://dublinohio.maps.arcgis.com/apps/Embed/index.html?webmap=4a2e26949a814a65bb96ee33d293f9e9;https://dublinohiousa.gov/recreation-services/parks/	
OH-FR-S-0505	Llewellyn Farms Park	Park				City of Dublin	City of Dublin, Recreation Services Department				4850 Tuttle Rd, Dublin, OH	8.4097579	Franklin	Columbus		39.9497114	-82.9142283	86FVW3XP+V2	Hiking Trail; Playground	Source: MORPC Parks and Open Space dataset (public-morpc.hub.arcgis.com), data updated 2025-07-01. MORPC ParkID: 362. MORPC Sub_Type: N.	https://services1.arcgis.com/NqY8dnPSEdMJhuRw/arcgis/rest/services/Dublin_Parks/FeatureServer/3	https://services1.arcgis.com/NqY8dnPSEdMJhuRw/arcgis/rest/services/Dublin_Parks/FeatureServer/3;https://dublinohio.maps.arcgis.com/apps/Embed/index.html?webmap=4a2e26949a814a65bb96ee33d293f9e9;https://dublinohiousa.gov/recreation-services/parks/;https://public-morpc.hub.arcgis.com/datasets/parks-and-open-space/explore	
OH-FR-S-0506	Llewellyn Farms South Park	Park				City of Dublin	City of Dublin, Recreation Services Department				4845 Belfield, Dublin, OH	5.45	Franklin	Dublin		40.0777662	-83.1161812	86GR3VHM+42			https://services1.arcgis.com/NqY8dnPSEdMJhuRw/arcgis/rest/services/Dublin_Parks/FeatureServer/3	https://services1.arcgis.com/NqY8dnPSEdMJhuRw/arcgis/rest/services/Dublin_Parks/FeatureServer/3;https://dublinohio.maps.arcgis.com/apps/Embed/index.html?webmap=4a2e26949a814a65bb96ee33d293f9e9;https://dublinohiousa.gov/recreation-services/parks/	
OH-FR-S-0507	Martin Commons Park	Park				City of Dublin	City of Dublin, Recreation Services Department				3130 Martin Rd, Dublin, OH	2.34	Franklin	Dublin		40.0953915	-83.0980684	86GR3WW2+52			https://services1.arcgis.com/NqY8dnPSEdMJhuRw/arcgis/rest/services/Dublin_Parks/FeatureServer/3	https://services1.arcgis.com/NqY8dnPSEdMJhuRw/arcgis/rest/services/Dublin_Parks/FeatureServer/3;https://dublinohio.maps.arcgis.com/apps/Embed/index.html?webmap=4a2e26949a814a65bb96ee33d293f9e9;https://dublinohiousa.gov/recreation-services/parks/	
OH-FR-S-0508	Monterey Park	Park				City of Dublin	City of Dublin, Recreation Services Department				135 Monterey Dr, Dublin, OH	3.9	Franklin	Dublin		40.0970463	-83.1199039	86GR3VWJ+R2			https://services1.arcgis.com/NqY8dnPSEdMJhuRw/arcgis/rest/services/Dublin_Parks/FeatureServer/3	https://services1.arcgis.com/NqY8dnPSEdMJhuRw/arcgis/rest/services/Dublin_Parks/FeatureServer/3;https://dublinohio.maps.arcgis.com/apps/Embed/index.html?webmap=4a2e26949a814a65bb96ee33d293f9e9;https://dublinohiousa.gov/recreation-services/parks/	
OH-FR-S-0509	Park Place Park	Park				City of Dublin	City of Dublin, Recreation Services Department				6652 Park Mill Dr, Dublin, OH	0.02	Franklin	Columbus		39.9481607	-82.9108457	86FVW3XQ+82	Playground		https://services1.arcgis.com/NqY8dnPSEdMJhuRw/arcgis/rest/services/Dublin_Parks/FeatureServer/3	https://services1.arcgis.com/NqY8dnPSEdMJhuRw/arcgis/rest/services/Dublin_Parks/FeatureServer/3;https://dublinohio.maps.arcgis.com/apps/Embed/index.html?webmap=4a2e26949a814a65bb96ee33d293f9e9;https://dublinohiousa.gov/recreation-services/parks/	
OH-FR-S-0510	Post Preserve Park	Nature Preserve				City of Dublin	City of Dublin, Recreation Services Department				6760 Royal Plume Dr, Dublin, OH	0.06	Franklin	Columbus		39.9490438	-82.9107969	86FVW3XQ+P2	Hiking Trail; Playground		https://services1.arcgis.com/NqY8dnPSEdMJhuRw/arcgis/rest/services/Dublin_Parks/FeatureServer/3	https://services1.arcgis.com/NqY8dnPSEdMJhuRw/arcgis/rest/services/Dublin_Parks/FeatureServer/3;https://dublinohio.maps.arcgis.com/apps/Embed/index.html?webmap=4a2e26949a814a65bb96ee33d293f9e9;https://dublinohiousa.gov/recreation-services/parks/	
OH-FR-S-0511	Sandy Corners Park	Park				City of Dublin	City of Dublin, Recreation Services Department				6125 Pirthshire St, Dublin, OH	6.93	Franklin	Dublin		40.0868225	-83.1548458	86GR3RPW+J2			https://services1.arcgis.com/NqY8dnPSEdMJhuRw/arcgis/rest/services/Dublin_Parks/FeatureServer/3	https://services1.arcgis.com/NqY8dnPSEdMJhuRw/arcgis/rest/services/Dublin_Parks/FeatureServer/3;https://dublinohio.maps.arcgis.com/apps/Embed/index.html?webmap=4a2e26949a814a65bb96ee33d293f9e9;https://dublinohiousa.gov/recreation-services/parks/	
OH-FR-S-0512	Shannon Glen Park	Park				City of Dublin	City of Dublin, Recreation Services Department				8191 Shannon Glen Blvd, Dublin, OH	24.39	Franklin	Dublin		40.1331431	-83.1630661	86GR4RMP+92			https://services1.arcgis.com/NqY8dnPSEdMJhuRw/arcgis/rest/services/Dublin_Parks/FeatureServer/3	https://services1.arcgis.com/NqY8dnPSEdMJhuRw/arcgis/rest/services/Dublin_Parks/FeatureServer/3;https://dublinohio.maps.arcgis.com/apps/Embed/index.html?webmap=4a2e26949a814a65bb96ee33d293f9e9;https://dublinohiousa.gov/recreation-services/parks/	
OH-FR-S-0513	Shier-Rings Park	Park				City of Dublin	City of Dublin, Recreation Services Department			The park underwent stone wall and plaza restoration work to repair deteriorated infrastructure.	Emerald Pkwy, Dublin, OH	2.48	Franklin	Dublin		40.0953495	-83.1411755	86GR3VW5+42	Hiking Trail; Multi-use Trail		https://services1.arcgis.com/NqY8dnPSEdMJhuRw/arcgis/rest/services/Dublin_Parks/FeatureServer/3	https://services1.arcgis.com/NqY8dnPSEdMJhuRw/arcgis/rest/services/Dublin_Parks/FeatureServer/3;https://dublinohio.maps.arcgis.com/apps/Embed/index.html?webmap=4a2e26949a814a65bb96ee33d293f9e9;https://dublinohiousa.gov/recreation-services/parks/	
OH-FR-S-0514	Smiley Park	Park				City of Dublin	City of Dublin, Recreation Services Department				Frantz Rd, Dublin, OH	1.9	Franklin	Dublin		40.0914382	-83.1282308	86GR3VRC+G2			https://services1.arcgis.com/NqY8dnPSEdMJhuRw/arcgis/rest/services/Dublin_Parks/FeatureServer/3	https://services1.arcgis.com/NqY8dnPSEdMJhuRw/arcgis/rest/services/Dublin_Parks/FeatureServer/3;https://dublinohio.maps.arcgis.com/apps/Embed/index.html?webmap=4a2e26949a814a65bb96ee33d293f9e9;https://dublinohiousa.gov/recreation-services/parks/	
OH-FR-S-0515	Stonefield Park	Park				City of Dublin	City of Dublin, Recreation Services Department				5467 Earlington Pkwy, Dublin, OH	2.74	Franklin	Dublin		40.1150841	-83.1378199	86GR4V86+52	Multi-use Trail; Picnic Shelter; Playground		https://services1.arcgis.com/NqY8dnPSEdMJhuRw/arcgis/rest/services/Dublin_Parks/FeatureServer/3	https://services1.arcgis.com/NqY8dnPSEdMJhuRw/arcgis/rest/services/Dublin_Parks/FeatureServer/3;https://dublinohio.maps.arcgis.com/apps/Embed/index.html?webmap=4a2e26949a814a65bb96ee33d293f9e9;https://dublinohiousa.gov/recreation-services/parks/	
OH-FR-S-0516	Tartan Ridge Park	Park				City of Dublin	City of Dublin, Recreation Services Department				6776 Burnett Lane, Dublin, OH	0.02	Franklin	Columbus		39.9469792	-82.9109902	86FVW3WQ+P2	Hiking Trail; Playground		https://services1.arcgis.com/NqY8dnPSEdMJhuRw/arcgis/rest/services/Dublin_Parks/FeatureServer/3	https://services1.arcgis.com/NqY8dnPSEdMJhuRw/arcgis/rest/services/Dublin_Parks/FeatureServer/3;https://dublinohio.maps.arcgis.com/apps/Embed/index.html?webmap=4a2e26949a814a65bb96ee33d293f9e9;https://dublinohiousa.gov/recreation-services/parks/	
OH-FR-S-0517	Trinity Park	Park				City of Dublin	City of Dublin, Recreation Services Department				5719 Sandymount Dr, Dublin, OH	4.75	Franklin	Dublin		40.0818708	-83.1459583	86GR3VJ3+P2	Basketball Court; Playground		https://services1.arcgis.com/NqY8dnPSEdMJhuRw/arcgis/rest/services/Dublin_Parks/FeatureServer/3	https://services1.arcgis.com/NqY8dnPSEdMJhuRw/arcgis/rest/services/Dublin_Parks/FeatureServer/3;https://dublinohio.maps.arcgis.com/apps/Embed/index.html?webmap=4a2e26949a814a65bb96ee33d293f9e9;https://dublinohiousa.gov/recreation-services/parks/	
OH-FR-S-0518	Tuller Square	Open Space				City of Dublin	City of Dublin, Recreation Services Department				4270 John Shields Pkwy, Dublin, OH	1.83	Franklin	Dublin		40.1062795	-83.1043729	86GR4V4W+F2			https://services1.arcgis.com/NqY8dnPSEdMJhuRw/arcgis/rest/services/Dublin_Parks/FeatureServer/3	https://services1.arcgis.com/NqY8dnPSEdMJhuRw/arcgis/rest/services/Dublin_Parks/FeatureServer/3;https://dublinohio.maps.arcgis.com/apps/Embed/index.html?webmap=4a2e26949a814a65bb96ee33d293f9e9;https://dublinohiousa.gov/recreation-services/parks/	
OH-FR-S-0519	Vandeleur Park	Park				City of Dublin	City of Dublin, Recreation Services Department				5895 Vandeleur Pl, Dublin, OH	0.81	Franklin	Dublin		40.0902355	-83.1821404	86GR3RR9+22			https://services1.arcgis.com/NqY8dnPSEdMJhuRw/arcgis/rest/services/Dublin_Parks/FeatureServer/3	https://services1.arcgis.com/NqY8dnPSEdMJhuRw/arcgis/rest/services/Dublin_Parks/FeatureServer/3;https://dublinohio.maps.arcgis.com/apps/Embed/index.html?webmap=4a2e26949a814a65bb96ee33d293f9e9;https://dublinohiousa.gov/recreation-services/parks/	
OH-FR-S-0520	Wedgewood Glen Park	Park				City of Dublin	City of Dublin, Recreation Services Department				4240 Summit View Rd, Dublin, OH	3.63	Franklin	Dublin		40.1325618	-83.1005163	86GR4VMX+52			https://services1.arcgis.com/NqY8dnPSEdMJhuRw/arcgis/rest/services/Dublin_Parks/FeatureServer/3	https://services1.arcgis.com/NqY8dnPSEdMJhuRw/arcgis/rest/services/Dublin_Parks/FeatureServer/3;https://dublinohio.maps.arcgis.com/apps/Embed/index.html?webmap=4a2e26949a814a65bb96ee33d293f9e9;https://dublinohiousa.gov/recreation-services/parks/	
OH-FR-S-0521	Wedgewood Hills Park	Park				City of Dublin	City of Dublin, Recreation Services Department				4630 Sandwich Ct, Dublin, OH	10.38	Franklin	Dublin		40.135698	-83.1123019	86GR4VPQ+62			https://services1.arcgis.com/NqY8dnPSEdMJhuRw/arcgis/rest/services/Dublin_Parks/FeatureServer/3	https://services1.arcgis.com/NqY8dnPSEdMJhuRw/arcgis/rest/services/Dublin_Parks/FeatureServer/3;https://dublinohio.maps.arcgis.com/apps/Embed/index.html?webmap=4a2e26949a814a65bb96ee33d293f9e9;https://dublinohiousa.gov/recreation-services/parks/	
OH-FR-S-0522	Wellington Park	Park				City of Dublin	City of Dublin, Recreation Services Department				7467 Coventry Woods Dr, Dublin, OH	0.644	Franklin	Dublin		40.1181555	-83.1231988	86GR4V9G+82	Hiking Trail	Source: MORPC Parks and Open Space dataset (public-morpc.hub.arcgis.com), data updated 2025-07-01. MORPC ParkID: not assigned. MORPC Sub_Type: N (Neighborhood Park). Jurisdiction: Columbus. Status: Public.	https://services1.arcgis.com/NqY8dnPSEdMJhuRw/arcgis/rest/services/Dublin_Parks/FeatureServer/3	https://services1.arcgis.com/NqY8dnPSEdMJhuRw/arcgis/rest/services/Dublin_Parks/FeatureServer/3;https://dublinohio.maps.arcgis.com/apps/Embed/index.html?webmap=4a2e26949a814a65bb96ee33d293f9e9;https://dublinohiousa.gov/recreation-services/parks/;https://public-morpc.hub.arcgis.com/datasets/parks-and-open-space/explore	
OH-FR-S-0523	Westbury Park	Park				City of Dublin	City of Dublin, Recreation Services Department			5-acre park in Dublin's Westbury area featuring lush greenery, winding walking and bicycle paths, a playground, and tranquil open spaces. Trails in the park connect to the regional multi-use path network.	7799 Wareham Dr, Dublin, OH	8.38	Franklin	Dublin		40.1276844	-83.1684775	86GR4RHJ+42	Hiking Trail; Multi-use Trail; Playground		https://services1.arcgis.com/NqY8dnPSEdMJhuRw/arcgis/rest/services/Dublin_Parks/FeatureServer/3	https://services1.arcgis.com/NqY8dnPSEdMJhuRw/arcgis/rest/services/Dublin_Parks/FeatureServer/3;https://dublinohio.maps.arcgis.com/apps/Embed/index.html?webmap=4a2e26949a814a65bb96ee33d293f9e9;https://dublinohiousa.gov/recreation-services/parks/	
OH-FR-S-0524	Woods of Brighton Park	Park				City of Dublin	City of Dublin, Recreation Services Department				5619 Brighton Hill Ln, Dublin, OH	0.79	Franklin	Dublin		40.0811813	-83.1441853	86GR3VJ4+F2	Basketball Court; Tennis Court		https://services1.arcgis.com/NqY8dnPSEdMJhuRw/arcgis/rest/services/Dublin_Parks/FeatureServer/3	https://services1.arcgis.com/NqY8dnPSEdMJhuRw/arcgis/rest/services/Dublin_Parks/FeatureServer/3;https://dublinohio.maps.arcgis.com/apps/Embed/index.html?webmap=4a2e26949a814a65bb96ee33d293f9e9;https://dublinohiousa.gov/recreation-services/parks/	
OH-FR-S-0525	Woods of Indian Run	Park				City of Dublin	City of Dublin, Recreation Services Department				5218 Forrest Run Dr, Dublin, OH	0.55	Franklin	Dublin		40.1022524	-83.1153519	86GR4V2M+X2	Hiking Trail	Manually assigned Dublin GIS type=Neighborhood Park	https://services1.arcgis.com/NqY8dnPSEdMJhuRw/arcgis/rest/services/Dublin_Parks/FeatureServer/3	https://services1.arcgis.com/NqY8dnPSEdMJhuRw/arcgis/rest/services/Dublin_Parks/FeatureServer/3;https://dublinohio.maps.arcgis.com/apps/Embed/index.html?webmap=4a2e26949a814a65bb96ee33d293f9e9;https://dublinohiousa.gov/recreation-services/parks/	
OH-FR-S-0526	Wyndham Park	Park				City of Dublin	City of Dublin, Recreation Services Department				7475 Tullymore Dr, Dublin, OH	7.35902282	Franklin	Columbus		39.9554746	-82.9513235	86FVX24X+32	Playground	Source: MORPC Parks and Open Space dataset (public-morpc.hub.arcgis.com), data updated 2025-07-01. MORPC Sub_Type: N.	https://services1.arcgis.com/NqY8dnPSEdMJhuRw/arcgis/rest/services/Dublin_Parks/FeatureServer/3	https://services1.arcgis.com/NqY8dnPSEdMJhuRw/arcgis/rest/services/Dublin_Parks/FeatureServer/3;https://dublinohio.maps.arcgis.com/apps/Embed/index.html?webmap=4a2e26949a814a65bb96ee33d293f9e9;https://dublinohiousa.gov/recreation-services/parks/;https://public-morpc.hub.arcgis.com/datasets/parks-and-open-space/explore	
OH-FR-S-0527	190 N High Open Space	Open Space				City of Dublin	City of Dublin, Recreation Services Department			High Street providing green space and informal gathering area in an urban corridor.	110 N Riverview St, Dublin, OH	0	Franklin	Columbus		40.1268543	-83.0686534	86GR4WGJ+P2			https://services1.arcgis.com/NqY8dnPSEdMJhuRw/arcgis/rest/services/Dublin_Parks/FeatureServer/3	https://services1.arcgis.com/NqY8dnPSEdMJhuRw/arcgis/rest/services/Dublin_Parks/FeatureServer/3;https://dublinohio.maps.arcgis.com/apps/Embed/index.html?webmap=4a2e26949a814a65bb96ee33d293f9e9;https://dublinohiousa.gov/recreation-services/parks/	
OH-FR-S-0528	Amberleigh Open Space	Open Space				City of Dublin	City of Dublin, Recreation Services Department				8170 Dublin Rd, Dublin, OH	6.64	Franklin	Dublin		40.1357731	-83.1247042	86GR4VPG+62			https://services1.arcgis.com/NqY8dnPSEdMJhuRw/arcgis/rest/services/Dublin_Parks/FeatureServer/3	https://services1.arcgis.com/NqY8dnPSEdMJhuRw/arcgis/rest/services/Dublin_Parks/FeatureServer/3;https://dublinohio.maps.arcgis.com/apps/Embed/index.html?webmap=4a2e26949a814a65bb96ee33d293f9e9;https://dublinohiousa.gov/recreation-services/parks/	
OH-FR-S-0529	Ballantrae Open Space	Open Space				City of Dublin	City of Dublin, Recreation Services Department				Dublin, OH	2.75	Franklin	Dublin		40.0844573	-83.1647482	86GR3RMP+J2			https://services1.arcgis.com/NqY8dnPSEdMJhuRw/arcgis/rest/services/Dublin_Parks/FeatureServer/3	https://services1.arcgis.com/NqY8dnPSEdMJhuRw/arcgis/rest/services/Dublin_Parks/FeatureServer/3;https://dublinohio.maps.arcgis.com/apps/Embed/index.html?webmap=4a2e26949a814a65bb96ee33d293f9e9;https://dublinohiousa.gov/recreation-services/parks/	
OH-FR-S-0530	Belvedere/Shannon Glen Open Space	Open Space				City of Dublin	City of Dublin, Recreation Services Department				8040 Summerhouse Dr E, Dublin, OH	4.2	Franklin	Dublin		40.1312281	-83.1675735	86GR4RJJ+H2			https://services1.arcgis.com/NqY8dnPSEdMJhuRw/arcgis/rest/services/Dublin_Parks/FeatureServer/3	https://services1.arcgis.com/NqY8dnPSEdMJhuRw/arcgis/rest/services/Dublin_Parks/FeatureServer/3;https://dublinohio.maps.arcgis.com/apps/Embed/index.html?webmap=4a2e26949a814a65bb96ee33d293f9e9;https://dublinohiousa.gov/recreation-services/parks/	
OH-FR-S-0531	Bishop's Crossing Open Space	Open Space				City of Dublin	City of Dublin, Recreation Services Department				7985 Tullymore Dr, Dublin, OH	0.01	Franklin	Columbus		40.1265478	-83.0685964	86GR4WGJ+P2			https://services1.arcgis.com/NqY8dnPSEdMJhuRw/arcgis/rest/services/Dublin_Parks/FeatureServer/3	https://services1.arcgis.com/NqY8dnPSEdMJhuRw/arcgis/rest/services/Dublin_Parks/FeatureServer/3;https://dublinohio.maps.arcgis.com/apps/Embed/index.html?webmap=4a2e26949a814a65bb96ee33d293f9e9;https://dublinohiousa.gov/recreation-services/parks/	
OH-FR-S-0532	Bishop's Run Open Space	Open Space				City of Dublin	City of Dublin, Recreation Services Department				7980 Tullymore Dr, Dublin, OH	0.26	Franklin	Columbus		40.1348877	-83.0729873	86GR4WMG+X2			https://services1.arcgis.com/NqY8dnPSEdMJhuRw/arcgis/rest/services/Dublin_Parks/FeatureServer/3	https://services1.arcgis.com/NqY8dnPSEdMJhuRw/arcgis/rest/services/Dublin_Parks/FeatureServer/3;https://dublinohio.maps.arcgis.com/apps/Embed/index.html?webmap=4a2e26949a814a65bb96ee33d293f9e9;https://dublinohiousa.gov/recreation-services/parks/	
OH-FR-S-0533	Boy Scout Open Space	Open Space				City of Dublin	City of Dublin, Recreation Services Department				Post Rd, Dublin, OH	0.54	Franklin	Dublin		40.0995524	-83.1241025	86GR3VXG+V2			https://services1.arcgis.com/NqY8dnPSEdMJhuRw/arcgis/rest/services/Dublin_Parks/FeatureServer/3	https://services1.arcgis.com/NqY8dnPSEdMJhuRw/arcgis/rest/services/Dublin_Parks/FeatureServer/3;https://dublinohio.maps.arcgis.com/apps/Embed/index.html?webmap=4a2e26949a814a65bb96ee33d293f9e9;https://dublinohiousa.gov/recreation-services/parks/	
OH-FR-S-0534	Bryson Cove Open Space	Open Space				City of Dublin	City of Dublin, Recreation Services Department				4135 Bryson Cove Dr, Dublin, OH	6.1	Franklin	Dublin		40.1181677	-83.0977274	86GR4W92+92			https://services1.arcgis.com/NqY8dnPSEdMJhuRw/arcgis/rest/services/Dublin_Parks/FeatureServer/3	https://services1.arcgis.com/NqY8dnPSEdMJhuRw/arcgis/rest/services/Dublin_Parks/FeatureServer/3;https://dublinohio.maps.arcgis.com/apps/Embed/index.html?webmap=4a2e26949a814a65bb96ee33d293f9e9;https://dublinohiousa.gov/recreation-services/parks/	
OH-FR-S-0535	Dublin Spring Open Space North	Open Space				City of Dublin	City of Dublin, Recreation Services Department				20 S Riverview St, Dublin, OH	0.68	Franklin	Columbus		40.0451909	-82.9016952	86GV23WX+32			https://services1.arcgis.com/NqY8dnPSEdMJhuRw/arcgis/rest/services/Dublin_Parks/FeatureServer/3	https://services1.arcgis.com/NqY8dnPSEdMJhuRw/arcgis/rest/services/Dublin_Parks/FeatureServer/3;https://dublinohio.maps.arcgis.com/apps/Embed/index.html?webmap=4a2e26949a814a65bb96ee33d293f9e9;https://dublinohiousa.gov/recreation-services/parks/	
OH-FR-S-0536	Gorden Farms Open Space	Open Space				City of Dublin	City of Dublin, Recreation Services Department				Dublin, OH	0	Franklin	Columbus		40.1266048	-83.0687892	86GR4WGJ+M2			https://services1.arcgis.com/NqY8dnPSEdMJhuRw/arcgis/rest/services/Dublin_Parks/FeatureServer/3	https://services1.arcgis.com/NqY8dnPSEdMJhuRw/arcgis/rest/services/Dublin_Parks/FeatureServer/3;https://dublinohio.maps.arcgis.com/apps/Embed/index.html?webmap=4a2e26949a814a65bb96ee33d293f9e9;https://dublinohiousa.gov/recreation-services/parks/	
OH-FR-S-0537	Hutchins Open Space	Open Space				City of Dublin	City of Dublin, Recreation Services Department				8500 Riverside Dr, Dublin, OH	25.64	Franklin	Dublin		40.1391264	-83.1155141	86GR4VQM+Q2			https://services1.arcgis.com/NqY8dnPSEdMJhuRw/arcgis/rest/services/Dublin_Parks/FeatureServer/3	https://services1.arcgis.com/NqY8dnPSEdMJhuRw/arcgis/rest/services/Dublin_Parks/FeatureServer/3;https://dublinohio.maps.arcgis.com/apps/Embed/index.html?webmap=4a2e26949a814a65bb96ee33d293f9e9;https://dublinohiousa.gov/recreation-services/parks/	
OH-FR-S-0538	Indian Run Cemetery	Memorial				City of Dublin	City of Dublin, Recreation Services Department				77 N High St, Dublin, OH	0.78	Franklin	Gahanna		40.0262858	-82.8765754	86GV24GF+F2			https://services1.arcgis.com/NqY8dnPSEdMJhuRw/arcgis/rest/services/Dublin_Parks/FeatureServer/3	https://services1.arcgis.com/NqY8dnPSEdMJhuRw/arcgis/rest/services/Dublin_Parks/FeatureServer/3;https://dublinohio.maps.arcgis.com/apps/Embed/index.html?webmap=4a2e26949a814a65bb96ee33d293f9e9;https://dublinohiousa.gov/recreation-services/parks/	
OH-FR-S-0539	Joe's Triangle Open Space	Open Space				City of Dublin	City of Dublin, Recreation Services Department				Dublin Rd, Dublin, OH	0.32	Franklin	Dublin		40.0687073	-83.1128842	86GR3V9P+H2			https://services1.arcgis.com/NqY8dnPSEdMJhuRw/arcgis/rest/services/Dublin_Parks/FeatureServer/3	https://services1.arcgis.com/NqY8dnPSEdMJhuRw/arcgis/rest/services/Dublin_Parks/FeatureServer/3;https://dublinohio.maps.arcgis.com/apps/Embed/index.html?webmap=4a2e26949a814a65bb96ee33d293f9e9;https://dublinohiousa.gov/recreation-services/parks/	
OH-FR-S-0540	Kendall Ridge Open Space	Open Space				City of Dublin	City of Dublin, Recreation Services Department				6050 Varwyne Dr, Dublin, OH	0.51861456	Franklin	Dublin		40.0898981	-83.1633729	86GR3RQP+W2		Source: MORPC Parks and Open Space dataset (public-morpc.hub.arcgis.com), data updated 2025-07-01. MORPC Sub_Type: NOS.	https://services1.arcgis.com/NqY8dnPSEdMJhuRw/arcgis/rest/services/Dublin_Parks/FeatureServer/3	https://services1.arcgis.com/NqY8dnPSEdMJhuRw/arcgis/rest/services/Dublin_Parks/FeatureServer/3;https://dublinohio.maps.arcgis.com/apps/Embed/index.html?webmap=4a2e26949a814a65bb96ee33d293f9e9;https://dublinohiousa.gov/recreation-services/parks/;https://public-morpc.hub.arcgis.com/datasets/parks-and-open-space/explore	
OH-FR-S-0541	Lombard Open Space	Open Space				City of Dublin	City of Dublin, Recreation Services Department				8035 Lombard Wy, Dublin, OH	0.74	Franklin	Dublin		40.1323293	-83.1634581	86GR4RJP+W2			https://services1.arcgis.com/NqY8dnPSEdMJhuRw/arcgis/rest/services/Dublin_Parks/FeatureServer/3	https://services1.arcgis.com/NqY8dnPSEdMJhuRw/arcgis/rest/services/Dublin_Parks/FeatureServer/3;https://dublinohio.maps.arcgis.com/apps/Embed/index.html?webmap=4a2e26949a814a65bb96ee33d293f9e9;https://dublinohiousa.gov/recreation-services/parks/	
OH-FR-S-0542	Lowell Trace Open Space	Open Space				City of Dublin	City of Dublin, Recreation Services Department				6853 Avery Rd, Dublin, OH	3.1	Franklin	Dublin		40.1114969	-83.1594474	86GR4R6R+C2			https://services1.arcgis.com/NqY8dnPSEdMJhuRw/arcgis/rest/services/Dublin_Parks/FeatureServer/3	https://services1.arcgis.com/NqY8dnPSEdMJhuRw/arcgis/rest/services/Dublin_Parks/FeatureServer/3;https://dublinohio.maps.arcgis.com/apps/Embed/index.html?webmap=4a2e26949a814a65bb96ee33d293f9e9;https://dublinohiousa.gov/recreation-services/parks/	
OH-FR-S-0543	Maroa Wilcox Open Space	Open Space				City of Dublin	City of Dublin, Recreation Services Department				5750 Norn St, Dublin, OH	0.002	Franklin	Columbus		40.1267328	-83.0686441	86GR4WGJ+P2		Acreage from MORPC (M. Wilcox Gravestone, CEMETERY type, 0.002 ac = ~87 sq ft).  Open space is named after and preserves a historical Wilcox family gravestone marker; parcel is essentially the gravestone plot itself.	https://services1.arcgis.com/NqY8dnPSEdMJhuRw/arcgis/rest/services/Dublin_Parks/FeatureServer/3	https://services1.arcgis.com/NqY8dnPSEdMJhuRw/arcgis/rest/services/Dublin_Parks/FeatureServer/3;https://dublinohio.maps.arcgis.com/apps/Embed/index.html?webmap=4a2e26949a814a65bb96ee33d293f9e9;https://dublinohiousa.gov/recreation-services/parks/	
OH-FR-S-0544	Mitchell Cemetery	Memorial				City of Dublin	City of Dublin, Recreation Services Department			The cemetery preserves historical grave markers and family plots representing early Franklin County settlement.	Cardinal Pl, Dublin, OH	0.97	Franklin	Dublin	Washington Township	39.9191505	-83.0504033	86FRWW9X+Q2	Cemetery Section; Historic Structure		https://services1.arcgis.com/NqY8dnPSEdMJhuRw/arcgis/rest/services/Dublin_Parks/FeatureServer/3	https://services1.arcgis.com/NqY8dnPSEdMJhuRw/arcgis/rest/services/Dublin_Parks/FeatureServer/3;https://dublinohio.maps.arcgis.com/apps/Embed/index.html?webmap=4a2e26949a814a65bb96ee33d293f9e9;https://dublinohiousa.gov/recreation-services/parks/	
OH-FR-S-0545	Mount Zion Cemetery	Memorial				City of Dublin	City of Dublin, Recreation Services Department			The cemetery preserves historical grave markers and family plots of early Franklin County settlers.	Kinross Ct, Dublin, OH	0.17	Franklin			40.0317565	-82.8176119	86GV25JJ+Q2	Cemetery Section; Historic Structure		https://services1.arcgis.com/NqY8dnPSEdMJhuRw/arcgis/rest/services/Dublin_Parks/FeatureServer/3	https://services1.arcgis.com/NqY8dnPSEdMJhuRw/arcgis/rest/services/Dublin_Parks/FeatureServer/3;https://dublinohio.maps.arcgis.com/apps/Embed/index.html?webmap=4a2e26949a814a65bb96ee33d293f9e9;https://dublinohiousa.gov/recreation-services/parks/	
OH-FR-S-0546	Park Mill Open Space	Open Space				City of Dublin	City of Dublin, Recreation Services Department				6820 Monticello Ln, Dublin, OH	0.03	Franklin	Columbus		39.946977	-82.9109563	86FVW3WQ+P2			https://services1.arcgis.com/NqY8dnPSEdMJhuRw/arcgis/rest/services/Dublin_Parks/FeatureServer/3	https://services1.arcgis.com/NqY8dnPSEdMJhuRw/arcgis/rest/services/Dublin_Parks/FeatureServer/3;https://dublinohio.maps.arcgis.com/apps/Embed/index.html?webmap=4a2e26949a814a65bb96ee33d293f9e9;https://dublinohiousa.gov/recreation-services/parks/	
OH-UNI-S-0547	Red Stone Loop Open Space	Open Space				City of Dublin	City of Dublin, Recreation Services Department				6431 Red Stone Lp, Dublin, OH	0.12	Union	Columbus		40.1325	-83.172	86GR4RJH+X6		GPS and acreage from MORPC geometry; confirmed entirely in Union County via polygon vertex analysis — all vertices 40.132–40.133°N, north of Franklin boundary. Retains FR- ID; reassign to UNI- prefix during Union County run.	https://services1.arcgis.com/NqY8dnPSEdMJhuRw/arcgis/rest/services/Dublin_Parks/FeatureServer/3	https://services1.arcgis.com/NqY8dnPSEdMJhuRw/arcgis/rest/services/Dublin_Parks/FeatureServer/3;https://dublinohio.maps.arcgis.com/apps/Embed/index.html?webmap=4a2e26949a814a65bb96ee33d293f9e9;https://dublinohiousa.gov/recreation-services/parks/	
OH-FR-S-0548	Rings Road Open Space	Open Space				City of Dublin	City of Dublin, Recreation Services Department				5707 Wilcox Rd, Dublin, OH	4.75151528	Franklin	Dublin		40.0826172	-83.1509745	86GR3RMX+42		Source: MORPC Parks and Open Space dataset (public-morpc.hub.arcgis.com), data updated 2025-07-01. MORPC Sub_Type: NOS.	https://services1.arcgis.com/NqY8dnPSEdMJhuRw/arcgis/rest/services/Dublin_Parks/FeatureServer/3	https://services1.arcgis.com/NqY8dnPSEdMJhuRw/arcgis/rest/services/Dublin_Parks/FeatureServer/3;https://dublinohio.maps.arcgis.com/apps/Embed/index.html?webmap=4a2e26949a814a65bb96ee33d293f9e9;https://dublinohiousa.gov/recreation-services/parks/;https://public-morpc.hub.arcgis.com/datasets/parks-and-open-space/explore	
OH-FR-S-0549	Sandy Corners Cemetery	Memorial				City of Dublin	City of Dublin, Recreation Services Department			The cemetery represents the early agricultural settlement history of the Sandy Corners area.	6115 Rings Rd, Dublin, OH	0.43	Franklin	Dublin		40.0802038	-83.1572521	86GR3RJV+22			https://services1.arcgis.com/NqY8dnPSEdMJhuRw/arcgis/rest/services/Dublin_Parks/FeatureServer/3	https://services1.arcgis.com/NqY8dnPSEdMJhuRw/arcgis/rest/services/Dublin_Parks/FeatureServer/3;https://dublinohio.maps.arcgis.com/apps/Embed/index.html?webmap=4a2e26949a814a65bb96ee33d293f9e9;https://dublinohiousa.gov/recreation-services/parks/	
OH-FR-S-0550	Scioto Shores Open Space	Open Space				City of Dublin	City of Dublin, Recreation Services Department			The site provides riparian habitat, natural open landscape, and passive recreation along the Scioto Shores area.	6900 Dublin Rd, Dublin, OH	1.16	Franklin	Columbus		40.0413545	-82.9016037	86GV23RX+F2			https://services1.arcgis.com/NqY8dnPSEdMJhuRw/arcgis/rest/services/Dublin_Parks/FeatureServer/3	https://services1.arcgis.com/NqY8dnPSEdMJhuRw/arcgis/rest/services/Dublin_Parks/FeatureServer/3;https://dublinohio.maps.arcgis.com/apps/Embed/index.html?webmap=4a2e26949a814a65bb96ee33d293f9e9;https://dublinohiousa.gov/recreation-services/parks/	
OH-FR-S-0551	Scottish Corners Woods Open Space	Open Space				City of Dublin	City of Dublin, Recreation Services Department				5950 Sells Mill Dr, Dublin, OH	12.34	Franklin	Dublin		40.1184603	-83.1483103	86GR4V92+82	Hiking Trail		https://services1.arcgis.com/NqY8dnPSEdMJhuRw/arcgis/rest/services/Dublin_Parks/FeatureServer/3	https://services1.arcgis.com/NqY8dnPSEdMJhuRw/arcgis/rest/services/Dublin_Parks/FeatureServer/3;https://dublinohio.maps.arcgis.com/apps/Embed/index.html?webmap=4a2e26949a814a65bb96ee33d293f9e9;https://dublinohiousa.gov/recreation-services/parks/	
OH-FR-S-0552	Sheffield Place Open Space	Open Space				City of Dublin	City of Dublin, Recreation Services Department				7372 Coventry Woods Dr, Dublin, OH	0.12	Franklin	Columbus		40.134464	-83.0721363	86GR4WMH+J2			https://services1.arcgis.com/NqY8dnPSEdMJhuRw/arcgis/rest/services/Dublin_Parks/FeatureServer/3	https://services1.arcgis.com/NqY8dnPSEdMJhuRw/arcgis/rest/services/Dublin_Parks/FeatureServer/3;https://dublinohio.maps.arcgis.com/apps/Embed/index.html?webmap=4a2e26949a814a65bb96ee33d293f9e9;https://dublinohiousa.gov/recreation-services/parks/	
OH-FR-S-0553	St. John Lutheran Cemetery	Memorial				City of Dublin	City of Dublin, Recreation Services Department				6135 Rings Rd, Dublin, OH	0.78	Franklin	Gahanna		40.0262858	-82.8765754	86GV24GF+F2			https://services1.arcgis.com/NqY8dnPSEdMJhuRw/arcgis/rest/services/Dublin_Parks/FeatureServer/3	https://services1.arcgis.com/NqY8dnPSEdMJhuRw/arcgis/rest/services/Dublin_Parks/FeatureServer/3;https://dublinohio.maps.arcgis.com/apps/Embed/index.html?webmap=4a2e26949a814a65bb96ee33d293f9e9;https://dublinohiousa.gov/recreation-services/parks/	
OH-FR-S-0554	Summitview Open Space	Open Space				City of Dublin	City of Dublin, Recreation Services Department				4145 Summit View Rd, Dublin, OH	4.92	Franklin	Dublin		40.1316687	-83.0984886	86GR4WJ2+P2			https://services1.arcgis.com/NqY8dnPSEdMJhuRw/arcgis/rest/services/Dublin_Parks/FeatureServer/3	https://services1.arcgis.com/NqY8dnPSEdMJhuRw/arcgis/rest/services/Dublin_Parks/FeatureServer/3;https://dublinohio.maps.arcgis.com/apps/Embed/index.html?webmap=4a2e26949a814a65bb96ee33d293f9e9;https://dublinohiousa.gov/recreation-services/parks/	
OH-FR-S-0555	Wallace Property	Open Space				City of Dublin	City of Dublin, Recreation Services Department				5200 Brand Rd, Dublin, OH	13.71	Franklin	Dublin		40.1200325	-83.1311578	86GR4VC9+42		"Manually assigned Dublin GIS type=Open Space; municipality corrected from ""Township"" to Dublin"	https://services1.arcgis.com/NqY8dnPSEdMJhuRw/arcgis/rest/services/Dublin_Parks/FeatureServer/3	https://services1.arcgis.com/NqY8dnPSEdMJhuRw/arcgis/rest/services/Dublin_Parks/FeatureServer/3;https://dublinohio.maps.arcgis.com/apps/Embed/index.html?webmap=4a2e26949a814a65bb96ee33d293f9e9;https://dublinohiousa.gov/recreation-services/parks/	
OH-FR-S-0556	Waterford Woods Open Space	Open Space				City of Dublin	City of Dublin, Recreation Services Department				Waterford Dr, Dublin, OH	1.77	Franklin	Dublin		40.094769	-83.1201775	86GR3VVH+X2	Hiking Trail		https://services1.arcgis.com/NqY8dnPSEdMJhuRw/arcgis/rest/services/Dublin_Parks/FeatureServer/3	https://services1.arcgis.com/NqY8dnPSEdMJhuRw/arcgis/rest/services/Dublin_Parks/FeatureServer/3;https://dublinohio.maps.arcgis.com/apps/Embed/index.html?webmap=4a2e26949a814a65bb96ee33d293f9e9;https://dublinohiousa.gov/recreation-services/parks/	
OH-FR-S-0557	Wedgewood Glen Open Space	Open Space				City of Dublin	City of Dublin, Recreation Services Department				Dublin, OH	0.62	Franklin	Reynoldsburg		39.9472993	-82.8061548	86FVW5WV+W2			https://services1.arcgis.com/NqY8dnPSEdMJhuRw/arcgis/rest/services/Dublin_Parks/FeatureServer/3	https://services1.arcgis.com/NqY8dnPSEdMJhuRw/arcgis/rest/services/Dublin_Parks/FeatureServer/3;https://dublinohio.maps.arcgis.com/apps/Embed/index.html?webmap=4a2e26949a814a65bb96ee33d293f9e9;https://dublinohiousa.gov/recreation-services/parks/	
OH-FR-S-0558	Wexford Estates Open Space	Open Space				City of Dublin	City of Dublin, Recreation Services Department				6853 Avery Rd, Dublin, OH	1.06	Franklin	Dublin		40.1163456	-83.1586056	86GR4R8R+G2			https://services1.arcgis.com/NqY8dnPSEdMJhuRw/arcgis/rest/services/Dublin_Parks/FeatureServer/3	https://services1.arcgis.com/NqY8dnPSEdMJhuRw/arcgis/rest/services/Dublin_Parks/FeatureServer/3;https://dublinohio.maps.arcgis.com/apps/Embed/index.html?webmap=4a2e26949a814a65bb96ee33d293f9e9;https://dublinohiousa.gov/recreation-services/parks/	
OH-FR-S-0559	Wexford Woods Open Space East	Open Space				City of Dublin	City of Dublin, Recreation Services Department				6853 Avery Rd, Dublin, OH	0.22	Franklin	Dublin		40.1144932	-83.1588687	86GR4R7R+M2	Hiking Trail		https://services1.arcgis.com/NqY8dnPSEdMJhuRw/arcgis/rest/services/Dublin_Parks/FeatureServer/3	https://services1.arcgis.com/NqY8dnPSEdMJhuRw/arcgis/rest/services/Dublin_Parks/FeatureServer/3;https://dublinohio.maps.arcgis.com/apps/Embed/index.html?webmap=4a2e26949a814a65bb96ee33d293f9e9;https://dublinohiousa.gov/recreation-services/parks/	
OH-FR-S-0560	Wexford Woods Open Space West	Open Space				City of Dublin	City of Dublin, Recreation Services Department				Tullymore Dr, Dublin, OH	0.23	Franklin	Dublin		40.1128589	-83.1628389	86GR4R7P+52	Hiking Trail		https://services1.arcgis.com/NqY8dnPSEdMJhuRw/arcgis/rest/services/Dublin_Parks/FeatureServer/3	https://services1.arcgis.com/NqY8dnPSEdMJhuRw/arcgis/rest/services/Dublin_Parks/FeatureServer/3;https://dublinohio.maps.arcgis.com/apps/Embed/index.html?webmap=4a2e26949a814a65bb96ee33d293f9e9;https://dublinohiousa.gov/recreation-services/parks/	
OH-FR-S-0561	Wolpert Open Space	Open Space				City of Dublin	City of Dublin, Recreation Services Department				6665 Shier-Rings Rd, Dublin, OH	3.013	Franklin	Columbus		40.0942945	-83.1709661	86GR3RVH+P2		Source: MORPC Parks and Open Space dataset (public-morpc.hub.arcgis.com), data updated 2025-07-01. MORPC ParkID: not assigned. MORPC Sub_Type: NOS (Neighborhood Open Space). Jurisdiction: Columbus. Status: Public.	https://services1.arcgis.com/NqY8dnPSEdMJhuRw/arcgis/rest/services/Dublin_Parks/FeatureServer/3	https://services1.arcgis.com/NqY8dnPSEdMJhuRw/arcgis/rest/services/Dublin_Parks/FeatureServer/3;https://dublinohio.maps.arcgis.com/apps/Embed/index.html?webmap=4a2e26949a814a65bb96ee33d293f9e9;https://dublinohiousa.gov/recreation-services/parks/;https://public-morpc.hub.arcgis.com/datasets/parks-and-open-space/explore	
OH-FR-S-0562	Wyndham Village Open Space	Open Space				City of Dublin	City of Dublin, Recreation Services Department				7770 Wareham Dr, Dublin, OH	2.6	Franklin	Dublin		40.1305954	-83.1685111	86GR4RJJ+82			https://services1.arcgis.com/NqY8dnPSEdMJhuRw/arcgis/rest/services/Dublin_Parks/FeatureServer/3	https://services1.arcgis.com/NqY8dnPSEdMJhuRw/arcgis/rest/services/Dublin_Parks/FeatureServer/3;https://dublinohio.maps.arcgis.com/apps/Embed/index.html?webmap=4a2e26949a814a65bb96ee33d293f9e9;https://dublinohiousa.gov/recreation-services/parks/	
OH-FR-S-0563	Northeast Quad Park	Park			Active		City of Dublin, Recreation Services Department					33.93123818	Franklin	Columbus		39.953657	-82.966981	86FVX23M+C2	Picnic Area; Playground	Source: MORPC Parks and Open Space dataset (public-morpc.hub.arcgis.com), data updated 2025-07-01. MORPC ParkID: 465. MORPC Sub_Type: C.	https://public-morpc.hub.arcgis.com/datasets/parks-and-open-space/explore	https://public-morpc.hub.arcgis.com/datasets/parks-and-open-space/explore	
OH-FR-S-0564	Glencree Place Open Space	Park			Active		City of Dublin, Recreation Services Department					0.20174443	Franklin	Dublin		40.1366921	-83.095306	86GR4WP3+Q2		Source: MORPC Parks and Open Space dataset (public-morpc.hub.arcgis.com), data updated 2025-07-01. MORPC ParkID: 510. MORPC Sub_Type: N.	https://public-morpc.hub.arcgis.com/datasets/parks-and-open-space/explore	https://public-morpc.hub.arcgis.com/datasets/parks-and-open-space/explore	
OH-FR-S-0565	Longbranch Drive Open Space	Open Space			Active		City of Dublin, Recreation Services Department					0.47719003	Franklin	Dublin		40.089245	-83.119817	86GR3VQJ+J2		Source: MORPC Parks and Open Space dataset (public-morpc.hub.arcgis.com), data updated 2025-07-01. MORPC ParkID: 496. MORPC Sub_Type: NOS.	https://public-morpc.hub.arcgis.com/datasets/parks-and-open-space/explore	https://public-morpc.hub.arcgis.com/datasets/parks-and-open-space/explore	
OH-FR-S-0566	Kestrel Park	Park			Active		City of Dublin, Recreation Services Department					3.55492586	Franklin	Dublin		40.1260658	-83.1541488	86GR4RGW+F2		Source: MORPC Parks and Open Space dataset (public-morpc.hub.arcgis.com), data updated 2025-07-01. MORPC ParkID: 377. MORPC Sub_Type: N.	https://public-morpc.hub.arcgis.com/datasets/parks-and-open-space/explore	https://public-morpc.hub.arcgis.com/datasets/parks-and-open-space/explore	
OH-FR-S-0567	Frantz/Field Of Corn (Sam & Eulalia Park)	Park			Active		City of Dublin, Recreation Services Department			The installation features 109 concrete ears of corn placed on stalks in an open field, commemorating the area's agricultural heritage. The park is a regional landmark and popular photographic destination.		2.55691986	Franklin	Columbus		39.951315	-82.9117597	86FVX32Q+F2	Public Art Installation; Sculpture	Source: MORPC Parks and Open Space dataset (public-morpc.hub.arcgis.com), data updated 2025-07-01. MORPC ParkID: 232. MORPC Sub_Type: C.	https://public-morpc.hub.arcgis.com/datasets/parks-and-open-space/explore	https://public-morpc.hub.arcgis.com/datasets/parks-and-open-space/explore	
OH-FR-S-0568	The Commons At Brighton	Park			Active		City of Dublin, Recreation Services Department					2.17889911	Franklin	Dublin		40.0807374	-83.1471989	86GR3VJ3+62		Source: MORPC Parks and Open Space dataset (public-morpc.hub.arcgis.com), data updated 2025-07-01. MORPC ParkID: 791. MORPC Sub_Type: N.	https://public-morpc.hub.arcgis.com/datasets/parks-and-open-space/explore	https://public-morpc.hub.arcgis.com/datasets/parks-and-open-space/explore	
OH-FR-S-0569	Dublin Kiwanis Riverway Access	Open Space			Active		City of Dublin, Recreation Services Department					0.79509804	Franklin	Dublin		40.0992606	-83.1119128	86GR3VXQ+J2	Hiking Trail; Watercraft Access	Source: MORPC Parks and Open Space dataset (public-morpc.hub.arcgis.com), data updated 2025-07-01. MORPC ParkID: 191. MORPC Sub_Type: NOS.	https://public-morpc.hub.arcgis.com/datasets/parks-and-open-space/explore	https://public-morpc.hub.arcgis.com/datasets/parks-and-open-space/explore	
OH-FR-S-0570	Wyandotte Woods Open Space	Open Space			Active		City of Dublin, Recreation Services Department					5.39295679	Franklin	Dublin		40.1293911	-83.1113118	86GR4VHQ+M2	Hiking Trail	Source: MORPC Parks and Open Space dataset (public-morpc.hub.arcgis.com), data updated 2025-07-01. MORPC Sub_Type: NOS.	https://public-morpc.hub.arcgis.com/datasets/parks-and-open-space/explore	https://public-morpc.hub.arcgis.com/datasets/parks-and-open-space/explore	
OH-FR-S-0571	Wedgewood Hills Open Space	Nature Preserve			Active		City of Dublin, Recreation Services Department					5.61533834	Franklin	Dublin		40.1392037	-83.1067853	86GR4VQV+M2		Source: MORPC Parks and Open Space dataset (public-morpc.hub.arcgis.com), data updated 2025-07-01. MORPC ParkID: 446. MORPC Sub_Type: PR.	https://public-morpc.hub.arcgis.com/datasets/parks-and-open-space/explore	https://public-morpc.hub.arcgis.com/datasets/parks-and-open-space/explore	
OH-FR-S-0572	Wedgewood Park	Open Space			Active		City of Dublin, Recreation Services Department					6.59623163	Franklin	Dublin		40.1349861	-83.1012368	86GR4VMX+W2		Source: MORPC Parks and Open Space dataset (public-morpc.hub.arcgis.com), data updated 2025-07-01. MORPC ParkID: 622. MORPC Sub_Type: NOS.	https://public-morpc.hub.arcgis.com/datasets/parks-and-open-space/explore	https://public-morpc.hub.arcgis.com/datasets/parks-and-open-space/explore	
OH-FR-S-0573	Riverside Drive Park	Park			Active		City of Dublin, Recreation Services Department					40.21718922	Franklin	Dublin		40.1218711	-83.1057401	86GR4VCV+P2	Multi-use Trail; Watercraft Access	Source: MORPC Parks and Open Space dataset (public-morpc.hub.arcgis.com), data updated 2025-07-01. MORPC ParkID: 677. MORPC Sub_Type: C.	https://public-morpc.hub.arcgis.com/datasets/parks-and-open-space/explore	https://public-morpc.hub.arcgis.com/datasets/parks-and-open-space/explore	
OH-FR-S-0574	Cramer Run Open Space	Open Space			Active		City of Dublin, Recreation Services Department					9.28513616	Franklin	Dublin		40.0834563	-83.1284565	86GR3VMC+82		Source: MORPC Parks and Open Space dataset (public-morpc.hub.arcgis.com), data updated 2025-07-01. MORPC Sub_Type: NOS.	https://public-morpc.hub.arcgis.com/datasets/parks-and-open-space/explore	https://public-morpc.hub.arcgis.com/datasets/parks-and-open-space/explore	
OH-FR-S-0575	Emerald Parkway Bridge Open Space	Open Space			Active		City of Dublin, Recreation Services Department					4.45838408	Franklin	Dublin		40.1096776	-83.1118071	86GR4V5Q+V2		Source: MORPC Parks and Open Space dataset (public-morpc.hub.arcgis.com), data updated 2025-07-01. MORPC Sub_Type: NOS.	https://public-morpc.hub.arcgis.com/datasets/parks-and-open-space/explore	https://public-morpc.hub.arcgis.com/datasets/parks-and-open-space/explore	
OH-FR-S-0576	Holder-Wright Earthworks	Open Space			Active		City of Dublin, Recreation Services Department			The 47-acre farmstead and earthworks complex is managed for historic preservation.		20.32674674	Franklin	Dublin		40.1118558	-83.1065862	86GR4V6V+M2	Hiking Trail	Source: MORPC Parks and Open Space dataset (public-morpc.hub.arcgis.com), data updated 2025-07-01. MORPC Sub_Type: NOS.	https://public-morpc.hub.arcgis.com/datasets/parks-and-open-space/explore	https://public-morpc.hub.arcgis.com/datasets/parks-and-open-space/explore	
OH-FR-S-0577	Dublin Rd Open Space	Open Space			Active		City of Dublin, Recreation Services Department					2.87474449	Franklin	Dublin		40.1176931	-83.1184895	86GR4V9J+42		Source: MORPC Parks and Open Space dataset (public-morpc.hub.arcgis.com), data updated 2025-07-01. MORPC Sub_Type: NOS.	https://public-morpc.hub.arcgis.com/datasets/parks-and-open-space/explore	https://public-morpc.hub.arcgis.com/datasets/parks-and-open-space/explore	
OH-FR-S-0578	Emerald Parkway Open Space	Open Space			Active		City of Dublin, Recreation Services Department					1.82202196	Franklin	Dublin		40.1050333	-83.1320111	86GR4V49+22	Multi-use Trail	Source: MORPC Parks and Open Space dataset (public-morpc.hub.arcgis.com), data updated 2025-07-01. MORPC Sub_Type: NOS.	https://public-morpc.hub.arcgis.com/datasets/parks-and-open-space/explore	https://public-morpc.hub.arcgis.com/datasets/parks-and-open-space/explore	
OH-FR-S-0579	Chambers Open Space	Open Space			Active		City of Dublin, Recreation Services Department					0.82989997	Franklin	Dublin		40.099218	-83.1099105	86GR3VXR+J2		Source: MORPC Parks and Open Space dataset (public-morpc.hub.arcgis.com), data updated 2025-07-01. MORPC Sub_Type: NOS.	https://public-morpc.hub.arcgis.com/datasets/parks-and-open-space/explore	https://public-morpc.hub.arcgis.com/datasets/parks-and-open-space/explore	
OH-FR-S-0580	Earlsford Open Space	Open Space			Active		City of Dublin, Recreation Services Department					1.45319907	Franklin	Dublin		40.1204936	-83.1458781	86GR4VC3+42		Source: MORPC Parks and Open Space dataset (public-morpc.hub.arcgis.com), data updated 2025-07-01. MORPC Sub_Type: NOS.	https://public-morpc.hub.arcgis.com/datasets/parks-and-open-space/explore	https://public-morpc.hub.arcgis.com/datasets/parks-and-open-space/explore	
OH-FR-S-0581	Brandon Nature Preserve	Nature Preserve			Active		City of Dublin, Recreation Services Department			The primary entrance and parking are located on Brandonway Drive.		22.49061921	Franklin	Dublin		40.1267616	-83.1301731	86GR4VG9+Q2	Fishing Area; Hiking Trail; Multi-use Trail	Source: MORPC Parks and Open Space dataset (public-morpc.hub.arcgis.com), data updated 2025-07-01. MORPC ParkID: 85. MORPC Sub_Type: PR.	https://public-morpc.hub.arcgis.com/datasets/parks-and-open-space/explore	https://public-morpc.hub.arcgis.com/datasets/parks-and-open-space/explore	
OH-FR-S-0582	Wellington Open Space	Open Space			Active		City of Dublin, Recreation Services Department					1.41779787	Franklin	Dublin		40.1181895	-83.1260926	86GR4V9F+82		Source: MORPC Parks and Open Space dataset (public-morpc.hub.arcgis.com), data updated 2025-07-01. MORPC Sub_Type: NOS.	https://public-morpc.hub.arcgis.com/datasets/parks-and-open-space/explore	https://public-morpc.hub.arcgis.com/datasets/parks-and-open-space/explore	
OH-FR-S-0583	Emerald Pkwy & Hard Rd Open Space	Nature Preserve			Active		City of Dublin, Recreation Services Department					2.67685632	Franklin	Dublin		40.1186285	-83.09399	86GR4W94+F2		Source: MORPC Parks and Open Space dataset (public-morpc.hub.arcgis.com), data updated 2025-07-01. MORPC Sub_Type: PRES.	https://public-morpc.hub.arcgis.com/datasets/parks-and-open-space/explore	https://public-morpc.hub.arcgis.com/datasets/parks-and-open-space/explore	
OH-FR-S-0584	Indian Run Open Space	Open Space			Active		City of Dublin, Recreation Services Department					8.91411843	Franklin	Dublin		40.1027722	-83.1129531	86GR4V3P+52	Hiking Trail	Source: MORPC Parks and Open Space dataset (public-morpc.hub.arcgis.com), data updated 2025-07-01. MORPC Sub_Type: NOS.	https://public-morpc.hub.arcgis.com/datasets/parks-and-open-space/explore	https://public-morpc.hub.arcgis.com/datasets/parks-and-open-space/explore	
OH-FR-S-0585	Caplestone Lane Open Space	Open Space			Active		City of Dublin, Recreation Services Department					0.84763465	Franklin	Dublin		40.1207902	-83.1464711	86GR4VC3+72		Source: MORPC Parks and Open Space dataset (public-morpc.hub.arcgis.com), data updated 2025-07-01. MORPC Sub_Type: NOS.	https://public-morpc.hub.arcgis.com/datasets/parks-and-open-space/explore	https://public-morpc.hub.arcgis.com/datasets/parks-and-open-space/explore	
OH-FR-S-0586	Memorial Drive Open Space	Open Space			Active		City of Dublin, Recreation Services Department					4.04002794	Franklin	Dublin		40.1393277	-83.1305087	86GR4VQ9+Q2		Source: MORPC Parks and Open Space dataset (public-morpc.hub.arcgis.com), data updated 2025-07-01. MORPC Sub_Type: NOS.	https://public-morpc.hub.arcgis.com/datasets/parks-and-open-space/explore	https://public-morpc.hub.arcgis.com/datasets/parks-and-open-space/explore	
OH-FR-S-0587	Gahanna Municipal Golf Course	Recreation Facility			Active		City of Gahanna Parks & Recreation				220 Olde Ridenour Road, Gahanna, OH 43230	64.78	Franklin	Gahanna		40.02441	-82.8803931	86GV24F9+Q2		Source: Gahanna Facilities page and Parks & Trails Guide PDF.	https://www.gahanna.gov/Facilities	https://www.gahanna.gov/Facilities;https://oh-gahanna.civicplus.com/DocumentCenter/View/278/Parks-and-Trails-Guide-PDF	
OH-FR-S-0588	Headley Park	Recreation Facility			Active		City of Gahanna Parks & Recreation				1031 Challis Springs Drive, Gahanna, OH 43230	33.35	Franklin	Gahanna		40.0446831	-82.8252375	86GV25VF+X2	Athletic Field; Picnic Shelter; Playground; Restrooms	Source: Gahanna Facilities page and Parks & Trails Guide PDF.	https://www.gahanna.gov/Facilities	https://www.gahanna.gov/Facilities;https://oh-gahanna.civicplus.com/DocumentCenter/View/278/Parks-and-Trails-Guide-PDF	
OH-FR-S-0589	McCorkle Park	Recreation Facility			Active		City of Gahanna Parks & Recreation			The park borders a 4-acre natural campus with walking paths leading to Big Walnut Creek and nearby Creekside Park.	200 McCutcheon Road, Gahanna, OH 43230	22	Franklin	Gahanna		40.0306816	-82.8792858	86GV24JC+72	Multi-use Trail; Playground	Source: Gahanna Facilities page and Parks & Trails Guide PDF.	https://www.gahanna.gov/Facilities	https://www.gahanna.gov/Facilities;https://oh-gahanna.civicplus.com/DocumentCenter/View/278/Parks-and-Trails-Guide-PDF	
OH-FR-S-0590	Creekside Park & Arboretum	Park			Active		City of Gahanna Parks & Recreation			9-acre centerpiece of historic Olde Gahanna along Big Walnut Creek, featuring a scenic waterfall, paddleboat rentals, fishing and wading areas, walkways, and picnic areas. The park is certified as a Level 1 Arboretum with 40+ labeled tree and shrub species, adding educational value to an already beloved gathering space for the Gahanna Blues & Jazz Festival and other community events.	123 Mill Street, Gahanna, OH 43230	5.84	Franklin	Gahanna		40.0203692	-82.8809379	86GV24C9+42	Arboretum; Fishing Area; Hiking Trail; Multi-use Trail; Picnic Shelter; Restrooms	Source: Gahanna Facilities page and Parks & Trails Guide PDF.	https://www.gahanna.gov/Facilities	https://www.gahanna.gov/Facilities;https://oh-gahanna.civicplus.com/DocumentCenter/View/278/Parks-and-Trails-Guide-PDF	
OH-FR-S-0591	Geroux Herb Garden	Park			Active		City of Gahanna Parks & Recreation			The Geroux Herb Garden is Gahanna's signature municipal garden at City Hall, established in 1975 and officially dedicated as the Geroux Herb Garden in 2002. The garden reflects Gahanna's identity as Ohio's Herb Capital and includes six themed sections: Culinary Garden, Scented Garden, Shade Garden, Rock/Biblical Garden, Pond Garden, and Medicinal Garden.	206 S Hamilton Road, Gahanna, OH 43230	0.81	Franklin	Gahanna		40.0138096	-82.8663538	86GV247M+F2		Source: Gahanna Facilities page and Parks & Trails Guide PDF.	https://www.gahanna.gov/Facilities	https://www.gahanna.gov/Facilities;https://oh-gahanna.civicplus.com/DocumentCenter/View/278/Parks-and-Trails-Guide-PDF	
OH-FR-S-0592	Hannah Park	Park			Active		City of Gahanna Parks & Recreation			The park is home to a story trail with reading displays along the lake path. A stocked lake with walking trail, a large rentable shelter, and open lawn make it a popular destination for families and community gatherings.	6547 Clark State Road, Gahanna, OH 43230	35.44	Franklin	Gahanna		40.0414119	-82.8176526	86GV25RJ+H2	Fishing Area; Hiking Trail; Multi-use Trail; Picnic Shelter; Playground	Source: Gahanna Facilities page and Parks & Trails Guide PDF.	https://www.gahanna.gov/Facilities	https://www.gahanna.gov/Facilities;https://oh-gahanna.civicplus.com/DocumentCenter/View/278/Parks-and-Trails-Guide-PDF	
OH-FR-S-0593	Pizzurro Park	Park			Active		City of Gahanna Parks & Recreation				940 Pizzurro Park Road, Gahanna, OH 43230	23.5	Franklin	Gahanna		39.9957459	-82.8596336	86FVX4WR+62	Basketball Court; Dog Park; Fishing Area; Picnic Shelter; Playground; Watercraft Access	Source: Gahanna Facilities page and Parks & Trails Guide PDF. Address conflict: Facilities page shows 940 Pizzurro Park Road; Parks & Trails Guide PDF shows 914 S. Hamilton Rd. Both recorded; field verification needed.	https://www.gahanna.gov/Facilities	https://www.gahanna.gov/Facilities;https://oh-gahanna.civicplus.com/DocumentCenter/View/278/Parks-and-Trails-Guide-PDF	
OH-FR-S-0594	Shull Park	Park			Active		City of Gahanna Parks & Recreation			A.S.E. skate park with two 6-foot quarter pipes, a mini half-pipe, pyramid fun box, ground rail, grind box, and other street ramps. The park also offers youth soccer fields, an in-line hockey rink, and fishing access.	236 Granville Street, Gahanna, OH 43230	10.49	Franklin	Gahanna		40.0202424	-82.8725648	86GV24CG+52	Athletic Field; Fishing Area; Skate Park	Source: Gahanna Facilities page and Parks MORPC cross-ref: acreage 10.494 ac, ParkID 736, Sub_Type Community Park. & Trails Guide PDF.	https://www.gahanna.gov/Facilities	https://www.gahanna.gov/Facilities;https://oh-gahanna.civicplus.com/DocumentCenter/View/278/Parks-and-Trails-Guide-PDF	
OH-FR-S-0595	Sunpoint Park	Park					City of Gahanna Parks & Recreation				670 McCutcheon Road, Gahanna, OH 43230	0.18	Franklin	Columbus		39.951011	-82.9516897	86FVX22X+F2	Playground	Source: Gahanna Facilities page and Parks & Trails Guide PDF.	https://www.gahanna.gov/Facilities	https://www.gahanna.gov/Facilities;https://oh-gahanna.civicplus.com/DocumentCenter/View/278/Parks-and-Trails-Guide-PDF	
OH-FR-S-0596	Veterans Memorial Park	Park					City of Gahanna Parks & Recreation			The park is located along the Big Walnut Trail corridor in Olde Gahanna.	73 W Johnstown Road, Gahanna, OH 43230	1.74	Franklin	Gahanna		40.0184574	-82.8807059	86GV2499+82	Multi-use Trail	Source: Gahanna Facilities page and Parks MORPC cross-ref: acreage 1.738 ac, ParkID 405, Sub_Type Neighborhood Park. NOTE: gahanna.gov classifies as Community Park (73 W Johnstown Road); MORPC classifies as Neighborhood Park — flag for resolution. & Trails Guide PDF.	https://www.gahanna.gov/Facilities	https://www.gahanna.gov/Facilities;https://oh-gahanna.civicplus.com/DocumentCenter/View/278/Parks-and-Trails-Guide-PDF	
OH-FR-S-0597	Ambassador Commons	Park					City of Gahanna Parks & Recreation				639 Gahanna Highlands Drive, Gahanna, OH 43230	1.32	Franklin	Gahanna		40.0443234	-82.8990891	86GV24V2+M2	Playground	Source: Gahanna Facilities page and Parks & Trails Guide PDF.	https://www.gahanna.gov/Facilities	https://www.gahanna.gov/Facilities;https://oh-gahanna.civicplus.com/DocumentCenter/View/278/Parks-and-Trails-Guide-PDF	
OH-FR-S-0598	Ashburnham Park	Park					City of Gahanna Parks & Recreation				1245 Ashburnham Drive, Gahanna, OH 43230	5.19	Franklin	Gahanna		40.0518685	-82.8782127	86GV342C+P2	Playground	Source: Gahanna Facilities page and Parks & Trails Guide PDF.	https://www.gahanna.gov/Facilities	https://www.gahanna.gov/Facilities;https://oh-gahanna.civicplus.com/DocumentCenter/View/278/Parks-and-Trails-Guide-PDF	
OH-FR-S-0599	Bryn Mawr Park	Park			Active		City of Gahanna Parks & Recreation				1082 Riva Ridge Boulevard, Gahanna, OH 43230	6.48	Franklin	Gahanna		40.0464294	-82.8449662	86GV25W4+C2	Hiking Trail; Playground	Source: Gahanna Facilities page and Parks & Trails Guide PDF.	https://www.gahanna.gov/Facilities	https://www.gahanna.gov/Facilities;https://oh-gahanna.civicplus.com/DocumentCenter/View/278/Parks-and-Trails-Guide-PDF	
OH-FR-S-0600	Hunters Ridge Park	Park			Active		City of Gahanna Parks & Recreation				341 Harrow Blvd, Gahanna, OH 43230	8.77	Franklin	Gahanna		40.0109018	-82.8608192	86GV246Q+82	Basketball Court; Playground; Swimming Pool; Tennis Court	Source: Gahanna Facilities page and Parks & Trails Guide PDF.	https://www.gahanna.gov/Facilities	https://www.gahanna.gov/Facilities;https://oh-gahanna.civicplus.com/DocumentCenter/View/278/Parks-and-Trails-Guide-PDF	
OH-FR-S-0601	Rathburn Woods Park	Park			Active		City of Gahanna Parks & Recreation				316 Howland Drive, Gahanna, OH 43230	1.48	Franklin	Gahanna		40.0103078	-82.843418	86GV2564+42	Hiking Trail; Playground	Source: Gahanna Facilities page and Parks MORPC cross-ref: listed as Rathburn Woods (no Park suffix), acreage 1.483 ac, ParkID 657, Sub_Type Neighborhood Park. & Trails Guide PDF.	https://www.gahanna.gov/Facilities	https://www.gahanna.gov/Facilities;https://oh-gahanna.civicplus.com/DocumentCenter/View/278/Parks-and-Trails-Guide-PDF	
OH-FR-S-0602	Rice Avenue Park	Park			Active		City of Gahanna Parks & Recreation				1178 Rice Avenue / 511 Preservation Lane, Gahanna, OH 43230	0.05	Franklin	Columbus		39.9680419	-82.9197246	86FVX39J+62	Playground	Source: Gahanna Facilities page and Parks MORPC cross-ref: possibly same entity as MORPC Foxwood-Rice Ave Park (7.184 ac, ParkID not assigned) - flag for resolution. MORPC Sub_Type Neighborhood Park. & Trails Guide PDF.	https://www.gahanna.gov/Facilities	https://www.gahanna.gov/Facilities;https://oh-gahanna.civicplus.com/DocumentCenter/View/278/Parks-and-Trails-Guide-PDF	
OH-FR-S-0603	Trapp Park	Park			Active		City of Gahanna Parks & Recreation			No public restrooms are available on site.	756 Trapp Drive, Gahanna, OH 43230	2.94	Franklin	Gahanna		40.0383786	-82.8689111	86GV24QJ+72	Multi-use Trail; Playground	Source: Gahanna Facilities page and Parks MORPC cross-ref: acreage 2.938 ac, ParkID not assigned, Sub_Type Neighborhood Park. & Trails Guide PDF.	https://www.gahanna.gov/Facilities	https://www.gahanna.gov/Facilities;https://oh-gahanna.civicplus.com/DocumentCenter/View/278/Parks-and-Trails-Guide-PDF	
OH-FR-S-0604	Gahanna Swimming Pool	Recreation Facility			Active		City of Gahanna Parks & Recreation				148 Parkland Avenue, Gahanna, OH 43230	9.55	Franklin	Gahanna		40.0153816	-82.8786979	86GV248C+42	Restrooms; Swimming Pool	Source: Gahanna Facilities page and Parks & Trails Guide PDF.	https://www.gahanna.gov/Facilities	https://www.gahanna.gov/Facilities;https://oh-gahanna.civicplus.com/DocumentCenter/View/278/Parks-and-Trails-Guide-PDF	
OH-FR-S-0605	Hunters Ridge Pool	Recreation Facility			Active		City of Gahanna Parks & Recreation				341 Waterbury Blvd, Gahanna, OH 43230	8.77	Franklin	Gahanna		40.0109018	-82.8608192	86GV246Q+82	Swimming Pool	Source: Gahanna Facilities page and Parks & Trails Guide PDF.	https://www.gahanna.gov/Facilities	https://www.gahanna.gov/Facilities;https://oh-gahanna.civicplus.com/DocumentCenter/View/278/Parks-and-Trails-Guide-PDF	
OH-FR-S-0606	Creekside Plaza	Open Space			Active		City of Gahanna Parks & Recreation			The plaza is a central venue for the Creekside Blues & Jazz Festival and other community events.	117 Mill Street, Gahanna, OH 43230	5.84	Franklin	Gahanna		40.0203692	-82.8809379	86GV24C9+42		Source: Gahanna Facilities page and Parks & Trails Guide PDF. Child site of: Creekside Park & Arboretum.	https://www.gahanna.gov/Facilities	https://www.gahanna.gov/Facilities;https://oh-gahanna.civicplus.com/DocumentCenter/View/278/Parks-and-Trails-Guide-PDF	OH-FR-S-0590
OH-FR-S-0607	Creekside Rotary Stage	Recreation Facility			Active		City of Gahanna Parks & Recreation			The stage hosts community events, concerts, and performances in a scenic creek-side setting maintained in partnership with the local Rotary Club.	117 Mill Street, Gahanna, OH 43230		Franklin			40.020594	-82.879624	86GV24CC+62	Amphitheater; Stage; Watercraft Access	Source: Gahanna Facilities page and Parks & Trails Guide PDF. Child site of: Creekside Park & Arboretum.	https://www.gahanna.gov/Facilities	https://www.gahanna.gov/Facilities;https://oh-gahanna.civicplus.com/DocumentCenter/View/278/Parks-and-Trails-Guide-PDF	OH-FR-S-0590
OH-FR-S-0608	Friendship Park Community Garden	Community Garden			Active		City of Gahanna Parks & Recreation			The garden fosters community connections and access to fresh produce in the neighborhood.	150 Oklahoma Avenue, Gahanna, OH 43230	0.02	Franklin	Columbus		39.9506213	-82.9106162	86FVX32Q+92	Community Garden	Source: Gahanna Facilities page and Parks & Trails Guide PDF. Child site of: Friendship Park.	https://www.gahanna.gov/Facilities	https://www.gahanna.gov/Facilities;https://oh-gahanna.civicplus.com/DocumentCenter/View/278/Parks-and-Trails-Guide-PDF	OH-FR-S-1026
OH-FR-S-0609	Hannah Park Community Garden	Community Garden			Active		City of Gahanna Parks & Recreation			The garden supports urban agriculture and community engagement.	6547 Clark State Road, Gahanna, OH 43230	0.02	Franklin	Columbus		39.950623	-82.91065	86FVX32Q+82	Community Garden	Source: Gahanna Facilities page and Parks & Trails Guide PDF. Child site of: Hannah Park.	https://www.gahanna.gov/Facilities	https://www.gahanna.gov/Facilities;https://oh-gahanna.civicplus.com/DocumentCenter/View/278/Parks-and-Trails-Guide-PDF	OH-FR-S-0592
OH-FR-S-0610	Clarenton Green Park	Park			Active		City of Gahanna Parks & Recreation					2.817	Franklin	Gahanna		40.0500617	-82.8180568	86GV352J+52	Playground	Source: MORPC Parks and Open Space dataset (public-morpc.hub.arcgis.com), data updated 2025-07-01. MORPC ParkID: 129. NOTE: shares ParkID 129 with Clarenton Green Reserve — may be co-located parcel or same entity; flag for resolution.	https://public-morpc.hub.arcgis.com/datasets/parks-and-open-space/explore	https://public-morpc.hub.arcgis.com/datasets/parks-and-open-space/explore	
OH-FR-S-0611	Clarenton Green Reserve	Park			Active		City of Gahanna Parks & Recreation					4.324	Franklin	Gahanna		40.0528269	-82.8190068	86GV353J+32		Source: MORPC Parks and Open Space dataset (public-morpc.hub.arcgis.com), data updated 2025-07-01. MORPC ParkID: 129. NOTE: shares ParkID 129 with Clarenton Green Park — may be co-located parcel or same entity; flag for resolution.	https://public-morpc.hub.arcgis.com/datasets/parks-and-open-space/explore	https://public-morpc.hub.arcgis.com/datasets/parks-and-open-space/explore	
OH-FR-S-0612	Lintner Park	Park			Active		City of Gahanna Parks & Recreation			The park also includes a public art installation added through a development agreement.		1.871	Franklin	Gahanna		40.0230627	-82.8794007	86GV24FC+62		Source: MORPC Parks and Open Space dataset (public-morpc.hub.arcgis.com), data updated 2025-07-01. MORPC ParkID: 159. NOTE: shares ParkID 159 with Creekside Park (already in staging) — possible data entry error in MORPC; flag for resolution.	https://public-morpc.hub.arcgis.com/datasets/parks-and-open-space/explore	https://public-morpc.hub.arcgis.com/datasets/parks-and-open-space/explore	
OH-FR-S-0613	Price Road Park	Park			Active		City of Gahanna Parks & Recreation					52.003	Franklin	Gahanna		40.01111	-82.8778987	86GV246C+H2		Source: MORPC Parks and Open Space dataset (public-morpc.hub.arcgis.com), data updated 2025-07-01. MORPC ParkID: not assigned. Substantial park (~52 ac) not found on gahanna.gov website — absent from facilities page and PDF.	https://public-morpc.hub.arcgis.com/datasets/parks-and-open-space/explore	https://public-morpc.hub.arcgis.com/datasets/parks-and-open-space/explore	
OH-FR-S-0614	Taylor Road Reserve	Park			Active		City of Gahanna Parks & Recreation					51.437	Franklin	Gahanna		40.0053444	-82.8368359	86GV2547+32		Source: MORPC Parks and Open Space dataset (public-morpc.hub.arcgis.com), data updated 2025-07-01. MORPC ParkID: not assigned. Substantial reserve (~51 ac) not found on gahanna.gov website — absent from facilities page and PDF.	https://public-morpc.hub.arcgis.com/datasets/parks-and-open-space/explore	https://public-morpc.hub.arcgis.com/datasets/parks-and-open-space/explore	
OH-FR-S-0615	Y Park	Park			Active		City of Gahanna Parks & Recreation					12.254	Franklin	Gahanna		40.0485175	-82.8580435	86GV24XR+H2		Source: MORPC Parks and Open Space dataset (public-morpc.hub.arcgis.com), data updated 2025-07-01. MORPC ParkID: 2.	https://public-morpc.hub.arcgis.com/datasets/parks-and-open-space/explore	https://public-morpc.hub.arcgis.com/datasets/parks-and-open-space/explore	
OH-FR-S-0616	Bryn Mawr Woods Reserve	Park			Active		City of Gahanna Parks & Recreation					1.372	Franklin	Gahanna		40.0393618	-82.8472622	86GV25Q3+J2	Hiking Trail	Source: MORPC Parks and Open Space dataset (public-morpc.hub.arcgis.com), data updated 2025-07-01. MORPC ParkID: 101.	https://public-morpc.hub.arcgis.com/datasets/parks-and-open-space/explore	https://public-morpc.hub.arcgis.com/datasets/parks-and-open-space/explore	
OH-FR-S-0617	Fleetrun Park	Park			Active		City of Gahanna Parks & Recreation					5.023	Franklin	Gahanna		40.0141164	-82.8571313	86GV247V+J2	Playground	Source: MORPC Parks and Open Space dataset (public-morpc.hub.arcgis.com), data updated 2025-07-01. MORPC ParkID: 222.	https://public-morpc.hub.arcgis.com/datasets/parks-and-open-space/explore	https://public-morpc.hub.arcgis.com/datasets/parks-and-open-space/explore	
OH-FR-S-0618	Foxboro Basin	Park			Active		City of Gahanna Parks & Recreation					2.534	Franklin	Gahanna		40.0301534	-82.8627245	86GV24JP+52		Source: MORPC Parks and Open Space dataset (public-morpc.hub.arcgis.com), data updated 2025-07-01. MORPC ParkID: 226.	https://public-morpc.hub.arcgis.com/datasets/parks-and-open-space/explore	https://public-morpc.hub.arcgis.com/datasets/parks-and-open-space/explore	
OH-FR-S-0619	Foxwood-Rice Ave Park	Park			Active		City of Gahanna Parks & Recreation					7.184	Franklin	Gahanna		40.0039343	-82.840332	86GV2535+H2		Source: MORPC Parks and Open Space dataset (public-morpc.hub.arcgis.com), data updated 2025-07-01. MORPC ParkID: not assigned.	https://public-morpc.hub.arcgis.com/datasets/parks-and-open-space/explore	https://public-morpc.hub.arcgis.com/datasets/parks-and-open-space/explore	
OH-FR-S-0620	Goshen Park	Park			Active		City of Gahanna Parks & Recreation					0.385	Franklin	Gahanna		40.0092301	-82.8939045	86GV2454+M2	Playground	Source: MORPC Parks and Open Space dataset (public-morpc.hub.arcgis.com), data updated 2025-07-01. MORPC ParkID: 260.	https://public-morpc.hub.arcgis.com/datasets/parks-and-open-space/explore	https://public-morpc.hub.arcgis.com/datasets/parks-and-open-space/explore	
OH-FR-S-0621	Gramercy Park	Park			Active		City of Gahanna Parks & Recreation					0.275	Franklin	Gahanna		40.0138038	-82.8672617	86GV247M+C2		Source: MORPC Parks and Open Space dataset (public-morpc.hub.arcgis.com), data updated 2025-07-01. MORPC ParkID: 262.	https://public-morpc.hub.arcgis.com/datasets/parks-and-open-space/explore	https://public-morpc.hub.arcgis.com/datasets/parks-and-open-space/explore	
OH-FR-S-0622	Olde Ridenour Road Open Space	Park			Active		City of Gahanna Parks & Recreation					0.521	Franklin	Gahanna		40.0376716	-82.8834176	86GV24Q8+42		Source: MORPC Parks and Open Space dataset (public-morpc.hub.arcgis.com), data updated 2025-07-01. MORPC ParkID: 553.	https://public-morpc.hub.arcgis.com/datasets/parks-and-open-space/explore	https://public-morpc.hub.arcgis.com/datasets/parks-and-open-space/explore	
OH-FR-S-0623	Pipers Glen Basin	Park			Active		City of Gahanna Parks & Recreation					1.193	Franklin	Gahanna		40.0377833	-82.8980526	86GV24Q2+52		Source: MORPC Parks and Open Space dataset (public-morpc.hub.arcgis.com), data updated 2025-07-01. MORPC ParkID: 644.	https://public-morpc.hub.arcgis.com/datasets/parks-and-open-space/explore	https://public-morpc.hub.arcgis.com/datasets/parks-and-open-space/explore	
OH-FR-S-0624	Royal Gardens Park	Park			Active		City of Gahanna Parks & Recreation					0.262	Franklin	Gahanna		40.0196743	-82.8931668	86GV2494+W2		Source: MORPC Parks and Open Space dataset (public-morpc.hub.arcgis.com), data updated 2025-07-01. MORPC ParkID: 697.	https://public-morpc.hub.arcgis.com/datasets/parks-and-open-space/explore	https://public-morpc.hub.arcgis.com/datasets/parks-and-open-space/explore	
OH-FR-S-0625	Shagbark Reserve	Park			Active		City of Gahanna Parks & Recreation					2.427	Franklin	Gahanna		40.0508568	-82.8607757	86GV342Q+82	Hiking Trail	Source: MORPC Parks and Open Space dataset (public-morpc.hub.arcgis.com), data updated 2025-07-01. MORPC ParkID: 582.	https://public-morpc.hub.arcgis.com/datasets/parks-and-open-space/explore	https://public-morpc.hub.arcgis.com/datasets/parks-and-open-space/explore	
OH-FR-S-0626	Sycamore Run Park	Park			Active		City of Gahanna Parks & Recreation					7.416	Franklin	Gahanna		40.0313582	-82.8676469	86GV24JJ+H2	Playground	Source: MORPC Parks and Open Space dataset (public-morpc.hub.arcgis.com), data updated 2025-07-01. MORPC ParkID: not assigned.	https://public-morpc.hub.arcgis.com/datasets/parks-and-open-space/explore	https://public-morpc.hub.arcgis.com/datasets/parks-and-open-space/explore	
OH-FR-S-0627	Underwood Reserve	Park			Active		City of Gahanna Parks & Recreation					2.847	Franklin	Gahanna		40.0520283	-82.8576956	86GV342R+X2		Source: MORPC Parks and Open Space dataset (public-morpc.hub.arcgis.com), data updated 2025-07-01. MORPC ParkID: 583.	https://public-morpc.hub.arcgis.com/datasets/parks-and-open-space/explore	https://public-morpc.hub.arcgis.com/datasets/parks-and-open-space/explore	
OH-FR-S-0628	Woodside Green South Park	Park			Active		City of Gahanna Parks & Recreation					3.913	Franklin	Gahanna		40.0359716	-82.8923338	86GV24P5+62	Playground	Source: MORPC Parks and Open Space dataset (public-morpc.hub.arcgis.com), data updated 2025-07-01. MORPC ParkID: not assigned.	https://public-morpc.hub.arcgis.com/datasets/parks-and-open-space/explore	https://public-morpc.hub.arcgis.com/datasets/parks-and-open-space/explore	
OH-FR-S-0629	Agler Road Parkway	Open Space			Active		City of Gahanna Parks & Recreation					6.944	Franklin	Gahanna		40.0187704	-82.8866596	86GV2497+F2	Multi-use Trail	Source: MORPC Parks and Open Space dataset (public-morpc.hub.arcgis.com), data updated 2025-07-01. MORPC ParkID: 6.	https://public-morpc.hub.arcgis.com/datasets/parks-and-open-space/explore	https://public-morpc.hub.arcgis.com/datasets/parks-and-open-space/explore	
OH-FR-S-0630	Caroway Reserve	Open Space			Active		City of Gahanna Parks & Recreation					1.188	Franklin	Gahanna		40.0146358	-82.8495034	86GV2572+R2		Source: MORPC Parks and Open Space dataset (public-morpc.hub.arcgis.com), data updated 2025-07-01. MORPC ParkID: 108.	https://public-morpc.hub.arcgis.com/datasets/parks-and-open-space/explore	https://public-morpc.hub.arcgis.com/datasets/parks-and-open-space/explore	
OH-FR-S-0631	Carpenter Road Open Space	Open Space			Active		City of Gahanna Parks & Recreation					1.236	Franklin	Gahanna		40.0221794	-82.8666897	86GV24CM+V2		Source: MORPC Parks and Open Space dataset (public-morpc.hub.arcgis.com), data updated 2025-07-01. MORPC ParkID: not assigned.	https://public-morpc.hub.arcgis.com/datasets/parks-and-open-space/explore	https://public-morpc.hub.arcgis.com/datasets/parks-and-open-space/explore	
OH-FR-S-0632	Central Park Reserve	Open Space			Active		City of Gahanna Parks & Recreation					22.395	Franklin	Gahanna		39.9982002	-82.8495716	86FVX5X2+62		Source: MORPC Parks and Open Space dataset (public-morpc.hub.arcgis.com), data updated 2025-07-01. MORPC ParkID: not assigned. Multi-parcel entity — acreage is sum of all mapped parcels. Multi-parcel: 3 mapped parcels (13.586 + 8.315 + 0.494 ac). Acreage is sum of all parcels.	https://public-morpc.hub.arcgis.com/datasets/parks-and-open-space/explore	https://public-morpc.hub.arcgis.com/datasets/parks-and-open-space/explore	
OH-FR-S-0633	Clark State Basin	Open Space			Active		City of Gahanna Parks & Recreation					1.893	Franklin	Gahanna		40.0443976	-82.8205642	86GV25VH+Q2		Source: MORPC Parks and Open Space dataset (public-morpc.hub.arcgis.com), data updated 2025-07-01. MORPC ParkID: 579.	https://public-morpc.hub.arcgis.com/datasets/parks-and-open-space/explore	https://public-morpc.hub.arcgis.com/datasets/parks-and-open-space/explore	
OH-FR-S-0634	Gahanna Grove Reserve	Open Space			Active		City of Gahanna Parks & Recreation					2.617	Franklin	Gahanna		40.0487255	-82.8551844	86GV24XV+H2	Hiking Trail	Source: MORPC Parks and Open Space dataset (public-morpc.hub.arcgis.com), data updated 2025-07-01. MORPC ParkID: not assigned.	https://public-morpc.hub.arcgis.com/datasets/parks-and-open-space/explore	https://public-morpc.hub.arcgis.com/datasets/parks-and-open-space/explore	
OH-FR-S-0635	Galloway Reserve	Open Space			Active		City of Gahanna Parks & Recreation					23.963	Franklin	Gahanna		40.0079474	-82.8720593	86GV245H+22		Source: MORPC Parks and Open Space dataset (public-morpc.hub.arcgis.com), data updated 2025-07-01. MORPC ParkID: not assigned.	https://public-morpc.hub.arcgis.com/datasets/parks-and-open-space/explore	https://public-morpc.hub.arcgis.com/datasets/parks-and-open-space/explore	
OH-FR-S-0636	Harrison Pond Open Space	Open Space			Active		City of Gahanna Parks & Recreation					9.401	Franklin	Gahanna		40.0496794	-82.83532	86GV25X7+X2	Fishing Area	Source: MORPC Parks and Open Space dataset (public-morpc.hub.arcgis.com), data updated 2025-07-01. MORPC ParkID: not assigned.	https://public-morpc.hub.arcgis.com/datasets/parks-and-open-space/explore	https://public-morpc.hub.arcgis.com/datasets/parks-and-open-space/explore	
OH-FR-S-0637	Helmbright Woods Reserve	Open Space			Active		City of Gahanna Parks & Recreation					3.634	Franklin	Gahanna		40.006133	-82.85148	86GV244X+F2	Hiking Trail	Source: MORPC Parks and Open Space dataset (public-morpc.hub.arcgis.com), data updated 2025-07-01. MORPC ParkID: 301.	https://public-morpc.hub.arcgis.com/datasets/parks-and-open-space/explore	https://public-morpc.hub.arcgis.com/datasets/parks-and-open-space/explore	
OH-FR-S-0638	McKenna Creek Parkway	Open Space			Active		City of Gahanna Parks & Recreation					5.912	Franklin	Gahanna		40.0340714	-82.8747554	86GV24MG+J2	Hiking Trail; Multi-use Trail	Source: MORPC Parks and Open Space dataset (public-morpc.hub.arcgis.com), data updated 2025-07-01. MORPC ParkID: 398. MORPC name: Mckenna Creek Parkway.	https://public-morpc.hub.arcgis.com/datasets/parks-and-open-space/explore	https://public-morpc.hub.arcgis.com/datasets/parks-and-open-space/explore	
OH-FR-S-0639	South Hamilton Road Open Space	Open Space			Active		City of Gahanna Parks & Recreation					0.626	Franklin	Gahanna		40.0173499	-82.867221	86GV248M+R2		Source: MORPC Parks and Open Space dataset (public-morpc.hub.arcgis.com), data updated 2025-07-01. MORPC ParkID: not assigned.	https://public-morpc.hub.arcgis.com/datasets/parks-and-open-space/explore	https://public-morpc.hub.arcgis.com/datasets/parks-and-open-space/explore	
OH-FR-S-0640	The Villages of Gahanna Open Space	Open Space			Active		City of Gahanna Parks & Recreation					1.28	Franklin	Gahanna		40.0537489	-82.8850882	86GV3437+H2		Source: MORPC Parks and Open Space dataset (public-morpc.hub.arcgis.com), data updated 2025-07-01. MORPC ParkID: not assigned.	https://public-morpc.hub.arcgis.com/datasets/parks-and-open-space/explore	https://public-morpc.hub.arcgis.com/datasets/parks-and-open-space/explore	
OH-FR-S-0641	Three Corners Park	Open Space			Active		City of Gahanna Parks & Recreation					1.09	Franklin	Gahanna		40.0450379	-82.8887255	86GV24W6+42	Playground	Source: MORPC Parks and Open Space dataset (public-morpc.hub.arcgis.com), data updated 2025-07-01. MORPC ParkID: not assigned.	https://public-morpc.hub.arcgis.com/datasets/parks-and-open-space/explore	https://public-morpc.hub.arcgis.com/datasets/parks-and-open-space/explore	
OH-FR-S-0642	Village at Hannah Farms Reserve	Open Space			Active		City of Gahanna Parks & Recreation					3.459	Franklin	Gahanna		40.0399286	-82.8124419	86GV25QQ+R2		Source: MORPC Parks and Open Space dataset (public-morpc.hub.arcgis.com), data updated 2025-07-01. MORPC ParkID: not assigned. Multi-parcel entity — acreage is sum of all mapped parcels. Multi-parcel: 2 mapped parcels (2.405 + 1.054 ac). Acreage is sum of all parcels. MORPC name: Village At Hannah Farms Reserve.	https://public-morpc.hub.arcgis.com/datasets/parks-and-open-space/explore	https://public-morpc.hub.arcgis.com/datasets/parks-and-open-space/explore	
OH-FR-S-0643	Woodmark Woods Reserve	Open Space			Active		City of Gahanna Parks & Recreation					9.985	Franklin	Gahanna		40.0398541	-82.8960591	86GV24Q3+W2	Hiking Trail	Source: MORPC Parks and Open Space dataset (public-morpc.hub.arcgis.com), data updated 2025-07-01. MORPC ParkID: not assigned.	https://public-morpc.hub.arcgis.com/datasets/parks-and-open-space/explore	https://public-morpc.hub.arcgis.com/datasets/parks-and-open-space/explore	
OH-FR-S-0644	Rocky Fork Reserve	Nature Preserve			Active		City of Gahanna Parks & Recreation					6.665	Franklin	Gahanna		40.0219908	-82.8642656	86GV24CP+M2	Hiking Trail	Source: MORPC Parks and Open Space dataset (public-morpc.hub.arcgis.com), data updated 2025-07-01. MORPC ParkID: not assigned.	https://public-morpc.hub.arcgis.com/datasets/parks-and-open-space/explore	https://public-morpc.hub.arcgis.com/datasets/parks-and-open-space/explore	
OH-FR-S-0645	Shull Reserve	Nature Preserve			Active		City of Gahanna Parks & Recreation					1.508	Franklin	Gahanna		40.0189495	-82.8712092	86GV249H+G2		Source: MORPC Parks and Open Space dataset (public-morpc.hub.arcgis.com), data updated 2025-07-01. MORPC ParkID: 581.	https://public-morpc.hub.arcgis.com/datasets/parks-and-open-space/explore	https://public-morpc.hub.arcgis.com/datasets/parks-and-open-space/explore	
OH-FR-S-0646	Alkire Road Park	Park			Active		Columbus Recreation and Parks Department					15.637	Franklin	Columbus		39.9112979	-83.0958548	86FRWW63+G2	Playground	Source: MORPC Parks and Open Space dataset (public-morpc.hub.arcgis.com), data updated 2025-07-01. MORPC ParkID: 11. MORPC Sub_Type: C (Community Park). Jurisdiction: Columbus. Status: Public.	https://public-morpc.hub.arcgis.com/datasets/parks-and-open-space/explore	https://public-morpc.hub.arcgis.com/datasets/parks-and-open-space/explore	
OH-FR-S-0647	American Addition Park	Park			Active		Columbus Recreation and Parks Department					4.673	Franklin	Columbus		39.9947179	-82.9609557	86FVX2VQ+W2	Playground	Source: MORPC Parks and Open Space dataset (public-morpc.hub.arcgis.com), data updated 2025-07-01. MORPC ParkID: 25. MORPC Sub_Type: C (Community Park). Jurisdiction: Columbus. Status: Public.	https://public-morpc.hub.arcgis.com/datasets/parks-and-open-space/explore	https://public-morpc.hub.arcgis.com/datasets/parks-and-open-space/explore	
OH-FR-S-0648	Barack Recreation	Park			Active		Columbus Recreation and Parks Department					0.46	Franklin	Columbus		39.9282085	-82.9785147	86FVW2HC+82	Community Center	Source: MORPC Parks and Open Space dataset (public-morpc.hub.arcgis.com), data updated 2025-07-01. MORPC ParkID: not assigned. MORPC Sub_Type: C (Community Park). Jurisdiction: Columbus. Status: Public.	https://public-morpc.hub.arcgis.com/datasets/parks-and-open-space/explore	https://public-morpc.hub.arcgis.com/datasets/parks-and-open-space/explore	
OH-FR-S-0649	Beechwold Park	Park			Active		Columbus Recreation and Parks Department			The park is a community gathering space in this established north Columbus neighborhood.		8.183	Franklin	Columbus		40.0601841	-83.0235688	86GR3X6G+42	Picnic Area; Playground	Source: MORPC Parks and Open Space dataset (public-morpc.hub.arcgis.com), data updated 2025-07-01. MORPC ParkID: not assigned. MORPC Sub_Type: C (Community Park). Jurisdiction: Columbus. Status: Public.	https://public-morpc.hub.arcgis.com/datasets/parks-and-open-space/explore	https://public-morpc.hub.arcgis.com/datasets/parks-and-open-space/explore	
OH-FR-S-0650	Columbus Commons	Park			Active		Columbus Recreation and Parks Department			The 8-acre park features a carousel, a concert stage, an ice skating ribbon, lawn areas, a restaurant, and various public amenities. It is one of downtown Columbus's most active public spaces, hosting concerts, festivals, and community events year-round.		2.285	Franklin	Columbus		39.9588335	-82.9987839	86FVX252+F2	Amphitheater; Ice Rink; Restrooms	Source: MORPC Parks and Open Space dataset (public-morpc.hub.arcgis.com), data updated 2025-07-01. MORPC ParkID: not assigned. MORPC Sub_Type: C (Community Park). Jurisdiction: Columbus. Status: Public.	https://public-morpc.hub.arcgis.com/datasets/parks-and-open-space/explore	https://public-morpc.hub.arcgis.com/datasets/parks-and-open-space/explore	
OH-FR-S-0651	Community Creative Campus	Park			Active		Columbus Recreation and Parks Department					3.758	Franklin	Columbus		39.9638922	-82.9774704	86FVX27F+C2		Source: MORPC Parks and Open Space dataset (public-morpc.hub.arcgis.com), data updated 2025-07-01. MORPC ParkID: not assigned. MORPC Sub_Type: C (Community Park). Jurisdiction: Columbus. Status: Public.	https://public-morpc.hub.arcgis.com/datasets/parks-and-open-space/explore	https://public-morpc.hub.arcgis.com/datasets/parks-and-open-space/explore	
OH-FR-S-0652	Cooper Park	Park			Active		Columbus Recreation and Parks Department					35.438	Franklin	Columbus		39.947604	-82.9108976	86FVW3XQ+42	Playground	Source: MORPC Parks and Open Space dataset (public-morpc.hub.arcgis.com), data updated 2025-07-01. MORPC ParkID: 153. MORPC Sub_Type: C (Community Park). Jurisdiction: Columbus. Status: Public.	https://public-morpc.hub.arcgis.com/datasets/parks-and-open-space/explore	https://public-morpc.hub.arcgis.com/datasets/parks-and-open-space/explore	
OH-FR-S-0653	Franks Park	Park			Active		Columbus Recreation and Parks Department					53.681	Franklin	Columbus		40.0133272	-83.1685448	86GR2R7J+82	Playground	Source: MORPC Parks and Open Space dataset (public-morpc.hub.arcgis.com), data updated 2025-07-01. MORPC ParkID: 229. MORPC Sub_Type: C (Community Park). Jurisdiction: Columbus. Status: Public.	https://public-morpc.hub.arcgis.com/datasets/parks-and-open-space/explore	https://public-morpc.hub.arcgis.com/datasets/parks-and-open-space/explore	
OH-FR-S-0654	Godown Road Park	Park			Active		Columbus Recreation and Parks Department					9.959	Franklin	Columbus		40.0834457	-83.0522173	86GR3WMX+62	Playground	Source: MORPC Parks and Open Space dataset (public-morpc.hub.arcgis.com), data updated 2025-07-01. MORPC ParkID: 256. MORPC Sub_Type: C (Community Park). Jurisdiction: Columbus. Status: Public.	https://public-morpc.hub.arcgis.com/datasets/parks-and-open-space/explore	https://public-morpc.hub.arcgis.com/datasets/parks-and-open-space/explore	
OH-FR-S-0655	Indian Mound Park & Rec Center	Park			Active		Columbus Recreation and Parks Department			Indian Mound Park and Recreation Center is a neighborhood park and recreation center complex in Columbus that includes an archaeological earthwork mound. The facility provides community programming, indoor recreation, and access to the preserved native earthwork.		20.238	Franklin	Columbus		39.8829422	-82.9896961	86FVV2M6+22	Community Center; Historic Structure; Native American Earthwork	Source: MORPC Parks and Open Space dataset (public-morpc.hub.arcgis.com), data updated 2025-07-01. MORPC ParkID: 185. MORPC Sub_Type: C (Community Park). Jurisdiction: Columbus. Status: Public.	https://public-morpc.hub.arcgis.com/datasets/parks-and-open-space/explore	https://public-morpc.hub.arcgis.com/datasets/parks-and-open-space/explore	
OH-FR-S-0656	Johnson Memorial Park	Park			Active		Columbus Recreation and Parks Department					11.494	Franklin	Columbus		39.9485875	-82.9079466	86FVW3XR+H2	Playground	Source: MORPC Parks and Open Space dataset (public-morpc.hub.arcgis.com), data updated 2025-07-01. MORPC ParkID: 363. MORPC Sub_Type: C (Community Park). Jurisdiction: Columbus. Status: Public.	https://public-morpc.hub.arcgis.com/datasets/parks-and-open-space/explore	https://public-morpc.hub.arcgis.com/datasets/parks-and-open-space/explore	
OH-FR-S-0657	Mill Run Wetlands	Park			Active		Columbus Recreation and Parks Department			The wetland supports biodiversity and serves as a natural greenway within the urban landscape.		11.974	Franklin	Columbus		40.0258402	-83.1155817	86GR2VGM+92	Stormwater Basin; Wetland	Source: MORPC Parks and Open Space dataset (public-morpc.hub.arcgis.com), data updated 2025-07-01. MORPC ParkID: 412. MORPC Sub_Type: C (Community Park). Jurisdiction: Columbus. Status: Public.	https://public-morpc.hub.arcgis.com/datasets/parks-and-open-space/explore	https://public-morpc.hub.arcgis.com/datasets/parks-and-open-space/explore	
OH-FR-S-0658	Milo-Grogan Green Space and Community Garden	Park			Active		Columbus Recreation and Parks Department					0.143	Franklin	Columbus		39.9824471	-82.9892117	86FVX2J6+V2	Community Garden	Source: MORPC Parks and Open Space dataset (public-morpc.hub.arcgis.com), data updated 2025-07-01. MORPC ParkID: not assigned. MORPC Sub_Type: C (Community Park). Jurisdiction: Columbus. Status: Public.	https://public-morpc.hub.arcgis.com/datasets/parks-and-open-space/explore	https://public-morpc.hub.arcgis.com/datasets/parks-and-open-space/explore	
OH-FR-S-0659	Olentangy Trail Parkland	Park			Active		Columbus Recreation and Parks Department			The parkland provides riparian natural habitat, trail access, and passive recreation along the river corridor.		32.525	Franklin	Columbus		39.9843517	-83.0226603	86FRXXMG+Q2	Hiking Trail; Watercraft Access	Source: MORPC Parks and Open Space dataset (public-morpc.hub.arcgis.com), data updated 2025-07-01. MORPC ParkID: not assigned. MORPC Sub_Type: C (Community Park). Jurisdiction: Columbus. Status: Public.	https://public-morpc.hub.arcgis.com/datasets/parks-and-open-space/explore	https://public-morpc.hub.arcgis.com/datasets/parks-and-open-space/explore	
OH-FR-S-0660	Perhar Parkland	Park			Active		Columbus Recreation and Parks Department					5.288	Franklin	Columbus		39.9915417	-82.959219	86FVX2RR+M2		Source: MORPC Parks and Open Space dataset (public-morpc.hub.arcgis.com), data updated 2025-07-01. MORPC ParkID: not assigned. MORPC Sub_Type: C (Community Park). Jurisdiction: Columbus. Status: Public.	https://public-morpc.hub.arcgis.com/datasets/parks-and-open-space/explore	https://public-morpc.hub.arcgis.com/datasets/parks-and-open-space/explore	
OH-FR-S-0661	Sawyer Recreation Center	Park			Active		Columbus Recreation and Parks Department					5.56	Franklin	Columbus		39.9750677	-82.9744892	86FVX2GG+22	Community Center; Fieldhouse	Source: MORPC Parks and Open Space dataset (public-morpc.hub.arcgis.com), data updated 2025-07-01. MORPC ParkID: 710. MORPC Sub_Type: C (Community Park). Jurisdiction: Columbus. Status: Public.	https://public-morpc.hub.arcgis.com/datasets/parks-and-open-space/explore	https://public-morpc.hub.arcgis.com/datasets/parks-and-open-space/explore	
OH-FR-S-0662	Sills Park	Park			Active		Columbus Recreation and Parks Department					20.334	Franklin	Columbus		39.9030751	-82.9681859	86FVW23J+82	Playground	Source: MORPC Parks and Open Space dataset (public-morpc.hub.arcgis.com), data updated 2025-07-01. MORPC ParkID: 259. MORPC Sub_Type: C (Community Park). Jurisdiction: Columbus. Status: Public.	https://public-morpc.hub.arcgis.com/datasets/parks-and-open-space/explore	https://public-morpc.hub.arcgis.com/datasets/parks-and-open-space/explore	
OH-FR-S-0663	Somerset Park	Park			Active		Columbus Recreation and Parks Department					21.735	Franklin	Columbus		40.0255902	-82.9221151	86GV23GH+62	Playground	Source: MORPC Parks and Open Space dataset (public-morpc.hub.arcgis.com), data updated 2025-07-01. MORPC ParkID: 746. MORPC Sub_Type: C (Community Park). Jurisdiction: Columbus. Status: Public.	https://public-morpc.hub.arcgis.com/datasets/parks-and-open-space/explore	https://public-morpc.hub.arcgis.com/datasets/parks-and-open-space/explore	
OH-FR-S-0664	Thompson Road Park	Park			Active		Columbus Recreation and Parks Department					58.736	Franklin	Columbus		40.0685809	-82.8421192	86GV3595+C2	Playground	Source: MORPC Parks and Open Space dataset (public-morpc.hub.arcgis.com), data updated 2025-07-01. MORPC ParkID: not assigned. MORPC Sub_Type: C (Community Park). Jurisdiction: Columbus. Status: Public.	https://public-morpc.hub.arcgis.com/datasets/parks-and-open-space/explore	https://public-morpc.hub.arcgis.com/datasets/parks-and-open-space/explore	
OH-FR-S-0665	Weiler Park	Park			Active		Columbus Recreation and Parks Department					38.246	Franklin	Columbus		39.997593	-82.9370697	86FVX3X7+22	Playground	Source: MORPC Parks and Open Space dataset (public-morpc.hub.arcgis.com), data updated 2025-07-01. MORPC ParkID: not assigned. MORPC Sub_Type: C (Community Park). Jurisdiction: Columbus. Status: Public.	https://public-morpc.hub.arcgis.com/datasets/parks-and-open-space/explore	https://public-morpc.hub.arcgis.com/datasets/parks-and-open-space/explore	
OH-FR-S-0666	Alum Creek Agler Parkland Coh	Conservation Area			Active		Columbus Recreation and Parks Department			Alum Creek Agler Parkland is a conservation greenway parcel acquired by Columbus Recreation and Parks along Alum Creek near Agler Road, protecting riparian habitat and providing trail connectivity along the Alum Creek corridor.		0.785	Franklin	Columbus		40.0276006	-82.9340926	86GV23H8+32		Source: MORPC Parks and Open Space dataset (public-morpc.hub.arcgis.com), data updated 2025-07-01. MORPC ParkID: not assigned. MORPC Sub_Type: CON (Conservation Area). Jurisdiction: Columbus. Status: Public.	https://public-morpc.hub.arcgis.com/datasets/parks-and-open-space/explore	https://public-morpc.hub.arcgis.com/datasets/parks-and-open-space/explore	
OH-FR-S-0668	Alum Creek/Holtzman Parkland	Conservation Area			Active		Columbus Recreation and Parks Department			The site protects riparian habitat, floodplain, and creek-side natural areas along the Alum Creek corridor.		2.276	Franklin	Columbus		39.9593251	-82.9445673	86FVX354+J2		Source: MORPC Parks and Open Space dataset (public-morpc.hub.arcgis.com), data updated 2025-07-01. MORPC ParkID: not assigned. MORPC Sub_Type: CON (Conservation Area). Jurisdiction: Columbus. Status: Public.	https://public-morpc.hub.arcgis.com/datasets/parks-and-open-space/explore	https://public-morpc.hub.arcgis.com/datasets/parks-and-open-space/explore	
OH-FR-S-0669	Big Walnut-Williams Rd Coh	Conservation Area			Active		Columbus Recreation and Parks Department			Big Walnut-Williams Road Parkland is a conservation parcel along Big Walnut Creek near Williams Road in Columbus, protecting riparian habitat and floodplain open space. The site supports wildlife habitat and passive recreation along the Big Walnut Creek corridor.		5.701	Franklin	Columbus		39.8986267	-82.8925873	86FVV4X4+H2		Source: MORPC Parks and Open Space dataset (public-morpc.hub.arcgis.com), data updated 2025-07-01. MORPC ParkID: not assigned. MORPC Sub_Type: CON (Conservation Area). Jurisdiction: Columbus. Status: Public.	https://public-morpc.hub.arcgis.com/datasets/parks-and-open-space/explore	https://public-morpc.hub.arcgis.com/datasets/parks-and-open-space/explore	
OH-FR-S-0670	Bre-Kro Parkland	Conservation Area			Active		Columbus Recreation and Parks Department					12.164	Franklin	Columbus		39.9118847	-82.878745	86FVW46C+P2		Source: MORPC Parks and Open Space dataset (public-morpc.hub.arcgis.com), data updated 2025-07-01. MORPC ParkID: not assigned. MORPC Sub_Type: CON (Conservation Area). Jurisdiction: Columbus. Status: Public.	https://public-morpc.hub.arcgis.com/datasets/parks-and-open-space/explore	https://public-morpc.hub.arcgis.com/datasets/parks-and-open-space/explore	
OH-FR-S-0671	Certified Oil Parkland	Conservation Area			Active		Columbus Recreation and Parks Department					9.066	Franklin	Columbus		39.9101009	-82.8787694	86FVW46C+32		Source: MORPC Parks and Open Space dataset (public-morpc.hub.arcgis.com), data updated 2025-07-01. MORPC ParkID: 116. MORPC Sub_Type: CON (Conservation Area). Jurisdiction: Columbus. Status: Public.	https://public-morpc.hub.arcgis.com/datasets/parks-and-open-space/explore	https://public-morpc.hub.arcgis.com/datasets/parks-and-open-space/explore	
OH-FR-S-0672	Cherrybottom Clean Ohio	Conservation Area			Active		Columbus Recreation and Parks Department			The site was acquired through the Ohio Clean Ohio Fund program to preserve open space and ecological function.		1.901	Franklin	Columbus		40.0679598	-82.9050736	86GV339V+52		Source: MORPC Parks and Open Space dataset (public-morpc.hub.arcgis.com), data updated 2025-07-01. MORPC ParkID: 123. MORPC Sub_Type: CON (Conservation Area). Jurisdiction: Columbus. Status: Public.	https://public-morpc.hub.arcgis.com/datasets/parks-and-open-space/explore	https://public-morpc.hub.arcgis.com/datasets/parks-and-open-space/explore	
OH-FR-S-0673	Dysart Run & E Broad St Parkland	Conservation Area			Active		Columbus Recreation and Parks Department			Dysart Run and East Broad Street Parkland is a conservation greenway parcel in Columbus along Dysart Run creek near East Broad Street, protecting riparian habitat and natural open space. The site supports passive recreation and wildlife connectivity.		6.581	Franklin	Columbus		39.9937719	-82.7796014	86FVX6VC+C2		Source: MORPC Parks and Open Space dataset (public-morpc.hub.arcgis.com), data updated 2025-07-01. MORPC ParkID: not assigned. MORPC Sub_Type: CON (Conservation Area). Jurisdiction: Columbus. Status: Public.	https://public-morpc.hub.arcgis.com/datasets/parks-and-open-space/explore	https://public-morpc.hub.arcgis.com/datasets/parks-and-open-space/explore	
OH-FR-S-0674	Eagle Grading Park	Conservation Area			Active		Columbus Recreation and Parks Department					4.739	Franklin	Columbus		40.0051898	-82.9352439	86GV2347+52		Source: MORPC Parks and Open Space dataset (public-morpc.hub.arcgis.com), data updated 2025-07-01. MORPC ParkID: 197. MORPC Sub_Type: CON (Conservation Area). Jurisdiction: Columbus. Status: Public.	https://public-morpc.hub.arcgis.com/datasets/parks-and-open-space/explore	https://public-morpc.hub.arcgis.com/datasets/parks-and-open-space/explore	
OH-FR-S-0675	Hayden Run Trail Parkland	Conservation Area			Active		Columbus Recreation and Parks Department			The site connects to the broader greenway network along Hayden Run.		8.163	Franklin	Columbus		40.0542468	-83.1700418	86GR3R3H+Q2	Hiking Trail	Source: MORPC Parks and Open Space dataset (public-morpc.hub.arcgis.com), data updated 2025-07-01. MORPC ParkID: 337. MORPC Sub_Type: CON (Conservation Area). Jurisdiction: Columbus. Status: Public.	https://public-morpc.hub.arcgis.com/datasets/parks-and-open-space/explore	https://public-morpc.hub.arcgis.com/datasets/parks-and-open-space/explore	
OH-FR-S-0676	Lockbourne Clean Ohio	Conservation Area			Active		Columbus Recreation and Parks Department					44.474	Franklin	Columbus		39.8131201	-82.9697139	86FVR27J+62		Source: MORPC Parks and Open Space dataset (public-morpc.hub.arcgis.com), data updated 2025-07-01. MORPC ParkID: 435. MORPC Sub_Type: CON (Conservation Area). Jurisdiction: Columbus. Status: Public.	https://public-morpc.hub.arcgis.com/datasets/parks-and-open-space/explore	https://public-morpc.hub.arcgis.com/datasets/parks-and-open-space/explore	
OH-FR-S-0677	Mason Run Clean Ohio Parkland	Conservation Area			Active		Columbus Recreation and Parks Department					20.292	Franklin	Columbus		39.9126558	-82.8893461	86FVW476+32		Source: MORPC Parks and Open Space dataset (public-morpc.hub.arcgis.com), data updated 2025-07-01. MORPC ParkID: not assigned. MORPC Sub_Type: CON (Conservation Area). Jurisdiction: Columbus. Status: Public.	https://public-morpc.hub.arcgis.com/datasets/parks-and-open-space/explore	https://public-morpc.hub.arcgis.com/datasets/parks-and-open-space/explore	
OH-FR-S-0678	Olentangy River Parklands	Conservation Area			Active		Columbus Recreation and Parks Department			The parklands connect residential neighborhoods to the river corridor and link with the regional Olentangy Trail.		43.76	Franklin	Worthington		40.1033987	-83.0341475	86GR4X38+72	Hiking Trail; Multi-use Trail; Watercraft Access	Source: MORPC Parks and Open Space dataset (public-morpc.hub.arcgis.com), data updated 2025-07-01. MORPC ParkID: 480. MORPC Sub_Type: CON (Conservation Area). Jurisdiction: Columbus. Status: Public.	https://public-morpc.hub.arcgis.com/datasets/parks-and-open-space/explore	https://public-morpc.hub.arcgis.com/datasets/parks-and-open-space/explore	
OH-FR-S-0679	Rocky Fork/Warner Rd Parkland	Conservation Area			Active		Columbus Recreation and Parks Department			Rocky Fork/Warner Road Parkland is a conservation greenway parcel in Columbus along Rocky Fork Creek near Warner Road, protecting riparian habitat and providing passive recreation along the Rocky Fork corridor.		3.692	Franklin	Columbus		40.0903514	-82.846501	86GV35R3+32		Source: MORPC Parks and Open Space dataset (public-morpc.hub.arcgis.com), data updated 2025-07-01. MORPC ParkID: not assigned. MORPC Sub_Type: CON (Conservation Area). Jurisdiction: Columbus. Status: Public.	https://public-morpc.hub.arcgis.com/datasets/parks-and-open-space/explore	https://public-morpc.hub.arcgis.com/datasets/parks-and-open-space/explore	
OH-FR-S-0680	Sd-20	Conservation Area			Active		Columbus Recreation and Parks Department					5.276	Franklin	Columbus		39.9762816	-83.0634708	86FRXWGP+G2	Stormwater Basin	Source: MORPC Parks and Open Space dataset (public-morpc.hub.arcgis.com), data updated 2025-07-01. MORPC ParkID: not assigned. MORPC Sub_Type: CON (Conservation Area). Jurisdiction: Columbus. Status: Public.	https://public-morpc.hub.arcgis.com/datasets/parks-and-open-space/explore	https://public-morpc.hub.arcgis.com/datasets/parks-and-open-space/explore	
OH-FR-S-0681	Westerville Crossing Parkland	Conservation Area			Active		Columbus Recreation and Parks Department					7.211	Franklin	Columbus		40.0845736	-82.9244663	86GV33MG+R2		Source: MORPC Parks and Open Space dataset (public-morpc.hub.arcgis.com), data updated 2025-07-01. MORPC ParkID: not assigned. MORPC Sub_Type: CON (Conservation Area). Jurisdiction: Columbus. Status: Public.	https://public-morpc.hub.arcgis.com/datasets/parks-and-open-space/explore	https://public-morpc.hub.arcgis.com/datasets/parks-and-open-space/explore	
OH-FR-S-0682	Wonderland Park	Conservation Area			Active		Columbus Recreation and Parks Department					14.975	Franklin	Columbus		40.0004627	-82.8716434	86GV242H+32	Picnic Area; Playground	Source: MORPC Parks and Open Space dataset (public-morpc.hub.arcgis.com), data updated 2025-07-01. MORPC ParkID: not assigned. MORPC Sub_Type: CON (Conservation Area). Jurisdiction: Columbus. Status: Public.	https://public-morpc.hub.arcgis.com/datasets/parks-and-open-space/explore	https://public-morpc.hub.arcgis.com/datasets/parks-and-open-space/explore	
OH-FR-S-0683	Alum Creek Dr N Of Livingston Ave	Park			Active		Columbus Recreation and Parks Department			Alum Creek Drive North of Livingston Avenue Parkland is a linear conservation greenway parcel along Alum Creek Drive north of Livingston Avenue in Columbus, protecting riparian habitat and providing trail access along the Alum Creek corridor.		4.445	Franklin	Columbus		39.9512916	-82.9430301	86FVX324+H2	Watercraft Access	Source: MORPC Parks and Open Space dataset (public-morpc.hub.arcgis.com), data updated 2025-07-01. MORPC ParkID: not assigned. MORPC Sub_Type: N (Neighborhood Park). Jurisdiction: Columbus. Status: Public.	https://public-morpc.hub.arcgis.com/datasets/parks-and-open-space/explore	https://public-morpc.hub.arcgis.com/datasets/parks-and-open-space/explore	
OH-FR-S-0684	Alum Creek Freeland Parkland Coh	Park			Active		Columbus Recreation and Parks Department			Alum Creek Freeland Parkland is a Clean Ohio conservation parcel along Alum Creek near Freeland Road in Columbus, protecting riparian floodplain habitat and providing passive recreation.		3.545	Franklin	Columbus		40.0282164	-82.9341925	86GV23H8+72		Source: MORPC Parks and Open Space dataset (public-morpc.hub.arcgis.com), data updated 2025-07-01. MORPC ParkID: not assigned. MORPC Sub_Type: N (Neighborhood Park). Jurisdiction: Columbus. Status: Public.	https://public-morpc.hub.arcgis.com/datasets/parks-and-open-space/explore	https://public-morpc.hub.arcgis.com/datasets/parks-and-open-space/explore	
OH-FR-S-0685	Amvet Village Park	Park			Active		Columbus Recreation and Parks Department					2.516	Franklin	Columbus		39.9584124	-83.0881459	86FRXW56+82	Playground	Source: MORPC Parks and Open Space dataset (public-morpc.hub.arcgis.com), data updated 2025-07-01. MORPC ParkID: 28. MORPC Sub_Type: N (Neighborhood Park). Jurisdiction: Columbus. Status: Public.	https://public-morpc.hub.arcgis.com/datasets/parks-and-open-space/explore	https://public-morpc.hub.arcgis.com/datasets/parks-and-open-space/explore	
OH-FR-S-0686	Brownlee Circle Park	Park			Active		Columbus Recreation and Parks Department					1.703	Franklin	Columbus		39.9440998	-82.8631515	86FVW4VP+P2	Playground	Source: MORPC Parks and Open Space dataset (public-morpc.hub.arcgis.com), data updated 2025-07-01. MORPC ParkID: 99. MORPC Sub_Type: N (Neighborhood Park). Jurisdiction: Columbus. Status: Public.	https://public-morpc.hub.arcgis.com/datasets/parks-and-open-space/explore	https://public-morpc.hub.arcgis.com/datasets/parks-and-open-space/explore	
OH-FR-S-0687	Clinton Heights Park	Park			Active		Columbus Recreation and Parks Department					0.605	Franklin	Columbus		40.0300292	-83.0062834	86GR2XJV+32	Playground	Source: MORPC Parks and Open Space dataset (public-morpc.hub.arcgis.com), data updated 2025-07-01. MORPC ParkID: not assigned. MORPC Sub_Type: N (Neighborhood Park). Jurisdiction: Columbus. Status: Public.	https://public-morpc.hub.arcgis.com/datasets/parks-and-open-space/explore	https://public-morpc.hub.arcgis.com/datasets/parks-and-open-space/explore	
OH-FR-S-0688	Clintonville Park	Park			Active		Columbus Recreation and Parks Department			Clintonville is one of Columbus's most established near-north neighborhoods, and the park serves as a local gathering space.		0.143	Franklin	Columbus		40.0179702	-83.0118493	86GR2X9Q+32	Picnic Area; Playground	Source: MORPC Parks and Open Space dataset (public-morpc.hub.arcgis.com), data updated 2025-07-01. MORPC ParkID: 132. MORPC Sub_Type: N (Neighborhood Park). Jurisdiction: Columbus. Status: Public.	https://public-morpc.hub.arcgis.com/datasets/parks-and-open-space/explore	https://public-morpc.hub.arcgis.com/datasets/parks-and-open-space/explore	
OH-FR-S-0689	Hamilton & Spring Park	Park			Active		Columbus Recreation and Parks Department			Hamilton and Spring Park is a small neighborhood park in Columbus at the intersection of Hamilton Road and Spring Road, providing green space and informal recreation for local residents.		0.239	Franklin	Columbus		39.968562	-82.982376	86FVX299+C2	Playground	Source: MORPC Parks and Open Space dataset (public-morpc.hub.arcgis.com), data updated 2025-07-01. MORPC ParkID: not assigned. MORPC Sub_Type: N (Neighborhood Park). Jurisdiction: Columbus. Status: Public.	https://public-morpc.hub.arcgis.com/datasets/parks-and-open-space/explore	https://public-morpc.hub.arcgis.com/datasets/parks-and-open-space/explore	
OH-FR-S-0690	Harlem	Park			Active		Columbus Recreation and Parks Department					3.954	Franklin	Columbus		40.0987255	-82.8363834	86GV35X7+F2		Source: MORPC Parks and Open Space dataset (public-morpc.hub.arcgis.com), data updated 2025-07-01. MORPC ParkID: not assigned. MORPC Sub_Type: N (Neighborhood Park). Jurisdiction: Columbus. Status: Public.	https://public-morpc.hub.arcgis.com/datasets/parks-and-open-space/explore	https://public-morpc.hub.arcgis.com/datasets/parks-and-open-space/explore	
OH-FR-S-0691	INTERIOR PARK	Park			Active		Columbus Recreation and Parks Department					3.584	Franklin	Columbus		39.9879595	-82.9426664	86FVX3Q4+52		Source: MORPC Parks and Open Space dataset (public-morpc.hub.arcgis.com), data updated 2025-07-01. MORPC ParkID: not assigned. MORPC Sub_Type: N (Neighborhood Park). Jurisdiction: Columbus. Status: Public.	https://public-morpc.hub.arcgis.com/datasets/parks-and-open-space/explore	https://public-morpc.hub.arcgis.com/datasets/parks-and-open-space/explore	
OH-FR-S-0692	Independence Park	Park			Active		Columbus Recreation and Parks Department					10.145	Franklin	Columbus		39.9490269	-82.9107637	86FVW3XQ+P2	Playground	Source: MORPC Parks and Open Space dataset (public-morpc.hub.arcgis.com), data updated 2025-07-01. MORPC ParkID: 340. MORPC Sub_Type: N (Neighborhood Park). Jurisdiction: Columbus. Status: Public.	https://public-morpc.hub.arcgis.com/datasets/parks-and-open-space/explore	https://public-morpc.hub.arcgis.com/datasets/parks-and-open-space/explore	
OH-FR-S-0693	Indianola & 8Th Park	Park			Active		Columbus Recreation and Parks Department			Indianola and 8th Park is a small neighborhood park in Columbus near the intersection of Indianola Avenue and 8th Avenue, providing green space and informal recreation for local residents.		1.21	Franklin	Columbus		39.9927057	-83.0034805	86FRXXVW+42	Playground	Source: MORPC Parks and Open Space dataset (public-morpc.hub.arcgis.com), data updated 2025-07-01. MORPC ParkID: 344. MORPC Sub_Type: N (Neighborhood Park). Jurisdiction: Columbus. Status: Public.	https://public-morpc.hub.arcgis.com/datasets/parks-and-open-space/explore	https://public-morpc.hub.arcgis.com/datasets/parks-and-open-space/explore	
OH-FR-S-0694	Majestic Paint Parkland	Park			Active		Columbus Recreation and Parks Department					4.729	Franklin	Columbus		39.9874513	-82.9449563	86FVX3P4+R2		Source: MORPC Parks and Open Space dataset (public-morpc.hub.arcgis.com), data updated 2025-07-01. MORPC ParkID: not assigned. MORPC Sub_Type: N (Neighborhood Park). Jurisdiction: Columbus. Status: Public.	https://public-morpc.hub.arcgis.com/datasets/parks-and-open-space/explore	https://public-morpc.hub.arcgis.com/datasets/parks-and-open-space/explore	
OH-FR-S-0695	Martin Avenue Park	Park			Active		Columbus Recreation and Parks Department					0.34	Franklin	Columbus		39.9566087	-83.0241643	86FRXX4G+M2	Playground	Source: MORPC Parks and Open Space dataset (public-morpc.hub.arcgis.com), data updated 2025-07-01. MORPC ParkID: not assigned. MORPC Sub_Type: N (Neighborhood Park). Jurisdiction: Columbus. Status: Public.	https://public-morpc.hub.arcgis.com/datasets/parks-and-open-space/explore	https://public-morpc.hub.arcgis.com/datasets/parks-and-open-space/explore	
OH-FR-S-0696	Milo-Grogan Expansion	Park			Active		Columbus Recreation and Parks Department					0.612	Franklin	Columbus		39.9818185	-82.9804389	86FVX2J9+Q2		Source: MORPC Parks and Open Space dataset (public-morpc.hub.arcgis.com), data updated 2025-07-01. MORPC ParkID: not assigned. MORPC Sub_Type: N (Neighborhood Park). Jurisdiction: Columbus. Status: Public.	https://public-morpc.hub.arcgis.com/datasets/parks-and-open-space/explore	https://public-morpc.hub.arcgis.com/datasets/parks-and-open-space/explore	
OH-FR-S-0697	North 4Th Park	Park			Active		Columbus Recreation and Parks Department					0.46	Franklin	Columbus		40.0163225	-82.9975205	86GV2282+H2	Playground	Source: MORPC Parks and Open Space dataset (public-morpc.hub.arcgis.com), data updated 2025-07-01. MORPC ParkID: not assigned. MORPC Sub_Type: N (Neighborhood Park). Jurisdiction: Columbus. Status: Public.	https://public-morpc.hub.arcgis.com/datasets/parks-and-open-space/explore	https://public-morpc.hub.arcgis.com/datasets/parks-and-open-space/explore	
OH-FR-S-0698	North East Park And Howard Rec Center	Park			Active		Columbus Recreation and Parks Department			North East Park and Howard Recreation Center is a community park and recreation center complex in northeast Columbus. The facility provides indoor recreation programming, athletic facilities, and community services alongside outdoor park amenities for the surrounding neighborhood.		3.803	Franklin	Columbus		40.0227991	-82.929116	86GV23FC+32	Athletic Field; Community Center; Playground	Source: MORPC Parks and Open Space dataset (public-morpc.hub.arcgis.com), data updated 2025-07-01. MORPC ParkID: 461. MORPC Sub_Type: N (Neighborhood Park). Jurisdiction: Columbus. Status: Public.	https://public-morpc.hub.arcgis.com/datasets/parks-and-open-space/explore	https://public-morpc.hub.arcgis.com/datasets/parks-and-open-space/explore	
OH-FR-S-0699	Olentangy-Broadmeadows Trail	Park			Active		Columbus Recreation and Parks Department					0.371	Franklin	Columbus		40.0739207	-83.0342589	86GR3XF8+F2	Hiking Trail; Multi-use Trail	Source: MORPC Parks and Open Space dataset (public-morpc.hub.arcgis.com), data updated 2025-07-01. MORPC ParkID: not assigned. MORPC Sub_Type: N (Neighborhood Park). Jurisdiction: Columbus. Status: Public.	https://public-morpc.hub.arcgis.com/datasets/parks-and-open-space/explore	https://public-morpc.hub.arcgis.com/datasets/parks-and-open-space/explore	
OH-FR-S-0700	Sawyer Senior Center	Park			Active		Columbus Recreation and Parks Department					4.669	Franklin	Columbus		39.9757447	-82.9780158	86FVX2GC+92		Source: MORPC Parks and Open Space dataset (public-morpc.hub.arcgis.com), data updated 2025-07-01. MORPC ParkID: 711. MORPC Sub_Type: N (Neighborhood Park). Jurisdiction: Columbus. Status: Public.	https://public-morpc.hub.arcgis.com/datasets/parks-and-open-space/explore	https://public-morpc.hub.arcgis.com/datasets/parks-and-open-space/explore	
OH-FR-S-0701	Southside Park	Park			Active		Columbus Recreation and Parks Department					4.883	Franklin	Columbus		39.9171347	-82.9811821	86FVW289+W2	Picnic Area; Playground	Source: MORPC Parks and Open Space dataset (public-morpc.hub.arcgis.com), data updated 2025-07-01. MORPC ParkID: 422. MORPC Sub_Type: N (Neighborhood Park). Jurisdiction: Columbus. Status: Public.	https://public-morpc.hub.arcgis.com/datasets/parks-and-open-space/explore	https://public-morpc.hub.arcgis.com/datasets/parks-and-open-space/explore	
OH-FR-S-0702	Southwood Park	Park			Active		Columbus Recreation and Parks Department					1.202	Franklin	Columbus		39.9542009	-82.9514248	86FVX23X+M2	Playground	Source: MORPC Parks and Open Space dataset (public-morpc.hub.arcgis.com), data updated 2025-07-01. MORPC ParkID: 159. MORPC Sub_Type: N (Neighborhood Park). Jurisdiction: Columbus. Status: Public.	https://public-morpc.hub.arcgis.com/datasets/parks-and-open-space/explore	https://public-morpc.hub.arcgis.com/datasets/parks-and-open-space/explore	
OH-FR-S-0703	Webster Park	Park			Active		Columbus Recreation and Parks Department					1.651	Franklin	Columbus		40.0390211	-83.0248469	86GR2XQG+J2	Playground	Source: MORPC Parks and Open Space dataset (public-morpc.hub.arcgis.com), data updated 2025-07-01. MORPC ParkID: not assigned. MORPC Sub_Type: N (Neighborhood Park). Jurisdiction: Columbus. Status: Public.	https://public-morpc.hub.arcgis.com/datasets/parks-and-open-space/explore	https://public-morpc.hub.arcgis.com/datasets/parks-and-open-space/explore	
OH-FR-S-0704	Westbank Walkway	Park			Active		Columbus Recreation and Parks Department					1.354	Franklin	Columbus		39.9560907	-83.008497	86FRXX4R+G2	Hiking Trail; Watercraft Access	Source: MORPC Parks and Open Space dataset (public-morpc.hub.arcgis.com), data updated 2025-07-01. MORPC ParkID: not assigned. MORPC Sub_Type: N (Neighborhood Park). Jurisdiction: Columbus. Status: Public.	https://public-morpc.hub.arcgis.com/datasets/parks-and-open-space/explore	https://public-morpc.hub.arcgis.com/datasets/parks-and-open-space/explore	
OH-FR-S-0705	Wilson Park North	Park			Active		Columbus Recreation and Parks Department					0.743	Franklin	Columbus		39.9553375	-82.9668599	86FVX24M+32	Playground	Source: MORPC Parks and Open Space dataset (public-morpc.hub.arcgis.com), data updated 2025-07-01. MORPC ParkID: not assigned. MORPC Sub_Type: N (Neighborhood Park). Jurisdiction: Columbus. Status: Public.	https://public-morpc.hub.arcgis.com/datasets/parks-and-open-space/explore	https://public-morpc.hub.arcgis.com/datasets/parks-and-open-space/explore	
OH-FR-S-0706	20' PLANTNG STRIP	Open Space			Active		Columbus Recreation and Parks Department			20' Planting Strip is a narrow linear planting strip or linear open space parcel in Columbus providing landscaping and green space buffers within a transportation or residential corridor.		0.315	Franklin	Columbus		39.943002	-82.8488087	86FVW5V2+72		Source: MORPC Parks and Open Space dataset (public-morpc.hub.arcgis.com), data updated 2025-07-01. MORPC ParkID: not assigned. MORPC Sub_Type: NOS (Neighborhood Open Space). Jurisdiction: Columbus. Status: Public.	https://public-morpc.hub.arcgis.com/datasets/parks-and-open-space/explore	https://public-morpc.hub.arcgis.com/datasets/parks-and-open-space/explore	
OH-FR-S-0707	Bilingsly Basin	Open Space			Active		Columbus Recreation and Parks Department					4.325	Franklin	Columbus		40.1129105	-83.0783557	86GR4W7C+42	Stormwater Basin	Source: MORPC Parks and Open Space dataset (public-morpc.hub.arcgis.com), data updated 2025-07-01. MORPC ParkID: 65. MORPC Sub_Type: NOS (Neighborhood Open Space). Jurisdiction: Columbus. Status: Public.	https://public-morpc.hub.arcgis.com/datasets/parks-and-open-space/explore	https://public-morpc.hub.arcgis.com/datasets/parks-and-open-space/explore	
OH-FR-S-0708	Bride Water Boulevard Open Space	Open Space			Active		Columbus Recreation and Parks Department					1.96	Franklin	Columbus		40.106578	-83.0570796	86GR4W4V+J2		Source: MORPC Parks and Open Space dataset (public-morpc.hub.arcgis.com), data updated 2025-07-01. MORPC ParkID: 511. MORPC Sub_Type: NOS (Neighborhood Open Space). Jurisdiction: Columbus. Status: Private.	https://public-morpc.hub.arcgis.com/datasets/parks-and-open-space/explore	https://public-morpc.hub.arcgis.com/datasets/parks-and-open-space/explore	
OH-FR-S-0709	Bush Country Park	Open Space			Active		Columbus Recreation and Parks Department					2.841	Franklin	Columbus		40.1331227	-83.0383571	86GR4XM6+82	Playground	Source: MORPC Parks and Open Space dataset (public-morpc.hub.arcgis.com), data updated 2025-07-01. MORPC ParkID: not assigned. MORPC Sub_Type: NOS (Neighborhood Open Space). Jurisdiction: Columbus. Status: Public.	https://public-morpc.hub.arcgis.com/datasets/parks-and-open-space/explore	https://public-morpc.hub.arcgis.com/datasets/parks-and-open-space/explore	
OH-FR-S-0710	CHRISTOPHER COLUMBUS SQUARE	Open Space			Active		Columbus Recreation and Parks Department			The square provides a public gathering space with seating and commemorative elements.		0.059	Franklin	Columbus		39.9783633	-82.9994432	86FVX2H2+62	Monument	Source: MORPC Parks and Open Space dataset (public-morpc.hub.arcgis.com), data updated 2025-07-01. MORPC ParkID: not assigned. MORPC Sub_Type: NOS (Neighborhood Open Space). Jurisdiction: Columbus. Status: Public.	https://public-morpc.hub.arcgis.com/datasets/parks-and-open-space/explore	https://public-morpc.hub.arcgis.com/datasets/parks-and-open-space/explore	
OH-FR-S-0711	Chatterton Road Open Space	Open Space			Active		Columbus Recreation and Parks Department					8.028	Franklin	Columbus		39.9147588	-82.848678	86FVW572+W2		Source: MORPC Parks and Open Space dataset (public-morpc.hub.arcgis.com), data updated 2025-07-01. MORPC ParkID: not assigned. MORPC Sub_Type: NOS (Neighborhood Open Space). Jurisdiction: Columbus. Status: Public.	https://public-morpc.hub.arcgis.com/datasets/parks-and-open-space/explore	https://public-morpc.hub.arcgis.com/datasets/parks-and-open-space/explore	
OH-FR-S-0712	Elk Run Addition	Open Space			Active		Columbus Recreation and Parks Department					39.336	Franklin	Columbus		39.8913377	-82.9013247	86FVV3RX+F2		Source: MORPC Parks and Open Space dataset (public-morpc.hub.arcgis.com), data updated 2025-07-01. MORPC ParkID: 206. MORPC Sub_Type: NOS (Neighborhood Open Space). Jurisdiction: Columbus. Status: Public.	https://public-morpc.hub.arcgis.com/datasets/parks-and-open-space/explore	https://public-morpc.hub.arcgis.com/datasets/parks-and-open-space/explore	
OH-FR-S-0713	Hickory Woods Park	Open Space			Active		Columbus Recreation and Parks Department					5.221	Franklin	Columbus		40.1307403	-83.0827765	86GR4WJ8+92	Hiking Trail	Source: MORPC Parks and Open Space dataset (public-morpc.hub.arcgis.com), data updated 2025-07-01. MORPC ParkID: 228. MORPC Sub_Type: NOS (Neighborhood Open Space). Jurisdiction: Columbus. Status: Public.	https://public-morpc.hub.arcgis.com/datasets/parks-and-open-space/explore	https://public-morpc.hub.arcgis.com/datasets/parks-and-open-space/explore	
OH-FR-S-0714	Howard Street Open Space	Open Space			Active		Columbus Recreation and Parks Department					0.075	Franklin	Columbus		39.9836525	-82.9842553	86FVX2M8+F2		Source: MORPC Parks and Open Space dataset (public-morpc.hub.arcgis.com), data updated 2025-07-01. MORPC ParkID: not assigned. MORPC Sub_Type: NOS (Neighborhood Open Space). Jurisdiction: Columbus. Status: Public.	https://public-morpc.hub.arcgis.com/datasets/parks-and-open-space/explore	https://public-morpc.hub.arcgis.com/datasets/parks-and-open-space/explore	
OH-FR-S-0715	Kings Creek Parkland	Open Space			Active		Columbus Recreation and Parks Department					4.448	Franklin	Columbus		39.9113804	-83.0489861	86FRWX62+F2		Source: MORPC Parks and Open Space dataset (public-morpc.hub.arcgis.com), data updated 2025-07-01. MORPC ParkID: 379. MORPC Sub_Type: NOS (Neighborhood Open Space). Jurisdiction: Columbus. Status: Public.	https://public-morpc.hub.arcgis.com/datasets/parks-and-open-space/explore	https://public-morpc.hub.arcgis.com/datasets/parks-and-open-space/explore	
OH-FR-S-0716	Kingsbury Parkland	Open Space			Active		Columbus Recreation and Parks Department			The site preserves natural landscape within the Kingsbury area.		11.722	Franklin	Columbus		39.9112294	-83.0463186	86FRWX63+F2		Source: MORPC Parks and Open Space dataset (public-morpc.hub.arcgis.com), data updated 2025-07-01. MORPC ParkID: 380. MORPC Sub_Type: NOS (Neighborhood Open Space). Jurisdiction: Columbus. Status: Public.	https://public-morpc.hub.arcgis.com/datasets/parks-and-open-space/explore	https://public-morpc.hub.arcgis.com/datasets/parks-and-open-space/explore	
OH-FR-S-0717	Lakebrook Boulevard Open Space	Open Space			Active		Columbus Recreation and Parks Department					1.542	Franklin	Columbus		40.10008	-83.0734765	86GR4W2G+42		Source: MORPC Parks and Open Space dataset (public-morpc.hub.arcgis.com), data updated 2025-07-01. MORPC ParkID: 514. MORPC Sub_Type: NOS (Neighborhood Open Space). Jurisdiction: Columbus. Status: Private.	https://public-morpc.hub.arcgis.com/datasets/parks-and-open-space/explore	https://public-morpc.hub.arcgis.com/datasets/parks-and-open-space/explore	
OH-FR-S-0718	Morse Road & Patio Avenue Open Space	Open Space			Active		Columbus Recreation and Parks Department			Morse Road and Patio Avenue Open Space is a passive green space parcel in Columbus near the intersection of Morse Road and Patio Avenue, providing natural landscape and informal recreation opportunities.		0.098	Franklin	Columbus		40.0605573	-82.9817273	86GV3269+72		Source: MORPC Parks and Open Space dataset (public-morpc.hub.arcgis.com), data updated 2025-07-01. MORPC ParkID: not assigned. MORPC Sub_Type: NOS (Neighborhood Open Space). Jurisdiction: Columbus. Status: Public.	https://public-morpc.hub.arcgis.com/datasets/parks-and-open-space/explore	https://public-morpc.hub.arcgis.com/datasets/parks-and-open-space/explore	
OH-FR-S-0719	Nebraska Lane Open Space	Open Space			Active		Columbus Recreation and Parks Department					4.072	Franklin	Columbus		40.0064545	-82.7944854	86GV2644+C2		Source: MORPC Parks and Open Space dataset (public-morpc.hub.arcgis.com), data updated 2025-07-01. MORPC ParkID: not assigned. MORPC Sub_Type: NOS (Neighborhood Open Space). Jurisdiction: Columbus. Status: Public.	https://public-morpc.hub.arcgis.com/datasets/parks-and-open-space/explore	https://public-morpc.hub.arcgis.com/datasets/parks-and-open-space/explore	
OH-FR-S-0720	Parkway Drive Open Space	Open Space			Active		Columbus Recreation and Parks Department					1.648	Franklin	Columbus		40.0065144	-83.0686096	86GR2W4J+P2		Source: MORPC Parks and Open Space dataset (public-morpc.hub.arcgis.com), data updated 2025-07-01. MORPC ParkID: not assigned. MORPC Sub_Type: NOS (Neighborhood Open Space). Jurisdiction: Columbus. Status: Public.	https://public-morpc.hub.arcgis.com/datasets/parks-and-open-space/explore	https://public-morpc.hub.arcgis.com/datasets/parks-and-open-space/explore	
OH-FR-S-0721	Pavillion at New Albany Preserve	Open Space			Active		Columbus Recreation and Parks Department			Pavilion at New Albany Preserve is a pavilion and gathering space within a nature preserve in the New Albany area of Columbus, providing a covered outdoor facility for picnics and community events adjacent to natural preserve land.		2.431	Franklin	Columbus		40.070995	-82.8566149	86GV34CV+72	Pavilion; Picnic Area	Source: MORPC Parks and Open Space dataset (public-morpc.hub.arcgis.com), data updated 2025-07-01. MORPC ParkID: not assigned. MORPC Sub_Type: NOS (Neighborhood Open Space). Jurisdiction: Columbus. Status: Public.	https://public-morpc.hub.arcgis.com/datasets/parks-and-open-space/explore	https://public-morpc.hub.arcgis.com/datasets/parks-and-open-space/explore	
OH-FR-S-0722	Peachwood Place Open Space	Open Space			Active		Columbus Recreation and Parks Department					1.422	Franklin	Columbus		40.0775952	-82.9532852	86GV32HW+42		Source: MORPC Parks and Open Space dataset (public-morpc.hub.arcgis.com), data updated 2025-07-01. MORPC ParkID: not assigned. MORPC Sub_Type: NOS (Neighborhood Open Space). Jurisdiction: Columbus. Status: Public.	https://public-morpc.hub.arcgis.com/datasets/parks-and-open-space/explore	https://public-morpc.hub.arcgis.com/datasets/parks-and-open-space/explore	
OH-FR-S-0723	Riverbend Addition	Open Space			Active		Columbus Recreation and Parks Department					11.209	Franklin	Columbus		39.9211911	-83.0784145	86FRWWCC+G2		Source: MORPC Parks and Open Space dataset (public-morpc.hub.arcgis.com), data updated 2025-07-01. MORPC ParkID: 675. MORPC Sub_Type: NOS (Neighborhood Open Space). Jurisdiction: Columbus. Status: Public.	https://public-morpc.hub.arcgis.com/datasets/parks-and-open-space/explore	https://public-morpc.hub.arcgis.com/datasets/parks-and-open-space/explore	
OH-FR-S-0724	Rushbury Drive Open Space	Open Space			Active		Columbus Recreation and Parks Department					0.702	Franklin	Columbus		40.0829062	-83.0949254	86GR3WM4+22		Source: MORPC Parks and Open Space dataset (public-morpc.hub.arcgis.com), data updated 2025-07-01. MORPC ParkID: not assigned. MORPC Sub_Type: NOS (Neighborhood Open Space). Jurisdiction: Columbus. Status: Public.	https://public-morpc.hub.arcgis.com/datasets/parks-and-open-space/explore	https://public-morpc.hub.arcgis.com/datasets/parks-and-open-space/explore	
OH-FR-S-0725	Scioto-Darby Detention	Open Space			Active		Columbus Recreation and Parks Department					12.446	Franklin	Columbus		39.9641071	-83.1680263	86FRXR7J+Q2	Stormwater Basin	Source: MORPC Parks and Open Space dataset (public-morpc.hub.arcgis.com), data updated 2025-07-01. MORPC ParkID: 134. MORPC Sub_Type: NOS (Neighborhood Open Space). Jurisdiction: Columbus. Status: Public.	https://public-morpc.hub.arcgis.com/datasets/parks-and-open-space/explore	https://public-morpc.hub.arcgis.com/datasets/parks-and-open-space/explore	
OH-FR-S-0726	Snouffer Road Open Space	Open Space			Active		Columbus Recreation and Parks Department					0.868	Franklin	Columbus		40.1044743	-83.0746229	86GR4W3G+J2		Source: MORPC Parks and Open Space dataset (public-morpc.hub.arcgis.com), data updated 2025-07-01. MORPC ParkID: 512. MORPC Sub_Type: NOS (Neighborhood Open Space). Jurisdiction: Columbus. Status: Private.	https://public-morpc.hub.arcgis.com/datasets/parks-and-open-space/explore	https://public-morpc.hub.arcgis.com/datasets/parks-and-open-space/explore	
OH-FR-S-0727	Taylor Station Open Space	Open Space			Active		Columbus Recreation and Parks Department					3.192	Franklin	Columbus		39.9865541	-82.8394314	86FVX5P6+J2		Source: MORPC Parks and Open Space dataset (public-morpc.hub.arcgis.com), data updated 2025-07-01. MORPC ParkID: not assigned. MORPC Sub_Type: NOS (Neighborhood Open Space). Jurisdiction: Columbus. Status: Public.	https://public-morpc.hub.arcgis.com/datasets/parks-and-open-space/explore	https://public-morpc.hub.arcgis.com/datasets/parks-and-open-space/explore	
OH-FR-S-0728	Town Square Villages Open Space	Open Space			Active		Columbus Recreation and Parks Department					0.793	Franklin	Columbus		40.0637019	-82.849464	86GV3572+C2		Source: MORPC Parks and Open Space dataset (public-morpc.hub.arcgis.com), data updated 2025-07-01. MORPC ParkID: not assigned. MORPC Sub_Type: NOS (Neighborhood Open Space). Jurisdiction: Columbus. Status: Public.	https://public-morpc.hub.arcgis.com/datasets/parks-and-open-space/explore	https://public-morpc.hub.arcgis.com/datasets/parks-and-open-space/explore	
OH-FR-S-0729	Vendome Drive South Open Space	Open Space			Active		Columbus Recreation and Parks Department					3.321	Franklin	Columbus		40.0015467	-82.9475126	86GV2322+Q2		Source: MORPC Parks and Open Space dataset (public-morpc.hub.arcgis.com), data updated 2025-07-01. MORPC ParkID: not assigned. MORPC Sub_Type: NOS (Neighborhood Open Space). Jurisdiction: Columbus. Status: Public.	https://public-morpc.hub.arcgis.com/datasets/parks-and-open-space/explore	https://public-morpc.hub.arcgis.com/datasets/parks-and-open-space/explore	
OH-FR-S-0730	Waggoner Chase Boulevard	Open Space			Active		Columbus Recreation and Parks Department					0.582	Franklin	Columbus		40.0083953	-82.7853035	86GV2657+92		Source: MORPC Parks and Open Space dataset (public-morpc.hub.arcgis.com), data updated 2025-07-01. MORPC ParkID: not assigned. MORPC Sub_Type: NOS (Neighborhood Open Space). Jurisdiction: Columbus. Status: Public.	https://public-morpc.hub.arcgis.com/datasets/parks-and-open-space/explore	https://public-morpc.hub.arcgis.com/datasets/parks-and-open-space/explore	
OH-FR-S-0731	Waterford Park	Open Space			Active		Columbus Recreation and Parks Department					2.032	Franklin	Columbus		39.9877349	-82.8424036	86FVX5Q5+22	Picnic Area; Playground	Source: MORPC Parks and Open Space dataset (public-morpc.hub.arcgis.com), data updated 2025-07-01. MORPC ParkID: not assigned. MORPC Sub_Type: NOS (Neighborhood Open Space). Jurisdiction: Columbus. Status: Public.	https://public-morpc.hub.arcgis.com/datasets/parks-and-open-space/explore	https://public-morpc.hub.arcgis.com/datasets/parks-and-open-space/explore	
OH-FR-S-0732	Wilson Park South	Open Space			Active		Columbus Recreation and Parks Department					1.022	Franklin	Columbus		39.9516985	-82.9671439	86FVX22M+J2	Playground	Source: MORPC Parks and Open Space dataset (public-morpc.hub.arcgis.com), data updated 2025-07-01. MORPC ParkID: not assigned. MORPC Sub_Type: NOS (Neighborhood Open Space). Jurisdiction: Columbus. Status: Public.	https://public-morpc.hub.arcgis.com/datasets/parks-and-open-space/explore	https://public-morpc.hub.arcgis.com/datasets/parks-and-open-space/explore	
OH-FR-S-0733	Case Road Parkland	Nature Preserve			Active		Columbus Recreation and Parks Department					58.045	Franklin	Columbus		40.0712486	-83.0838726	86GR3WC8+F2		Source: MORPC Parks and Open Space dataset (public-morpc.hub.arcgis.com), data updated 2025-07-01. MORPC ParkID: not assigned. MORPC Sub_Type: PRES (Preserve). Jurisdiction: Columbus. Status: Public.	https://public-morpc.hub.arcgis.com/datasets/parks-and-open-space/explore	https://public-morpc.hub.arcgis.com/datasets/parks-and-open-space/explore	
OH-FR-S-0734	Davis Property	Nature Preserve			Active		Columbus Recreation and Parks Department					44.628	Franklin	Columbus		40.095547	-82.8627584	86GV34WP+92		Source: MORPC Parks and Open Space dataset (public-morpc.hub.arcgis.com), data updated 2025-07-01. MORPC ParkID: not assigned. MORPC Sub_Type: PRES (Preserve). Jurisdiction: Columbus. Status: Public.	https://public-morpc.hub.arcgis.com/datasets/parks-and-open-space/explore	https://public-morpc.hub.arcgis.com/datasets/parks-and-open-space/explore	
OH-FR-S-0735	Galloway Road Clean Ohio Parkland	Nature Preserve			Active		Columbus Recreation and Parks Department					123.519	Franklin	Columbus		39.9154242	-83.1587874	86FRWR8R+32		Source: MORPC Parks and Open Space dataset (public-morpc.hub.arcgis.com), data updated 2025-07-01. MORPC ParkID: not assigned. MORPC Sub_Type: PRES (Preserve). Jurisdiction: Columbus. Status: Public.	https://public-morpc.hub.arcgis.com/datasets/parks-and-open-space/explore	https://public-morpc.hub.arcgis.com/datasets/parks-and-open-space/explore	
OH-FR-S-0736	Klingbeil Parkland	Nature Preserve			Active		Columbus Recreation and Parks Department					52.694	Franklin	Columbus		39.9208655	-82.8708039	86FVW4CH+82		Source: MORPC Parks and Open Space dataset (public-morpc.hub.arcgis.com), data updated 2025-07-01. MORPC ParkID: 438. MORPC Sub_Type: PRES (Preserve). Jurisdiction: Columbus. Status: Public.	https://public-morpc.hub.arcgis.com/datasets/parks-and-open-space/explore	https://public-morpc.hub.arcgis.com/datasets/parks-and-open-space/explore	
OH-FR-S-0737	Lane Woods	Nature Preserve			Active		Columbus Recreation and Parks Department			The site preserves forest cover and wildlife habitat within the urban landscape.		1.677	Franklin	Columbus		39.9983809	-83.079868	86FRXWXC+62		Source: MORPC Parks and Open Space dataset (public-morpc.hub.arcgis.com), data updated 2025-07-01. MORPC ParkID: 341. MORPC Sub_Type: PRES (Preserve). Jurisdiction: Columbus. Status: Public.	https://public-morpc.hub.arcgis.com/datasets/parks-and-open-space/explore	https://public-morpc.hub.arcgis.com/datasets/parks-and-open-space/explore	
OH-FR-S-0738	Lehman Parkland	Nature Preserve			Active		Columbus Recreation and Parks Department					7.905	Franklin	Columbus		39.8623219	-82.8148445	86FVV56P+R2		Source: MORPC Parks and Open Space dataset (public-morpc.hub.arcgis.com), data updated 2025-07-01. MORPC ParkID: not assigned. MORPC Sub_Type: PRES (Preserve). Jurisdiction: Columbus. Status: Public.	https://public-morpc.hub.arcgis.com/datasets/parks-and-open-space/explore	https://public-morpc.hub.arcgis.com/datasets/parks-and-open-space/explore	
OH-FR-S-0739	Neff Street Parkland	Nature Preserve			Active		Columbus Recreation and Parks Department					3.771	Franklin	Columbus		39.9344113	-82.9992574	86FVW2M2+M2		Source: MORPC Parks and Open Space dataset (public-morpc.hub.arcgis.com), data updated 2025-07-01. MORPC ParkID: 257. MORPC Sub_Type: PRES (Preserve). Jurisdiction: Columbus. Status: Public.	https://public-morpc.hub.arcgis.com/datasets/parks-and-open-space/explore	https://public-morpc.hub.arcgis.com/datasets/parks-and-open-space/explore	
OH-FR-S-0740	Olentangy River Canoe Fortage Parkland	Nature Preserve			Active		Columbus Recreation and Parks Department			Olentangy River Canoe Portage Parkland is a riparian conservation parcel along the Olentangy River in Columbus providing canoe/kayak portage access and river recreation. The site facilitates passage along the Olentangy River water trail.		1.537	Franklin	Columbus		40.029847	-83.0244673	86GR2XHG+R2	Watercraft Access	Source: MORPC Parks and Open Space dataset (public-morpc.hub.arcgis.com), data updated 2025-07-01. MORPC ParkID: 490. MORPC Sub_Type: PRES (Preserve). Jurisdiction: Columbus. Status: Public.	https://public-morpc.hub.arcgis.com/datasets/parks-and-open-space/explore	https://public-morpc.hub.arcgis.com/datasets/parks-and-open-space/explore	
OH-FR-S-0741	Prairie Parkland	Nature Preserve			Active		Columbus Recreation and Parks Department			The site provides passive recreation and ecological value through prairie restoration.		24.819	Franklin	Columbus		39.9127441	-83.1557963	86FRWR7V+42	Prairie	Source: MORPC Parks and Open Space dataset (public-morpc.hub.arcgis.com), data updated 2025-07-01. MORPC ParkID: not assigned. MORPC Sub_Type: PRES (Preserve). Jurisdiction: Columbus. Status: Public.	https://public-morpc.hub.arcgis.com/datasets/parks-and-open-space/explore	https://public-morpc.hub.arcgis.com/datasets/parks-and-open-space/explore	
OH-FR-S-0742	Sawmill Road Parkland	Nature Preserve			Active		Columbus Recreation and Parks Department					17.313	Franklin	Columbus		40.1294791	-83.0872422	86GR4WH7+J2		Source: MORPC Parks and Open Space dataset (public-morpc.hub.arcgis.com), data updated 2025-07-01. MORPC ParkID: 355. MORPC Sub_Type: PRES (Preserve). Jurisdiction: Columbus. Status: Public.	https://public-morpc.hub.arcgis.com/datasets/parks-and-open-space/explore	https://public-morpc.hub.arcgis.com/datasets/parks-and-open-space/explore	
OH-FR-S-0743	Spindler Addition	Nature Preserve			Active		Columbus Recreation and Parks Department					35.986	Franklin	Columbus		39.9985091	-83.1690467	86FRXRXJ+F2		Source: MORPC Parks and Open Space dataset (public-morpc.hub.arcgis.com), data updated 2025-07-01. MORPC ParkID: 256. MORPC Sub_Type: PRES (Preserve). Jurisdiction: Columbus. Status: Public.	https://public-morpc.hub.arcgis.com/datasets/parks-and-open-space/explore	https://public-morpc.hub.arcgis.com/datasets/parks-and-open-space/explore	
OH-FR-S-0744	Wilson Avenue Park	Nature Preserve			Active		Columbus Recreation and Parks Department					0.12	Franklin	Columbus		39.9583942	-82.9663156	86FVX25M+72	Playground	Source: MORPC Parks and Open Space dataset (public-morpc.hub.arcgis.com), data updated 2025-07-01. MORPC ParkID: not assigned. MORPC Sub_Type: PRES (Preserve). Jurisdiction: Columbus. Status: Public.	https://public-morpc.hub.arcgis.com/datasets/parks-and-open-space/explore	https://public-morpc.hub.arcgis.com/datasets/parks-and-open-space/explore	
OH-FR-S-0745	Alexander/Aep Park	Park			Active		Columbus Recreation and Parks Department					0.665	Franklin	Columbus		39.9646557	-83.0073907	86FRXX7V+R2	Utility Corridor	Source: MORPC Parks and Open Space dataset (public-morpc.hub.arcgis.com), data updated 2025-07-01. MORPC ParkID: not assigned. MORPC Sub_Type: R (Regional Park). Jurisdiction: Columbus. Status: Public.	https://public-morpc.hub.arcgis.com/datasets/parks-and-open-space/explore	https://public-morpc.hub.arcgis.com/datasets/parks-and-open-space/explore	
OH-FR-S-0746	Griggs Reservoir	Park			Active		Columbus Recreation and Parks Department			The park offers boating, a disc golf course, a pedestrian path, and a nature preserve along the reservoir's wooded shores. The site features approximately 2.25 miles of drive and bike trails along the river, and a new adaptive kayak launch is being constructed.		24.824	Franklin	Columbus		40.0871327	-83.1123265	86GR3VPQ+R2	Disc Golf Course; Fishing Area; Hiking Trail; Lake; Parking Lot; Watercraft Access	Source: MORPC Parks and Open Space dataset (public-morpc.hub.arcgis.com), data updated 2025-07-01. MORPC ParkID: 383. MORPC Sub_Type: R (Regional Park). Jurisdiction: Columbus. Status: Public.	https://public-morpc.hub.arcgis.com/datasets/parks-and-open-space/explore	https://public-morpc.hub.arcgis.com/datasets/parks-and-open-space/explore	
OH-FR-S-0747	Hoover Reservoir	Park			Active		Columbus Recreation and Parks Department					972.656	Franklin	Westerville		40.127905	-82.8874981	86GV44H7+22	Fishing Area; Hiking Trail; Lake; Parking Lot; Picnic Area; Watercraft Access	Source: MORPC Parks and Open Space dataset (public-morpc.hub.arcgis.com), data updated 2025-07-01. MORPC ParkID: 328. MORPC Sub_Type: R (Regional Park). Jurisdiction: Columbus. Status: Public.	https://public-morpc.hub.arcgis.com/datasets/parks-and-open-space/explore	https://public-morpc.hub.arcgis.com/datasets/parks-and-open-space/explore	
OH-FR-S-0748	Mock Road Park	Park			Active		Columbus Recreation and Parks Department					102.686	Franklin	Columbus		39.9481618	-82.9108801	86FVW3XQ+82	Playground	Source: MORPC Parks and Open Space dataset (public-morpc.hub.arcgis.com), data updated 2025-07-01. MORPC ParkID: 423. MORPC Sub_Type: R (Regional Park). Jurisdiction: Columbus. Status: Public.	https://public-morpc.hub.arcgis.com/datasets/parks-and-open-space/explore	https://public-morpc.hub.arcgis.com/datasets/parks-and-open-space/explore	
OH-FR-S-0749	Olentangy Trail	Park			Active		Columbus Recreation and Parks Department			The trail is a core component of the central Ohio trail network, providing paved multi-use access for walking, jogging, and cycling through natural riparian landscape.		42.323	Franklin	Columbus		40.0579038	-83.0295258	86GR3X5C+22	Hiking Trail; Multi-use Trail; Watercraft Access	Source: MORPC Parks and Open Space dataset (public-morpc.hub.arcgis.com), data updated 2025-07-01. MORPC ParkID: not assigned. MORPC Sub_Type: R (Regional Park). Jurisdiction: Columbus. Status: Public.	https://public-morpc.hub.arcgis.com/datasets/parks-and-open-space/explore	https://public-morpc.hub.arcgis.com/datasets/parks-and-open-space/explore	
OH-FR-S-0750	Athletic Field	Recreation Facility			Active		Columbus Recreation and Parks Department			The facility supports organized athletic programming and informal sports play.		55.614	Franklin	Columbus		40.0683658	-82.9363582	86GV3397+72	Athletic Field; Parking Lot	Source: MORPC Parks and Open Space dataset (public-morpc.hub.arcgis.com), data updated 2025-07-01. MORPC ParkID: not assigned. MORPC Sub_Type: REC (Recreation/Special Use). Jurisdiction: Columbus. Status: Public.	https://public-morpc.hub.arcgis.com/datasets/parks-and-open-space/explore	https://public-morpc.hub.arcgis.com/datasets/parks-and-open-space/explore	
OH-FR-S-0751	Hilliard Green/Baycroft Walkway	Recreation Facility			Active		Columbus Recreation and Parks Department					0.032	Franklin	Columbus		40.000897	-83.1395529	86GR2V26+62		Source: MORPC Parks and Open Space dataset (public-morpc.hub.arcgis.com), data updated 2025-07-01. MORPC ParkID: not assigned. MORPC Sub_Type: REC (Recreation/Special Use). Jurisdiction: Columbus. Status: Public.	https://public-morpc.hub.arcgis.com/datasets/parks-and-open-space/explore	https://public-morpc.hub.arcgis.com/datasets/parks-and-open-space/explore	
OH-FR-S-0752	Hya Park	Recreation Facility			Active		Columbus Recreation and Parks Department					43.803	Franklin	Columbus		39.8505135	-82.9742063	86FVV22G+72	Playground	Source: MORPC Parks and Open Space dataset (public-morpc.hub.arcgis.com), data updated 2025-07-01. MORPC ParkID: not assigned. MORPC Sub_Type: REC (Recreation/Special Use). Jurisdiction: Columbus. Status: Public.	https://public-morpc.hub.arcgis.com/datasets/parks-and-open-space/explore	https://public-morpc.hub.arcgis.com/datasets/parks-and-open-space/explore	
OH-FR-S-0753	Soccer Fields	Recreation Facility			Active		Columbus Recreation and Parks Department					54.761	Franklin	Columbus		40.0513631	-82.9294678	86GV332C+C2	Athletic Field; Parking Lot; Soccer Pitch	Source: MORPC Parks and Open Space dataset (public-morpc.hub.arcgis.com), data updated 2025-07-01. MORPC ParkID: not assigned. MORPC Sub_Type: REC (Recreation/Special Use). Jurisdiction: Columbus. Status: Public.	https://public-morpc.hub.arcgis.com/datasets/parks-and-open-space/explore	https://public-morpc.hub.arcgis.com/datasets/parks-and-open-space/explore	
OH-FR-S-0754	Tuttle/Lane Ave Mut Connector	Recreation Facility			Active		Columbus Recreation and Parks Department					2.497	Franklin	Columbus		40.0079921	-83.0197066	86GR2X5J+22	Hiking Trail; Multi-use Trail	Source: MORPC Parks and Open Space dataset (public-morpc.hub.arcgis.com), data updated 2025-07-01. MORPC ParkID: not assigned. MORPC Sub_Type: REC (Recreation/Special Use). Jurisdiction: Columbus. Status: Public.	https://public-morpc.hub.arcgis.com/datasets/parks-and-open-space/explore	https://public-morpc.hub.arcgis.com/datasets/parks-and-open-space/explore	
OH-FR-S-0755	COLUMBUS PERFORMING ARTS CENTER	Recreation Facility			Active		Columbus Recreation and Parks Department			The center offers cultural events and arts education in a dedicated performance venue.		0.561	Franklin	Columbus		39.9614535	-82.9854193	86FVX267+H2	Theatre	Source: MORPC Parks and Open Space dataset (public-morpc.hub.arcgis.com), data updated 2025-07-01. MORPC ParkID: not assigned. MORPC Sub_Type: SPU (Special Use/Facility). Jurisdiction: Columbus. Status: Public.	https://public-morpc.hub.arcgis.com/datasets/parks-and-open-space/explore	https://public-morpc.hub.arcgis.com/datasets/parks-and-open-space/explore	
OH-FR-S-0756	COSI	Recreation Facility			Active		Columbus Recreation and Parks Department			The facility features interactive science exhibits, an IMAX theater, planetarium, and educational programming. The surrounding grounds provide riverfront open space and public access.		15.373	Franklin	Columbus		39.9599011	-83.0074373	86FRXX5V+R2	Museum Building; Planetarium	Source: MORPC Parks and Open Space dataset (public-morpc.hub.arcgis.com), data updated 2025-07-01. MORPC ParkID: not assigned. MORPC Sub_Type: SPU (Special Use/Facility). Jurisdiction: Columbus. Status: Public.	https://public-morpc.hub.arcgis.com/datasets/parks-and-open-space/explore	https://public-morpc.hub.arcgis.com/datasets/parks-and-open-space/explore	
OH-FR-S-0757	CULTURAL ARTS CENTER	Recreation Facility			Active		Columbus Recreation and Parks Department			The center offers visual arts classes, exhibitions, and community arts events.		0.668	Franklin	Columbus		39.9553405	-83.0032619	86FRXX4W+42	Art Gallery	Source: MORPC Parks and Open Space dataset (public-morpc.hub.arcgis.com), data updated 2025-07-01. MORPC ParkID: not assigned. MORPC Sub_Type: SPU (Special Use/Facility). Jurisdiction: Columbus. Status: Public.	https://public-morpc.hub.arcgis.com/datasets/parks-and-open-space/explore	https://public-morpc.hub.arcgis.com/datasets/parks-and-open-space/explore	
OH-FR-S-0758	Gillie Community Center	Recreation Facility			Active		Columbus Recreation and Parks Department					0.493	Franklin	Columbus		40.0623141	-82.9654108	86GV326M+X2	Community Center	Source: MORPC Parks and Open Space dataset (public-morpc.hub.arcgis.com), data updated 2025-07-01. MORPC ParkID: not assigned. MORPC Sub_Type: SPU (Special Use/Facility). Jurisdiction: Columbus. Status: Public.	https://public-morpc.hub.arcgis.com/datasets/parks-and-open-space/explore	https://public-morpc.hub.arcgis.com/datasets/parks-and-open-space/explore	
OH-FR-S-0759	Harmon-Emig Parkland	Recreation Facility			Active		Columbus Recreation and Parks Department					9.935	Franklin	Columbus		39.92855	-83.0125624	86FRWXHP+H2		Source: MORPC Parks and Open Space dataset (public-morpc.hub.arcgis.com), data updated 2025-07-01. MORPC ParkID: not assigned. MORPC Sub_Type: SPU (Special Use/Facility). Jurisdiction: Columbus. Status: Public.	https://public-morpc.hub.arcgis.com/datasets/parks-and-open-space/explore	https://public-morpc.hub.arcgis.com/datasets/parks-and-open-space/explore	
OH-FR-S-0760	Indian Village Day Camp	Recreation Facility			Active		Columbus Recreation and Parks Department					11.798	Franklin	Columbus		40.0195656	-83.0970623	86GR2W93+R2		Source: MORPC Parks and Open Space dataset (public-morpc.hub.arcgis.com), data updated 2025-07-01. MORPC ParkID: not assigned. MORPC Sub_Type: SPU (Special Use/Facility). Jurisdiction: Columbus. Status: Public.	https://public-morpc.hub.arcgis.com/datasets/parks-and-open-space/explore	https://public-morpc.hub.arcgis.com/datasets/parks-and-open-space/explore	
OH-FR-S-0761	MAINTENANCE & WAREHOUSE OPERATIONS	Recreation Facility			Active		Columbus Recreation and Parks Department			Maintenance and Warehouse Operations is a Columbus Recreation and Parks operational facility providing maintenance, storage, and logistical support for the parks system. This site is not a public recreation area.		8.601	Franklin	Columbus		39.9409215	-82.9472147	86FVW3R3+62		Source: MORPC Parks and Open Space dataset (public-morpc.hub.arcgis.com), data updated 2025-07-01. MORPC ParkID: not assigned. MORPC Sub_Type: SPU (Special Use/Facility). Jurisdiction: Columbus. Status: Public.	https://public-morpc.hub.arcgis.com/datasets/parks-and-open-space/explore	https://public-morpc.hub.arcgis.com/datasets/parks-and-open-space/explore	
OH-FR-S-0762	Richter Workers Memorial Park	Recreation Facility			Active		Columbus Recreation and Parks Department			The park provides public green space and a commemorative memorial in an urban context.		0.298	Franklin	Columbus		39.9644972	-83.0033992	86FRXX7W+P2	Monument	Source: MORPC Parks and Open Space dataset (public-morpc.hub.arcgis.com), data updated 2025-07-01. MORPC ParkID: 101. MORPC Sub_Type: SPU (Special Use/Facility). Jurisdiction: Columbus. Status: Public.	https://public-morpc.hub.arcgis.com/datasets/parks-and-open-space/explore	https://public-morpc.hub.arcgis.com/datasets/parks-and-open-space/explore	
OH-FR-S-0763	Rickenbacker House	Recreation Facility			Active		Columbus Recreation and Parks Department			The site preserves historic structures and provides public access to this cultural heritage resource.		0.717	Franklin	Columbus		39.9496926	-82.9622548	86FVW2XQ+R2	Historic Structure; Monument	Source: MORPC Parks and Open Space dataset (public-morpc.hub.arcgis.com), data updated 2025-07-01. MORPC ParkID: not assigned. MORPC Sub_Type: SPU (Special Use/Facility). Jurisdiction: Columbus. Status: Public.	https://public-morpc.hub.arcgis.com/datasets/parks-and-open-space/explore	https://public-morpc.hub.arcgis.com/datasets/parks-and-open-space/explore	
OH-FR-S-0764	SHADEVILLE NURSERY	Recreation Facility			Active		Columbus Recreation and Parks Department					58.872	Franklin	Columbus		39.8163222	-83.0021982	86FRRX8X+C2		Source: MORPC Parks and Open Space dataset (public-morpc.hub.arcgis.com), data updated 2025-07-01. MORPC ParkID: not assigned. MORPC Sub_Type: SPU (Special Use/Facility). Jurisdiction: Columbus. Status: Public.	https://public-morpc.hub.arcgis.com/datasets/parks-and-open-space/explore	https://public-morpc.hub.arcgis.com/datasets/parks-and-open-space/explore	
OH-FR-S-0765	Scioto Peninsula Parkland	Recreation Facility			Active		Columbus Recreation and Parks Department			The site connects to the Scioto Mile and downtown riverfront park system.		9.812	Franklin	Columbus		39.9577802	-83.0083153	86FRXX5R+42		Source: MORPC Parks and Open Space dataset (public-morpc.hub.arcgis.com), data updated 2025-07-01. MORPC ParkID: not assigned. MORPC Sub_Type: SPU (Special Use/Facility). Jurisdiction: Columbus. Status: Public.	https://public-morpc.hub.arcgis.com/datasets/parks-and-open-space/explore	https://public-morpc.hub.arcgis.com/datasets/parks-and-open-space/explore	
OH-FR-S-0766	Alum Creek Park North	Park			Active		City of Westerville Parks & Recreation			The amphitheater makes it one of Westerville's premier gathering parks.	221 W Main St, Westerville, OH 43081	44.33	Franklin	Westerville		40.1227528	-82.9395758	86GV43F6+22	Amphitheater; Hiking Trail; Picnic Area; Playground; Watercraft Access	Source: parks.westerville.org (domain egress-blocked; address confirmed via Yelp/Google/Waze/mypacer third-party listings, 2026-03-14). Adjacent to Hoover Reservoir area; playground and picnic facilities.	https://parks.westerville.org/parks-trails/parks	https://parks.westerville.org/parks-trails/parks	
OH-FR-S-0767	Alum Creek Park South	Park			Active		City of Westerville Parks & Recreation			The park is a hub of active recreation for teens and young adults, complementing the concert and family amenities at Alum Creek Park North.	535 Park Meadow Rd, Westerville, OH 43081	34.6	Franklin	Westerville		40.1132678	-82.9370968	86GV4377+62	Pump Track; Skate Park; Watercraft Access	Source: parks.westerville.org (domain egress-blocked; address confirmed via Yelp/Google/Waze/mypacer third-party listings, 2026-03-14). South of Alum Creek Park North along Park Meadow Rd corridor. Adjacent to Brooksedge Park.	https://parks.westerville.org/parks-trails/parks	https://parks.westerville.org/parks-trails/parks	
OH-FR-S-0768	Ben Hanby Park	Park			Active		City of Westerville Parks & Recreation			The park features open green space, a playground, and a small pond, providing a relaxed community gathering space in the city.	4 N Vine St, Westerville, OH 43081	0.13	Franklin	Westerville		40.1264121	-82.9289035	86GV43GC+F2	Playground; Pond	Source: parks.westerville.org (domain egress-blocked; address confirmed via Yelp/Google/Waze/mypacer third-party listings, 2026-03-14). Named for Benjamin Russell Hanby (songwriter). Features splash pad and playground. Located near Westerville Public Library.	https://parks.westerville.org/parks-trails/parks	https://parks.westerville.org/parks-trails/parks	
OH-FR-S-0769	Brooksedge Park	Park			Active		City of Westerville Parks & Recreation			The park also features open green space and walking paths, making it a popular destination for dog owners across the Westerville area.	708 Park Meadow Rd, Westerville, OH 43081	3.89	Franklin	Westerville		40.1080756	-82.9358882	86GV4357+82	Dog Park; Hiking Trail	Source: parks.westerville.org (domain egress-blocked; address confirmed via Yelp/Google/Waze/mypacer third-party listings, 2026-03-14). Large fenced off-leash dog park (Bark Park) with three separate sections for dogs of various sizes. Adjacent to Alum Creek Park South corridor.	https://parks.westerville.org/parks-trails/parks	https://parks.westerville.org/parks-trails/parks	
OH-FR-S-0770	Community Tennis Complex	Recreation Facility			Active		City of Westerville Parks & Recreation			The complex supports Westerville's active tennis community with courts available for public use and organized programming.	350 N Cleveland Ave, Westerville, OH 43082	3.2	Franklin	Westerville		40.1176717	-82.9212676	86GV439H+32	Athletic Field; Parking Lot; Tennis Court	Source: parks.westerville.org (domain egress-blocked; address confirmed via Yelp/Google/Waze/mypacer third-party listings, 2026-03-14). Community tennis facility; address tentative (co-located with Parks & Recreation offices at 350 N Cleveland Ave). Confirmation needed.	https://parks.westerville.org/parks-trails/parks	https://parks.westerville.org/parks-trails/parks	
OH-FR-S-0771	Ernest Cherrington Park	Park			Active		City of Westerville Parks & Recreation			The park honors Ernest Cherrington, a Westerville native and prominent figure in the temperance movement, with community gathering spaces and play facilities.	231 Hiawatha Ave, Westerville, OH 43081	21.4	Franklin	Westerville		40.1169882	-82.9372435	86GV4387+J2	Picnic Area; Playground	Source: parks.westerville.org (domain egress-blocked; address confirmed via Yelp/Google/Waze/mypacer third-party listings, 2026-03-14). Named park in Westerville neighborhood.	https://parks.westerville.org/parks-trails/parks	https://parks.westerville.org/parks-trails/parks	
OH-FR-S-0772	Hannah Mayne Park	Park			Active		City of Westerville Parks & Recreation				45 Glenwood Dr, Westerville, OH 43081	3.21	Franklin	Westerville		40.1204335	-82.932785	86GV43C8+52	Picnic Area; Playground	Source: parks.westerville.org (domain egress-blocked; address confirmed via Yelp/Google/Waze/mypacer third-party listings, 2026-03-14). Neighborhood park; playground.	https://parks.westerville.org/parks-trails/parks	https://parks.westerville.org/parks-trails/parks	
OH-FR-S-0773	Highlands Park	Park			Active		City of Westerville Parks & Recreation			Portable restrooms are available seasonally.	245 S Spring Rd, Westerville, OH 43081	39.81007124	Franklin	Columbus		39.9518947	-82.9105323	86FVX32Q+Q2	Picnic Area; Playground; Restrooms	Source: parks.westerville.org (domain egress-blocked; address confirmed via Yelp/Google/Waze/mypacer third-party listings, 2026-03-14). Neighborhood park with ball park shelter.	https://parks.westerville.org/parks-trails/parks	https://parks.westerville.org/parks-trails/parks;https://public-morpc.hub.arcgis.com/datasets/parks-and-open-space/explore	
OH-FR-S-0774	Hoff Woods Park	Natural Area			Active		City of Westerville Parks & Recreation				556 McCorkle Blvd, Westerville, OH 43082	0.16	Franklin	Columbus		39.9711004	-82.9560138	86FVX2CV+G2	Hiking Trail; Restrooms	Source: parks.westerville.org (domain egress-blocked; address confirmed via Yelp/Google/Waze/mypacer third-party listings, 2026-03-14). Wooded natural area park; trails through mature forest.	https://parks.westerville.org/parks-trails/parks	https://parks.westerville.org/parks-trails/parks	
OH-FR-S-0775	Huber Village Park	Park			Active		City of Westerville Parks & Recreation				362 Huber Village Blvd, Westerville, OH 43081	30.74	Franklin	Westerville		40.1057791	-82.9104329	86GV434Q+92	Athletic Field; Hiking Trail; Parking Lot; Picnic Shelter; Playground	Source: parks.westerville.org (domain egress-blocked; address confirmed via Yelp/Google/Waze/mypacer third-party listings, 2026-03-14). Community park serving Huber Village neighborhood.	https://parks.westerville.org/parks-trails/parks	https://parks.westerville.org/parks-trails/parks	
OH-FR-S-0776	Johnston-McVay Park	Park			Active		City of Westerville Parks & Recreation				480 S Hempstead Rd, Westerville, OH 43081	0.16	Franklin	Columbus		39.9537617	-83.0538875	86FRXW3W+F2	Picnic Area; Playground; Restrooms	Source: parks.westerville.org (domain egress-blocked; address confirmed via Yelp/Google/Waze/mypacer third-party listings, 2026-03-14). Recently completed (as of ~2024 per project page). Connects to trail system. Located adjacent to Inniswood Metro Gardens area.	https://parks.westerville.org/parks-trails/parks	https://parks.westerville.org/parks-trails/parks	
OH-FR-S-0777	Metzger Park	Park			Active		City of Westerville Parks & Recreation				137 Granby Place, Westerville, OH 43081	31.71	Franklin	Westerville		40.1294099	-82.9620125	86GV42HQ+J2	Ball Diamond; Basketball Court; Playground; Tennis Court	Source: parks.westerville.org (domain egress-blocked; address confirmed via Yelp/Google/Waze/mypacer third-party listings, 2026-03-14). Neighborhood park.	https://parks.westerville.org/parks-trails/parks	https://parks.westerville.org/parks-trails/parks	
OH-FR-S-0778	Millstone Creek Park	Park			Active		City of Westerville Parks & Recreation			Spring Road featuring a playground for ages 2-12, a basketball court, a biking path, a wetland area, and picnic shelters with tables and charcoal grills.	115 E Park St, Westerville, OH 43081	0.05	Franklin	Columbus		39.9638247	-82.9200997	86FVX37H+H2	Basketball Court; Grill; Multi-use Trail; Picnic Shelter; Playground; Wetland	Source: parks.westerville.org (domain egress-blocked; address confirmed via Yelp/Google/Waze/mypacer third-party listings, 2026-03-14). Located near Westerville Public Library area.	https://parks.westerville.org/parks-trails/parks	https://parks.westerville.org/parks-trails/parks	
OH-FR-S-0779	Olde Town Park	Park			Active		City of Westerville Parks & Recreation				108 Old County Line Rd, Westerville, OH 43081	0.04	Franklin	Columbus		39.95737	-83.0880578	86FRXW46+X2	Picnic Area; Playground	Source: parks.westerville.org (domain egress-blocked; address confirmed via Yelp/Google/Waze/mypacer third-party listings, 2026-03-14). Park in Olde Town area of Westerville.	https://parks.westerville.org/parks-trails/parks	https://parks.westerville.org/parks-trails/parks	
OH-FR-S-0780	Spring Grove North Park	Park			Active		City of Westerville Parks & Recreation				1201 E County Line Rd, Westerville, OH 43081	6.2	Franklin	Westerville		40.130714	-82.88949	86GV44J6+62	Picnic Area; Playground	Source: parks.westerville.org (domain egress-blocked; address confirmed via Yelp/Google/Waze/mypacer third-party listings, 2026-03-14). Community park along E County Line Rd.	https://parks.westerville.org/parks-trails/parks	https://parks.westerville.org/parks-trails/parks	
OH-FR-S-0781	Towers Park	Park			Active		City of Westerville Parks & Recreation				745 N Spring Rd, Westerville, OH 43082	14.73	Franklin	Westerville		40.130702	-82.9064019	86GV43JV+72	Picnic Area; Playground	Source: parks.westerville.org (domain egress-blocked; address confirmed via Yelp/Google/Waze/mypacer third-party listings, 2026-03-14). Community park in north Westerville.	https://parks.westerville.org/parks-trails/parks	https://parks.westerville.org/parks-trails/parks	
OH-FR-S-0782	Walnut Ridge Park	Park			Active		City of Westerville Parks & Recreation			The park's creek-side setting and adventure play elements make it a standout destination for families.	529 E Walnut St, Westerville, OH 43081	12.33	Franklin	Westerville		40.1184765	-82.9106455	86GV439Q+82	Bridge; Climbing Structure; Playground	Source: parks.westerville.org (domain egress-blocked; address confirmed via Yelp/Google/Waze/mypacer third-party listings, 2026-03-14). Neighborhood park on E Walnut St.	https://parks.westerville.org/parks-trails/parks	https://parks.westerville.org/parks-trails/parks	
OH-FR-S-0783	Westerville Sports Complex	Recreation Facility			Active		City of Westerville Parks & Recreation			The complex supports a wide range of athletic programming across soccer, softball, and other field sports.	325 N Cleveland Ave, Westerville, OH 43082	19.72	Franklin	Westerville		40.1323109	-82.9489762	86GV43J2+V2	Athletic Field; Ball Diamond; Parking Lot; Soccer Pitch	Source: parks.westerville.org (domain egress-blocked; address confirmed via Yelp/Google/Waze/mypacer third-party listings, 2026-03-14). Major athletic complex with multiple sports fields. Site of the Westerville Veterans Memorial (dedicated November 2022).	https://parks.westerville.org/parks-trails/parks	https://parks.westerville.org/parks-trails/parks	
OH-FR-S-0784	Westerville Veterans Memorial	Memorial			Active		City of Westerville Parks & Recreation			The site provides commemorative green space, a memorial structure, and a place of civic remembrance for the community.	325 N Cleveland Ave, Westerville, OH 43082	0.4	Franklin	Grandview Heights		39.9830057	-83.0355239	86FRXXM7+92	Monument	Source: parks.westerville.org (domain egress-blocked; address confirmed via Yelp/Google/Waze/mypacer third-party listings, 2026-03-14). Veterans Memorial opened November 2022, situated within the Westerville Sports Complex. Blends history, art, and recreation to honor U.S. Armed Forces veterans. May be child site of Westerville Sports Complex.	https://parks.westerville.org/parks-trails/parks	https://parks.westerville.org/parks-trails/parks	OH-FR-S-0783
OH-FR-S-0785	Astronaut Grove	Park			Active		City of Westerville Parks & Recreation			The distinctive space theme and engaging play structures make this park a favorite destination for children and families throughout Westerville.		2.88800559	Franklin	Westerville		40.1259757	-82.9416571	86GV43G5+72	Picnic Area; Playground	Source: MORPC Parks and Open Space dataset (public-morpc.hub.arcgis.com), data updated 2025-07-01. MORPC ParkID: 37. MORPC Sub_Type: N.	https://public-morpc.hub.arcgis.com/datasets/parks-and-open-space/explore	https://public-morpc.hub.arcgis.com/datasets/parks-and-open-space/explore	
OH-FR-S-0786	Boyer Nature Preserve	Park			Active		City of Westerville Parks & Recreation			The preserve features boardwalks and nature trails for wildlife observation and plant life viewing, offering a peaceful natural escape within the urban fabric of Westerville.		11.60899626	Franklin	Westerville		40.1229183	-82.9132661	86GV43FP+42	Boardwalk; Hiking Trail; Pond; Wetland; Wildlife Observation Area	Source: MORPC Parks and Open Space dataset (public-morpc.hub.arcgis.com), data updated 2025-07-01. MORPC ParkID: 83. MORPC Sub_Type: C.	https://public-morpc.hub.arcgis.com/datasets/parks-and-open-space/explore	https://public-morpc.hub.arcgis.com/datasets/parks-and-open-space/explore	
OH-FR-S-0787	Spring Grove North Greenway	Park			Active		City of Westerville Parks & Recreation			The greenway provides open green space, walking paths, and natural buffers along its corridor.		15.21826915	Franklin	Westerville		40.1304753	-82.896902	86GV44J3+22	Hiking Trail	Source: MORPC Parks and Open Space dataset (public-morpc.hub.arcgis.com), data updated 2025-07-01. MORPC ParkID: 754. MORPC Sub_Type: C.	https://public-morpc.hub.arcgis.com/datasets/parks-and-open-space/explore	https://public-morpc.hub.arcgis.com/datasets/parks-and-open-space/explore	
OH-FR-S-0788	College Knoll Wetlands	Park			Active		City of Westerville Parks & Recreation					13.88756034	Franklin	Westerville		40.1303222	-82.9138359	86GV43JP+32	Stormwater Basin; Wetland	Source: MORPC Parks and Open Space dataset (public-morpc.hub.arcgis.com), data updated 2025-07-01. MORPC ParkID: 138. MORPC Sub_Type: C.	https://public-morpc.hub.arcgis.com/datasets/parks-and-open-space/explore	https://public-morpc.hub.arcgis.com/datasets/parks-and-open-space/explore	
OH-FR-S-0789	Electric Park	Park			Active		City of Westerville Parks & Recreation					0.12153548	Franklin	Westerville		40.1154563	-82.9274199	86GV438F+22		Source: MORPC Parks and Open Space dataset (public-morpc.hub.arcgis.com), data updated 2025-07-01. MORPC ParkID: 203. MORPC Sub_Type: N.	https://public-morpc.hub.arcgis.com/datasets/parks-and-open-space/explore	https://public-morpc.hub.arcgis.com/datasets/parks-and-open-space/explore	
OH-FR-S-0790	Springborough Greenway	Park			Active		City of Westerville Parks & Recreation			The greenway provides walking and biking paths, open green space, and natural corridor elements.		3.81473987	Franklin	Westerville		40.100956	-82.9084766	86GV432R+82	Hiking Trail; Multi-use Trail	Source: MORPC Parks and Open Space dataset (public-morpc.hub.arcgis.com), data updated 2025-07-01. MORPC ParkID: 756. MORPC Sub_Type: N.	https://public-morpc.hub.arcgis.com/datasets/parks-and-open-space/explore	https://public-morpc.hub.arcgis.com/datasets/parks-and-open-space/explore	
OH-FR-S-0791	Maebelle Way Open Space	Park			Active		City of Westerville Parks & Recreation					2.82386392	Franklin	Westerville		40.1338486	-82.9622247	86GV42MQ+C2		Source: MORPC Parks and Open Space dataset (public-morpc.hub.arcgis.com), data updated 2025-07-01. MORPC Sub_Type: N.	https://public-morpc.hub.arcgis.com/datasets/parks-and-open-space/explore	https://public-morpc.hub.arcgis.com/datasets/parks-and-open-space/explore	
OH-FR-S-0792	Uptown Rotary Park	Park			Active		City of Westerville Parks & Recreation			The park provides seating, green space, and a public gathering area in the heart of Westerville's historic Uptown entertainment and dining district.		0.02187562	Franklin	Westerville		40.1276826	-82.9321348	86GV43H9+22		Source: MORPC Parks and Open Space dataset (public-morpc.hub.arcgis.com), data updated 2025-07-01. MORPC Sub_Type: N.	https://public-morpc.hub.arcgis.com/datasets/parks-and-open-space/explore	https://public-morpc.hub.arcgis.com/datasets/parks-and-open-space/explore	
OH-FR-S-0793	Kiwanis Picnic Park	Open Space			Active		City of Westerville Parks & Recreation					0.7652882	Franklin	Westerville		40.1199289	-82.9212745	86GV439H+V2	Pavilion; Picnic Area; Playground	Source: MORPC Parks and Open Space dataset (public-morpc.hub.arcgis.com), data updated 2025-07-01. MORPC Sub_Type: NOS.	https://public-morpc.hub.arcgis.com/datasets/parks-and-open-space/explore	https://public-morpc.hub.arcgis.com/datasets/parks-and-open-space/explore	
OH-FR-S-0794	South Hempstead Road Open Space	Open Space			Active		City of Westerville Parks & Recreation					0.23937736	Franklin	Westerville		40.0991175	-82.9051843	86GV33XV+Q2		Source: MORPC Parks and Open Space dataset (public-morpc.hub.arcgis.com), data updated 2025-07-01. MORPC Sub_Type: NOS.	https://public-morpc.hub.arcgis.com/datasets/parks-and-open-space/explore	https://public-morpc.hub.arcgis.com/datasets/parks-and-open-space/explore	
OH-FR-S-0795	Brownstone Court Open Space	Open Space			Active		City of Westerville Parks & Recreation					0.39909824	Franklin	Westerville		40.1169471	-82.8942535	86GV4484+M2		Source: MORPC Parks and Open Space dataset (public-morpc.hub.arcgis.com), data updated 2025-07-01. MORPC Sub_Type: NOS.	https://public-morpc.hub.arcgis.com/datasets/parks-and-open-space/explore	https://public-morpc.hub.arcgis.com/datasets/parks-and-open-space/explore	
OH-FR-S-0796	Westerville Greenway	Open Space			Active		City of Westerville Parks & Recreation			The greenway provides multi-use walking and biking paths, natural open space, and connections to the broader regional trail system.		0.65056047	Franklin	Westerville		40.1315311	-82.9261836	86GV43JF+P2	Hiking Trail; Multi-use Trail	Source: MORPC Parks and Open Space dataset (public-morpc.hub.arcgis.com), data updated 2025-07-01. MORPC Sub_Type: NOS.	https://public-morpc.hub.arcgis.com/datasets/parks-and-open-space/explore	https://public-morpc.hub.arcgis.com/datasets/parks-and-open-space/explore	
OH-FR-S-0797	First Responders Park	Park			Active		City of Westerville Parks & Recreation				4020 Main St, Hilliard, OH 43026	0.27626499	Franklin	Hilliard		40.0334925	-83.1593071	86GR2RMR+72	Monument; Playground	Source: MORPC Parks and Open Space dataset (public-morpc.hub.arcgis.com), data updated 2025-07-01. MORPC Sub_Type: N.	https://public-morpc.hub.arcgis.com/datasets/parks-and-open-space/explore	https://public-morpc.hub.arcgis.com/datasets/parks-and-open-space/explore;https://hilliardohio.gov/our-parks/	
OH-FR-S-0798	Gelpi Park	Park			Active		City of Westerville Parks & Recreation					6.0040491	Franklin	Columbus		40.1037488	-82.9373532	86GV4337+C2	Playground	Source: MORPC Parks and Open Space dataset (public-morpc.hub.arcgis.com), data updated 2025-07-01. MORPC Sub_Type: C.	https://public-morpc.hub.arcgis.com/datasets/parks-and-open-space/explore	https://public-morpc.hub.arcgis.com/datasets/parks-and-open-space/explore	
OH-FR-S-0799	Northam Park	Park			Active		City of Upper Arlington Parks & Recreation			As Upper Arlington's largest and most active park, Northam Park is a hub for community life, with sports fields, tennis courts, a playground, pool, and ample green space. Recent improvements include nine clay tennis courts, six pickleball courts, a new shelter building, improved pathways, and enhanced landscaping. Home to the popular Labor Day Arts Festival every September and many other community events.	1880 Northam Rd, Upper Arlington, OH 43221	21.73	Franklin	Upper Arlington		40.0131203	-83.0650809	86GR2W7M+92	Athletic Field; Multi-use Trail; Pickleball Court; Playground; Restrooms; Swimming Pool; Tennis Court	Source: upperarlingtonoh.gov (domain egress-blocked; address confirmed via web search snippets, 2026-03-14). Central community park; hosts July 4th festivities. Playground, shelter, open lawn.	https://www.upperarlingtonoh.gov/189/Parks	https://www.upperarlingtonoh.gov/189/Parks;https://www.upperarlingtonoh.gov/Facilities/	
OH-FR-S-0800	Fancyburg Park	Park			Active		City of Upper Arlington Parks & Recreation			One of Upper Arlington's most popular parks, Fancyburg Park is situated on 25 acres in the River Ridge neighborhood on the city's western edge. The park features baseball diamonds, sports fields, a shelter house, playground, story walk, tennis courts, eight dedicated pickleball courts, a nature area, and walking paths.	3375 Kioka Ave, Upper Arlington, OH 43221	23.52	Franklin	Upper Arlington		40.0231265	-83.0874037	86GR2WF7+62	Athletic Field; Ball Diamond; Hiking Trail; Multi-use Trail; Pickleball Court; Picnic Shelter; Playground; Tennis Court	Source: upperarlingtonoh.gov (domain egress-blocked; address confirmed via web search snippets, 2026-03-14). Neighborhood park in southern Upper Arlington.	https://www.upperarlingtonoh.gov/189/Parks	https://www.upperarlingtonoh.gov/189/Parks;https://www.upperarlingtonoh.gov/Facilities/	
OH-FR-S-0801	Mallway Park	Park			Active		City of Upper Arlington Parks & Recreation			The park is home to Veterans Plaza and serves as the venue for annual Arts on Arlington and Winter Festival events.	2070 South Mallway Drive, Upper Arlington, OH 43221	0.75	Franklin	Upper Arlington		39.9991793	-83.0611284	86FRXWXQ+P2		Source: upperarlingtonoh.gov (domain egress-blocked; address confirmed via web search snippets, 2026-03-14). Park in the historic Mallway district adjacent to Jones Middle School. Devon Pool (aquatic facility, recorded separately) is co-located at this address.	https://www.upperarlingtonoh.gov/189/Parks	https://www.upperarlingtonoh.gov/189/Parks;https://www.upperarlingtonoh.gov/Facilities/	
OH-FR-S-0802	Miller Park	Park			Active		City of Upper Arlington Parks & Recreation			Nestled beside the Miller Park Library, this quiet four-acre neighborhood park offers a playground, open space, mature trees, and a free shelter house available on a first-come, first-serve basis. The park contains naturalized wooded areas and ravines, public art, and the historic Miller Carriage Step.	1901 Arlington Ave, Upper Arlington, OH 43221	3.95	Franklin	Upper Arlington		39.9950254	-83.0618061	86FRXWWQ+32	Hiking Trail; Picnic Shelter; Playground	Source: upperarlingtonoh.gov (domain egress-blocked; address confirmed via web search snippets, 2026-03-14). Community park on Arlington Ave.	https://www.upperarlingtonoh.gov/189/Parks	https://www.upperarlingtonoh.gov/189/Parks;https://www.upperarlingtonoh.gov/Facilities/;https://grandviewheights.gov/110/Parks	
OH-FR-S-0803	Reed Road Park	Park			Active		City of Upper Arlington Parks & Recreation				3855 Reed Rd, Upper Arlington, OH 43221	13.65	Franklin	Upper Arlington		40.034797	-83.0690427	86GR2WMJ+V2	Athletic Field; Hiking Trail; Playground; Swimming Pool	Source: upperarlingtonoh.gov (domain egress-blocked; address confirmed via web search snippets, 2026-03-14). Large community park. Contains Reed Road Water Park aquatic facility (recorded separately). Adjacent to Hastings Middle School.	https://www.upperarlingtonoh.gov/189/Parks	https://www.upperarlingtonoh.gov/189/Parks;https://www.upperarlingtonoh.gov/Facilities/	
OH-FR-S-0804	Smith Nature Park	Natural Area			Active		City of Upper Arlington Parks & Recreation				1270 Fishinger Rd, Upper Arlington, OH 43221	3.28	Franklin	Upper Arlington		40.0241258	-83.0459536	86GR2XF3+P2	Hiking Trail	Source: upperarlingtonoh.gov (domain egress-blocked; address confirmed via web search snippets, 2026-03-14). Natural area park featuring wooded trails along Fishinger Road corridor.	https://www.upperarlingtonoh.gov/189/Parks	https://www.upperarlingtonoh.gov/189/Parks;https://www.upperarlingtonoh.gov/Facilities/	
OH-FR-S-0805	Sunny 95 Park	Park			Active		City of Upper Arlington Parks & Recreation				4395 Carriage Hill Lane, Upper Arlington, OH 43221	73	Franklin	Columbus		40.0466	-83.061	86GR2WWQ+JH2	Playground	GPS corrected from bad geocode (was 39.9512/-82.9106). Correct location: 4395 Carriage Hill Ln, UA. ~73 ac; features Amelita Mirolo Barn, sports fields, pond, walking paths. Acreage approximate from MORPC/city sources.	https://www.upperarlingtonoh.gov/189/Parks	https://www.upperarlingtonoh.gov/189/Parks;https://www.upperarlingtonoh.gov/Facilities/	
OH-FR-S-0806	Tremont Fountain Park	Park			Active		City of Upper Arlington Parks & Recreation				near 3600 Tremont Rd, Upper Arlington, OH 43221	1.08	Franklin	Upper Arlington		40.0121618	-83.0706128	86GR2W6H+X2		Source: upperarlingtonoh.gov (domain egress-blocked; address confirmed via web search snippets, 2026-03-14). Small ~1-acre park near Tremont Library and Tremont Pool. Features decorative fountain and benches; ADA accessible. Exact street address unconfirmed from web search (egress proxy blocked official page); address given as approximate area. MUST VERIFY via browser.	https://www.upperarlingtonoh.gov/189/Parks	https://www.upperarlingtonoh.gov/189/Parks;https://www.upperarlingtonoh.gov/Facilities/	
OH-FR-S-0808	Wyandot Park	Park			Active		City of Upper Arlington Parks & Recreation			Rich in local history, Wyandot Park honors the legacy of Bill Moose with a memorial and features wooded trails, a ravine, and a peaceful natural setting in the heart of Upper Arlington.	2875 Lane Rd, Upper Arlington, OH 43221	2.52	Franklin	Upper Arlington		40.046857	-83.0944958	86GR2WW4+J2	Hiking Trail	Source: upperarlingtonoh.gov (domain egress-blocked; address confirmed via web search snippets, 2026-03-14). Neighborhood park off Lane Road.	https://www.upperarlingtonoh.gov/189/Parks	https://www.upperarlingtonoh.gov/189/Parks;https://www.upperarlingtonoh.gov/Facilities/	
OH-FR-S-0809	Northwest Kiwanis Park	Park			Active		City of Upper Arlington Parks & Recreation				4840 Stonehaven Dr, Upper Arlington, OH 43221	21.23	Franklin	Upper Arlington		40.0555619	-83.0840409	86GR3W48+72	Athletic Field; Hiking Trail	Source: upperarlingtonoh.gov (domain egress-blocked; address confirmed via web search snippets, 2026-03-14). Community park on Stonehaven Drive. Adjacent to Burbank Park (~60 house numbers south on same street); both parks on Stonehaven corridor.	https://www.upperarlingtonoh.gov/189/Parks	https://www.upperarlingtonoh.gov/189/Parks;https://www.upperarlingtonoh.gov/Facilities/	
OH-FR-S-0810	Burbank Park	Park			Active		City of Upper Arlington Parks & Recreation				4780 Stonehaven Dr, Upper Arlington, OH 43221	7	Franklin	Columbus		39.957877	-83.0880998	86FRXW56+52	Playground	Acreage from UA city website facility page (7 Acres). Address: 4780 Stonehaven Drive, Columbus OH 43220 (within UA jurisdiction).	https://www.upperarlingtonoh.gov/189/Parks	https://www.upperarlingtonoh.gov/189/Parks;https://www.upperarlingtonoh.gov/Facilities/	
OH-FR-S-0811	Oxford Park	Park			Active		City of Upper Arlington Parks & Recreation			This small neighborhood park features green space, a playground, and walking paths—great for families and those seeking a quick outdoor escape.	4280 Oxford Dr, Upper Arlington, OH 43220	1.17	Franklin	Upper Arlington		40.0410822	-83.0901795	86GR2WR5+H2	Hiking Trail; Playground	Source: upperarlingtonoh.gov (domain egress-blocked; address confirmed via web search snippets, 2026-03-14). Neighborhood park on Oxford Drive; ZIP 43220 (southeastern UA).	https://www.upperarlingtonoh.gov/189/Parks	https://www.upperarlingtonoh.gov/189/Parks;https://www.upperarlingtonoh.gov/Facilities/	
OH-FR-S-0812	Westover Park	Park			Active		City of Upper Arlington Parks & Recreation				2111 Westover Rd, Upper Arlington, OH 43221	1.12	Franklin	Upper Arlington		40.0029185	-83.0657765	86GR2W3M+42	Hiking Trail; Playground	Source: upperarlingtonoh.gov (domain egress-blocked; address confirmed via web search snippets, 2026-03-14). Community park; playground, shelter house, picnic tables, grill, parking, and pet waste bags. Open 5 AM–11 PM daily.	https://www.upperarlingtonoh.gov/189/Parks	https://www.upperarlingtonoh.gov/189/Parks;https://www.upperarlingtonoh.gov/Facilities/	
OH-FR-S-0813	Cardiff Woods Park	Natural Area			Active		City of Upper Arlington Parks & Recreation			Tucked away in a wooded setting, Cardiff Woods Park offers a natural retreat with mature trees, native plants, and a walking trail ideal for nature lovers.	1734 Cardiff Rd, Upper Arlington, OH 43221	1.92	Franklin	Upper Arlington		40.0049237	-83.0559771	86GR2W3V+W2	Hiking Trail	Source: upperarlingtonoh.gov (domain egress-blocked; address confirmed via web search snippets, 2026-03-14). Natural wooded area park on Cardiff Road. Art installation 'Into the Woods' by UA Public Art program located here.	https://www.upperarlingtonoh.gov/189/Parks	https://www.upperarlingtonoh.gov/189/Parks;https://www.upperarlingtonoh.gov/Facilities/	
OH-FR-S-0814	Charing Ravine Park	Natural Area			Active		City of Upper Arlington Parks & Recreation				2901 Charing Rd, Upper Arlington, OH 43221	1.79	Franklin	Upper Arlington		40.0130867	-83.0886635	86GR2W76+82	Hiking Trail	Source: upperarlingtonoh.gov (domain egress-blocked; address confirmed via web search snippets, 2026-03-14). ~2-acre natural ravine area park on Charing Road. Wooded character. Official name confirmed as 'Charing Ravine Park' per UA Facilities page (Facility ID 4). Address ~2901 Charing Rd per web search — confirm via browser.	https://www.upperarlingtonoh.gov/189/Parks	https://www.upperarlingtonoh.gov/189/Parks;https://www.upperarlingtonoh.gov/Facilities/	
OH-FR-S-0815	Nursery Park	Park			Active		City of Upper Arlington Parks & Recreation				Upper Arlington, OH 43221	1.24	Franklin	Upper Arlington		40.0101384	-83.0798022	86GR2W6C+22		Source: upperarlingtonoh.gov (domain egress-blocked; address confirmed via web search snippets, 2026-03-14). Quiet green space with mature trees and benches; playground and walking paths. Street address not found via web search (egress proxy blocked official page). MUST VERIFY: load upperarlingtonoh.gov/city-parks/nursery-park/ via browser to confirm address.	https://www.upperarlingtonoh.gov/189/Parks	https://www.upperarlingtonoh.gov/189/Parks;https://www.upperarlingtonoh.gov/Facilities/	
OH-FR-S-0816	Devon Pool	Recreation Facility			Active		City of Upper Arlington Parks & Recreation			The pool provides swimming and aquatic recreation for Upper Arlington residents during the summer season.	2070 South Mallway Drive, Upper Arlington, OH 43221		Franklin			39.998662	-83.060067	86FRXWXQ+H2	Parking Lot; Restrooms; Swimming Pool	Source: upperarlingtonoh.gov (domain egress-blocked; address confirmed via web search snippets, 2026-03-14). Heated outdoor pool with lap lanes, diving well, toddler pool, accessible restrooms, concession area. Co-located with Mallway Park adjacent to Jones Middle School. One of three UA outdoor pools. UA Facilities ID 43.	https://www.upperarlingtonoh.gov/189/Parks	https://www.upperarlingtonoh.gov/189/Parks;https://www.upperarlingtonoh.gov/Facilities/	
OH-FR-S-0817	Reed Road Water Park	Recreation Facility			Active		City of Upper Arlington Parks & Recreation				2000 Hastings Lane, Upper Arlington, OH 43221	0.21	Franklin	Columbus		39.9524839	-82.9139702	86FVX32P+V2	Parking Lot; Restrooms; Swimming Pool; Water Park	Source: upperarlingtonoh.gov (domain egress-blocked; address confirmed via web search snippets, 2026-03-14). Outdoor water park within Reed Road Park, adjacent to Hastings Middle School. One of three UA outdoor pools.	https://www.upperarlingtonoh.gov/189/Parks	https://www.upperarlingtonoh.gov/189/Parks;https://www.upperarlingtonoh.gov/Facilities/	OH-FR-S-0803
OH-FR-S-0818	Tremont Pool	Recreation Facility			Active		City of Upper Arlington Parks & Recreation			The pool provides swimming lessons, open swim, and aquatic programming for Upper Arlington residents.	near 3600 Tremont Rd, Upper Arlington, OH 43221		Franklin			40.030884	-83.052459	86GR2WJX+62	Parking Lot; Restrooms; Swimming Pool	Source: upperarlingtonoh.gov (domain egress-blocked; address confirmed via web search snippets, 2026-03-14). Outdoor pool in Tremont area. One of three UA outdoor pools. Exact address unconfirmed — co-located with Tremont Fountain Park area near Tremont Road branch library (~2800 Tremont Rd) or Parks & Rec office (3600 Tremont Rd). MUST VERIFY via browser.	https://www.upperarlingtonoh.gov/189/Parks	https://www.upperarlingtonoh.gov/189/Parks;https://www.upperarlingtonoh.gov/Facilities/	
OH-FR-S-0819	Crafton Park	Park			Active		City of Upper Arlington Parks & Recreation					0.55024878	Franklin	Upper Arlington		40.0092496	-83.0829683	86GR2W58+Q2		Source: MORPC Parks and Open Space dataset (public-morpc.hub.arcgis.com), data updated 2025-07-01. MORPC Sub_Type: N.	https://public-morpc.hub.arcgis.com/datasets/parks-and-open-space/explore	https://public-morpc.hub.arcgis.com/datasets/parks-and-open-space/explore	
OH-FR-S-0820	Langston Park	Park			Active		City of Upper Arlington Parks & Recreation					14.6761612	Franklin	Upper Arlington		40.0465793	-83.061682	86GR2WWQ+M2		Source: MORPC Parks and Open Space dataset (public-morpc.hub.arcgis.com), data updated 2025-07-01. MORPC Sub_Type: N.	https://public-morpc.hub.arcgis.com/datasets/parks-and-open-space/explore	https://public-morpc.hub.arcgis.com/datasets/parks-and-open-space/explore	
OH-FR-S-0821	Alt Field	Recreation Facility			Active		City of Hilliard Recreation and Parks				3740 Municipal Way, Hilliard, OH 43026	1.48	Franklin	Hilliard		40.0297123	-83.1490436	86GR2VH2+V2	Athletic Field	Source: hilliardohio.gov (domain egress-blocked; address confirmed via web search snippets, 2026-03-14). Home of Hilliard's original baseball field. Playground and tennis court.	https://hilliardohio.gov/our-parks/	https://hilliardohio.gov/our-parks/	
OH-FR-S-0822	Beacon Fields	Recreation Facility			Active		City of Hilliard Recreation and Parks				4375 Edgewyn Ave, Hilliard, OH 43026	2.78	Franklin	Hilliard		40.0249814	-83.1309734	86GR2VF9+W2	Picnic Area	Source: hilliardohio.gov (domain egress-blocked; address confirmed via web search snippets, 2026-03-14). Baseball field, basketball court, multipurpose path, playground, and green space.	https://hilliardohio.gov/our-parks/	https://hilliardohio.gov/our-parks/	
OH-FR-S-0823	Britton Farms Park	Park			Active		City of Hilliard Recreation and Parks				4500 Davidson Rd, Hilliard, OH 43026	6.07	Franklin	Hilliard		40.049887	-83.1401643	86GR2VX5+X2	Hiking Trail; Playground	Source: hilliardohio.gov (domain egress-blocked; address confirmed via web search snippets, 2026-03-14). Fishing pond, multiuse paths, charcoal grills, picnic area, and 'flight swing.' Located in Britton Farms subdivision.	https://hilliardohio.gov/our-parks/	https://hilliardohio.gov/our-parks/	
OH-FR-S-0824	Conklin Park	Park			Active		City of Hilliard Recreation and Parks			The park includes typical neighborhood amenities including open lawn and playgrounds.	1000 Boucher Dr, Hilliard, OH 43026	1.7	Franklin	Hilliard		40.0252002	-83.1571124	86GR2RGV+22	Playground	Source: hilliardohio.gov (domain egress-blocked; address confirmed via web search snippets, 2026-03-14). Playground, picnic area, and green space.	https://hilliardohio.gov/our-parks/	https://hilliardohio.gov/our-parks/	
OH-FR-S-0825	Cross Creek Park	Park			Active		City of Hilliard Recreation and Parks				3342 Hilliard Rome Rd, Hilliard, OH 43026	0.05	Franklin	Columbus		39.9476105	-82.9109317	86FVW3XQ+42	Hiking Trail; Playground	Football, lacrosse, soccer, and cricket fields along with open green space. Also appears on Columbus city limits boundary — verify jurisdiction.	https://hilliardohio.gov/our-parks/	https://hilliardohio.gov/our-parks/	
OH-FR-S-0826	Darby Glen Park	Park			Active		City of Hilliard Recreation and Parks				4340 Swenson St, Hilliard, OH 43026	22.7	Franklin	Hilliard		40.0195777	-83.1283691	86GR2V9C+W2	Picnic Area; Playground	Source: hilliardohio.gov (domain egress-blocked; address confirmed via web search snippets, 2026-03-14). Community park in Darby Glen subdivision.	https://hilliardohio.gov/our-parks/	https://hilliardohio.gov/our-parks/	
OH-FR-S-0827	Father Roderic J. DiPietro Park	Recreation Facility			Active		City of Hilliard Recreation and Parks				3481 Davidson Rd, Hilliard, OH 43026	15.77	Franklin	Hilliard		40.0524403	-83.1103007	86GR3V2Q+X2	Playground	Source: hilliardohio.gov (domain egress-blocked; address confirmed via web search snippets, 2026-03-14). Baseball and soccer fields. Received inclusive baseball field improvements (~2023). Note: official name spelling is 'Rodric' per city website title; 'Roderic' per news release.	https://hilliardohio.gov/our-parks/	https://hilliardohio.gov/our-parks/	
OH-FR-S-0828	Hamilton Park	Park			Active		City of Hilliard Recreation and Parks				4950 Hamilton Rd, Hilliard, OH 43026	0.14	Franklin	Columbus		39.9522187	-82.9515885	86FVX22X+V2	Playground	Source: hilliardohio.gov (domain egress-blocked; address confirmed via web search snippets, 2026-03-14). Neighborhood park on Hamilton Road.	https://hilliardohio.gov/our-parks/	https://hilliardohio.gov/our-parks/	
OH-FR-S-0829	Hayden Run Village Park	Park			Active		City of Hilliard Recreation and Parks				5226 Davidson Rd, Hilliard, OH 43026	3.91	Franklin	Hilliard		40.0487898	-83.1597029	86GR2RXR+C2	Hiking Trail; Playground	Source: hilliardohio.gov (domain egress-blocked; address confirmed via web search snippets, 2026-03-14). Neighborhood park in Hayden Run Village area.	https://hilliardohio.gov/our-parks/	https://hilliardohio.gov/our-parks/	
OH-FR-S-0830	Heather Ridge Park	Park			Active		City of Hilliard Recreation and Parks				4833 Hawkstone Rd, Hilliard, OH 43026	2.77	Franklin	Hilliard		40.0434564	-83.1492981	86GR2VV2+72	Playground	Source: hilliardohio.gov (domain egress-blocked; address confirmed via web search snippets, 2026-03-14). Neighborhood park in Heather Ridge subdivision.	https://hilliardohio.gov/our-parks/	https://hilliardohio.gov/our-parks/	
OH-FR-S-0831	Heritage Trail Dog Park	Park			Active		City of Hilliard Recreation and Parks			The park provides fenced off-leash areas for dogs along the trail greenway.	7262 Hayden Run Rd, Hilliard, OH 43026	0.06	Franklin	Columbus		39.9437656	-83.0782101	86FRWWVC+G2	Dog Park	Source: hilliardohio.gov (domain egress-blocked; address confirmed via web search snippets, 2026-03-14). Fenced off-leash dog park. NOTE: Located at 7262 Hayden Run Rd near Metro Parks Heritage Trail Metro Park area. Confirm managing entity: City of Hilliard vs Metro Parks. MANAGEMENT FLAG for Resolution.	https://hilliardohio.gov/our-parks/	https://hilliardohio.gov/our-parks/	
OH-FR-S-0832	Hilliard East Park	Park			Active		City of Hilliard Recreation and Parks			The park includes open lawn areas, picnic facilities, and play equipment.	4450 Schirtzinger Rd, Hilliard, OH 43026	5.43	Franklin	Hilliard		40.0464723	-83.1200348	86GR2VWH+H2	Picnic Area; Playground	Source: hilliardohio.gov (domain egress-blocked; address confirmed via web search snippets, 2026-03-14). Green space, playground, adaptive swing, picnic area, and shelter house.	https://hilliardohio.gov/our-parks/	https://hilliardohio.gov/our-parks/	
OH-FR-S-0833	HOSA Soccer Complex	Recreation Facility			Active		City of Hilliard Recreation and Parks			The complex features multiple full-size soccer fields supporting youth and adult leagues throughout the spring and fall seasons.	6371 Scioto Darby Rd, Hilliard, OH 43026	28.9	Franklin	Hilliard		40.0311919	-83.1827004	86GR2RJ8+H2	Athletic Field; Parking Lot; Soccer Pitch	Source: hilliardohio.gov (domain egress-blocked; address confirmed via web search snippets, 2026-03-14). Multi-field soccer complex managed by City of Hilliard. HOSA = Hilliard Optimist Soccer Association or similar; confirm acronym at Resolution.	https://hilliardohio.gov/our-parks/	https://hilliardohio.gov/our-parks/	
OH-FR-S-0834	Lakewood Park	Park			Active		City of Hilliard Recreation and Parks				3180 Walkerview Dr, Hilliard, OH 43026	5.75	Franklin	Hilliard		40.0167564	-83.1787088	86GR2R8C+P2	Picnic Area; Playground	Source: hilliardohio.gov (domain egress-blocked; address confirmed via web search snippets, 2026-03-14). Neighborhood park on Walkerview Drive.	https://hilliardohio.gov/our-parks/	https://hilliardohio.gov/our-parks/	
OH-FR-S-0835	Latham Park	Park			Active		City of Hilliard Recreation and Parks				6400 Cosgray Rd, Hilliard, OH 43026	18.83	Franklin	Hilliard		40.0353719	-83.1811505	86GR2RP9+42	Playground	Source: hilliardohio.gov (domain egress-blocked; address confirmed via web search snippets, 2026-03-14). Community park with green space, walking path, and fishing pond.	https://hilliardohio.gov/our-parks/	https://hilliardohio.gov/our-parks/	
OH-FR-S-0836	Merchant Park	Park			Active		City of Hilliard Recreation and Parks				5467 Center St, Hilliard, OH 43026	9.03	Franklin	Hilliard		40.0364153	-83.1646626	86GR2RPP+C2	Playground	Calculated from MORPC Shape__Area: 393,462 sq ft	https://hilliardohio.gov/our-parks/	https://hilliardohio.gov/our-parks/	
OH-FR-S-0837	Mildred Park	Park			Active		City of Hilliard Recreation and Parks				4592 Britton Pkwy, Hilliard, OH 43026	4.28	Franklin	Hilliard		40.0467906	-83.1322865	86GR2VW9+J2	Playground	Calculated from MORPC Shape__Area: 186,248 sq ft	https://hilliardohio.gov/our-parks/	https://hilliardohio.gov/our-parks/	
OH-FR-S-0838	Reibel Woods	Natural Area			Active		City of Hilliard Recreation and Parks			The site features mature woodland, natural trails, and wildlife habitat in a relatively undisturbed forest setting.	6000 Hayden Run Rd, Hilliard, OH 43026	2.56	Franklin			40.0552701	-83.1613928	86GR3R4Q+32	Hiking Trail	Source: hilliardohio.gov (domain egress-blocked; address confirmed via web search snippets, 2026-03-14). Wooded natural area park on Hayden Run Road. Natural character consistent with Site designation.	https://hilliardohio.gov/our-parks/	https://hilliardohio.gov/our-parks/	
OH-FR-S-0839	Roger A. Reynolds Municipal Park	Park			Active		City of Hilliard Recreation and Parks			The expansive park complex features athletic fields, tennis courts, a dog park, a skate park, playground areas, and the Hilliard Recreation Center. It is the hub of the city's parks and recreation programming.	3800 Veterans Memorial Dr, Hilliard, OH 43026	131.2	Franklin	Hilliard		40.0287628	-83.1727675	86GR2RHG+H2	Athletic Field; Community Center; Dog Park; Parking Lot; Picnic Shelter; Playground; Skate Park; Tennis Court	Source: hilliardohio.gov (domain egress-blocked; address confirmed via web search snippets, 2026-03-14). Hilliard's premier park; 130 acres. Home to Hilliard Family Aquatic Center (recorded separately as child site). Baseball diamonds, soccer fields, pool, and parking. Also known as 'Hilliard Municipal Park' on third-party listings.	https://hilliardohio.gov/our-parks/	https://hilliardohio.gov/our-parks/	
OH-FR-S-0840	Silverton Park	Park			Active		City of Hilliard Recreation and Parks				5075 Silverton Way, Hilliard, OH 43026	2.98	Franklin	Hilliard		40.064954	-83.1519498	86GR3R7X+R2	Playground	Source: hilliardohio.gov (domain egress-blocked; address confirmed via web search snippets, 2026-03-14). Neighborhood park.	https://hilliardohio.gov/our-parks/	https://hilliardohio.gov/our-parks/	
OH-FR-S-0841	Hilliard's Station Park	Park			Active		City of Hilliard Recreation and Parks			The park celebrates the city's railroad heritage and provides open green space, seating, and community gathering areas in the historic district.	4021 Main St, Hilliard, OH 43026	0.93	Franklin	Hilliard		40.0341208	-83.1602988	86GR2RMQ+Q2	Historic Structure	Source: hilliardohio.gov (domain egress-blocked; address confirmed via web search snippets, 2026-03-14). Community park at Old Hilliard downtown; splash fountains, outdoor café tables, amphitheater, public restrooms. Marks location of historic railroad station and Hilliard's original town square. Eastern trailhead for Heritage Rail Trail (7 miles). Note: 4021 and 4020 Main St addresses cited; confirm distinction with First Responders Park.	https://hilliardohio.gov/our-parks/	https://hilliardohio.gov/our-parks/	
OH-FR-S-0842	Tinapple Park	Park			Active		City of Hilliard Recreation and Parks				5503 Hyde Park Dr, Hilliard, OH 43026	3.75	Franklin	Hilliard		40.0138021	-83.1599254	86GR2R7R+C2	Hiking Trail; Playground	Source: hilliardohio.gov (domain egress-blocked; address confirmed via web search snippets, 2026-03-14). Neighborhood park.	https://hilliardohio.gov/our-parks/	https://hilliardohio.gov/our-parks/	
OH-FR-S-0843	Weaver Park	Park			Active		City of Hilliard Recreation and Parks				4100 Columbia St, Hilliard, OH 43026	5.27	Franklin	Hilliard		40.0360616	-83.1547549	86GR2RPW+C2	Playground	Source: hilliardohio.gov (domain egress-blocked; address confirmed via web search snippets, 2026-03-14). Neighborhood park on Columbia Street.	https://hilliardohio.gov/our-parks/	https://hilliardohio.gov/our-parks/	
OH-FR-S-0844	Hilliard Family Aquatic Center	Recreation Facility			Active		City of Hilliard Recreation and Parks			Reynolds Municipal Park. The center features a large leisure pool, water slides, a lazy river, a splash pad, and a lap swimming area, serving as the centerpiece summer recreation destination for Hilliard families.	3800 Veterans Memorial Dr, Hilliard, OH 43026		Franklin			40.028251	-83.17137	86GR2RHH+72	Parking Lot; Restrooms; Spray Park; Swimming Pool; Waterslide	Source: hilliardohio.gov (domain egress-blocked; address confirmed via web search snippets, 2026-03-14). Outdoor aquatic facility within Roger A. Reynolds Municipal Park. Hilliard's primary outdoor pool.	https://hilliardohio.gov/our-parks/	https://hilliardohio.gov/our-parks/	OH-FR-S-0839
OH-FR-S-0845	Crosscreek Park	Park			Active		City of Hilliard Recreation and Parks					9.95570628	Franklin	Hilliard		40.0193981	-83.1583882	86GR2R9R+P2	Hiking Trail; Playground	Source: MORPC Parks and Open Space dataset (public-morpc.hub.arcgis.com), data updated 2025-07-01. MORPC ParkID: 160. MORPC Sub_Type: C.	https://public-morpc.hub.arcgis.com/datasets/parks-and-open-space/explore	https://public-morpc.hub.arcgis.com/datasets/parks-and-open-space/explore	
OH-FR-S-0846	Hilliard East Pool And Park	Park			Active		City of Hilliard Recreation and Parks			The facility provides open-air swimming and recreational park amenities for the surrounding community.		5.42778991	Franklin	Columbus		39.9623013	-82.9148191	86FVX36P+R2	Playground; Swimming Pool	Source: MORPC Parks and Open Space dataset (public-morpc.hub.arcgis.com), data updated 2025-07-01. MORPC ParkID: 317. MORPC Sub_Type: N.	https://public-morpc.hub.arcgis.com/datasets/parks-and-open-space/explore	https://public-morpc.hub.arcgis.com/datasets/parks-and-open-space/explore	
OH-FR-S-0847	Clarence W Latham Educational Park	Park			Active		City of Hilliard Recreation and Parks			Clarence W. Latham Educational Park is a neighborhood park in Columbus named in honor of Clarence W. Latham, incorporating educational programming elements alongside recreational facilities. The park serves the surrounding community with play equipment and green space.		18.82543577	Franklin	Columbus		39.9886048	-83.0187579	86FRXXQJ+F2	Playground	Source: MORPC Parks and Open Space dataset (public-morpc.hub.arcgis.com), data updated 2025-07-01. MORPC Sub_Type: N.	https://public-morpc.hub.arcgis.com/datasets/parks-and-open-space/explore	https://public-morpc.hub.arcgis.com/datasets/parks-and-open-space/explore	
OH-FR-S-0848	Riggins Court Open Space	Open Space			Active		City of Hilliard Recreation and Parks					2.79865401	Franklin	Hilliard		40.0665396	-83.1363735	86GR3V87+M2		Source: MORPC Parks and Open Space dataset (public-morpc.hub.arcgis.com), data updated 2025-07-01. MORPC Sub_Type: NOS.	https://public-morpc.hub.arcgis.com/datasets/parks-and-open-space/explore	https://public-morpc.hub.arcgis.com/datasets/parks-and-open-space/explore	
OH-FR-S-0849	Fryer Park	Park			Active		City of Grove City Parks & Recreation			The park underwent a significant remodel and reopened in 2023 with upgraded facilities.	3899 Orders Rd, Grove City, OH 43123	111.45	Franklin	Grove City		39.8566883	-83.1002103	86FRVV4X+Q2	Athletic Field; Ball Diamond; Hiking Trail; Historic Structure; Parking Lot; Sledding Hill	Source: grovecityohio.gov (domain egress-blocked; address confirmed via web search snippets, 2026-03-14). 110-acre educational and recreational park. 8 softball diamonds, 1-mile paved trail for walking/biking, sledding hill, space-themed all-accessible playground, Century Village (turn-of-century inspired), Rotary Lake (fishing), preserved wooded area. Eagle Pavilion (enclosed pavilion for rentals) on-site.	https://www.grovecityohio.gov/182/City-Parks	https://www.grovecityohio.gov/182/City-Parks	
OH-FR-S-0850	Gantz Park	Park			Active		City of Grove City Parks & Recreation			The park is adjacent to the historic Gantz Farm and the Gardens at Gantz.	2255 Home Rd, Grove City, OH 43123	28.47	Franklin	Grove City		39.8974526	-83.0614479	86FRVWWQ+V2	Pavilion; Picnic Area; Playground	Source: grovecityohio.gov (domain egress-blocked; address confirmed via web search snippets, 2026-03-14). Renovated 2019. Renovated two-story barn, herb garden, historic farmhouse (Gantz farmhouse), arboretum, labyrinth, nature trails, playground. Home of Gardens at Gantz (recorded separately as child site).	https://www.grovecityohio.gov/182/City-Parks	https://www.grovecityohio.gov/182/City-Parks	
OH-FR-S-0851	Westgrove Park	Park			Active		City of Grove City Parks & Recreation				3580 Magnolia St, Grove City, OH 43123	5.76	Franklin	Grove City		39.8918618	-83.1089756	86FRVVRR+M2	Playground	Source: grovecityohio.gov (domain egress-blocked; address confirmed via web search snippets, 2026-03-14). Community park. Playground and green space.	https://www.grovecityohio.gov/182/City-Parks	https://www.grovecityohio.gov/182/City-Parks	
OH-FR-S-0852	Henceroth Park	Park			Active		City of Grove City Parks & Recreation			The park reflects Grove City's commitment to sustainable park design.	2075 Mallow Ln, Grove City, OH 43123	21.3	Franklin	Grove City		39.8502817	-83.0598648	86FRVW2R+22	Hiking Trail; Playground	Source: grovecityohio.gov (domain egress-blocked; address confirmed via web search snippets, 2026-03-14). 22-acre eco-friendly park featuring wooded nature trail, solar lights, playground made from recycled materials, walk/run/bike path with exercise equipment.	https://www.grovecityohio.gov/182/City-Parks	https://www.grovecityohio.gov/182/City-Parks	
OH-FR-S-0853	Breck Community Park	Park			Active		City of Grove City Parks & Recreation				3005 Demorest Rd, Grove City, OH 43123	0.19	Franklin	Columbus		39.9441833	-82.8646497	86FVW4VP+J2	Dog Park	Source: grovecityohio.gov (domain egress-blocked; address confirmed via web search snippets, 2026-03-14). Dog park with four fenced areas: two ~3-acre areas for dogs 35 lbs+, two ~1.5-acre areas for dogs under 35 lbs.	https://www.grovecityohio.gov/182/City-Parks	https://www.grovecityohio.gov/182/City-Parks	
OH-FR-S-0854	Town Center Park	Park			Active		City of Grove City Parks & Recreation				3359 Park St, Grove City, OH 43123	0.39	Franklin	Reynoldsburg		39.9561711	-82.8116148	86FVX54Q+F2		Source: grovecityohio.gov (domain egress-blocked; address confirmed via web search snippets, 2026-03-14). Park in Grove City's historic town center at Broadway and Park St. Used for community events and performances. Managed in partnership with Grove City Town Center, Inc. (heartofgrovecity.org). Confirm: City of Grove City vs. Town Center Inc. managing entity at Resolution.	https://www.grovecityohio.gov/182/City-Parks	https://www.grovecityohio.gov/182/City-Parks	
OH-FR-S-0855	Park at Beulah	Park			Active		City of Grove City Parks & Recreation				3700 Glacial Lane, Grove City, OH 43123	0.03	Franklin	Grove City		39.8793356	-83.0973677	86FRVWH3+J2	Playground	Source: grovecityohio.gov (domain egress-blocked; address confirmed via web search snippets, 2026-03-14). 32-acre park on former Beulah Park horse racing track site. Natural hills, three park structures, pickleball courts, trails, parking, lighting. Beulah Pavilion (Charles W. Boso Jr. Pavilion) on-site for rentals. Developed by City of Grove City as part of Beulah Park redevelopment (EMH&T project).	https://www.grovecityohio.gov/182/City-Parks	https://www.grovecityohio.gov/182/City-Parks	
OH-FR-S-0856	Blodwen Park	Park			Active		City of Grove City Parks & Recreation				Blodwen Circle, Grove City, OH 43123	0.14	Franklin	Whitehall		39.9516588	-82.8742489	86FVX42G+M2	Playground	Source: grovecityohio.gov (domain egress-blocked; address confirmed via web search snippets, 2026-03-14). Pocket park on Blodwen Circle. Address is street name only; no house number confirmed from web search. MUST VERIFY via browser.	https://www.grovecityohio.gov/182/City-Parks	https://www.grovecityohio.gov/182/City-Parks	
OH-FR-S-0857	Creed Lawless Park	Park			Active		City of Grove City Parks & Recreation				Kingston Ave, Grove City, OH 43123	0.3	Franklin	Grove City		39.8791878	-83.0942038	86FRVWH4+M2	Playground	Source: grovecityohio.gov (domain egress-blocked; address confirmed via web search snippets, 2026-03-14). Pocket park. Located on Kingston Ave near Parks & Recreation office (3226 Kingston Ave). Exact address not confirmed; MUST VERIFY via browser.	https://www.grovecityohio.gov/182/City-Parks	https://www.grovecityohio.gov/182/City-Parks	
OH-FR-S-0858	Bicentennial Park	Park			Active		City of Grove City Parks & Recreation			The park provides open green space, commemorative features, and a community gathering space celebrating Grandview Heights' history.	Grove City, OH 43123	0.22	Franklin	Grandview Heights		39.9783019	-83.0462475	86FRXXH3+82		Source: grovecityohio.gov (domain egress-blocked; address confirmed via web search snippets, 2026-03-14). Named park in Grove City; likely commemorates city bicentennial. Street address not found via web search. MUST VERIFY via browser.	https://www.grovecityohio.gov/182/City-Parks	https://www.grovecityohio.gov/182/City-Parks	
OH-FR-S-0859	Sesquicentennial Park	Park			Active		City of Grove City Parks & Recreation			The park provides open green space and serves as a community gathering space honoring Bexley's history.	Park St, Grove City, OH 43123	0.03	Franklin	Grove City		39.9602677	-82.9346393	86FVX368+22		Source: grovecityohio.gov (domain egress-blocked; address confirmed via web search snippets, 2026-03-14). Park on Park Street in Grove City's downtown/town center area. Monument re-dedicated per city records. Likely adjacent to or near Town Center Park. MUST VERIFY address via browser.	https://www.grovecityohio.gov/182/City-Parks	https://www.grovecityohio.gov/182/City-Parks	
OH-FR-S-0860	Indian Mound Park	Park			Active		City of Grove City Parks & Recreation			The park preserves an archaeological site while providing green space and passive recreation. The mound is one of several surviving prehistoric earthworks in the Columbus metropolitan area.	Grove City, OH 43123	0.03	Franklin	Grove City		39.9595081	-82.9338163	86FVX358+V2	Historic Structure; Native American Earthwork	Source: grovecityohio.gov (domain egress-blocked; address confirmed via web search snippets, 2026-03-14). Named park in Grove City; likely features or is named for archaeological mound heritage. Street address not found via web search. MUST VERIFY via browser.	https://www.grovecityohio.gov/182/City-Parks	https://www.grovecityohio.gov/182/City-Parks	
OH-FR-S-0861	Gardens at Gantz	Park			Active		City of Grove City Parks & Recreation			The gardens provide a unique look at horticulture throughout history, featuring display gardens, native plantings, and educational landscaping in a historic farm setting. The site is managed in conjunction with the adjacent Gantz Park.	2255 Home Rd, Grove City, OH 43123	28.47	Franklin	Grove City		39.8974526	-83.0614479	86FRVWWQ+V2	Historic Structure	Source: grovecityohio.gov (domain egress-blocked; address confirmed via web search snippets, 2026-03-14). Historic gardens at the Gantz farmhouse site (Gantz Park). Three garden areas demonstrating wide variety of gardening styles across historical periods. Includes herb garden and labyrinth walk. Gantz farmhouse (historic structure) on same property.	https://www.grovecityohio.gov/182/City-Parks	https://www.grovecityohio.gov/182/City-Parks	
OH-FR-S-0862	Eagle Pavilion	Recreation Facility			Active		City of Grove City Parks & Recreation			The pavilion is available for reservation through the Grove City Parks & Recreation Department.	3899 Orders Rd, Grove City, OH 43123		Franklin			39.860141	-83.09817	86FRVW62+42	Pavilion; Picnic Area; Restrooms	Source: grovecityohio.gov (domain egress-blocked; address confirmed via web search snippets, 2026-03-14). Enclosed four-season pavilion for rentals. Located within Fryer Park. One of two enclosed pavilions managed by Grove City Parks & Recreation.	https://www.grovecityohio.gov/182/City-Parks	https://www.grovecityohio.gov/182/City-Parks	OH-FR-S-0849
OH-FR-S-0863	Beulah Pavilion	Recreation Facility			Active		City of Grove City Parks & Recreation			The pavilion is managed by the Grove City Parks & Recreation Department.	3700 Glacial Lane, Grove City, OH 43123		Franklin			39.8891	-83.0981	86FRVWQ2+Q2	Pavilion; Picnic Area; Restrooms	Source: grovecityohio.gov (domain egress-blocked; address confirmed via web search snippets, 2026-03-14). Charles W. Boso Jr. (Beulah) Pavilion; enclosed pavilion for rentals. Located within Park at Beulah. One of two enclosed pavilions managed by Grove City Parks & Recreation.; GPS web: GPS from latitude.to (Beulah Park racetrack/Boso Pavilion site)	https://www.grovecityohio.gov/182/City-Parks	https://www.grovecityohio.gov/182/City-Parks	OH-FR-S-0855
OH-FR-S-0864	Keller Farms	Park			Active		City of Grove City Parks & Recreation					5.62400505	Franklin	Grove City		39.8731169	-83.0548742	86FRVWFW+62		Source: MORPC Parks and Open Space dataset (public-morpc.hub.arcgis.com), data updated 2025-07-01. MORPC ParkID: 369. MORPC Sub_Type: C.	https://public-morpc.hub.arcgis.com/datasets/parks-and-open-space/explore	https://public-morpc.hub.arcgis.com/datasets/parks-and-open-space/explore	
OH-FR-S-0865	The Big Splash	Park			Active		City of Grove City Parks & Recreation			The facility is a premier summer destination for families across the region and operates seasonally as part of the Grove City Parks & Recreation Department.		3.7792321	Franklin	Grove City		39.8885254	-83.0774213	86FRVWQF+C2	Parking Lot; Restrooms; Swimming Pool; Water Park; Waterslide	Source: MORPC Parks and Open Space dataset (public-morpc.hub.arcgis.com), data updated 2025-07-01. MORPC ParkID: 790. MORPC Sub_Type: C.	https://public-morpc.hub.arcgis.com/datasets/parks-and-open-space/explore	https://public-morpc.hub.arcgis.com/datasets/parks-and-open-space/explore	
OH-FR-S-0866	Swearingen Park	Park			Active		City of Grove City Parks & Recreation					0.96475935	Franklin	Grove City		39.8810565	-83.0724926	86FRVWJH+C2	Playground	Source: MORPC Parks and Open Space dataset (public-morpc.hub.arcgis.com), data updated 2025-07-01. MORPC ParkID: 776. MORPC Sub_Type: N.	https://public-morpc.hub.arcgis.com/datasets/parks-and-open-space/explore	https://public-morpc.hub.arcgis.com/datasets/parks-and-open-space/explore	
OH-FR-S-0867	Tanglebrook Park	Park			Active		City of Grove City Parks & Recreation			The artistic tree carvings are a distinctive feature that makes this park a local landmark.		5.32702331	Franklin	Grove City		39.8806328	-83.1076964	86FRVVJR+92	Playground	Source: MORPC Parks and Open Space dataset (public-morpc.hub.arcgis.com), data updated 2025-07-01. MORPC ParkID: 786. MORPC Sub_Type: C.	https://public-morpc.hub.arcgis.com/datasets/parks-and-open-space/explore	https://public-morpc.hub.arcgis.com/datasets/parks-and-open-space/explore	
OH-FR-S-0868	Walden Bluff Park	Park			Active		City of Grove City Parks & Recreation					1.75895941	Franklin	Grove City		39.8984694	-83.0754078	86FRVWXF+92	Playground	Source: MORPC Parks and Open Space dataset (public-morpc.hub.arcgis.com), data updated 2025-07-01. MORPC Sub_Type: N.	https://public-morpc.hub.arcgis.com/datasets/parks-and-open-space/explore	https://public-morpc.hub.arcgis.com/datasets/parks-and-open-space/explore	
OH-FR-S-0869	Meadowgrove Park	Park			Active		City of Grove City Parks & Recreation					12.02067683	Franklin	Grove City		39.8479415	-83.0693884	86FRRWXJ+22	Playground	Source: MORPC Parks and Open Space dataset (public-morpc.hub.arcgis.com), data updated 2025-07-01. MORPC ParkID: 403. MORPC Sub_Type: C.	https://public-morpc.hub.arcgis.com/datasets/parks-and-open-space/explore	https://public-morpc.hub.arcgis.com/datasets/parks-and-open-space/explore	
OH-FR-S-0870	Hoover Park	Recreation Facility			Active		City of Grove City Parks & Recreation					5.96291746	Franklin	Grove City		39.8697155	-83.0873698	86FRVW97+R2	Playground	Source: MORPC Parks and Open Space dataset (public-morpc.hub.arcgis.com), data updated 2025-07-01. MORPC ParkID: 327. MORPC Sub_Type: REC.	https://public-morpc.hub.arcgis.com/datasets/parks-and-open-space/explore	https://public-morpc.hub.arcgis.com/datasets/parks-and-open-space/explore	
OH-FR-S-0871	Concord Lakes	Park			Active		City of Grove City Parks & Recreation					7.45784017	Franklin	Grove City		39.8911408	-83.1140787	86FRVVRP+F2	Pond	Source: MORPC Parks and Open Space dataset (public-morpc.hub.arcgis.com), data updated 2025-07-01. MORPC ParkID: 618. MORPC Sub_Type: C.	https://public-morpc.hub.arcgis.com/datasets/parks-and-open-space/explore	https://public-morpc.hub.arcgis.com/datasets/parks-and-open-space/explore	
OH-FR-S-0872	Quail Creek Park	Park			Active		City of Grove City Parks & Recreation					5.03882746	Franklin	Grove City		39.842575	-83.0691811	86FRRWVJ+32	Playground	Source: MORPC Parks and Open Space dataset (public-morpc.hub.arcgis.com), data updated 2025-07-01. MORPC ParkID: 655. MORPC Sub_Type: C.	https://public-morpc.hub.arcgis.com/datasets/parks-and-open-space/explore	https://public-morpc.hub.arcgis.com/datasets/parks-and-open-space/explore	
OH-FR-S-0873	Indian Trails Park	Park			Active		City of Grove City Parks & Recreation					3.80410217	Franklin	Grove City		39.8354749	-83.0446227	86FRRXP4+22	Hiking Trail; Playground	Source: MORPC Parks and Open Space dataset (public-morpc.hub.arcgis.com), data updated 2025-07-01. MORPC ParkID: 343. MORPC Sub_Type: N.	https://public-morpc.hub.arcgis.com/datasets/parks-and-open-space/explore	https://public-morpc.hub.arcgis.com/datasets/parks-and-open-space/explore	
OH-FR-S-0874	Murfin Fields	Park			Active		City of Grove City Parks & Recreation			Spanning over 51 acres, the facility features nine soccer fields, five softball diamonds, four football fields, parking, and concession stands. The complex serves hundreds of youth athletes throughout the spring, summer, and fall seasons.		50.39875564	Franklin	Grove City		39.870436	-83.0814442	86FRVWC9+32	Athletic Field; Ball Diamond; Football Field; Parking Lot; Soccer Pitch	Source: MORPC Parks and Open Space dataset (public-morpc.hub.arcgis.com), data updated 2025-07-01. MORPC ParkID: 433. MORPC Sub_Type: C.	https://public-morpc.hub.arcgis.com/datasets/parks-and-open-space/explore	https://public-morpc.hub.arcgis.com/datasets/parks-and-open-space/explore	
OH-FR-S-0875	Demorest Road Park	Park			Active		City of Grove City Parks & Recreation					23.09810839	Franklin	Grove City		39.8863945	-83.1109055	86FRVVPQ+G2	Playground	Source: MORPC Parks and Open Space dataset (public-morpc.hub.arcgis.com), data updated 2025-07-01. MORPC Sub_Type: N.	https://public-morpc.hub.arcgis.com/datasets/parks-and-open-space/explore	https://public-morpc.hub.arcgis.com/datasets/parks-and-open-space/explore	
OH-FR-S-0876	Creekside Open Space	Park			Active		City of Grove City Parks & Recreation			The site provides natural habitat, stormwater management, and informal passive recreation along the creek corridor.		6.98270861	Franklin	Grove City		39.8557619	-83.0560457	86FRVW4V+82	Watercraft Access	Source: MORPC Parks and Open Space dataset (public-morpc.hub.arcgis.com), data updated 2025-07-01. MORPC Sub_Type: N.	https://public-morpc.hub.arcgis.com/datasets/parks-and-open-space/explore	https://public-morpc.hub.arcgis.com/datasets/parks-and-open-space/explore	
OH-FR-S-0877	Meadow Grove Open Space	Open Space			Active		City of Grove City Parks & Recreation			The site features open meadow areas and natural vegetation buffers for the surrounding residential community.		17.75250469	Franklin	Grove City		39.8448441	-83.0622528	86FRRWVQ+R2		Source: MORPC Parks and Open Space dataset (public-morpc.hub.arcgis.com), data updated 2025-07-01. MORPC Sub_Type: NOS.	https://public-morpc.hub.arcgis.com/datasets/parks-and-open-space/explore	https://public-morpc.hub.arcgis.com/datasets/parks-and-open-space/explore	
OH-FR-S-0878	Edgarton Drive Open Space	Open Space			Active		City of Grove City Parks & Recreation					2.96083342	Franklin	Grove City		39.869296	-83.0947395	86FRVW94+J2		Source: MORPC Parks and Open Space dataset (public-morpc.hub.arcgis.com), data updated 2025-07-01. MORPC Sub_Type: NOS.	https://public-morpc.hub.arcgis.com/datasets/parks-and-open-space/explore	https://public-morpc.hub.arcgis.com/datasets/parks-and-open-space/explore	
OH-FR-S-0879	Bluegill Pond	Open Space			Active		City of Grove City Parks & Recreation					5.01887809	Franklin	Grove City		39.8685456	-83.0793389	86FRVW9C+F2	Pond	Source: MORPC Parks and Open Space dataset (public-morpc.hub.arcgis.com), data updated 2025-07-01. MORPC Sub_Type: NOS.	https://public-morpc.hub.arcgis.com/datasets/parks-and-open-space/explore	https://public-morpc.hub.arcgis.com/datasets/parks-and-open-space/explore	
OH-FR-S-0880	Presley Drive Open Space	Open Space			Active		City of Grove City Parks & Recreation					6.69068664	Franklin	Grove City		39.8707925	-83.0604775	86FRVWCQ+92		Source: MORPC Parks and Open Space dataset (public-morpc.hub.arcgis.com), data updated 2025-07-01. MORPC Sub_Type: NOS.	https://public-morpc.hub.arcgis.com/datasets/parks-and-open-space/explore	https://public-morpc.hub.arcgis.com/datasets/parks-and-open-space/explore	
OH-FR-S-0881	Gantz Road Open Space	Open Space			Active		City of Grove City Parks & Recreation					34.28232861	Franklin	Grove City		39.8889289	-83.0500424	86FRVWQX+H2		Source: MORPC Parks and Open Space dataset (public-morpc.hub.arcgis.com), data updated 2025-07-01. MORPC Sub_Type: NOS.	https://public-morpc.hub.arcgis.com/datasets/parks-and-open-space/explore	https://public-morpc.hub.arcgis.com/datasets/parks-and-open-space/explore	
OH-FR-S-0882	Kingsdown Pond	Open Space			Active		City of Grove City Parks & Recreation					2.19878763	Franklin	Grove City		39.8661718	-83.0728486	86FRVW8G+H2	Pond	Source: MORPC Parks and Open Space dataset (public-morpc.hub.arcgis.com), data updated 2025-07-01. MORPC Sub_Type: NOS.	https://public-morpc.hub.arcgis.com/datasets/parks-and-open-space/explore	https://public-morpc.hub.arcgis.com/datasets/parks-and-open-space/explore	
OH-FR-S-0883	Buckeye Parkway Open Space	Open Space			Active		City of Grove City Parks & Recreation					35.15079733	Franklin	Grove City		39.8385912	-83.0498961	86FRRXQ2+C2		Source: MORPC Parks and Open Space dataset (public-morpc.hub.arcgis.com), data updated 2025-07-01. MORPC Sub_Type: NOS.	https://public-morpc.hub.arcgis.com/datasets/parks-and-open-space/explore	https://public-morpc.hub.arcgis.com/datasets/parks-and-open-space/explore	
OH-FR-S-0884	Southeast Conservation Club	Nature Preserve			Active		City of Grove City Parks & Recreation					284.7926658	Franklin	Grove City		39.8411201	-83.0292134	86FRRXRC+F2		Source: MORPC Parks and Open Space dataset (public-morpc.hub.arcgis.com), data updated 2025-07-01. MORPC Sub_Type: P.	https://public-morpc.hub.arcgis.com/datasets/parks-and-open-space/explore	https://public-morpc.hub.arcgis.com/datasets/parks-and-open-space/explore	
OH-FR-S-0885	Scioto Meadows	Park			Active		City of Grove City Parks & Recreation			The site features open meadow landscape, natural habitat, and passive recreation opportunities within the Scioto river ecosystem.		1.49900871	Franklin	Grove City		39.8329001	-83.0232058	86FRRXMG+42	Meadow; Watercraft Access	Source: MORPC Parks and Open Space dataset (public-morpc.hub.arcgis.com), data updated 2025-07-01. MORPC Sub_Type: N.	https://public-morpc.hub.arcgis.com/datasets/parks-and-open-space/explore	https://public-morpc.hub.arcgis.com/datasets/parks-and-open-space/explore	
OH-FR-S-0886	Creekside Park	Park			Active		City of Grove City Parks & Recreation			The park features open green space, creek-side natural areas, and recreational amenities for neighborhood residents.		26.93282154	Franklin	Grove City		39.8591904	-83.0609849	86FRVW5Q+P2	Playground; Watercraft Access	Source: MORPC Parks and Open Space dataset (public-morpc.hub.arcgis.com), data updated 2025-07-01. MORPC Sub_Type: C.	https://public-morpc.hub.arcgis.com/datasets/parks-and-open-space/explore	https://public-morpc.hub.arcgis.com/datasets/parks-and-open-space/explore	
OH-FR-S-0887	Quail Creek Park Open Space	Park			Active		City of Grove City Parks & Recreation			The site provides natural landscape and informal recreation opportunities complementing the adjacent Quail Creek Park.		1.27593672	Franklin	Grove City		39.8428061	-83.0714041	86FRRWVH+32		Source: MORPC Parks and Open Space dataset (public-morpc.hub.arcgis.com), data updated 2025-07-01. MORPC Sub_Type: N.	https://public-morpc.hub.arcgis.com/datasets/parks-and-open-space/explore	https://public-morpc.hub.arcgis.com/datasets/parks-and-open-space/explore	
OH-FR-S-0888	Town Center Gazebo	Open Space			Active		City of Grove City Parks & Recreation			The site serves as a community focal point for events, gatherings, and informal use in the downtown corridor.		0.05575764	Franklin	Grove City		39.8817553	-83.0943384	86FRVWJ4+M2	Gazebo	Source: MORPC Parks and Open Space dataset (public-morpc.hub.arcgis.com), data updated 2025-07-01. MORPC Sub_Type: NOS.	https://public-morpc.hub.arcgis.com/datasets/parks-and-open-space/explore	https://public-morpc.hub.arcgis.com/datasets/parks-and-open-space/explore	
OH-FR-S-0889	Arbutus Avenue Open Space	Open Space			Active		City of Grove City Parks & Recreation					0.74501029	Franklin	Grove City		39.8808985	-83.0920605	86FRVWJ5+62		Source: MORPC Parks and Open Space dataset (public-morpc.hub.arcgis.com), data updated 2025-07-01. MORPC Sub_Type: NOS.	https://public-morpc.hub.arcgis.com/datasets/parks-and-open-space/explore	https://public-morpc.hub.arcgis.com/datasets/parks-and-open-space/explore	
OH-FR-S-0890	Groveport Heritage Park	Park			Active		City of Groveport Parks & Recreation			7-acre historical and recreational park in Groveport featuring the historic Log House, originally built in 1815 and relocated to the park. The Log House is home to the Groveport Nature Center, which offers programs on pioneer life, natural science, and seasonal activities. The park also contains the Groveport Community Garden and Palm's Pond, stocked annually by the Ohio Department of Natural Resources.	551 Wirt Rd, Groveport, OH 43125	85.36	Franklin	Groveport		39.8524123	-82.8718301	86FVV42H+V2	Community Garden; Fishing Area; Historic Structure; Nature Center; Pond	Source: groveport.org/groveportrec.com (domain egress-blocked; address confirmed via web search snippets, 2026-03-14). Acreage: 16.7 acres (from official description). 16.7-acre park; home to the historic Log House. Ohio Historical Marker on site. Sharp's Landing (historic canal building) reconstructed across the street. Note: Yelp listing uses name 'Groveport Heritage Park'; official name may be 'Heritage Park'.	https://www.groveport.org/255/Features-Locations	https://www.groveport.org/255/Features-Locations;https://www.groveportrec.com/255/Features-Locations	
OH-FR-S-0891	Groveport Park	Park			Active		City of Groveport Parks & Recreation			3-acre community hub in Groveport and the city's largest park, home to the Groveport Recreation Center, Senior Center, Aquatic Center, and historic Lock 22 of the Ohio-Erie Canal. The park features ball diamonds, soccer fields, a playground, paved leisure paths, fishing ponds, pickleball courts, and extensive green space. A path connects to Blacklick Park and Rager Road at the northwest end.	Main St, Groveport, OH 43125	87.75	Franklin	Groveport		39.8687948	-82.881202	86FVV499+G2	Athletic Field; Community Center; Fishing Area; Hiking Trail; Historic Lock; Parking Lot; Pickleball Court; Playground; Pond; Swimming Pool	Source: groveport.org/groveportrec.com (domain egress-blocked; address confirmed via web search snippets, 2026-03-14). Acreage: 29.0 acres (from official description). 29.0-acre park along the historic Ohio and Erie Canal. Restored Lock 22 (Ohio & Erie Canal) visible within park. Trails along historic canal corridor. Ohio & Erie Canal crossed Main Street immediately east of historic marker. Exact street number not confirmed from web search; address is approximate (Main St). MUST VERIFY via browser.	https://www.groveport.org/255/Features-Locations	https://www.groveport.org/255/Features-Locations;https://www.groveportrec.com/255/Features-Locations	
OH-FR-S-0892	Degenhart Park	Park			Active		City of Groveport Parks & Recreation				355 Lesleh Ave, Groveport, OH 43125	3.89460584	Franklin	Upper Arlington		40.0106754	-83.0557349	86GR2W6V+82		Source: groveport.org/groveportrec.com (domain egress-blocked; address confirmed via web search snippets, 2026-03-14). Acreage: 7.2 acres (from official description). 7.2-acre park in the heart of Groveport. Three lighted tennis courts, picnic shelter, and playground.	https://www.groveport.org/255/Features-Locations	https://www.groveport.org/255/Features-Locations;https://www.groveportrec.com/255/Features-Locations;https://public-morpc.hub.arcgis.com/datasets/parks-and-open-space/explore	
OH-FR-S-0893	Founders Bend Park	Park			Active		City of Groveport Parks & Recreation				4329 Landings Rd, Groveport, OH 43125	0.04	Franklin	Groveport		39.9602134	-82.9332845	86FVX368+42	Playground; Watercraft Access	Source: groveport.org/groveportrec.com (domain egress-blocked; address confirmed via web search snippets, 2026-03-14). Acreage: 5.29 acres (from official description). 5.29-acre neighborhood park added to park system in 2016. Two playgrounds and green space.	https://www.groveport.org/255/Features-Locations	https://www.groveport.org/255/Features-Locations;https://www.groveportrec.com/255/Features-Locations	
OH-FR-S-0894	Veterans Park	Memorial			Active		City of Groveport Parks & Recreation			The park features a veterans memorial, open green space, and community gathering areas, serving as a site of civic remembrance for the Bexley community.	Main St, Groveport, OH 43125	0.03	Franklin	Groveport		39.960252	-82.9341456	86FVX368+32	Monument	Source: groveport.org/groveportrec.com (domain egress-blocked; address confirmed via web search snippets, 2026-03-14). Acreage: 0.1 acres (from official description). 0.1-acre memorial park on Main Street honoring those who served the armed forces. Four distinct areas: Donor's Common, Peace Garden, Honor Court, and Quiet Garden. Groveport Veterans' Park listed in American Legion memorial registry. Exact address not confirmed; approximate location Main St downtown Groveport.	https://www.groveport.org/255/Features-Locations	https://www.groveport.org/255/Features-Locations;https://www.groveportrec.com/255/Features-Locations;https://obetz.oh.us/parks-and-recreation/parks/;https://www.lockbourneohio.us/	
OH-FR-S-0895	Glendening Park	Park			Active		City of Groveport Parks & Recreation				Groveport, OH 43125	0.03	Franklin	Groveport		39.958906	-82.933867	86FVX358+F2	Playground	Source: groveport.org/groveportrec.com (domain egress-blocked; address confirmed via web search snippets, 2026-03-14). Acreage: 10.4 acres (from official description). 10.4-acre neighborhood park located northwest of Glendening Elementary school. Lined with various trees; playground. Street address not found from web search. MUST VERIFY via browser.	https://www.groveport.org/255/Features-Locations	https://www.groveport.org/255/Features-Locations;https://www.groveportrec.com/255/Features-Locations	
OH-FR-S-0896	Commerce Center Park	Park			Active		City of Groveport Parks & Recreation				Groveport, OH 43125	0.11	Franklin	Groveport		39.9740834	-82.9341603	86FVX3F8+M2		Source: groveport.org/groveportrec.com (domain egress-blocked; address confirmed via web search snippets, 2026-03-14). Acreage: 25.2 acres (from official description). 25.2-acre park within the Groveport Commerce Center business district. Large pond, paved leisure path, picnic tables, and benches. Street address not found from web search. MUST VERIFY via browser.	https://www.groveport.org/255/Features-Locations	https://www.groveport.org/255/Features-Locations;https://www.groveportrec.com/255/Features-Locations	
OH-FR-S-0897	Groveport Cruiser Park	Park			Active		City of Groveport Parks & Recreation			A section of the Foor Leisure Path winds through the park, and a bicycle repair station was installed along the path in 2018. The park provides peaceful walking, cycling, and passive recreation under a canopy of some of Groveport's largest trees.		87.74693932	Franklin	Groveport		39.8491324	-82.8864316	86FVR4X7+M2	Bike Repair Station; Hiking Trail; Multi-use Trail	Source: MORPC Parks and Open Space dataset (public-morpc.hub.arcgis.com), data updated 2025-07-01. MORPC ParkID: 273. MORPC Sub_Type: R.	https://public-morpc.hub.arcgis.com/datasets/parks-and-open-space/explore	https://public-morpc.hub.arcgis.com/datasets/parks-and-open-space/explore	
OH-FR-S-0898	Orchard Park	Park			Active		City of Groveport Parks & Recreation					10.51508305	Franklin	Groveport		39.8598497	-82.897752	86FVV452+X2	Arboretum; Playground	Source: MORPC Parks and Open Space dataset (public-morpc.hub.arcgis.com), data updated 2025-07-01. MORPC ParkID: 481. MORPC Sub_Type: C.	https://public-morpc.hub.arcgis.com/datasets/parks-and-open-space/explore	https://public-morpc.hub.arcgis.com/datasets/parks-and-open-space/explore	
OH-FR-S-0899	Blacklick Park	Park			Active		City of Groveport Parks & Recreation			1-acre park in Groveport featuring numerous athletic fields and a large wetland area. The park sits at the original site of Groveport's historic dry dock and boat yard along the canal, and connects to Groveport Park via an unpaved foot and bike path.		10.7778846	Franklin	Groveport		39.8541292	-82.8777891	86FVV43C+Q2	Athletic Field; Hiking Trail; Historic Canal Segment; Wetland	Source: MORPC Parks and Open Space dataset (public-morpc.hub.arcgis.com), data updated 2025-07-01. MORPC ParkID: 72. MORPC Sub_Type: C.	https://public-morpc.hub.arcgis.com/datasets/parks-and-open-space/explore	https://public-morpc.hub.arcgis.com/datasets/parks-and-open-space/explore	
OH-FR-S-0900	McCord Park	Park			Active		City of Worthington Parks & Recreation				333 E Wilson Bridge Rd, Worthington, OH 43085	26.19	Franklin	Worthington		40.1071708	-83.0048205	86GR4X4W+R2	Picnic Area; Playground	Source: worthington.org (domain egress-blocked; address confirmed via web search snippets, 2026-03-14). ~25 acres; adjacent to Worthington Community Center. Sports fields, playgrounds, community garden, two reservable open-air shelters, restrooms. City of Worthington's primary community park.	https://worthington.org/252/Parks	https://worthington.org/252/Parks	
OH-FR-S-0901	Selby Park	Park			Active		City of Worthington Parks & Recreation				358 Selby Blvd S, Worthington, OH 43085	1.77	Franklin	Worthington		40.0772821	-83.0084354	86GR3XGR+W2	Athletic Field; Picnic Area; Playground	Source: worthington.org (domain egress-blocked; address confirmed via web search snippets, 2026-03-14). Neighborhood park on Selby Boulevard.	https://worthington.org/252/Parks	https://worthington.org/252/Parks	
OH-FR-S-0902	Wilson Hill Park	Park			Active		City of Worthington Parks & Recreation				1025 Ridgedale Dr E, Worthington, OH 43085	3.23479354	Franklin	Marble Cliff		39.9825017	-83.0595639	86FRXWMR+22		Source: worthington.org (domain egress-blocked; address confirmed via web search snippets, 2026-03-14). Community park; described as 'hidden gem in Worthington.' Natural wooded character.	https://worthington.org/252/Parks	https://worthington.org/252/Parks;https://public-morpc.hub.arcgis.com/datasets/parks-and-open-space/explore	
OH-FR-S-0903	Pingree Park	Park			Active		City of Worthington Parks & Recreation				374 Pingree Dr, Worthington, OH 43085	1.12	Franklin	Worthington		40.0902998	-83.0093616	86GR3XRR+32	Playground	Source: worthington.org (domain egress-blocked; address confirmed via web search snippets, 2026-03-14). Community park on Pingree Drive. Worthington Facility ID 12.	https://worthington.org/252/Parks	https://worthington.org/252/Parks	
OH-FR-S-0904	Park Boulevard Park	Natural Area			Active		City of Worthington Parks & Recreation				125 Park Blvd, Worthington, OH 43085	0.06	Franklin	Worthington		39.9696724	-82.9369051	86FVX397+R2	Playground	Source: worthington.org (domain egress-blocked; address confirmed via web search snippets, 2026-03-14). Small park along Rush Creek corridor. Limited parking (~5-6 cars on street). Natural green space. Worthington Facility ID 10.	https://worthington.org/252/Parks	https://worthington.org/252/Parks	
OH-FR-S-0905	Godown Park	Park			Active		City of Worthington Parks & Recreation				6099 Godown Rd, Columbus, OH 43085	0.52	Franklin	Worthington		39.9816524	-82.9346016	86FVX3J8+J2	Playground	Source: worthington.org (domain egress-blocked; address confirmed via web search snippets, 2026-03-14). 10-acre off-leash dog park; 1-acre small dog area + 4.5-acre large dog area. Managed by City of Worthington BUT physically located in Columbus at 6099 Godown Rd. Described as co-owned with Columbus (grand opening July 2018). Address is technically Columbus — municipality confirmed at Resolution. Cross-tier flag: may appear in Columbus Rec Parks records. Worthington Facility ID 3.	https://worthington.org/252/Parks	https://worthington.org/252/Parks	
OH-FR-S-0906	Heischman Park	Park			Active		City of Worthington Parks & Recreation				Worthington-Galena Rd, Worthington, OH 43085	1	Franklin	Worthington		40.1024622	-83.0072566	86GR4X2V+R2	Picnic Area; Playground	Source: worthington.org (domain egress-blocked; address confirmed via web search snippets, 2026-03-14). 1.4-acre park along Worthington-Galena Road. Playground, tot lot, picnic tables, drinking fountain. Exact house number not confirmed; address is road name only.	https://worthington.org/252/Parks	https://worthington.org/252/Parks	
OH-FR-S-0907	Worthington Village Green	Park			Active		City of Worthington Parks & Recreation			Surrounded by historic architecture, the Village Green hosts community events, farmers markets, and seasonal gatherings throughout the year.	High St & W New England Ave, Worthington, OH 43085	0.6	Franklin	Worthington		40.0884472	-83.0184148	86GR3XQJ+82	Gazebo; Historic Structure	Source: worthington.org (domain egress-blocked; address confirmed via web search snippets, 2026-03-14). Historic town green at the heart of Worthington's downtown. Four quadrants at High Street and OH-161 (Old Worthington / Old Village area). Described as 'four quadrants at High St. and 161.' Also referenced as 'Village Green' or 'Town Green.' Community events and programming. Address is intersection/center; exact address TBD.	https://worthington.org/252/Parks	https://worthington.org/252/Parks	
OH-FR-S-0908	Whitney Playground	Natural Area			Active		City of Worthington Parks & Recreation				End of Whitney Ave, Worthington, OH 43085		Franklin	Worthington		40.098	-83.02	86GR3XXJ+62	Playground	Source: worthington.org (domain egress-blocked; address confirmed via web search snippets, 2026-03-14). Small playground at end of Whitney Avenue within Olentangy River Parklands corridor. No official parking lot; accessed via street. Whitney Ave dead-ends at park. Part of Olentangy River riparian corridor.; GPS approx: GPS approximate — end of Whitney Ave, Worthington Estates; field verify recommended	https://worthington.org/252/Parks	https://worthington.org/252/Parks	OH-FR-S-0678
OH-FR-S-0909	East Granville Road Park	Park			Active		City of Worthington Parks & Recreation				East Granville Rd, Worthington, OH 43085	7.79	Franklin	Worthington		40.0874968	-83.0099021	86GR3XPR+R2	Playground	Source: worthington.org (domain egress-blocked; address confirmed via web search snippets, 2026-03-14). 7.8-acre park. Playground, tot lot, shelter house, drinking fountain, picnic tables. Contains Moses Wright Nature Area (natural area sub-unit; may be recorded as child site). Worthington Facility ID 2. Exact street number not confirmed from web search.	https://worthington.org/252/Parks	https://worthington.org/252/Parks	
OH-FR-S-0910	Moses Wright Nature Area	Natural Area			Active		City of Worthington Parks & Recreation			The natural area provides passive recreation, wildlife habitat, and nature observation opportunities in a preserved landscape.	East Granville Rd, Worthington, OH 43085	7	Franklin			40.08852	-83.01076	86GR3XQQ+G2	Hiking Trail	Worthington; East Granville Road Park total ~7.8 ac; Moses Wright nature area ~7 ac per Worthington Spotlight	https://worthington.org/252/Parks	https://worthington.org/252/Parks	OH-FR-S-0909
OH-FR-S-0911	Hartford Park	Park			Active		City of Worthington Parks & Recreation					3.11485569	Franklin	Worthington		40.0903709	-83.0148827	86GR3XRP+22	Playground	Source: MORPC Parks and Open Space dataset (public-morpc.hub.arcgis.com), data updated 2025-07-01. MORPC ParkID: 288. MORPC Sub_Type: N.	https://public-morpc.hub.arcgis.com/datasets/parks-and-open-space/explore	https://public-morpc.hub.arcgis.com/datasets/parks-and-open-space/explore	
OH-FR-S-0912	Huntley Bowl Park	Park			Active		City of Worthington Parks & Recreation					7.07065158	Franklin	Worthington		40.0925774	-83.0006701	86GR3XVX+42	Amphitheater; Playground; Sledding Hill	Source: MORPC Parks and Open Space dataset (public-morpc.hub.arcgis.com), data updated 2025-07-01. MORPC ParkID: 337. MORPC Sub_Type: C.	https://public-morpc.hub.arcgis.com/datasets/parks-and-open-space/explore	https://public-morpc.hub.arcgis.com/datasets/parks-and-open-space/explore	
OH-FR-S-0913	Linworth Park	Park			Active		City of Worthington Parks & Recreation					12.55186633	Franklin	Worthington		40.0876763	-83.0508516	86GR3WQX+42	Playground	Source: MORPC Parks and Open Space dataset (public-morpc.hub.arcgis.com), data updated 2025-07-01. MORPC ParkID: 357. MORPC Sub_Type: C.	https://public-morpc.hub.arcgis.com/datasets/parks-and-open-space/explore	https://public-morpc.hub.arcgis.com/datasets/parks-and-open-space/explore	
OH-FR-S-0914	Park Blvd./Devil'S Hill Park	Park			Active		City of Worthington Parks & Recreation					4.9496951	Franklin	Worthington		40.0803474	-83.0144739	86GR3XJP+22	Playground; Sledding Hill	Source: MORPC Parks and Open Space dataset (public-morpc.hub.arcgis.com), data updated 2025-07-01. MORPC ParkID: 628. MORPC Sub_Type: N.	https://public-morpc.hub.arcgis.com/datasets/parks-and-open-space/explore	https://public-morpc.hub.arcgis.com/datasets/parks-and-open-space/explore	
OH-FR-S-0915	Shaker Square Park	Park			Active		City of Worthington Parks & Recreation					1.23279365	Franklin	Worthington		40.0863342	-83.0407536	86GR3XP5+G2	Playground	Source: MORPC Parks and Open Space dataset (public-morpc.hub.arcgis.com), data updated 2025-07-01. MORPC ParkID: 726. MORPC Sub_Type: N.	https://public-morpc.hub.arcgis.com/datasets/parks-and-open-space/explore	https://public-morpc.hub.arcgis.com/datasets/parks-and-open-space/explore	
OH-FR-S-0916	Rush Run Park	Park			Active		City of Worthington Parks & Recreation			The park offers green space, trail access along the creek corridor, and informal recreation areas for nearby residents.		38.95293733	Franklin	Worthington		40.0761145	-83.0295023	86GR3XGC+C2	Hiking Trail; Playground; Watercraft Access	Source: MORPC Parks and Open Space dataset (public-morpc.hub.arcgis.com), data updated 2025-07-01. MORPC ParkID: 699. MORPC Sub_Type: R.	https://public-morpc.hub.arcgis.com/datasets/parks-and-open-space/explore	https://public-morpc.hub.arcgis.com/datasets/parks-and-open-space/explore	
OH-FR-S-0917	Mccord Soccer Fields	Park			Active		City of Worthington Parks & Recreation			The facility supports the city's active soccer programming with well-maintained turf fields and associated amenities.		2.92341901	Franklin	Worthington		40.1079413	-83.0069353	86GR4X5V+22	Athletic Field; Parking Lot; Soccer Pitch	Source: MORPC Parks and Open Space dataset (public-morpc.hub.arcgis.com), data updated 2025-07-01. MORPC ParkID: 393. MORPC Sub_Type: N.	https://public-morpc.hub.arcgis.com/datasets/parks-and-open-space/explore	https://public-morpc.hub.arcgis.com/datasets/parks-and-open-space/explore	
OH-FR-S-0918	Village Green Park	Open Space			Active		City of Worthington Parks & Recreation					0.59885467	Franklin	Worthington		40.0884472	-83.0184148	86GR3XQJ+82		Source: MORPC Parks and Open Space dataset (public-morpc.hub.arcgis.com), data updated 2025-07-01. MORPC Sub_Type: NOS.	https://public-morpc.hub.arcgis.com/datasets/parks-and-open-space/explore	https://public-morpc.hub.arcgis.com/datasets/parks-and-open-space/explore	
OH-FR-S-0919	West Wilson Bridge Road Open Space	Open Space			Active		City of Worthington Parks & Recreation					2.95467597	Franklin	Worthington		40.1062167	-83.0372146	86GR4X47+C2		Source: MORPC Parks and Open Space dataset (public-morpc.hub.arcgis.com), data updated 2025-07-01. MORPC Sub_Type: NOS.	https://public-morpc.hub.arcgis.com/datasets/parks-and-open-space/explore	https://public-morpc.hub.arcgis.com/datasets/parks-and-open-space/explore	
OH-FR-S-0920	Jeffrey Park	Park			Active		City of Bexley Recreation and Parks			Jeffrey family in 1941. The park encompasses nearly 40 acres of active and passive recreation space including a children's playground, two tennis courts, picnic areas with grills, open green space, and the Bexley Community Pool. Jeffrey Park is the centerpiece of Bexley's park system.	165 N Parkview Ave, Bexley, OH 43209	33.62	Franklin	Bexley		39.9728621	-82.9441984	86FVX3F4+32	Grill; Picnic Area; Playground; Swimming Pool; Tennis Court	Source: bexley.org (domain egress-blocked; address confirmed via web search snippets, 2026-03-14). 30+ acres along Alum Creek; western boundary is Alum Creek. Amenities: 1+ mile walking paths, play apparatus, two tennis courts, picnic areas with grills, passive and active green space, boardwalk along Alum Creek, Bexley Historical Society. Contains David H. Madison Community Pool (accessed from 2100 Clifton Ave entrance) and Jeffrey Mansion historic estate (recorded as child sites). Jeffrey Park Loop trail via AllTrails. Alum Creek Trail runs adjacent (managed by Columbus Rec Parks — cross-tier; not a Bexley asset). Open daily 7am–10pm.	https://bexley.org/parks/	https://bexley.org/parks/	
OH-FR-S-0921	Commonwealth Park	Park			Active		City of Bexley Recreation and Parks			The parks provide additional green space, picnic areas, and passive recreation opportunities adjacent to the main Jeffrey Park.	Commonwealth Park N, Bexley, OH 43209	6.81	Franklin	Bexley		39.972811	-82.9389505	86FVX3F6+32	Picnic Area	Source: bexley.org (domain egress-blocked; address confirmed via web search snippets, 2026-03-14). Park bordered by Commonwealth Park North and Commonwealth Park South streets, east of N Parkview Ave and west of N Drexel Ave. Part of the Jeffrey Park complex (~40-acre combined total per city description). Approx. 1/3 of area used as athletic practice and playing fields for youth sports. Remainder: passive park with outdoor exercise stations (west half = 'Commonwealth West'). Arboretum walk on west side with interactive pond, tree island, native plantings (added Oct 2023, part of Year of the Parks). Address is street name only; exact house number not confirmed. MUST VERIFY via browser.	https://bexley.org/parks/	https://bexley.org/parks/	
OH-FR-S-0922	Schneider Park	Park			Active		City of Bexley Recreation and Parks				2130 Astor Ave, Bexley, OH 43209	4.05	Franklin	Bexley		39.9514805	-82.9423582	86FVX325+C2	Dog Park; Hiking Trail; Sledding Hill	Source: bexley.org (domain egress-blocked; address confirmed via web search snippets, 2026-03-14). SW Bexley at terminus of Astor Ave near Sheridan Ave. Amenities: shelter house, playground, splash pad, fairy garden, free little library, athletic fields, south community gardens, gazebo, firepit, creek overlook. Contains Bexley Natural Dog Park (recorded as child site; opened June 2023; mulch/wood surface; 2 fenced areas for small and large dogs; part of Bexley Arboretum program). Major improvements completed as part of Year of the Parks 2023.	https://bexley.org/parks/	https://bexley.org/parks/	
OH-FR-S-0923	Havenwood Park	Park			Active		City of Bexley Recreation and Parks				2425 Havenwood Drive South, Bexley, OH 43209	1.09	Franklin	Bexley		39.9508781	-82.9333697	86FVX328+82	Playground	Source: bexley.org (domain egress-blocked; address confirmed via web search snippets, 2026-03-14). Oval-shaped passive park north of Charles Street, between Euclaire Ave and S Cassingham Rd. Contains several unique tree species found nowhere else in Bexley. Host to Jazz in the Park summer music series.	https://bexley.org/parks/	https://bexley.org/parks/	
OH-FR-S-0924	Denise G. Blank (DGB) Kindness Park	Park			Active		City of Bexley Recreation and Parks				E Main St, Bexley, OH 43209	0.04	Franklin	Bexley		39.9603764	-82.9373823	86FVX367+22	Fountain; Public Art Installation	Source: bexley.org (domain egress-blocked; address confirmed via web search snippets, 2026-03-14). Pocket park located west of Drexel Theatre (2254 E Main St) in Bexley's arts district. Named for Denise G. Blank. Also referred to as 'DGB Kindness Park.' Exact address not confirmed; approximate location E Main St near Drexel Theatre. MUST VERIFY address via browser.	https://bexley.org/parks/	https://bexley.org/parks/	
OH-FR-S-0925	David H. Madison Community Pool	Recreation Facility			Seasonal		City of Bexley Recreation and Parks			The pool honors David H. Madison, a community member.	2100 Clifton Ave, Bexley, OH 43209		Franklin			39.971377	-82.945645	86FVX3C3+G2	Parking Lot; Restrooms; Swimming Pool	Source: bexley.org (domain egress-blocked; address confirmed via web search snippets, 2026-03-14). Community pool within Jeffrey Park; accessed from Clifton Ave entrance. Complex includes slides, diving well, leisure pool, baby pool, and lap lanes. Officially named David H. Madison Community Pool. Open seasonally (Memorial Day – Labor Day approx.).	https://bexley.org/parks/	https://bexley.org/parks/	OH-FR-S-0920
OH-FR-S-0926	Jeffrey Mansion	Recreation Facility			Active		City of Bexley Recreation and Parks			The historic property hosts community events, gatherings, and cultural programming, functioning as a landmark within the Bexley park system.	165 N Parkview Ave, Bexley, OH 43209		Franklin			39.97304	-82.941081	86FVX3F5+82	Historic Structure	Manually assigned historic event/community venue managed by Bexley Recreation and Parks	https://bexley.org/parks/	https://bexley.org/parks/	OH-FR-S-0920
OH-FR-S-0927	Bexley Natural Dog Park	Natural Area			Active		City of Bexley Recreation and Parks			The natural dog park provides a wooded, off-leash area for dogs to exercise and socialize.	2130 Astor Ave, Bexley, OH 43209	0.03	Franklin	Bexley		39.9599335	-82.9337795	86FVX358+V2	Dog Park	Source: bexley.org (domain egress-blocked; address confirmed via web search snippets, 2026-03-14). Off-leash natural dog park within Schneider Park (part of Bexley Arboretum program). Opened June 17, 2023. Mulch-based with wood features. Two fenced areas: large dogs and small dogs (separate sections). Open daily dawn to dusk. Part of Year of the Parks 2023 improvements.	https://bexley.org/parks/	https://bexley.org/parks/	OH-FR-S-0922
OH-FR-S-0928	Sheridan Park	Park			Active		City of Bexley Recreation and Parks					0.6016309	Franklin	Bexley		39.9531428	-82.9427117	86FVX334+92	Playground	Source: MORPC Parks and Open Space dataset (public-morpc.hub.arcgis.com), data updated 2025-07-01. MORPC Sub_Type: N.	https://public-morpc.hub.arcgis.com/datasets/parks-and-open-space/explore	https://public-morpc.hub.arcgis.com/datasets/parks-and-open-space/explore	
OH-FR-S-0929	Bevelhymer Park	Recreation Facility			Active		New Albany Parks & Recreation				7860 Bevelhymer Rd, New Albany, OH 43054	142.55	Franklin	New Albany		40.1159535	-82.7872532	86GV4687+62	Athletic Field; Ball Diamond; Hiking Trail; Lacrosse Field; Parking Lot; Picnic Shelter; Playground; Soccer Pitch	Source: naparksohio.org/cityofnewalbany.com (domains egress-blocked; address confirmed via web search snippets, 2026-03-14). 145-acre district hub; opened 2001. 32 fields for baseball, softball, soccer, football, and lacrosse. Two tennis courts, paved walking trail, concession stands, restroom facilities, outdoor fitness equipment, playgrounds, pavilions. New Albany Parks & Recreation headquarters and equipment facility on-site.	https://naparksohio.org/parks-and-facilities/	https://naparksohio.org/parks-and-facilities/	
OH-FR-S-0930	Silver Street Park	Recreation Facility			Active		New Albany Parks & Recreation				New Albany, OH 43054	0.05	Franklin	New Albany		39.9614994	-82.9336485	86FVX368+G2	Playground	Source: naparksohio.org/cityofnewalbany.com (domains egress-blocked; address confirmed via web search snippets, 2026-03-14). 14.875-acre park. Features indoor sports turf (50 yd x 50 yd), football/soccer stadium with press box, concession stands. Several outdoor features. Managed by City of New Albany per cityofnewalbany.com/parks/silver-street-park/. Street address not confirmed from web search. MUST VERIFY via browser.	https://naparksohio.org/parks-and-facilities/	https://naparksohio.org/parks-and-facilities/	
OH-FR-S-0931	Wexner Community Park	Park			Active		City of New Albany				600 Swickard Woods Blvd, New Albany, OH 43054	0.13	Franklin	New Albany		39.9696434	-82.9374126	86FVX397+R2	Athletic Field; Playground	Source: naparksohio.org/cityofnewalbany.com (domains egress-blocked; address confirmed via web search snippets, 2026-03-14). 2.2-acre community park. Pavilion with fireplace, warming kitchen, restrooms. Adjacent multi-age playground and lawn space. Used for community events and family gatherings.	https://cityofnewalbany.com/parks/	https://cityofnewalbany.com/parks/	
OH-FR-S-0932	Rose Run Park	Natural Area			Active		City of New Albany			The park integrates active recreation with nature-based play along the Rose Run creek corridor.	200 W Main St, New Albany, OH 43054	5.76	Franklin	New Albany		40.0827039	-82.8146524	86GV35MP+22	Bike Repair Station; Hiking Trail; Nature Play Area; Watercraft Access	Source: naparksohio.org/cityofnewalbany.com (domains egress-blocked; address confirmed via web search snippets, 2026-03-14). Streamside park completed late 2019 as part of the Rose Run Corridor project. Adjacent to New Albany School learning campus, Plain Township Aquatic Center, and Wexner Park. Leisure trails along Rose Run creek corridor. MKSK Planning designed Rose Run Corridor. Historical markers: Rose Run Park and Raines Crossing at Rose Run Park (HMDB #247840, #247835).	https://cityofnewalbany.com/parks/	https://cityofnewalbany.com/parks/	
OH-FR-S-0933	Taylor Farm Park	Natural Area			Active		City of New Albany			The park provides active and passive recreation opportunities alongside agricultural heritage programming.	5526 E Dublin-Granville Rd, New Albany, OH 43054	0.03	Franklin	New Albany		39.9584756	-82.9339032	86FVX358+72	Community Garden; Hiking Trail	Source: naparksohio.org/cityofnewalbany.com (domains egress-blocked; address confirmed via web search snippets, 2026-03-14). ~100-acre park on former Taylor Farm site (farm dating to 1800s). Phase 1 opened as part of conversion/conservation project. Natural character; trails; converted agricultural land. Multi-phase development per City of New Albany park projects page.	https://cityofnewalbany.com/parks/	https://cityofnewalbany.com/parks/	
OH-FR-S-0934	Swickard Woods Park	Natural Area			Active		City of New Albany				5101 Swickard Woods Blvd, New Albany, OH 43054	47.36	Franklin	New Albany		40.0892462	-82.814998	86GV35QP+J2	Arboretum; Hiking Trail; Old-Growth Stand	Source: naparksohio.org/cityofnewalbany.com (domains egress-blocked; address confirmed via web search snippets, 2026-03-14). Wooded natural area and arboretum in New Albany. Adjacent to Wexner Community Park (600 Swickard Woods Blvd). Signature tree species and natural paths.	https://cityofnewalbany.com/parks/	https://cityofnewalbany.com/parks/	
OH-FR-S-0935	Lambton Park	Natural Area			Active		City of New Albany			The park's pond and open landscape make it a popular destination for relaxed outdoor recreation in New Albany.	7301 Lambton Green S, New Albany, OH 43054	7.21	Franklin	New Albany		40.0618917	-82.8245658	86GV356G+J2	Fishing Area; Hiking Trail; Picnic Area; Playground; Pond	Source: naparksohio.org/cityofnewalbany.com (domains egress-blocked; address confirmed via web search snippets, 2026-03-14). Neighborhood park with leisure trails, large pond for fishing, vast open space, and playground. Located in Lambton Park neighborhood. Described as a signature New Albany neighborhood park.	https://cityofnewalbany.com/parks/	https://cityofnewalbany.com/parks/	
OH-FR-S-0936	Ratchford Fens Park	Natural Area			Active		City of New Albany			The preserve provides ecological habitat for rare fen plant communities, wildlife observation, and passive nature recreation along walking paths through the wetland landscape.	New Albany, OH 43054	0.05	Franklin	New Albany		39.9601017	-82.9304196	86FVX369+52	Fen; Hiking Trail; Wetland	Source: naparksohio.org/cityofnewalbany.com (domains egress-blocked; address confirmed via web search snippets, 2026-03-14). Passive open space park with leisure trails and bridge. Nestled between Fenway and Upper Fenway subdivisions. Natural fens character (wetland remnant). Street address not confirmed from web search. MUST VERIFY via browser.	https://cityofnewalbany.com/parks/	https://cityofnewalbany.com/parks/	
OH-FR-S-0937	Resch Park	Natural Area			Active		City of New Albany				New Albany, OH 43054	0.05	Franklin	New Albany		39.9590977	-82.9305081	86FVX359+Q2	Picnic Area; Playground	Source: naparksohio.org/cityofnewalbany.com (domains egress-blocked; address confirmed via web search snippets, 2026-03-14). Named for William Resch, 'Nature Guy,' lifelong educator and community environmentalist. Located adjacent to the George & Christina Ealy House (New Albany Historical Society). Nestled between Upper Fenway and Fenway subdivisions. Passive open space with leisure trails and bridge. Described as 'arguably one of the prettiest' parks in New Albany. Street address not confirmed from web search. MUST VERIFY via browser.	https://cityofnewalbany.com/parks/	https://cityofnewalbany.com/parks/	
OH-FR-S-0938	Nature Preserve	Nature Preserve			Active		City of New Albany			This nature preserve in Franklin County provides protected natural habitat including woodland, wetland, or other ecological communities. The site offers passive recreation opportunities including nature observation and informal trail access.		27.24406235	Franklin			40.0374776	-82.8309688	86GV25P9+W2		Source: MORPC Parks and Open Space dataset (public-morpc.hub.arcgis.com), data updated 2025-07-01. MORPC ParkID: 436. MORPC Sub_Type: PR.	https://public-morpc.hub.arcgis.com/datasets/parks-and-open-space/explore	https://public-morpc.hub.arcgis.com/datasets/parks-and-open-space/explore	
OH-FR-S-0939	Fenway Road Open Space	Park			Active		City of New Albany					7.86041928	Franklin	New Albany		40.0711973	-82.8186709	86GV35CJ+G2		Source: MORPC Parks and Open Space dataset (public-morpc.hub.arcgis.com), data updated 2025-07-01. MORPC ParkID: 561. MORPC Sub_Type: C.	https://public-morpc.hub.arcgis.com/datasets/parks-and-open-space/explore	https://public-morpc.hub.arcgis.com/datasets/parks-and-open-space/explore	
OH-FR-S-0940	James River Road Open Space	Park			Active		City of New Albany					15.16568453	Franklin	New Albany		40.0546047	-82.8317873	86GV3539+V2		Source: MORPC Parks and Open Space dataset (public-morpc.hub.arcgis.com), data updated 2025-07-01. MORPC ParkID: 563. MORPC Sub_Type: C.	https://public-morpc.hub.arcgis.com/datasets/parks-and-open-space/explore	https://public-morpc.hub.arcgis.com/datasets/parks-and-open-space/explore	
OH-FR-S-0941	Eyre Hall Pass Open Space	Park			Active		City of New Albany					4.56036593	Franklin	New Albany		40.0563028	-82.8226102	86GV354G+H2		Source: MORPC Parks and Open Space dataset (public-morpc.hub.arcgis.com), data updated 2025-07-01. MORPC ParkID: 564. MORPC Sub_Type: N.	https://public-morpc.hub.arcgis.com/datasets/parks-and-open-space/explore	https://public-morpc.hub.arcgis.com/datasets/parks-and-open-space/explore	
OH-FR-S-0942	Planters Grove Open Space	Open Space			Active		City of New Albany					10.88406183	Franklin	New Albany		40.0552567	-82.8376025	86GV3546+52		Source: MORPC Parks and Open Space dataset (public-morpc.hub.arcgis.com), data updated 2025-07-01. MORPC Sub_Type: NOS.	https://public-morpc.hub.arcgis.com/datasets/parks-and-open-space/explore	https://public-morpc.hub.arcgis.com/datasets/parks-and-open-space/explore	
OH-FR-S-0943	Prembrooke Green Open Space	Open Space			Active		City of New Albany					0.64228409	Franklin	New Albany		40.0585876	-82.8137454	86GV355P+G2		Source: MORPC Parks and Open Space dataset (public-morpc.hub.arcgis.com), data updated 2025-07-01. MORPC Sub_Type: NOS.	https://public-morpc.hub.arcgis.com/datasets/parks-and-open-space/explore	https://public-morpc.hub.arcgis.com/datasets/parks-and-open-space/explore	
OH-FR-S-0944	New Albany Farms Open Space	Open Space			Active		City of New Albany					7.83177962	Franklin	New Albany		40.0541471	-82.8036061	86GV353W+P2		Source: MORPC Parks and Open Space dataset (public-morpc.hub.arcgis.com), data updated 2025-07-01. MORPC Sub_Type: NOS.	https://public-morpc.hub.arcgis.com/datasets/parks-and-open-space/explore	https://public-morpc.hub.arcgis.com/datasets/parks-and-open-space/explore	
OH-FR-S-0945	Hampsted Village Green Space	Open Space			Active		City of New Albany					0.75639488	Franklin	New Albany		40.0839736	-82.8260209	86GV35MF+G2		Source: MORPC Parks and Open Space dataset (public-morpc.hub.arcgis.com), data updated 2025-07-01. MORPC Sub_Type: NOS.	https://public-morpc.hub.arcgis.com/datasets/parks-and-open-space/explore	https://public-morpc.hub.arcgis.com/datasets/parks-and-open-space/explore	
OH-FR-S-0946	Hampsted Village	Open Space			Active		City of New Albany					1.04489014	Franklin	New Albany		40.0829615	-82.8260196	86GV35MF+42	Playground	Source: MORPC Parks and Open Space dataset (public-morpc.hub.arcgis.com), data updated 2025-07-01. MORPC Sub_Type: NOS.	https://public-morpc.hub.arcgis.com/datasets/parks-and-open-space/explore	https://public-morpc.hub.arcgis.com/datasets/parks-and-open-space/explore	
OH-FR-S-0947	Kitzmiller Road Open Space	Open Space			Active		City of New Albany					25.98173187	Franklin	New Albany		40.0910359	-82.7848263	86GV36R8+C2		Source: MORPC Parks and Open Space dataset (public-morpc.hub.arcgis.com), data updated 2025-07-01. MORPC Sub_Type: NOS.	https://public-morpc.hub.arcgis.com/datasets/parks-and-open-space/explore	https://public-morpc.hub.arcgis.com/datasets/parks-and-open-space/explore	
OH-FR-S-0948	Saunton Open Space	Open Space			Active		City of New Albany					1.98958229	Franklin	New Albany		40.0949925	-82.7986355	86GV36V2+W2		Source: MORPC Parks and Open Space dataset (public-morpc.hub.arcgis.com), data updated 2025-07-01. MORPC Sub_Type: NOS.	https://public-morpc.hub.arcgis.com/datasets/parks-and-open-space/explore	https://public-morpc.hub.arcgis.com/datasets/parks-and-open-space/explore	
OH-FR-S-0949	Lansdowne Open Space	Open Space			Active		City of New Albany					3.97391467	Franklin	New Albany		40.0641956	-82.8296672	86GV357C+J2		Source: MORPC Parks and Open Space dataset (public-morpc.hub.arcgis.com), data updated 2025-07-01. MORPC Sub_Type: NOS.	https://public-morpc.hub.arcgis.com/datasets/parks-and-open-space/explore	https://public-morpc.hub.arcgis.com/datasets/parks-and-open-space/explore	
OH-FR-S-0950	Reynoldsburg Civic Park	Park			Active		City of Reynoldsburg Parks & Recreation				6800 Daugherty Dr, Reynoldsburg, OH 43068	142.78	Franklin	Reynoldsburg		39.9734489	-82.818968	86FVX5FJ+72	Athletic Field; Ball Diamond; Basketball Court; Hiking Trail; Multi-use Trail; Playground; Restrooms; Soccer Pitch	Source: reynoldsburg.gov (domain egress-blocked; address confirmed via web search snippets, 2026-03-14). Primary civic park in Reynoldsburg. Yelp address range listed as 6800-6860 Daugherty Dr. Features include dog park area (confirmed via dog park directories). Note: one listing describes 'Civic Park in Etna' at 103.7 acres (may be a data error or a different park entirely); Reynoldsburg Civic Park at Daugherty Dr is the confirmed address. MUST VERIFY exact acreage via browser.	https://www.reynoldsburg.gov/195/Parks-Recreation	https://www.reynoldsburg.gov/195/Parks-Recreation;https://www.reynoldsburg.gov/Facilities	
OH-FR-S-0951	John F. Kennedy Park	Park			Active		City of Reynoldsburg Parks & Recreation				7232 E Main St, Reynoldsburg, OH 43068	27.27789711	Franklin	Reynoldsburg		39.9735901	-82.9256158	86FVX3FF+H2	Playground	Source: reynoldsburg.gov (domain egress-blocked; address confirmed via web search snippets, 2026-03-14). ~26 acres (one source cites 18.6 acres; 26 acres per another). Contains skate park, multiple athletic fields, trails. 0.56-mile Blacklick bike path/walking trail segment runs through JFK Park connecting to Huber Park. Note: Waze shows alternate address as 7238 E Main St — slight discrepancy; same park.	https://www.reynoldsburg.gov/195/Parks-Recreation	https://www.reynoldsburg.gov/195/Parks-Recreation;https://www.reynoldsburg.gov/Facilities;https://public-morpc.hub.arcgis.com/datasets/parks-and-open-space/explore	
OH-FR-S-0952	Pine Quarry Park	Natural Area			Active		City of Reynoldsburg Parks & Recreation			French Run Creek winds through the park, with two bridges and stepping stones for crossing. A scenic rim trail offers overlook views of the quarry. The park is known for spring wildflowers and creek exploration.	8000 Kingsley Dr, Reynoldsburg, OH 43068	40.79	Franklin	Reynoldsburg		39.9628313	-82.7882889	86FVX676+42	Hiking Trail; Parking Lot	Source: reynoldsburg.gov (domain egress-blocked; address confirmed via web search snippets, 2026-03-14). ~39 acres of picturesque landscapes. Hiking trails; former quarry landscape character. Alternate address cited as 7907 Priestley Dr per some listings; 8000 Kingsley Dr per Yelp and mypacer.com. MUST VERIFY primary address via browser.	https://www.reynoldsburg.gov/195/Parks-Recreation	https://www.reynoldsburg.gov/195/Parks-Recreation;https://www.reynoldsburg.gov/Facilities	
OH-FR-S-0953	Huber Park (Heritage Sports Complex)	Recreation Facility			Active		City of Reynoldsburg Parks & Recreation			A 0.68-mile section of the Blacklick bike path and walking trail runs through the park, connecting JFK Park on Main Street with Livingston Avenue.	1520 Davidson Dr, Reynoldsburg, OH 43068	47.27	Franklin	Reynoldsburg		39.9492061	-82.8036215	86FVW5XW+P2	Ball Diamond; Hiking Trail; Multi-use Trail; Playground; Restrooms	Source: reynoldsburg.gov (domain egress-blocked; address confirmed via web search snippets, 2026-03-14). 43.1 acres. Multiple ball diamonds, picnic tables, multi-use trail. 0.68-mile Blacklick bike path/walking trail runs through Huber Park connecting JFK Park to Livingston Avenue. Also known as 'Heritage Sports Complex.' Note: a separate Yelp listing shows 'Huber Park' at 7300 Livingston Ave — this may be a secondary entrance address; 1520 Davidson Dr per recdesk.com/city facility records.	https://www.reynoldsburg.gov/195/Parks-Recreation	https://www.reynoldsburg.gov/195/Parks-Recreation;https://www.reynoldsburg.gov/Facilities	
OH-FR-S-0954	Old Rodebaugh Park	Park			Active		City of Reynoldsburg Parks & Recreation			A small creek runs along the edge of the park with informal trails providing access to the creek corridor.	7300 Rodebaugh Rd, Reynoldsburg, OH 43068	3.53	Franklin	Reynoldsburg		39.9708438	-82.8060947	86FVX5CV+82	Hiking Trail; Picnic Table Cluster; Playground	Source: reynoldsburg.gov (domain egress-blocked; address confirmed via web search snippets, 2026-03-14). Park along Rodebaugh Road. Playground, walking trails, picnic areas. Gazebo reservable for groups of 40 or fewer. Dog park in vicinity (7305 Rodebaugh Rd per Bark Park Finder — may be same park or adjacent). Note: 8020 Rodebaugh Rd also referenced in facilities listing — possible second unit or maintenance area. MUST VERIFY park boundaries and extent via browser.	https://www.reynoldsburg.gov/195/Parks-Recreation	https://www.reynoldsburg.gov/195/Parks-Recreation;https://www.reynoldsburg.gov/Facilities	
OH-FR-S-0956	Livingston House	Park			Active		City of Reynoldsburg Parks & Recreation			The Blacklick bike path and walking trail connecting Huber Park with JFK Park passes through the Livingston Avenue corridor near this site.		3.3030645	Franklin	Reynoldsburg		39.9473503	-82.7955765	86FVW6W3+X2		Source: MORPC Parks and Open Space dataset (public-morpc.hub.arcgis.com), data updated 2025-07-01. MORPC ParkID: 359. MORPC Sub_Type: N.	https://public-morpc.hub.arcgis.com/datasets/parks-and-open-space/explore	https://public-morpc.hub.arcgis.com/datasets/parks-and-open-space/explore	
OH-FR-S-0957	New Park	Park			Active		City of Reynoldsburg Parks & Recreation					7.95343757	Franklin	Reynoldsburg		39.9764111	-82.7856652	86FVX6G7+G2		Source: MORPC Parks and Open Space dataset (public-morpc.hub.arcgis.com), data updated 2025-07-01. MORPC ParkID: 445. MORPC Sub_Type: C.	https://public-morpc.hub.arcgis.com/datasets/parks-and-open-space/explore	https://public-morpc.hub.arcgis.com/datasets/parks-and-open-space/explore	
OH-FR-S-0958	Cheriton Circle Open Space	Open Space			Active		City of Reynoldsburg Parks & Recreation					0.75542079	Franklin	Reynoldsburg		39.9745702	-82.7924954	86FVX6F5+R2		Source: MORPC Parks and Open Space dataset (public-morpc.hub.arcgis.com), data updated 2025-07-01. MORPC Sub_Type: NOS.	https://public-morpc.hub.arcgis.com/datasets/parks-and-open-space/explore	https://public-morpc.hub.arcgis.com/datasets/parks-and-open-space/explore	
OH-FR-S-0959	Whitehall Community Park	Park			Active		City of Whitehall Parks & Recreation			The park offers open green space, walking paths along the creek, picnic facilities, and a range of outdoor amenities for community use.	360 S Yearling Rd, Whitehall, OH 43213	102.99	Franklin	Whitehall		39.981522	-82.8672512	86FVX4JM+J2	Hiking Trail; Picnic Area; Watercraft Access	Source: whitehall-oh.us (domain egress-blocked; address confirmed via web search snippets, 2026-03-14). Whitehall's largest park; 60 acres with upper and lower level. Whitehall Community Park YMCA (402 N Hamilton Rd) is co-located on park property and operated by YMCA of Central Ohio — NOT a city asset; noted for Resolution dedup check. Park address confirmed per city event listings at 360 S Yearling Rd.	https://www.whitehall-oh.us/183/Parks-and-Amenities	https://www.whitehall-oh.us/183/Parks-and-Amenities	
OH-FR-S-0960	John Bishop Memorial Park	Park			Active		City of Whitehall Parks & Recreation				4815 Etna Rd, Whitehall, OH 43213	38.16	Franklin	Whitehall		39.9630892	-82.8692442	86FVX47J+72	Amphitheater; Ball Diamond; Parking Lot; Playground; Restrooms; Spray Park	Source: whitehall-oh.us (domain egress-blocked; address confirmed via web search snippets, 2026-03-14). Whitehall's most active park; spans almost two full city blocks. Amenities: splashpad (operated May 24–Aug 31 per city website), John F. LaCorte Amphitheater (summer concert series), youth baseball and softball diamonds, street hockey rink, football field, playground, walking paths, rentable open-air picnic shelter, basketball courts, pickleball courts, four-square courts. Adjacent to Whitehall Senior Center and Community Garden.	https://www.whitehall-oh.us/183/Parks-and-Amenities	https://www.whitehall-oh.us/183/Parks-and-Amenities	
OH-FR-S-0961	Norton Field Park	Park			Active		City of Whitehall Parks & Recreation				4464 San Jose Ln, Whitehall, OH 43213	1.69	Franklin	Whitehall		39.972003	-82.8814913	86FVX4C9+V2	Athletic Field; Parking Lot	Source: whitehall-oh.us (domain egress-blocked; address confirmed via web search snippets, 2026-03-14). Small neighborhood park. Playground equipment suitable for toddlers. Walking loop trail.	https://www.whitehall-oh.us/183/Parks-and-Amenities	https://www.whitehall-oh.us/183/Parks-and-Amenities	
OH-FR-S-0962	Lamby Lane Park	Park			Active		City of Whitehall Parks & Recreation				Beechwood Rd & Lamby Ln, Whitehall, OH 43213	3.71	Franklin	Whitehall		39.9591144	-82.8930796	86FVX454+Q2	Playground	Source: whitehall-oh.us (domain egress-blocked; address confirmed via web search snippets, 2026-03-14). Small park at corner of Beechwood Rd and Lamby Lane. Fully paved walking loop, outdoor workout station, small playground (younger children), swings, covered open-air shelter house (rentable). Street number not confirmed; address is intersection. MUST VERIFY via browser.	https://www.whitehall-oh.us/183/Parks-and-Amenities	https://www.whitehall-oh.us/183/Parks-and-Amenities	
OH-FR-S-0963	Robinwood Park	Park			Active		City of Whitehall Parks & Recreation				Robinwood Ave, Whitehall, OH 43213	0.69	Franklin	Whitehall		39.9665225	-82.896886	86FVX483+J2	Playground	Source: whitehall-oh.us (domain egress-blocked; address confirmed via web search snippets, 2026-03-14). Small neighborhood park with playground and picnic area. Located along Robinwood Avenue; exact house number not confirmed from web search. NOTE: 65 Robinwood Ave is an apartment complex — park may not have a numbered address. MUST VERIFY via browser.	https://www.whitehall-oh.us/183/Parks-and-Amenities	https://www.whitehall-oh.us/183/Parks-and-Amenities	
OH-FR-S-0964	The Kelley Green	Park			Active		City of Whitehall Parks & Recreation				105 Norton Park Dr, Whitehall, OH 43213		Franklin			39.965	-82.887	86FVX487+22		Source: whitehall-oh.us (domain egress-blocked; address confirmed via web search snippets, 2026-03-14). Contemporary community gathering space in Norton Crossing mixed-use development. Serves as central public green for Norton Crossing residents and visitors. Adjacent to restaurants, retail, and luxury apartments in Norton Crossing. Managed by City of Whitehall. DORA (Designated Outdoor Refreshment Area) designation nearby.; GPS approx: GPS approximate — 105 Norton Park Dr, Norton Crossing, Whitehall; Census no match	https://www.whitehall-oh.us/183/Parks-and-Amenities	https://www.whitehall-oh.us/183/Parks-and-Amenities	
OH-FR-S-0965	Central Bark Dog Park	Park			Active		City of Whitehall Parks & Recreation			The facility features separate areas for large and small dogs, water stations, and benches for owners.	Washburn St, Whitehall, OH 43213	0.04	Franklin	Whitehall		39.9601882	-82.9326307	86FVX368+52	Dog Park	Source: whitehall-oh.us (domain egress-blocked; address confirmed via web search snippets, 2026-03-14). City-managed off-leash dog park. ForeverLawn synthetic turf surface. Two fenced areas: large dogs and small dogs. Hours: Tuesday–Sunday 8am–dark; closed Mondays. Street number not confirmed from web search; address is Washburn St. MUST VERIFY exact address via browser.	https://www.whitehall-oh.us/183/Parks-and-Amenities	https://www.whitehall-oh.us/183/Parks-and-Amenities	
OH-FR-S-0966	John Bishop Park	Park			Active		City of Whitehall Parks & Recreation			The park honors community member John Bishop with athletic fields and community gathering spaces.		38.15717604	Franklin	Whitehall		39.9592222	-82.9342243	86FVX358+M2	Athletic Field; Playground	Source: MORPC Parks and Open Space dataset (public-morpc.hub.arcgis.com), data updated 2025-07-01. MORPC ParkID: 361. MORPC Sub_Type: C.	https://public-morpc.hub.arcgis.com/datasets/parks-and-open-space/explore	https://public-morpc.hub.arcgis.com/datasets/parks-and-open-space/explore	
OH-FR-S-0967	BEECHWOOD PLAY AREA	Open Space			Active		City of Whitehall Parks & Recreation					0.33371265	Franklin	Whitehall		39.9679032	-82.8926455	86FVX494+52	Playground	Source: MORPC Parks and Open Space dataset (public-morpc.hub.arcgis.com), data updated 2025-07-01. MORPC Sub_Type: NOS.	https://public-morpc.hub.arcgis.com/datasets/parks-and-open-space/explore	https://public-morpc.hub.arcgis.com/datasets/parks-and-open-space/explore	
OH-FR-S-0968	McKinley Field	Recreation Facility			Active		City of Grandview Heights Parks & Recreation			The campus serves as the hub of Grandview Heights' recreational programming.	1661 Goodale Blvd, Grandview Heights, OH 43212	5.17	Franklin	Grandview Heights		39.9765722	-83.0517004	86FRXWGX+M2	Athletic Field; Community Center; Parking Lot; Playground	Source: grandviewheights.gov (domain egress-blocked; address confirmed via web search snippets, 2026-03-14). Grandview Heights' primary community park and sports complex. Home to Grandview Heights Parks & Recreation offices. Athletic fields, 4 tennis courts (also listed as 'McKinley Park'). Adjacent park buildings designed by Meyers+Associates (2020s improvements). 'No Dogs' posted.	https://grandviewheights.gov/110/Parks	https://grandviewheights.gov/110/Parks	
OH-FR-S-0969	C. Ray Buck Sports Park	Park			Active		City of Grandview Heights Parks & Recreation				1280 Goodale Blvd, Grandview Heights, OH 43212	4.73514255	Franklin	Grandview Heights		39.9758391	-83.0383978	86FRXXG6+82	Athletic Field; Hiking Trail; Playground	Source: grandviewheights.gov (domain egress-blocked; address confirmed via web search snippets, 2026-03-14). 7.8-acre park along Goodale Blvd. Provides tranquil green space and recreational areas.	https://grandviewheights.gov/110/Parks	https://grandviewheights.gov/110/Parks;https://public-morpc.hub.arcgis.com/datasets/parks-and-open-space/explore	
OH-FR-S-0970	Wyman Woods Park	Natural Area			Active		City of Grandview Heights Parks & Recreation				1515 Goodale Blvd, Grandview Heights, OH 43212	13.25	Franklin	Grandview Heights		39.9778138	-83.0437475	86FRXXH4+42	Hiking Trail	Source: grandviewheights.gov (domain egress-blocked; address confirmed via web search snippets, 2026-03-14). 6.0-acre wooded green space along Goodale Blvd. Natural wooded character; walking paths. Address also cited as 'Goodale Blvd & Grandview Ave' intersection per zmaps.net.	https://grandviewheights.gov/110/Parks	https://grandviewheights.gov/110/Parks	
OH-FR-S-0971	Grandview Heights Memorial Park	Park			Active		City of Grandview Heights Parks & Recreation				1135 W 2nd Ave, Grandview Heights, OH 43212	0.32	Franklin	Columbus		39.98204	-82.9345192	86FVX3J8+R2	Monument	Source: grandviewheights.gov (domain egress-blocked; address confirmed via web search snippets, 2026-03-14). Small neighborhood memorial park in the heart of a residential area.	https://grandviewheights.gov/110/Parks	https://grandviewheights.gov/110/Parks	
OH-FR-S-0972	Pierce Field	Recreation Facility			Active		City of Grandview Heights Parks & Recreation			The field provides recreational court sports facilities for Grandview Heights residents.	1175 Hilo Ln, Grandview Heights, OH 43212	4.47	Franklin	Grandview Heights		39.9802623	-83.0333795	86FRXXJ8+42	Athletic Field; Pickleball Court; Tennis Court	Source: grandviewheights.gov (domain egress-blocked; address confirmed via web search snippets, 2026-03-14). Two tennis courts and 4 pickleball courts (temporary pickleball nets). 'No Dogs' posted. Note: alternate address cited as 1080 W 1st Ave in mypacer.com — verify primary address via browser.	https://grandviewheights.gov/110/Parks	https://grandviewheights.gov/110/Parks	
OH-FR-S-0973	Urlin Tennis Courts	Recreation Facility			Active		City of Grandview Heights Parks & Recreation			The facility is named in honor of the Urlin family, who donated land to the city in the 1930s.	1755 Goodale Blvd, Grandview Heights, OH 43212		Franklin			39.976755	-83.052428	86FRXWGX+J2	Athletic Field; Tennis Court	Source: grandviewheights.gov (domain egress-blocked; address confirmed via web search snippets, 2026-03-14). 4 tennis courts and practice wall. Lights available; manually operated dusk to dawn daily. Open to public first-come first-serve unless reserved for programming or leagues.	https://grandviewheights.gov/110/Parks	https://grandviewheights.gov/110/Parks	
OH-FR-S-0974	Grandview Heights Skate Park	Park			Active		City of Grandview Heights Parks & Recreation				1350 Goodale Blvd, Grandview Heights, OH 43212	3.96	Franklin	Grandview Heights		39.887514	-83.0681027	86FRVWQJ+52	Skate Park	Source: grandviewheights.gov (domain egress-blocked; address confirmed via web search snippets, 2026-03-14). Skate park located in the Municipal Pool parking lot (1350 Goodale Blvd). May be considered a child site of the Municipal Pool / Goodale Blvd recreation corridor.	https://grandviewheights.gov/110/Parks	https://grandviewheights.gov/110/Parks	
OH-FR-S-0975	Wallace Gardens	Community Garden			Active		City of Grandview Heights Parks & Recreation			The gardens were established on land donated to the city in the 1930s by photographer and real estate developer George Urlin, and provide individual garden plots for Grandview Heights residents.	Grandview Ave & Goodale Blvd, Grandview Heights, OH 43212	5.81	Franklin	Grandview Heights		39.9762208	-83.0468939	86FRXXG3+C2	Community Garden	Source: grandviewheights.gov (domain egress-blocked; address confirmed via web search snippets, 2026-03-14). Community garden at SW corner of Grandview Ave and Goodale Blvd. Serves residents of Grandview Heights and Marble Cliff. Intersection address only; no street number. MUST VERIFY via browser.	https://grandviewheights.gov/110/Parks	https://grandviewheights.gov/110/Parks	
OH-FR-S-0976	Parkway Mini	Park			Active		City of Grandview Heights Parks & Recreation			The compact park provides informal outdoor amenities in a residential setting.		0.1889031	Franklin	Grandview Heights		39.9827112	-83.0338738	86FRXXM8+32		Source: MORPC Parks and Open Space dataset (public-morpc.hub.arcgis.com), data updated 2025-07-01. MORPC Sub_Type: N.	https://public-morpc.hub.arcgis.com/datasets/parks-and-open-space/explore	https://public-morpc.hub.arcgis.com/datasets/parks-and-open-space/explore	
OH-FR-S-0977	Roger Hanners Recreational Fields & Skate Park	Recreation Facility			Active		City of Canal Winchester Parks & Recreation			Roger Hanners Recreational Fields and Skate Park is a multi-use recreational facility featuring athletic fields for youth and adult sports and a dedicated skate park area. The facility honors Roger Hanners with active recreation amenities serving the surrounding community.	458 Groveport Rd, Canal Winchester, OH 43110	0.15	Franklin	Canal Winchester		39.9590326	-82.9283905	86FVX35C+P2	Athletic Field; Parking Lot; Skate Park	Source: canalwinchesterohio.gov (domain egress-blocked; address confirmed via web search snippets, 2026-03-14). Multi-use recreational complex. 6 baseball and softball fields, batting cage, bleachers, parking for ~100 vehicles. Skate park on-site. Walking paths, playground, picnic shelters. Official name: Roger Hanners Recreational Fields & Skate Park. Also referenced as 'Hanners Park' in shorter form.	https://www.canalwinchesterohio.gov/164/Parks-and-Recreation	https://www.canalwinchesterohio.gov/164/Parks-and-Recreation	
OH-FR-S-0978	McGill Park	Park			Active		City of Canal Winchester Parks & Recreation			Phase One features four soccer fields, walking trails, and a nature-themed destination playground with climbing walls, slides, swings, a playhouse, log steppers, rope climber, two overlook platforms, a zipline, and a parkour climber. Future phases will add multipurpose fields, a dog park, and an event center.	6725 Lithopolis-Winchester Rd, Canal Winchester, OH 43110	86.15	Franklin	Canal Winchester		39.8331885	-82.8050501	86FVR5MV+92	Hiking Trail; Parking Lot; Playground; Soccer Pitch	Source: canalwinchesterohio.gov (domain egress-blocked; address confirmed via web search snippets, 2026-03-14). Community park with soccer fields, nature-themed playground, walking trails. 3-season shelter house with warming kitchen, sink, and restrooms opened May 2024. Pickleball courts opened July 2024. Open shelter house (older facility also on site).	https://www.canalwinchesterohio.gov/164/Parks-and-Recreation	https://www.canalwinchesterohio.gov/164/Parks-and-Recreation	
OH-FR-S-0979	Westchester Park	Park			Active		City of Canal Winchester Parks & Recreation				6620 Dietz Dr, Canal Winchester, OH 43110	1.53	Franklin	Columbus		39.9357357	-83.1534994	86FRWRPW+82	Playground	Source: canalwinchesterohio.gov (domain egress-blocked; address confirmed via web search snippets, 2026-03-14). Neighborhood park. Playground (swings, slides, climbing structures), covered shelter house with electric hook-up and charcoal grills, walking trail, lending library, exercise stations. Hours: 6am–dusk.	https://www.canalwinchesterohio.gov/164/Parks-and-Recreation	https://www.canalwinchesterohio.gov/164/Parks-and-Recreation	
OH-FR-S-0980	Stradley Place	Park			Active		City of Canal Winchester Parks & Recreation				30 S High St, Canal Winchester, OH 43110		Franklin			39.84225	-82.805745	86FVR5RV+W2		Source: canalwinchesterohio.gov (domain egress-blocked; address confirmed via web search snippets, 2026-03-14). Small downtown green space behind city municipal building (36 S High St). Amenities: water fountain, covered gazebo, bench seating, open lawn. Also referenced as 'Stradley Park' in informal usage. Host to annual summer 'Music in the Park' concert series and Canal Winchester Labor Day Festival staging. Hours: Always open.	https://www.canalwinchesterohio.gov/164/Parks-and-Recreation	https://www.canalwinchesterohio.gov/164/Parks-and-Recreation	
OH-FR-S-0981	Downtown Canal Winchester Park	Park			Active		City of Canal Winchester Parks & Recreation				N High St, Canal Winchester, OH 43110	0.04	Franklin	Canal Winchester		39.9591714	-82.9327043	86FVX358+Q2		Source: canalwinchesterohio.gov (domain egress-blocked; address confirmed via web search snippets, 2026-03-14). Small downtown park featuring historic Ohio & Erie Canal stones configured for group activities. Playset, swingset, shelterhouse, 2 basketball courts, seasonal portable restrooms. Located in the historic downtown district near the visitor information center (11 N High St, Ste 200). May be the same as Stradley Place or a distinct adjacent green space; MUST VERIFY at Resolution. NOTE: Canal is the central identity element — this area is the heart of historic Canal Winchester.	https://www.canalwinchesterohio.gov/164/Parks-and-Recreation	https://www.canalwinchesterohio.gov/164/Parks-and-Recreation	
OH-FR-S-0982	Groveport Road Open Space	Open Space			Active		City of Canal Winchester Parks & Recreation					5.44735301	Franklin	Canal Winchester		39.8461657	-82.8301834	86FVR5W9+H2		Source: MORPC Parks and Open Space dataset (public-morpc.hub.arcgis.com), data updated 2025-07-01. MORPC Sub_Type: NOS.	https://public-morpc.hub.arcgis.com/datasets/parks-and-open-space/explore	https://public-morpc.hub.arcgis.com/datasets/parks-and-open-space/explore	
OH-FR-S-0983	Canal Winchester Municipal Pool	Park			Active		City of Canal Winchester Parks & Recreation					4.49978445	Franklin	Canal Winchester		39.8443393	-82.8108274	86FVR5VQ+P2	Parking Lot; Restrooms; Swimming Pool	Source: MORPC Parks and Open Space dataset (public-morpc.hub.arcgis.com), data updated 2025-07-01. MORPC ParkID: 494. MORPC Sub_Type: N.	https://public-morpc.hub.arcgis.com/datasets/parks-and-open-space/explore	https://public-morpc.hub.arcgis.com/datasets/parks-and-open-space/explore	
OH-FR-S-0984	Walnut Creek Park	Nature Preserve			Active		City of Canal Winchester Parks & Recreation			The park connects to the Canal Winchester Trail System.		75.23062594	Franklin	Canal Winchester		39.8381446	-82.8376167	86FVR5Q6+92	Hiking Trail; Multi-use Trail; Watercraft Access	Source: MORPC Parks and Open Space dataset (public-morpc.hub.arcgis.com), data updated 2025-07-01. MORPC Sub_Type: PRES.	https://public-morpc.hub.arcgis.com/datasets/parks-and-open-space/explore	https://public-morpc.hub.arcgis.com/datasets/parks-and-open-space/explore	
OH-FR-S-0985	Ashbrook Road Open Space	Nature Preserve			Active		City of Canal Winchester Parks & Recreation					42.64389432	Franklin	Canal Winchester		39.8302763	-82.8172199	86FVR5JM+22		Source: MORPC Parks and Open Space dataset (public-morpc.hub.arcgis.com), data updated 2025-07-01. MORPC Sub_Type: PRES.	https://public-morpc.hub.arcgis.com/datasets/parks-and-open-space/explore	https://public-morpc.hub.arcgis.com/datasets/parks-and-open-space/explore	
OH-FR-S-0986	Pfeifer Park	Park			Active		City of Canal Winchester Parks & Recreation					1.6553192	Franklin	Canal Winchester		39.8486905	-82.8081518	86FVR5XR+G2	Playground	Source: MORPC Parks and Open Space dataset (public-morpc.hub.arcgis.com), data updated 2025-07-01. MORPC Sub_Type: N.	https://public-morpc.hub.arcgis.com/datasets/parks-and-open-space/explore	https://public-morpc.hub.arcgis.com/datasets/parks-and-open-space/explore	
OH-FR-S-0987	East Columbus Street Park	Park			Active		City of Canal Winchester Parks & Recreation					4.85472934	Franklin	Canal Winchester		39.8391036	-82.8046118	86FVR5QW+J2	Picnic Area; Playground	Source: MORPC Parks and Open Space dataset (public-morpc.hub.arcgis.com), data updated 2025-07-01. MORPC Sub_Type: N.	https://public-morpc.hub.arcgis.com/datasets/parks-and-open-space/explore	https://public-morpc.hub.arcgis.com/datasets/parks-and-open-space/explore	
OH-FR-S-0988	Covenant Way Open Space	Open Space			Active		City of Canal Winchester Parks & Recreation					0.68027116	Franklin	Canal Winchester		39.8447877	-82.8145634	86FVR5VP+R2		Source: MORPC Parks and Open Space dataset (public-morpc.hub.arcgis.com), data updated 2025-07-01. MORPC Sub_Type: NOS.	https://public-morpc.hub.arcgis.com/datasets/parks-and-open-space/explore	https://public-morpc.hub.arcgis.com/datasets/parks-and-open-space/explore	
OH-FR-S-0989	Hanners Park	Park			Active		City of Canal Winchester Parks & Recreation			The park also serves as a trailhead and parking area for the Canal Winchester Trail System.		10.07901362	Franklin	Canal Winchester		39.8454773	-82.8205031	86FVR5WH+52	Ball Diamond; Hiking Trail; Parking Lot; Picnic Shelter; Playground; Soccer Pitch	Source: MORPC Parks and Open Space dataset (public-morpc.hub.arcgis.com), data updated 2025-07-01. MORPC Sub_Type: C.	https://public-morpc.hub.arcgis.com/datasets/parks-and-open-space/explore	https://public-morpc.hub.arcgis.com/datasets/parks-and-open-space/explore	
OH-FR-S-0990	Cherry Landing Open Space	Open Space			Active		City of Canal Winchester Parks & Recreation					8.26342339	Franklin	Canal Winchester		39.8507578	-82.8191647	86FVV52J+72		Source: MORPC Parks and Open Space dataset (public-morpc.hub.arcgis.com), data updated 2025-07-01. MORPC Sub_Type: NOS.	https://public-morpc.hub.arcgis.com/datasets/parks-and-open-space/explore	https://public-morpc.hub.arcgis.com/datasets/parks-and-open-space/explore	
OH-FR-S-0991	Memorial Park	Park			Active		City of Obetz Parks & Recreation				4175 Alum Creek Dr, Obetz, OH 43207	0.19	Franklin	Columbus		39.9509508	-82.9920764	86FVX225+62	Monument	Largest Obetz park; 80 acres. Softball/baseball complex, 3 football/soccer fields, 2 basketball courts, children's playground, 1-acre fishing pond (largemouth bass, bluegill, catfish), 2 concession stands, large parking lot. Obetz Athletic Club and Fortress Obetz entertainment complex also on-site (recorded as child sites).	https://obetz.oh.us/parks-and-recreation/parks/	https://obetz.oh.us/parks-and-recreation/parks/	
OH-FR-S-0992	Junction Park	Park			Active		City of Obetz Parks & Recreation				4390 Lancaster Ave, Obetz, OH 43207	1.13	Franklin	Grandview Heights		39.9818016	-83.0355506	86FRXXJ7+Q2	Playground	4.5-acre park. Formerly named Lancaster Park; renamed Junction Park. Features splash pad that converts to outdoor ice rink in winter — first splash pad/ice rink combo in the country. Also: shelter house, playground, 2 Bocce ball courts.	https://obetz.oh.us/parks-and-recreation/parks/	https://obetz.oh.us/parks-and-recreation/parks/	
OH-FR-S-0993	Community Center Park	Park			Active		City of Obetz Parks & Recreation				1650 Obetz Ave, Obetz, OH 43207	0.17	Franklin	Upper Arlington		39.9928164	-83.0601212	86FRXWVQ+52		3-acre park next to Obetz Community Center. Tennis court, 2 basketball courts, playground equipment, spring toys, swing set.	https://obetz.oh.us/parks-and-recreation/parks/	https://obetz.oh.us/parks-and-recreation/parks/	
OH-FR-S-0994	Dixon Quarry	Natural Area			Active		City of Obetz Parks & Recreation			The site offers unique geological character and open space, serving as a passive recreation area with natural features remaining from its quarry history.	4400 Industrial Center Dr, Obetz, OH 43207	46.2	Franklin	Obetz		39.8804067	-82.9251902	86FVV3JF+52		Former quarry site. 6-acre stocked lake (bass, minnows, bluegill, crappie, catfish, rainbow trout). Archery range, walking paths, rentable pavilion, fitness trails, bike path. Pavilion address cited as 4400 Industrial Center Dr per recdesk.com.	https://obetz.oh.us/parks-and-recreation/parks/	https://obetz.oh.us/parks-and-recreation/parks/	
OH-FR-S-0995	Bridlewood Park	Park			Active		City of Obetz Parks & Recreation				Bridlewood Blvd, Obetz, OH 43207	4.1	Franklin	Obetz		39.8770889	-82.9445284	86FVV3G4+R2	Picnic Area; Playground	Neighborhood park. Described as 'a fine neighborhood park' (TripAdvisor review). Street number not confirmed from web search; address is road name only. MUST VERIFY.	https://obetz.oh.us/parks-and-recreation/parks/	https://obetz.oh.us/parks-and-recreation/parks/	
OH-FR-S-0996	McFadyen Park	Park			Active		City of Obetz Parks & Recreation				Jermoore Rd, Obetz, OH 43207	0.05	Franklin	Obetz		39.9603454	-82.9366597	86FVX367+32	Playground	3-acre park located along Jermoore Road. Swing sets, climbing toy with slides, basketball court, paved parking area. Street number not confirmed; address is road name only. MUST VERIFY.	https://obetz.oh.us/parks-and-recreation/parks/	https://obetz.oh.us/parks-and-recreation/parks/	
OH-FR-S-0997	Fortress Obetz	Recreation Facility			Active		City of Obetz Parks & Recreation			The multi-use venue serves as the community's signature gathering destination for events ranging from motorsports to live music.	4175 Alum Creek Dr, Obetz, OH 43207	62.7	Franklin	Obetz		39.8861499	-82.9453349	86FVV3P3+H2	Amphitheater; Parking Lot; Restrooms; Volleyball Court	Large indoor/outdoor entertainment and sports complex within Memorial Park. Formerly known as MAPFRE Stadium training facility. Features athletic fields, indoor sports, event venue. Managed by City of Obetz. Recorded as child site of Memorial Park.	https://obetz.oh.us/parks-and-recreation/parks/	https://obetz.oh.us/parks-and-recreation/parks/	OH-FR-S-0991
OH-FR-S-0998	Obetz Open Space	Park			Active		City of Obetz Parks & Recreation			The site features natural vegetation and open landscape.		0.06206694	Franklin	Obetz		39.8787018	-82.9503399	86FVV2HX+H2		Source: MORPC Parks and Open Space dataset (public-morpc.hub.arcgis.com), data updated 2025-07-01. MORPC ParkID: 541. MORPC Sub_Type: N.	https://public-morpc.hub.arcgis.com/datasets/parks-and-open-space/explore	https://public-morpc.hub.arcgis.com/datasets/parks-and-open-space/explore	
OH-FR-S-0999	The Obetz Splash Pad	Park			Active		City of Obetz Parks & Recreation			The splash pad features multiple water jets, sprayers, and interactive water features, making it a popular summer destination for families in the community.		0.92687375	Franklin	Obetz		39.8779244	-82.9505146	86FVV2HX+52	Parking Lot; Playground; Restrooms; Spray Park	Source: MORPC Parks and Open Space dataset (public-morpc.hub.arcgis.com), data updated 2025-07-01. MORPC ParkID: 542. MORPC Sub_Type: N.	https://public-morpc.hub.arcgis.com/datasets/parks-and-open-space/explore	https://public-morpc.hub.arcgis.com/datasets/parks-and-open-space/explore	
OH-FR-S-1000	Mcfadyens Ac Park	Park			Active		City of Obetz Parks & Recreation			McFadyen's AC Park is a small park or open space parcel providing open green space and passive recreation for nearby residents. The site offers informal outdoor amenities for the surrounding community.		1.44806464	Franklin	Obetz		39.959238	-82.934718	86FVX358+J2		Source: MORPC Parks and Open Space dataset (public-morpc.hub.arcgis.com), data updated 2025-07-01. MORPC ParkID: 396. MORPC Sub_Type: N.	https://public-morpc.hub.arcgis.com/datasets/parks-and-open-space/explore	https://public-morpc.hub.arcgis.com/datasets/parks-and-open-space/explore	
OH-FR-S-1001	Municipal Park And Recreation Center	Recreation Facility			Active		City of Obetz Parks & Recreation			The complex provides residents with year-round programming, indoor recreation facilities, and outdoor green space.		2.89358092	Franklin	Obetz		39.8792514	-82.9561425	86FVV2HV+P2	Athletic Field; Community Center; Parking Lot; Playground	Source: MORPC Parks and Open Space dataset (public-morpc.hub.arcgis.com), data updated 2025-07-01. MORPC ParkID: 431. MORPC Sub_Type: SPU.	https://public-morpc.hub.arcgis.com/datasets/parks-and-open-space/explore	https://public-morpc.hub.arcgis.com/datasets/parks-and-open-space/explore	
OH-FR-S-1002	Brown Park	Park			Active		City of Obetz Parks & Recreation					18.5185478	Franklin	Obetz		39.8796703	-82.9600868	86FVV2HQ+X2	Playground	Source: MORPC Parks and Open Space dataset (public-morpc.hub.arcgis.com), data updated 2025-07-01. MORPC Sub_Type: C.	https://public-morpc.hub.arcgis.com/datasets/parks-and-open-space/explore	https://public-morpc.hub.arcgis.com/datasets/parks-and-open-space/explore	
OH-FR-S-1003	Braehead Nature Preserve	Conservation Area			Active		City of Obetz Parks & Recreation			The preserve offers passive recreation opportunities including nature observation and walking through a relatively undisturbed natural landscape.		34.57484445	Franklin	Obetz		39.8568633	-82.9499381	86FVV342+J2	Hiking Trail	Source: MORPC Parks and Open Space dataset (public-morpc.hub.arcgis.com), data updated 2025-07-01. MORPC Sub_Type: CON.	https://public-morpc.hub.arcgis.com/datasets/parks-and-open-space/explore	https://public-morpc.hub.arcgis.com/datasets/parks-and-open-space/explore	
OH-FR-S-1004	Area 51 Disc Golf Course	Recreation Facility			Active		City of Obetz Parks & Recreation			The course is integrated into park green space and provides a free recreational activity for players of all skill levels.		31.49400807	Franklin	Obetz		39.8690067	-82.9649191	86FVV29P+J2	Disc Golf Course; Hiking Trail	Source: MORPC Parks and Open Space dataset (public-morpc.hub.arcgis.com), data updated 2025-07-01. MORPC Sub_Type: REC.	https://public-morpc.hub.arcgis.com/datasets/parks-and-open-space/explore	https://public-morpc.hub.arcgis.com/datasets/parks-and-open-space/explore	
OH-FR-S-1005	Paul J. Falco Park	Park			Active		Village of Marble Cliff				Fernwood Ave, Marble Cliff, OH 43212	0.74	Franklin	Marble Cliff		39.9875368	-83.0589628	86FRXWQR+32		Neighborhood park along Fernwood Ave. Playground, walking trails. Named for Paul J. Falco. Hours: 6am–10pm. Street number not confirmed; address is road name only. MUST VERIFY.	https://marblecliff.org/parks-and-recreation/	https://marblecliff.org/parks-and-recreation/	
OH-FR-S-1006	Tarpy Woods	Natural Area			Active		Village of Marble Cliff			' Marble Cliff residents voted in November 1999 to purchase and preserve this undeveloped land. The park features dense woodland, Voelker Meadow, and frequent deer visitors, open to the public from 6 AM to 10 PM year-round.	Cambridge Blvd (S end), Marble Cliff, OH 43212	7.26	Franklin	Marble Cliff		39.9790393	-83.0588701	86FRXWHR+M2	Meadow	8-acre wooded natural area at south end of Cambridge Blvd. Walking paths. Described in Grandview history walks tour. Hours: 6am–10pm.	https://marblecliff.org/parks-and-recreation/	https://marblecliff.org/parks-and-recreation/	
OH-FR-S-1007	Island Greenspace	Natural Area			Active		Village of Marble Cliff			The site provides natural habitat, passive recreation, and ecological value within the river system.	Marble Cliff, OH 43212	9.337	Franklin			40.000732	-83.08582	86GR2W27+82	Island	Acreage from MORPC (Island View, PARK type, 9.337 ac).  Probable match — GPS and name consistent; REST API geometry unavailable for centroid confirmation.	https://marblecliff.org/parks-and-recreation/	https://marblecliff.org/parks-and-recreation/	
OH-FR-S-1008	Marble Cliff Quarry Park	Natural Area			Active		Village of Marble Cliff			Scenic park with trails and lake at a former quarry site.	Marble Cliff, OH 43212	62.46	Franklin	Columbus		39.9989138	-83.0871524	86FRXWX7+C2		Exact address not confirmed from web search. MUST VERIFY via browser. Note: Village of Marble Cliff overall is only ~175 acres total; quarry park is a significant natural feature within that boundary.	https://marblecliff.org/parks-and-recreation/	https://marblecliff.org/parks-and-recreation/	
OH-FR-S-1009	Minerva Park Village Green / Recreation Area	Recreation Facility			Active		Village of Minerva Park			The green provides a traditional village commons with open lawn, seating, and a gathering area for Minerva Park community events.	2829 Minerva Lake Rd, Columbus, OH 43231	0.55	Franklin	Worthington		40.0884321	-83.0177994	86GR3XQJ+92		Village-wide recreation area for Minerva Park (~5,000 pop). The village itself is designed as a park-like community. Features: two lakes and several ponds (former golf course footprint), scenic drives, running/walking trails throughout village, playground equipment, free indoor basketball court, picnic areas. Village address: 2829 Minerva Lake Rd, Columbus, OH 43231. Note: Minerva Park is technically addressed as Columbus 43231 though it is a separate incorporated village. No single named 'park parcel' — recreation features are distributed throughout village.	https://www.minervapark.gov/recreation	https://www.minervapark.gov/recreation	
OH-FR-S-1010	Minerva Park Community Pool	Recreation Facility			Seasonal		Village of Minerva Park				Minerva Lake Rd, Minerva Park (Columbus), OH 43231	0.04	Franklin	Minerva Park		39.9593251	-82.9374624	86FVX357+J2	Restrooms; Swimming Pool	Village-managed community pool. Seasonal aquatic facility for Minerva Park residents. Exact address not confirmed from web search. MUST VERIFY via browser.	https://www.minervapark.gov/recreation	https://www.minervapark.gov/recreation	
OH-FR-S-1011	Dibblee Park	Park			Active		Village of Valleyview				Dibblee Ave & N Richardson Ave, Valleyview, OH 43204	0.05	Franklin	Valleyview		39.9592798	-82.9360303	86FVX357+P2	Playground	Neighborhood park at corner of Dibblee Ave and N Richardson Ave. One of two village parks in Valleyview. No street number; intersection address. MUST VERIFY.	https://www.valleyviewohio.org/community/parks/	https://www.valleyviewohio.org/community/parks/	
OH-FR-S-1012	Rodgers Park	Park			Active		Village of Valleyview					5.59401084	Franklin	Upper Arlington		40.0398713	-83.093743	86GR2WQ4+W2		Source: MORPC Parks and Open Space dataset (public-morpc.hub.arcgis.com), data updated 2025-07-01. MORPC Sub_Type: N.	https://public-morpc.hub.arcgis.com/datasets/parks-and-open-space/explore	https://public-morpc.hub.arcgis.com/datasets/parks-and-open-space/explore	
OH-FR-S-1013	Valleyview Drive Open Space	Open Space			Active		Village of Valleyview					4.10145764	Franklin	Valleyview		39.963088	-83.0713431	86FRXW7H+72		Source: MORPC Parks and Open Space dataset (public-morpc.hub.arcgis.com), data updated 2025-07-01. MORPC Sub_Type: NOS.	https://public-morpc.hub.arcgis.com/datasets/parks-and-open-space/explore	https://public-morpc.hub.arcgis.com/datasets/parks-and-open-space/explore	
OH-FR-S-1014	Urbancrest Community Park	Park			Active		Village of Urbancrest				1st Ave, Urbancrest, OH 43123	0.05	Franklin	Urbancrest		39.9609557	-82.9336936	86FVX368+82	Playground	Village community park on 1st Avenue, between the Vaughn E. Hairston South West Community Center and Union Baptist Church. Outdoor shelter house, basketball facilities, and additional recreation amenities. Hours: dawn to dusk. Village main address: 3492 1st Ave, Urbancrest, OH 43123. Street number for park not confirmed separately from village hall; park is on 1st Ave adjacent to village hall. MUST VERIFY exact park address.	https://villageofurbancrestoh.us/recreation.htm	https://villageofurbancrestoh.us/recreation.htm	
OH-FR-S-1015	Community Park	Park					Village of Harrisburg					0.10822037	Franklin	Harrisburg		39.8097426	-83.1713132	86FRRR5H+V2	Playground	Source: MORPC Parks and Open Space dataset (public-morpc.hub.arcgis.com), data updated 2025-07-01. MORPC ParkID: 144. MORPC Sub_Type: N. GPS corrected original GPS 40.0872/−83.1617 was wrong (incorrectly matched Ballantrae Community Park centroid). Corrected to MORPC centroid (39.8097/−83.1713). Municipality corrected Dublin→Harrisburg.	https://public-morpc.hub.arcgis.com/datasets/parks-and-open-space/explore	https://public-morpc.hub.arcgis.com/datasets/parks-and-open-space/explore	
OH-FR-S-1016	Locke Meadow Park	Park					Village of Lockbourne				72 Commerce St, Lockbourne, OH 43137	0.11	Franklin	Lockbourne		39.9692501	-82.9368957	86FVX397+J2	Meadow; Playground	Park along Big Walnut Creek; new entrance at 72 Commerce St. Features Magnolia Trail (ambles along Big Walnut Creek past historic Ohio & Erie Canal locks). Restored canal locks from 1800s, Big Walnut Creek guard lock. Playground, picnic shelters, informative displays. Village of Lockbourne pop ~200; this is the primary community park.	https://www.lockbourneohio.us/	https://www.lockbourneohio.us/	
OH-FR-S-1017	Lock Meadows	Park					Village of Lockbourne			The site provides natural meadow landscape, historic canal heritage, and passive recreation along the former canal corridor in southern Franklin County.		8.1379726	Franklin	Lockbourne		39.8101015	-82.969527	86FVR26J+22	Historic Canal Segment; Meadow	Source: MORPC Parks and Open Space dataset (public-morpc.hub.arcgis.com), data updated 2025-07-01. MORPC ParkID: 365. MORPC Sub_Type: C.	https://public-morpc.hub.arcgis.com/datasets/parks-and-open-space/explore	https://public-morpc.hub.arcgis.com/datasets/parks-and-open-space/explore	
OH-FR-S-1018	Circle Park	Park					Village of Riverlea				Riverglen Dr, Riverlea, OH 43085	0.05	Franklin	Riverlea		39.9601287	-82.9310983	86FVX369+42		Small village green/park on Riverglen Drive. Used for village community events: Easter egg hunt (Saturday before Easter), summer picnic, Halloween Beggar's Night party. Street number not confirmed; address is road name only. MUST VERIFY.	https://www.riverleaohio.org/resident-information/	https://www.riverleaohio.org/resident-information/	
OH-FR-S-1019	Wilson Park	Park					Village of Lithopolis				Market St, Lithopolis, OH 43136	0.14	Franklin	Lithopolis		40.0087259	-83.0558509	86GR2W5V+G2	Playground	Village park off Market Street in Lithopolis. Street number not confirmed from web search; address is road name only. Lithopolis is in Fairfield and Franklin counties; confirm whether Wilson Park is in the Franklin County portion. MUST VERIFY.	https://www.lithopolis.org/	https://www.lithopolis.org/	
OH-FR-S-1020	Alice Smith Nature Preserve	Natural Area					Village of Lithopolis				OH-674 S / Winchester Southern Rd, Lithopolis, OH 43136	3.28	Franklin	Upper Arlington		40.0241258	-83.0459536	86GR2XF3+P2	Hiking Trail	Village-maintained nature preserve off OH-674 South/Winchester Southern Road. Address is road name only; no street number confirmed. Confirm whether preserve is in Franklin County or Fairfield County portion of village.	https://www.lithopolis.org/	https://www.lithopolis.org/	
OH-FR-S-1021	Grange Insurance Audubon Center	Recreation Facility				National Audubon Society (subleases 5 acres from Columbus and Franklin County Metro Parks)	Audubon Ohio (National Audubon Society); managed as an Ohio nature education and conservation center; partnership with City of Columbus Recreation & Parks and Columbus and Franklin County Metro Parks	Columbus and Franklin County Metro Parks (landlord; leases 84 acres at Scioto Audubon); City of Columbus Recreation & Parks; Grange Insurance (naming sponsor, $4M lead gift)	Within Scioto Audubon Metro Park (Tier 3); cross-tier identity — Metro Parks holds the park, Audubon Ohio operates the center building and 5-acre sublease	LEED Platinum nature center building (~18,000 sq ft); nature exhibits; live animal displays; bird observation deck; pollinator garden; nature store; Forest Playroom; venue rental; educational programming; birding walks; migratory bird habitat	505 W. Whittier St., Columbus, OH 43215	5	Franklin			39.9441	-83.013	86FRWXVP+Q2		National Audubon / MORPC: 5-acre sublease on Whittier Peninsula from Columbus and Franklin County Metro Parks	https://grange.audubon.org/	https://grange.audubon.org/;https://columbusaudubon.org/groups/giac/;https://www.metroparks.net/parks-and-trails/scioto-audubon/	
OH-FR-S-1022	Camp Mary Orton	Campground				Godman Guild Association (private nonprofit)	Godman Guild Association; operated as a social enterprise camp and outdoor education facility; ZipZone Outdoor Adventures operates zip line and aerial adventure park under separate LLC on camp grounds	ZipZone Outdoor Adventures (operates on-site under arrangement with Godman Guild)		167 wooded acres bordering Olentangy River; traditional outdoor summer camp (ages 6-12); ZipZone canopy tours and aerial adventure park (public ticket access — 5 zip lines, 4 sky bridges, 60+ obstacle elements, 20 wooded acres); rental lodge and event facilities; founded 1910 on 11-acre donation by Annetta Johnson St. Gaudens; expanded to 167 acres by 1920s	7925 N. High St., Columbus, OH 43235	63	Franklin	Columbus	Sharon Township	40.1253819	-83.0264314	86GR4XGF+32			https://campmaryorton.org/about/	https://campmaryorton.org/about/;https://www.godmanguild.org/camp-mary-orton/;https://zipzonetours.com/hidden-columbus-zipzone-canopy-tours-camp-mary-orton/;https://zipzonetours.com/	
OH-FR-S-1023	Camp Ken-Jockety & The Elam Environmental Center	Campground				Girl Scouts of Ohio's Heartland (private nonprofit)	Girl Scouts of Ohio's Heartland; council-owned camp and environmental education property			220 wooded acres near Big Darby Creek (state and national scenic river); troop camping (small cabins, lodges, primitive sites); hiking trails; Becky's Pond (fishing); seasonal canoeing; archery; Ginny and John Elam Environmental Center (named indoor/outdoor environmental education center); staff-led programs (nature study, outdoor skills, team building, STEM); serves ~13,000 people/year through troop camping, day camps, school field trips, and other programs; camp founded 1939	1295 Hubbard Road, Galloway, OH 43119	226.91	Franklin			39.972723	-83.240306	86FRXQF5+52		Acres from MORPC: Girl Scout Camp (MORPC, Township, RECREATION/SPU) = Camp Ken-Jockety	https://www.gsoh.org/en/members/for-girl-scouts/camp-and-outdoors/properties.html	https://www.gsoh.org/en/members/for-girl-scouts/camp-and-outdoors/properties.html;https://www.facebook.com/CampKenJockety/;https://find.acacamps.org/camp_profile.php?camp_id=1085;https://snoflo.org/camping/ohio/camp-ken-jockety-elam-environmental-center	
OH-FR-S-1024	Ginny and John Elam Environmental Center	Recreation Facility				Girl Scouts of Ohio's Heartland (private nonprofit)	Girl Scouts of Ohio's Heartland; environmental education center within Camp Ken-Jockety			Named indoor/outdoor environmental education center; programs in natural science, arts and recreation, outdoor skills, team building; serves Scouts, school groups, and youth-based organizations; hiking, cooking, campfires, flag ceremonies, crafts, mapping activities	1295 Hubbard Road, Galloway, OH 43119 (within Camp Ken-Jockety)		Franklin			39.972723	-83.240306	86FRXQF5+52		GPS census: Within Camp Ken-Jockety campus	https://www.gsoh.org/en/members/for-girl-scouts/camp-and-outdoors/properties.html	https://www.gsoh.org/en/members/for-girl-scouts/camp-and-outdoors/properties.html;https://www.facebook.com/CampKenJockety/	OH-FR-S-1023
OH-FR-S-1025	Wilma H. Schiermeier Olentangy River Wetland Research Park	Park		RAMSAR Wetland of International Importance		The Ohio State University (public land-grant university)	The Ohio State University, School of Environment and Natural Resources; OSU SENR; Heffner Wetland Research and Education Building on site			Long-term large-scale aquatic research facility adjacent to the Olentangy River. Includes experimental wetland basins, oxbow wetland, and bottomland hardwood forest. Open to the public dawn to dusk; guided tours available by request.	352 W. Dodridge Street, Columbus, OH 43202	0.01	Franklin	Grandview Heights		39.9790527	-83.0481923	86FRXXH2+P2	Educational Pavilion; Hiking Trail; Nature Center; Research Plot; Wetland		https://u.osu.edu/orwrpramsar/visiting-us/	https://u.osu.edu/orwrpramsar/visiting-us/;https://u.osu.edu/orwrpramsar/;https://senr.osu.edu/research/schiermeier-olentangy-river-wetland-research-park/;https://en.wikipedia.org/wiki/Olentangy_River_Wetland_Research_Park	
OH-FR-S-1026	Friendship Park	Park			Active	City of Gahanna	City of Gahanna Parks & Recreation			Basketball court; community garden; parking; playground; picnic areas; picnic shelters; trails - walking path; gazebo; shelter/pavilion	150 Oklahoma Avenue, Gahanna, OH 43230	22.67	Franklin	Gahanna		40.016358	-82.87722	86GV248F+C2		Parent site of Friendship Park Community Garden (FR-S-0608), Friendship Park Gazebo (FR-S-1028), and Friendship Park Shelter (FR-S-1029).	https://www.gahanna.gov/Facilities		
OH-FR-S-1027	Woodside Green Park	Park	Regional Park		Active	City of Gahanna	City of Gahanna Parks & Recreation			Baseball/softball diamond; basketball court; parking; playground; picnic areas; shelter (reservable); trails	213 Camrose Court, Gahanna, OH 43230	32.847	Franklin	Gahanna		40.044687	-82.884278	86GV24V8+V2		MORPC classifies as Regional Park (32.847 ac); gahanna.gov uses 'Community Park' — MORPC accepted as authoritative.	https://www.gahanna.gov/Facilities		
OH-FR-S-1028	Friendship Park Gazebo	Recreation Facility	Gazebo		Active	City of Gahanna	City of Gahanna Parks & Recreation			ADA accessible; parking; pavilion/gazebo; rentable	150 Oklahoma Avenue, Gahanna, OH 43230		Franklin	Gahanna		40.016358	-82.87722	86GV248F+C2		Rentable gazebo within Friendship Park (FR-S-1026).	https://www.gahanna.gov/Facilities		OH-FR-S-1026
OH-FR-S-1029	Friendship Park Shelter	Recreation Facility	Pavilion		Active	City of Gahanna	City of Gahanna Parks & Recreation			Pavilion; picnic shelters; picnic tables; rentable	150 Oklahoma Avenue, Gahanna, OH 43230		Franklin	Gahanna		40.016358	-82.87722	86GV248F+C2		Rentable shelter/pavilion within Friendship Park (FR-S-1026).	https://www.gahanna.gov/Facilities		OH-FR-S-1026
OH-FR-S-1030	Woodside Green Park Shelter	Recreation Facility	Pavilion		Active	City of Gahanna	City of Gahanna Parks & Recreation			Rentable shelter/pavilion	213 Camrose Court, Gahanna, OH 43230		Franklin	Gahanna		40.044687	-82.884278	86GV24V8+V2		Rentable shelter within Woodside Green Park (FR-S-1027).	https://www.gahanna.gov/Facilities		OH-FR-S-1027
OH-FR-S-1031	Splash Pad	Recreation Facility	Splash Pad		Active	City of Gahanna	City of Gahanna Parks & Recreation Aquatics				148 Parkland Avenue, Gahanna, OH 43230		Franklin	Gahanna		40.016832	-82.880408	86GV2489+Q2		Outdoor water play area at Gahanna Swimming Pool complex. Child site of Gahanna Swimming Pool (FR-S-0604).	https://www.gahanna.gov/Facilities		OH-FR-S-0604
OH-FR-S-1032	Gahanna Woods	Park	Community Park		Active	Municipal	City of Gahanna				Gahanna, OH 43230	99.4	Franklin	Gahanna		40.017	-82.862	86GV248Q+J2		GPS approximate — needs field verification. Not the same as Gahanna Woods State Nature Preserve (FR-S-0001, ODNR).			
OH-FR-S-1033	The Homestead	Park	Community Park		Active	Municipal	City of Hilliard				Hilliard, OH 43026	40.4	Franklin	Hilliard		40.0319	-83.1579	86GR2RJR+Q2		GPS approximate — needs field verification. Not the same as Homestead Metro Park (FR-S-0014).	https://www.hilliardohio.gov/parks-recreation/		
OH-FR-S-1034	Highland Park	Park	Community Park		Active	Municipal	City of Westerville			Westerville city-owned community park.	Westerville, OH 43081	39.8	Franklin	Westerville		40.1226	-82.9286	86GV43FC+42		"MORPC Parks layer: Name=""Highland Park"", Jurisdiction=Westerville, Sub_Type=C, Acres=39.8. GPS approximate — needs field verification."	https://www.westerville.org/parks-recreation/		
OH-FR-S-1035	Swisher Creek Park	Park	Community Park		Active	Township	Plain Township			Plain Township community park along Swisher Creek.	Plain Township, Franklin County, OH	17.9	Franklin		Plain Township	40.061	-82.914	86GV336P+F2		"MORPC Parks layer: Name=""Swisher Creek Park"", Jurisdiction=Township, Sub_Type=C, Acres=17.9. GPS approximate — needs field verification."			
OH-FR-S-1036	Scioto Run Nature Trail	Park	Greenway		Active	Municipal	City of Hilliard			Hilliard city greenway and nature trail along Scioto Run corridor.  Trail	Hilliard, OH 43026	11.5	Franklin	Hilliard		39.983	-83.143	86FRXVM4+92		"MORPC Parks layer: Name=""Scioto Run Nature Trail"", Jurisdiction=Hilliard, Sub_Type=C, Acres=11.5. GPS approximate — needs field verification."	https://www.hilliardohio.gov/parks-recreation/		
OH-FR-S-1037	Jack Nicklaus Park	Park			Active	City of Upper Arlington	City of Upper Arlington			ADA Accessible, Picnic Tables, Street Parking	2470 Tremont Road, Upper Arlington, OH 43221	2	Franklin	Upper Arlington		40.0062	-83.0693	86GR2W4J+F2		Named after legendary UA golfer Jack Nicklaus. Acreage from UA city website.	https://www.upperarlingtonoh.gov/Facilities/Facility/Details/Jack-Nicklaus-Park-7		
OH-FR-S-1038	Stratford Park	Park			Active	City of Upper Arlington	City of Upper Arlington			Open Lawn, Shade Trees	2826 Stratford Drive, Upper Arlington, OH 43221	4	Franklin	Upper Arlington		40.0401	-83.0929	86GR2WR4+52		Neighborhood park. Acreage from UA city website.	https://www.upperarlingtonoh.gov/Facilities/Facility/Details/Stratford-Park-18		
OH-FR-S-1039	Triangle Park	Park			Active	City of Upper Arlington	City of Upper Arlington			Triangular green space, Trees, Benches	1722 Cambridge Boulevard, Upper Arlington, OH 43221	2	Franklin	Upper Arlington		39.9918	-83.0581	86FRXWRR+Q2		Small triangular neighborhood green. City website: 2 ac; MORPC shows 0.245 ac — UA official figure used. Acreage from UA city website.	https://www.upperarlingtonoh.gov/Facilities/Facility/Details/Triangle-Park-25		
OH-FR-S-1040	Finnell Park	Park			Active	City of Columbus	Columbus Recreation and Parks Department				Columbus, Franklin County, OH	49.77	Franklin	Columbus					Playground	MORPC — Sub_Type M (Metro), 49.77 ac, Columbus jurisdiction. No Columbus R&P ParkID or Source field in MORPC record. Added GPS REMOVED MORPC centroid (39.8824/−83.0047) falls in the Scioto River — bad centroid from elongated or irregular polygon geometry. Google Maps has no record of this park. True location unknown; needs field verification or shapefile inspection. Possibly a linear Scioto riverfront corridor.			
OH-DEL-S-1041	O'Shaughnessy Reservoir	Water Site			Active					The reservoir has 18.4 miles of shoreline. The maximum depth is over 40 feet near the dam, although much of the water is 20 feet or less. The watershed covers about 770 square miles, composed mostly of agricultural land. Bottom composition is rock in the south section and mud and silt in the north. Built by the City of Columbus in 1925 by damming the Scioto River to provide a water source for the city.			Franklin						Boat Dock; Boat Ramp; Multi-use Trail; Parking Lot; Picnic Shelter; Picnic Table Cluster; Wildlife Observation Area	Site added 2026-03-21 — discovered via CRP website during Franklin County enrichment pass. Not in original discovery data. 'Public Boat Docks' mapped to Boat Dock (not in standard CRP amenity list — may warrant vocabulary review). Acquired in 1924.	https://columbusrecparks.com/parks/oshaughnessy-reservoir/		
OH-FR-S-1042	Blacklick Woods	Nature Preserve		National Natural Landmark	Active					The site features mature hardwood woodland and opportunities for passive recreation and nature observation.		63	Franklin						Hiking Trail	Child site of Blacklick Woods Metro Park (FR-S-0009). National Natural Landmark designation confirmed.			OH-MC-S-0009
OH-FR-S-1044	James H. Kelley Preserve	Nature Preserve			Active	City of Canal Winchester	Canal Winchester Parks & Recreation Department			The preserve provides a quiet natural retreat with benches along the trail and creek.	355 Ashbrook Road, Canal Winchester, OH 43110		Franklin	Canal Winchester					Bridge; Multi-use Trail; Stream Segment	Covered bridge area provides access to Walnut Creek. GPS approximate — needs field verification. MORPC parcel on Ashbrook Road (FR-S-0985, Ashbrook Road Open Space) is a separate unnamed parcel — verify as distinct site.	https://www.canalwinchesterohio.gov/298/Kelley-Preserve		
